Block,Col,Row,RILSet,Dormancy,Envt,Ident,Year,Date,CensusN,SeedlingN.circle,RosetteN.circle,Bolting.circle,Flowering.circle,Fruiting.circle,mat.dead.circle,SeedlingN.OC,RosetteN.OC,Bolting.OC,Flowering.OC,Fruiting.OC,mat.dead.OC,TOTAL
1,A,0,Italy x Sweden,Dormant,Litter,1-IS_D_F,1,6/12/19,1.01,0,0,0,0,0,0,NA,NA,NA,NA,NA,NA,0
1,A,0,Italy x Sweden,Dormant,Litter,1-IS_D_F,1,6/16/19,1.02,0,0,0,0,0,0,NA,NA,NA,NA,NA,NA,0
1,A,0,Italy x Sweden,Dormant,Litter,1-IS_D_F,1,6/26/19,1.03,0,0,0,0,0,0,NA,0,0,0,0,0,0
1,A,0,Italy x Sweden,Dormant,Litter,1-IS_D_F,1,7/3/19,1.04,0,0,0,0,0,0,NA,0,0,0,0,0,0
1,A,0,Italy x Sweden,Dormant,Litter,1-IS_D_F,1,7/10/19,1.05,NA,0,0,0,0,0,NA,0,0,0,0,0,0
1,A,0,Italy x Sweden,Dormant,Litter,1-IS_D_F,1,7/17/19,1.06,0,0,0,0,0,0,NA,0,0,0,0,0,0
1,A,0,Italy x Sweden,Dormant,Litter,1-IS_D_F,1,7/24/19,1.07,0,0,0,0,0,0,NA,0,0,0,0,0,0
1,A,0,Italy x Sweden,Dormant,Litter,1-IS_D_F,1,7/31/19,1.08,0,0,0,0,0,0,NA,0,0,0,0,0,0
1,A,0,Italy x Sweden,Dormant,Litter,1-IS_D_F,1,8/7/19,1.09,0,0,0,0,0,0,NA,0,0,0,0,0,0
1,A,0,Italy x Sweden,Dormant,Litter,1-IS_D_F,1,8/15/19,1.1,0,0,0,0,0,0,NA,0,0,0,0,0,0
1,A,0,Italy x Sweden,Dormant,Litter,1-IS_D_F,1,8/20/19,1.11,0,0,0,0,0,0,NA,0,0,0,0,0,0
1,A,0,Italy x Sweden,Dormant,Litter,1-IS_D_F,1,8/28/19,1.12,0,0,0,0,0,0,NA,0,0,0,0,0,0
1,A,0,Italy x Sweden,Dormant,Litter,1-IS_D_F,1,9/4/19,1.13,0,0,0,0,0,0,NA,0,0,0,0,0,0
1,A,0,Italy x Sweden,Dormant,Litter,1-IS_D_F,1,9/11/19,1.14,0,0,0,0,0,0,NA,0,0,0,0,0,0
1,A,0,Italy x Sweden,Dormant,Litter,1-IS_D_F,1,9/18/19,1.15,0,0,0,0,0,0,NA,0,0,0,0,0,0
1,A,0,Italy x Sweden,Dormant,Litter,1-IS_D_F,1,9/25/19,1.16,0,0,0,0,0,0,NA,0,0,0,0,0,0
1,A,0,Italy x Sweden,Dormant,Litter,1-IS_D_F,1,10/2/19,1.17,0,0,0,0,0,0,NA,0,0,0,0,0,0
1,A,0,Italy x Sweden,Dormant,Litter,1-IS_D_F,1,10/9/19,1.18,0,0,0,0,0,0,NA,0,0,0,0,0,0
1,A,0,Italy x Sweden,Dormant,Litter,1-IS_D_F,1,10/18/19,1.19,0,0,0,0,0,0,NA,NA,NA,NA,NA,0,0
1,A,0,Italy x Sweden,Dormant,Litter,1-IS_D_F,1,10/23/19,1.2,15,0,0,0,0,0,NA,NA,NA,NA,NA,0,15
1,A,0,Italy x Sweden,Dormant,Litter,1-IS_D_F,1,11/6/19,1.22,2,17,0,0,0,0,NA,NA,NA,NA,NA,0,19
1,A,0,Italy x Sweden,Dormant,Litter,1-IS_D_F,1,11/20/19,1.23,0,8,0,0,0,0,NA,NA,NA,NA,NA,0,8
1,A,0,Italy x Sweden,Dormant,Litter,1-IS_D_F,1,12/4/19,1.24,0,16,0,0,0,0,NA,NA,NA,NA,NA,0,16
1,A,0,Italy x Sweden,Dormant,Litter,1-IS_D_F,1,12/20/19,1.25,2,45,0,0,0,0,NA,15,0,0,0,0,62
1,A,0,Italy x Sweden,Dormant,Litter,1-IS_D_F,1,2/10/20,1.26,4,22,0,1,0,0,NA,NA,0,9,0,0,36
1,A,0,Italy x Sweden,Dormant,Litter,1-IS_D_F,1,3/2/20,1.27,0,0,0,0,0,0,NA,NA,0,0,6,0,6
1,A,0,Italy x Sweden,Dormant,Litter,1-IS_D_F,1,5/5/20,1.29,0,0,0,0,0,3,NA,0,0,0,0,8,11
1,A,0,Italy x Sweden,Dormant,Litter,1-IS_D_F,2,5/27/20,2.01,0,0,0,0,0,0,0,0,0,0,0,0,0
1,A,0,Italy x Sweden,Dormant,Litter,1-IS_D_F,2,6/4/20,2.02,0,0,0,0,0,0,0,0,0,0,0,0,0
1,A,0,Italy x Sweden,Dormant,Litter,1-IS_D_F,2,7/23/20,2.03,0,0,0,0,0,0,0,0,0,0,0,0,0
1,A,0,Italy x Sweden,Dormant,Litter,1-IS_D_F,2,8/7/20,2.04,0,0,0,0,0,0,0,0,0,0,0,0,0
1,A,0,Italy x Sweden,Dormant,Litter,1-IS_D_F,2,8/13/20,2.05,0,0,0,0,0,0,0,0,0,0,0,0,0
1,A,0,Italy x Sweden,Dormant,Litter,1-IS_D_F,2,8/18/20,2.06,0,0,0,0,0,0,0,0,0,0,0,0,0
1,A,0,Italy x Sweden,Dormant,Litter,1-IS_D_F,2,8/25/20,2.07,0,0,0,0,0,0,0,0,0,0,0,0,0
1,A,0,Italy x Sweden,Dormant,Litter,1-IS_D_F,2,9/4/20,2.08,0,0,0,0,0,0,0,0,0,0,0,0,0
1,A,0,Italy x Sweden,Dormant,Litter,1-IS_D_F,2,9/16/20,2.09,0,0,0,0,0,0,2,0,0,0,0,0,2
1,A,0,Italy x Sweden,Dormant,Litter,1-IS_D_F,2,10/2/20,2.1,18,0,0,0,0,0,10,0,0,0,0,0,28
1,A,0,Italy x Sweden,Dormant,Litter,1-IS_D_F,2,10/19/20,2.11,0,0,0,0,0,0,0,0,0,0,0,0,0
1,A,0,Italy x Sweden,Dormant,Litter,1-IS_D_F,2,10/30/20,2.12,0,0,0,0,0,0,0,0,0,0,0,0,0
1,A,0,Italy x Sweden,Dormant,Litter,1-IS_D_F,2,11/13/20,2.13,0,0,0,0,0,0,0,0,0,0,0,0,0
1,A,0,Italy x Sweden,Dormant,Litter,1-IS_D_F,2,12/2/20,2.14,0,0,0,0,0,0,0,0,0,0,0,0,0
1,A,0,Italy x Sweden,Dormant,Litter,1-IS_D_F,2,12/17/20,2.15,0,0,0,0,0,0,0,0,0,0,0,0,0
1,A,0,Italy x Sweden,Dormant,Litter,1-IS_D_F,2,1/15/21,2.16,0,0,0,0,0,0,0,0,0,0,0,0,0
1,A,0,Italy x Sweden,Dormant,Litter,1-IS_D_F,2,2/1/21,2.17,0,0,0,0,0,0,0,0,0,0,0,0,0
1,A,0,Italy x Sweden,Dormant,Litter,1-IS_D_F,2,2/25/21,2.18,0,0,0,0,0,0,0,0,0,0,0,0,0
1,A,0,Italy x Sweden,Dormant,Litter,1-IS_D_F,2,3/8/21,2.19,0,0,0,0,0,0,0,0,0,0,0,0,0
1,A,0,Italy x Sweden,Dormant,Litter,1-IS_D_F,2,3/25/21,2.2,0,0,0,0,0,0,0,0,0,0,0,0,0
1,A,0,Italy x Sweden,Dormant,Litter,1-IS_D_F,2,4/8/21,2.21,0,0,0,0,0,0,0,0,0,0,0,0,0
1,A,0,Italy x Sweden,Dormant,Litter,1-IS_D_F,3,8/17/21,3.14,0,0,0,0,0,0,0,0,0,0,0,0,0
1,A,0,Italy x Sweden,Dormant,Litter,1-IS_D_F,3,8/25/21,3.15,0,0,0,0,0,0,0,0,0,0,0,0,0
1,A,0,Italy x Sweden,Dormant,Litter,1-IS_D_F,3,9/2/21,3.16,0,0,0,0,0,0,0,0,0,0,0,0,0
1,A,0,Italy x Sweden,Dormant,Litter,1-IS_D_F,3,9/8/21,3.17,0,0,0,0,0,0,0,0,0,0,0,0,0
1,A,0,Italy x Sweden,Dormant,Litter,1-IS_D_F,3,9/15/21,3.18,0,0,0,0,0,0,0,0,0,0,0,0,0
1,A,0,Italy x Sweden,Dormant,Litter,1-IS_D_F,3,9/22/21,3.19,0,0,0,0,0,0,0,0,0,0,0,0,0
1,A,0,Italy x Sweden,Dormant,Litter,1-IS_D_F,3,9/27/21,3.2,0,0,0,0,0,0,37,0,0,0,0,0,37
1,A,0,Italy x Sweden,Dormant,Litter,1-IS_D_F,3,10/11/21,3.21,54,11,0,0,0,0,116,35,0,0,0,0,216
1,A,0,Italy x Sweden,Dormant,Litter,1-IS_D_F,3,11/8/21,3.22,26,47,0,0,0,0,6,72,0,0,0,0,151
1,A,0,Italy x Sweden,Dormant,Litter,1-IS_D_F,3,12/17/21,3.23,3,24,0,0,0,0,0,95,0,0,0,0,122
1,A,1,Germany x Tajikistan,Dormant,Control,1-BS_D_C,1,6/12/19,1.01,NA,NA,NA,NA,NA,NA,NA,NA,NA,NA,NA,NA,NA
1,A,1,Germany x Tajikistan,Dormant,Control,1-BS_D_C,1,6/16/19,1.02,NA,NA,NA,NA,NA,NA,NA,NA,NA,NA,NA,NA,NA
1,A,1,Germany x Tajikistan,Dormant,Control,1-BS_D_C,1,6/26/19,1.03,NA,NA,NA,NA,NA,NA,NA,NA,NA,NA,NA,NA,NA
1,A,1,Germany x Tajikistan,Dormant,Control,1-BS_D_C,1,7/3/19,1.04,NA,NA,NA,NA,NA,NA,NA,NA,NA,NA,NA,NA,NA
1,A,1,Germany x Tajikistan,Dormant,Control,1-BS_D_C,1,7/10/19,1.05,NA,NA,NA,NA,NA,NA,NA,NA,NA,NA,NA,NA,NA
1,A,1,Germany x Tajikistan,Dormant,Control,1-BS_D_C,1,7/17/19,1.06,0,0,0,0,0,0,NA,0,0,0,0,0,0
1,A,1,Germany x Tajikistan,Dormant,Control,1-BS_D_C,1,7/24/19,1.07,0,0,0,0,0,0,NA,0,0,0,0,0,0
1,A,1,Germany x Tajikistan,Dormant,Control,1-BS_D_C,1,7/31/19,1.08,0,0,0,0,0,0,NA,0,0,0,0,0,0
1,A,1,Germany x Tajikistan,Dormant,Control,1-BS_D_C,1,8/7/19,1.09,0,0,0,0,0,0,NA,0,0,0,0,0,0
1,A,1,Germany x Tajikistan,Dormant,Control,1-BS_D_C,1,8/15/19,1.1,0,0,0,0,0,0,NA,0,0,0,0,0,0
1,A,1,Germany x Tajikistan,Dormant,Control,1-BS_D_C,1,8/20/19,1.11,0,0,0,0,0,0,NA,0,0,0,0,0,0
1,A,1,Germany x Tajikistan,Dormant,Control,1-BS_D_C,1,8/28/19,1.12,0,0,0,0,0,0,NA,0,0,0,0,0,0
1,A,1,Germany x Tajikistan,Dormant,Control,1-BS_D_C,1,9/4/19,1.13,0,0,0,0,0,0,NA,0,0,0,0,0,0
1,A,1,Germany x Tajikistan,Dormant,Control,1-BS_D_C,1,9/11/19,1.14,0,0,0,0,0,0,NA,0,0,0,0,0,0
1,A,1,Germany x Tajikistan,Dormant,Control,1-BS_D_C,1,9/18/19,1.15,0,0,0,0,0,0,NA,0,0,0,0,0,0
1,A,1,Germany x Tajikistan,Dormant,Control,1-BS_D_C,1,9/25/19,1.16,0,0,0,0,0,0,NA,0,0,0,0,0,0
1,A,1,Germany x Tajikistan,Dormant,Control,1-BS_D_C,1,10/2/19,1.17,0,0,0,0,0,0,NA,0,0,0,0,0,0
1,A,1,Germany x Tajikistan,Dormant,Control,1-BS_D_C,1,10/9/19,1.18,0,0,0,0,0,0,NA,0,0,0,0,0,0
1,A,1,Germany x Tajikistan,Dormant,Control,1-BS_D_C,1,10/18/19,1.19,0,0,0,0,0,0,NA,NA,NA,NA,NA,0,0
1,A,1,Germany x Tajikistan,Dormant,Control,1-BS_D_C,1,10/23/19,1.2,21,0,0,0,0,0,NA,NA,NA,NA,NA,0,21
1,A,1,Germany x Tajikistan,Dormant,Control,1-BS_D_C,1,11/6/19,1.22,3,7,0,0,0,0,NA,NA,NA,NA,NA,0,10
1,A,1,Germany x Tajikistan,Dormant,Control,1-BS_D_C,1,11/20/19,1.23,0,3,0,0,0,0,NA,NA,NA,NA,NA,0,3
1,A,1,Germany x Tajikistan,Dormant,Control,1-BS_D_C,1,12/4/19,1.24,0,0,0,0,0,0,NA,NA,NA,NA,NA,0,0
1,A,1,Germany x Tajikistan,Dormant,Control,1-BS_D_C,1,12/20/19,1.25,2,11,0,0,0,0,NA,3,0,0,0,0,16
1,A,1,Germany x Tajikistan,Dormant,Control,1-BS_D_C,1,2/10/20,1.26,0,2,0,1,0,0,NA,NA,0,4,0,0,7
1,A,1,Germany x Tajikistan,Dormant,Control,1-BS_D_C,1,3/2/20,1.27,0,0,0,0,1,0,NA,NA,0,0,5,0,6
1,A,1,Germany x Tajikistan,Dormant,Control,1-BS_D_C,1,5/5/20,1.29,0,0,0,0,0,1,NA,0,0,0,0,4,5
1,A,1,Germany x Tajikistan,Dormant,Control,1-BS_D_C,2,5/27/20,2.01,24,0,0,0,0,0,27,0,0,0,0,0,51
1,A,1,Germany x Tajikistan,Dormant,Control,1-BS_D_C,2,6/4/20,2.02,0,0,0,0,0,0,0,0,0,0,0,0,0
1,A,1,Germany x Tajikistan,Dormant,Control,1-BS_D_C,2,7/23/20,2.03,0,0,0,0,0,0,0,0,0,0,0,0,0
1,A,1,Germany x Tajikistan,Dormant,Control,1-BS_D_C,2,8/7/20,2.04,0,0,0,0,0,0,0,0,0,0,0,0,0
1,A,1,Germany x Tajikistan,Dormant,Control,1-BS_D_C,2,8/13/20,2.05,0,0,0,0,0,0,0,0,0,0,0,0,0
1,A,1,Germany x Tajikistan,Dormant,Control,1-BS_D_C,2,8/18/20,2.06,0,0,0,0,0,0,0,0,0,0,0,0,0
1,A,1,Germany x Tajikistan,Dormant,Control,1-BS_D_C,2,8/25/20,2.07,0,0,0,0,0,0,0,0,0,0,0,0,0
1,A,1,Germany x Tajikistan,Dormant,Control,1-BS_D_C,2,9/4/20,2.08,267,0,0,0,0,0,202,4,0,0,0,0,473
1,A,1,Germany x Tajikistan,Dormant,Control,1-BS_D_C,2,9/16/20,2.09,81,0,0,0,0,0,105,5,0,0,0,0,191
1,A,1,Germany x Tajikistan,Dormant,Control,1-BS_D_C,2,10/2/20,2.1,0,0,0,0,0,0,0,0,0,0,0,0,0
1,A,1,Germany x Tajikistan,Dormant,Control,1-BS_D_C,2,10/19/20,2.11,0,0,0,0,0,0,0,0,0,0,0,0,0
1,A,1,Germany x Tajikistan,Dormant,Control,1-BS_D_C,2,10/30/20,2.12,0,0,0,0,0,0,0,0,0,0,0,0,0
1,A,1,Germany x Tajikistan,Dormant,Control,1-BS_D_C,2,11/13/20,2.13,0,0,0,0,0,0,0,0,0,0,0,0,0
1,A,1,Germany x Tajikistan,Dormant,Control,1-BS_D_C,2,12/2/20,2.14,0,0,0,0,0,0,0,0,0,0,0,0,0
1,A,1,Germany x Tajikistan,Dormant,Control,1-BS_D_C,2,12/17/20,2.15,0,0,0,0,0,0,0,0,0,0,0,0,0
1,A,1,Germany x Tajikistan,Dormant,Control,1-BS_D_C,2,1/15/21,2.16,0,0,0,0,0,0,0,0,0,0,0,0,0
1,A,1,Germany x Tajikistan,Dormant,Control,1-BS_D_C,2,2/1/21,2.17,0,0,0,0,0,0,0,0,0,0,0,0,0
1,A,1,Germany x Tajikistan,Dormant,Control,1-BS_D_C,2,2/25/21,2.18,0,0,0,0,0,0,0,0,0,0,0,0,0
1,A,1,Germany x Tajikistan,Dormant,Control,1-BS_D_C,2,3/8/21,2.19,0,0,0,0,0,0,0,0,0,0,0,0,0
1,A,1,Germany x Tajikistan,Dormant,Control,1-BS_D_C,2,3/25/21,2.2,0,0,0,0,0,0,0,0,0,0,1,0,1
1,A,1,Germany x Tajikistan,Dormant,Control,1-BS_D_C,2,4/8/21,2.21,0,0,0,0,0,0,0,0,0,0,0,0,0
1,A,1,Germany x Tajikistan,Dormant,Control,1-BS_D_C,3,8/17/21,3.14,0,0,0,0,0,0,0,0,0,0,0,0,0
1,A,1,Germany x Tajikistan,Dormant,Control,1-BS_D_C,3,8/25/21,3.15,19,0,0,0,0,0,341,0,0,0,0,0,360
1,A,1,Germany x Tajikistan,Dormant,Control,1-BS_D_C,3,9/2/21,3.16,0,0,0,0,0,0,0,0,0,0,0,0,0
1,A,1,Germany x Tajikistan,Dormant,Control,1-BS_D_C,3,9/8/21,3.17,0,0,0,0,0,0,0,0,0,0,0,0,0
1,A,1,Germany x Tajikistan,Dormant,Control,1-BS_D_C,3,9/15/21,3.18,0,0,0,0,0,0,76,0,0,0,0,0,76
1,A,1,Germany x Tajikistan,Dormant,Control,1-BS_D_C,3,9/22/21,3.19,0,0,0,0,0,0,0,0,0,0,0,0,0
1,A,1,Germany x Tajikistan,Dormant,Control,1-BS_D_C,3,9/27/21,3.2,46,0,0,0,0,0,219,0,0,0,0,0,265
1,A,1,Germany x Tajikistan,Dormant,Control,1-BS_D_C,3,10/11/21,3.21,12,8,0,0,0,0,137,42,0,0,0,0,199
1,A,1,Germany x Tajikistan,Dormant,Control,1-BS_D_C,3,11/8/21,3.22,2,27,0,0,0,0,1,35,0,0,0,0,65
1,A,1,Germany x Tajikistan,Dormant,Control,1-BS_D_C,3,12/17/21,3.23,0,7,0,0,3,0,0,18,0,0,2,0,30
1,A,2,UK x USA,Dormant,Control,1-TC_D_C,1,6/12/19,1.01,NA,NA,NA,NA,NA,NA,NA,NA,NA,NA,NA,NA,NA
1,A,2,UK x USA,Dormant,Control,1-TC_D_C,1,6/16/19,1.02,NA,NA,NA,NA,NA,NA,NA,NA,NA,NA,NA,NA,NA
1,A,2,UK x USA,Dormant,Control,1-TC_D_C,1,6/26/19,1.03,NA,NA,NA,NA,NA,NA,NA,NA,NA,NA,NA,NA,NA
1,A,2,UK x USA,Dormant,Control,1-TC_D_C,1,7/3/19,1.04,NA,NA,NA,NA,NA,NA,NA,NA,NA,NA,NA,NA,NA
1,A,2,UK x USA,Dormant,Control,1-TC_D_C,1,7/10/19,1.05,NA,NA,NA,NA,NA,NA,NA,NA,NA,NA,NA,NA,NA
1,A,2,UK x USA,Dormant,Control,1-TC_D_C,1,7/17/19,1.06,0,0,0,0,0,0,NA,0,0,0,0,0,0
1,A,2,UK x USA,Dormant,Control,1-TC_D_C,1,7/24/19,1.07,0,0,0,0,0,0,NA,0,0,0,0,0,0
1,A,2,UK x USA,Dormant,Control,1-TC_D_C,1,7/31/19,1.08,0,0,0,0,0,0,NA,0,0,0,0,0,0
1,A,2,UK x USA,Dormant,Control,1-TC_D_C,1,8/7/19,1.09,0,0,0,0,0,0,NA,0,0,0,0,0,0
1,A,2,UK x USA,Dormant,Control,1-TC_D_C,1,8/15/19,1.1,0,0,0,0,0,0,NA,0,0,0,0,0,0
1,A,2,UK x USA,Dormant,Control,1-TC_D_C,1,8/20/19,1.11,0,0,0,0,0,0,NA,0,0,0,0,0,0
1,A,2,UK x USA,Dormant,Control,1-TC_D_C,1,8/28/19,1.12,0,0,0,0,0,0,NA,0,0,0,0,0,0
1,A,2,UK x USA,Dormant,Control,1-TC_D_C,1,9/4/19,1.13,0,0,0,0,0,0,NA,0,0,0,0,0,0
1,A,2,UK x USA,Dormant,Control,1-TC_D_C,1,9/11/19,1.14,0,0,0,0,0,0,NA,0,0,0,0,0,0
1,A,2,UK x USA,Dormant,Control,1-TC_D_C,1,9/18/19,1.15,0,0,0,0,0,0,NA,0,0,0,0,0,0
1,A,2,UK x USA,Dormant,Control,1-TC_D_C,1,9/25/19,1.16,0,0,0,0,0,0,NA,0,0,0,0,0,0
1,A,2,UK x USA,Dormant,Control,1-TC_D_C,1,10/2/19,1.17,0,0,0,0,0,0,NA,0,0,0,0,0,0
1,A,2,UK x USA,Dormant,Control,1-TC_D_C,1,10/9/19,1.18,0,0,0,0,0,0,NA,0,0,0,0,0,0
1,A,2,UK x USA,Dormant,Control,1-TC_D_C,1,10/18/19,1.19,0,0,0,0,0,0,NA,NA,NA,NA,NA,0,0
1,A,2,UK x USA,Dormant,Control,1-TC_D_C,1,10/23/19,1.2,11,0,0,0,0,0,NA,NA,NA,NA,NA,0,11
1,A,2,UK x USA,Dormant,Control,1-TC_D_C,1,11/6/19,1.22,0,0,0,0,0,0,NA,NA,NA,NA,NA,0,0
1,A,2,UK x USA,Dormant,Control,1-TC_D_C,1,11/20/19,1.23,0,0,0,0,0,0,NA,NA,NA,NA,NA,0,0
1,A,2,UK x USA,Dormant,Control,1-TC_D_C,1,12/4/19,1.24,0,0,0,0,0,0,NA,NA,NA,NA,NA,0,0
1,A,2,UK x USA,Dormant,Control,1-TC_D_C,1,12/20/19,1.25,0,1,0,0,0,0,NA,0,0,0,0,0,1
1,A,2,UK x USA,Dormant,Control,1-TC_D_C,1,2/10/20,1.26,0,0,0,0,0,0,NA,NA,0,0,0,0,0
1,A,2,UK x USA,Dormant,Control,1-TC_D_C,1,3/2/20,1.27,0,0,0,0,0,0,NA,NA,0,0,0,0,0
1,A,2,UK x USA,Dormant,Control,1-TC_D_C,1,5/5/20,1.29,0,0,0,0,0,0,NA,0,0,0,0,0,0
1,A,2,UK x USA,Dormant,Control,1-TC_D_C,2,5/27/20,2.01,0,0,0,0,0,0,0,0,0,0,0,0,0
1,A,2,UK x USA,Dormant,Control,1-TC_D_C,2,6/4/20,2.02,0,0,0,0,0,0,0,0,0,0,0,0,0
1,A,2,UK x USA,Dormant,Control,1-TC_D_C,2,7/23/20,2.03,0,0,0,0,0,0,0,0,0,0,0,0,0
1,A,2,UK x USA,Dormant,Control,1-TC_D_C,2,8/7/20,2.04,0,0,0,0,0,0,0,0,0,0,0,0,0
1,A,2,UK x USA,Dormant,Control,1-TC_D_C,2,8/13/20,2.05,0,0,0,0,0,0,0,0,0,0,0,0,0
1,A,2,UK x USA,Dormant,Control,1-TC_D_C,2,8/18/20,2.06,0,0,0,0,0,0,0,0,0,0,0,0,0
1,A,2,UK x USA,Dormant,Control,1-TC_D_C,2,8/25/20,2.07,0,0,0,0,0,0,0,0,0,0,0,0,0
1,A,2,UK x USA,Dormant,Control,1-TC_D_C,2,9/4/20,2.08,0,0,0,0,0,0,20,0,0,0,0,0,20
1,A,2,UK x USA,Dormant,Control,1-TC_D_C,2,9/16/20,2.09,4,0,0,0,0,0,20,0,0,0,0,0,24
1,A,2,UK x USA,Dormant,Control,1-TC_D_C,2,10/2/20,2.1,0,0,0,0,0,0,0,0,0,0,0,0,0
1,A,2,UK x USA,Dormant,Control,1-TC_D_C,2,10/19/20,2.11,0,0,0,0,0,0,0,0,0,0,0,0,0
1,A,2,UK x USA,Dormant,Control,1-TC_D_C,2,10/30/20,2.12,0,0,0,0,0,0,0,0,0,0,0,0,0
1,A,2,UK x USA,Dormant,Control,1-TC_D_C,2,11/13/20,2.13,0,0,0,0,0,0,0,0,0,0,0,0,0
1,A,2,UK x USA,Dormant,Control,1-TC_D_C,2,12/2/20,2.14,0,0,0,0,0,0,0,0,0,0,0,0,0
1,A,2,UK x USA,Dormant,Control,1-TC_D_C,2,12/17/20,2.15,0,0,0,0,0,0,0,0,0,0,0,0,0
1,A,2,UK x USA,Dormant,Control,1-TC_D_C,2,1/15/21,2.16,0,0,0,0,0,0,0,0,0,0,0,0,0
1,A,2,UK x USA,Dormant,Control,1-TC_D_C,2,2/1/21,2.17,0,0,0,0,0,0,0,0,0,0,0,0,0
1,A,2,UK x USA,Dormant,Control,1-TC_D_C,2,2/25/21,2.18,0,0,0,0,0,0,0,0,0,0,0,0,0
1,A,2,UK x USA,Dormant,Control,1-TC_D_C,2,3/8/21,2.19,0,0,0,0,0,0,0,0,0,0,0,0,0
1,A,2,UK x USA,Dormant,Control,1-TC_D_C,2,3/25/21,2.2,0,0,0,0,0,0,0,0,0,0,0,0,0
1,A,2,UK x USA,Dormant,Control,1-TC_D_C,2,4/8/21,2.21,0,0,0,0,0,0,0,0,0,0,0,0,0
1,A,2,UK x USA,Dormant,Control,1-TC_D_C,3,8/17/21,3.14,0,0,0,0,0,0,0,0,0,0,0,0,0
1,A,2,UK x USA,Dormant,Control,1-TC_D_C,3,8/25/21,3.15,0,0,0,0,0,0,0,0,0,0,0,0,0
1,A,2,UK x USA,Dormant,Control,1-TC_D_C,3,9/2/21,3.16,0,0,0,0,0,0,0,0,0,0,0,0,0
1,A,2,UK x USA,Dormant,Control,1-TC_D_C,3,9/8/21,3.17,0,0,0,0,0,0,0,0,0,0,0,0,0
1,A,2,UK x USA,Dormant,Control,1-TC_D_C,3,9/15/21,3.18,0,0,0,0,0,0,0,0,0,0,0,0,0
1,A,2,UK x USA,Dormant,Control,1-TC_D_C,3,9/22/21,3.19,0,0,0,0,0,0,0,0,0,0,0,0,0
1,A,2,UK x USA,Dormant,Control,1-TC_D_C,3,9/27/21,3.2,0,0,0,0,0,0,0,0,0,0,0,0,0
1,A,2,UK x USA,Dormant,Control,1-TC_D_C,3,10/11/21,3.21,1,0,0,0,0,0,8,1,0,0,0,0,10
1,A,2,UK x USA,Dormant,Control,1-TC_D_C,3,11/8/21,3.22,0,0,0,0,0,0,0,0,0,0,0,0,0
1,A,2,UK x USA,Dormant,Control,1-TC_D_C,3,12/17/21,3.23,0,0,0,0,0,0,0,0,0,0,0,0,0
1,A,3,Italy x Sweden,Non-Dormant,Litter,1-IS_ND_F,1,6/12/19,1.01,14,0,0,0,0,0,NA,NA,NA,NA,NA,NA,14
1,A,3,Italy x Sweden,Non-Dormant,Litter,1-IS_ND_F,1,6/16/19,1.02,4,0,0,0,0,0,NA,NA,NA,NA,NA,NA,4
1,A,3,Italy x Sweden,Non-Dormant,Litter,1-IS_ND_F,1,6/26/19,1.03,0,0,0,0,0,0,NA,27,0,0,0,0,27
1,A,3,Italy x Sweden,Non-Dormant,Litter,1-IS_ND_F,1,7/3/19,1.04,0,0,0,0,0,0,NA,21,0,0,0,0,21
1,A,3,Italy x Sweden,Non-Dormant,Litter,1-IS_ND_F,1,7/10/19,1.05,NA,0,0,0,0,0,NA,21,0,0,0,0,21
1,A,3,Italy x Sweden,Non-Dormant,Litter,1-IS_ND_F,1,7/17/19,1.06,0,0,0,0,0,0,NA,21,0,2,0,0,23
1,A,3,Italy x Sweden,Non-Dormant,Litter,1-IS_ND_F,1,7/24/19,1.07,0,0,0,0,0,0,NA,14,9,0,0,0,23
1,A,3,Italy x Sweden,Non-Dormant,Litter,1-IS_ND_F,1,7/31/19,1.08,0,0,0,0,0,0,NA,7,1,1,8,0,17
1,A,3,Italy x Sweden,Non-Dormant,Litter,1-IS_ND_F,1,8/7/19,1.09,0,0,0,0,0,0,NA,6,3,3,10,0,22
1,A,3,Italy x Sweden,Non-Dormant,Litter,1-IS_ND_F,1,8/15/19,1.1,0,0,0,0,0,0,NA,1,1,0,10,0,12
1,A,3,Italy x Sweden,Non-Dormant,Litter,1-IS_ND_F,1,8/20/19,1.11,0,0,0,0,0,0,NA,1,1,0,2,7,11
1,A,3,Italy x Sweden,Non-Dormant,Litter,1-IS_ND_F,1,8/28/19,1.12,0,0,0,0,0,0,NA,0,0,0,0,7,7
1,A,3,Italy x Sweden,Non-Dormant,Litter,1-IS_ND_F,1,9/4/19,1.13,0,0,0,0,0,0,NA,0,0,0,0,0,0
1,A,3,Italy x Sweden,Non-Dormant,Litter,1-IS_ND_F,1,9/11/19,1.14,0,0,0,0,0,0,NA,0,0,0,0,0,0
1,A,3,Italy x Sweden,Non-Dormant,Litter,1-IS_ND_F,1,9/18/19,1.15,0,0,0,0,0,0,NA,0,0,0,0,0,0
1,A,3,Italy x Sweden,Non-Dormant,Litter,1-IS_ND_F,1,9/25/19,1.16,0,0,0,0,0,0,NA,0,0,0,0,0,0
1,A,3,Italy x Sweden,Non-Dormant,Litter,1-IS_ND_F,1,10/2/19,1.17,0,0,0,0,0,0,NA,0,0,0,0,0,0
1,A,3,Italy x Sweden,Non-Dormant,Litter,1-IS_ND_F,1,10/9/19,1.18,0,0,0,0,0,0,NA,0,0,0,0,0,0
1,A,3,Italy x Sweden,Non-Dormant,Litter,1-IS_ND_F,1,10/18/19,1.19,11,0,0,0,0,0,NA,NA,NA,NA,NA,0,11
1,A,3,Italy x Sweden,Non-Dormant,Litter,1-IS_ND_F,1,10/23/19,1.2,162,0,0,0,0,0,NA,NA,NA,NA,NA,0,162
1,A,3,Italy x Sweden,Non-Dormant,Litter,1-IS_ND_F,1,11/6/19,1.22,90,18,0,0,0,0,NA,NA,NA,NA,NA,0,108
1,A,3,Italy x Sweden,Non-Dormant,Litter,1-IS_ND_F,1,11/20/19,1.23,15,115,0,0,0,0,NA,NA,NA,NA,NA,0,130
1,A,3,Italy x Sweden,Non-Dormant,Litter,1-IS_ND_F,1,12/4/19,1.24,0,98,0,0,0,0,NA,NA,NA,NA,NA,0,98
1,A,3,Italy x Sweden,Non-Dormant,Litter,1-IS_ND_F,1,12/20/19,1.25,3,140,0,0,0,0,NA,500,0,0,0,0,643
1,A,3,Italy x Sweden,Non-Dormant,Litter,1-IS_ND_F,1,2/10/20,1.26,0,64,4,0,0,0,NA,NA,1,0,0,0,69
1,A,3,Italy x Sweden,Non-Dormant,Litter,1-IS_ND_F,1,3/2/20,1.27,0,0,0,0,2,0,NA,NA,0,0,2,0,4
1,A,3,Italy x Sweden,Non-Dormant,Litter,1-IS_ND_F,1,5/5/20,1.29,0,0,0,0,0,0,NA,0,0,0,0,0,0
1,A,3,Italy x Sweden,Non-Dormant,Litter,1-IS_ND_F,2,5/27/20,2.01,0,0,0,0,0,0,0,0,0,0,0,0,0
1,A,3,Italy x Sweden,Non-Dormant,Litter,1-IS_ND_F,2,6/4/20,2.02,0,0,0,0,0,0,0,0,0,0,0,0,0
1,A,3,Italy x Sweden,Non-Dormant,Litter,1-IS_ND_F,2,7/23/20,2.03,0,0,0,0,0,0,0,0,0,0,0,0,0
1,A,3,Italy x Sweden,Non-Dormant,Litter,1-IS_ND_F,2,8/7/20,2.04,0,0,0,0,0,0,0,0,0,0,0,0,0
1,A,3,Italy x Sweden,Non-Dormant,Litter,1-IS_ND_F,2,8/13/20,2.05,0,0,0,0,0,0,0,0,0,0,0,0,0
1,A,3,Italy x Sweden,Non-Dormant,Litter,1-IS_ND_F,2,8/18/20,2.06,0,0,0,0,0,0,0,0,0,0,0,0,0
1,A,3,Italy x Sweden,Non-Dormant,Litter,1-IS_ND_F,2,8/25/20,2.07,0,0,0,0,0,0,0,0,0,0,0,0,0
1,A,3,Italy x Sweden,Non-Dormant,Litter,1-IS_ND_F,2,9/4/20,2.08,0,0,0,0,0,0,0,0,0,0,0,0,0
1,A,3,Italy x Sweden,Non-Dormant,Litter,1-IS_ND_F,2,9/16/20,2.09,0,0,0,0,0,0,0,0,0,0,0,0,0
1,A,3,Italy x Sweden,Non-Dormant,Litter,1-IS_ND_F,2,10/2/20,2.1,6,0,0,0,0,0,0,0,0,0,0,0,6
1,A,3,Italy x Sweden,Non-Dormant,Litter,1-IS_ND_F,2,10/19/20,2.11,0,0,0,0,0,0,0,0,0,0,0,0,0
1,A,3,Italy x Sweden,Non-Dormant,Litter,1-IS_ND_F,2,10/30/20,2.12,0,0,0,0,0,0,0,0,0,0,0,0,0
1,A,3,Italy x Sweden,Non-Dormant,Litter,1-IS_ND_F,2,11/13/20,2.13,0,0,0,0,0,0,0,0,0,0,0,0,0
1,A,3,Italy x Sweden,Non-Dormant,Litter,1-IS_ND_F,2,12/2/20,2.14,0,0,0,0,0,0,0,0,0,0,0,0,0
1,A,3,Italy x Sweden,Non-Dormant,Litter,1-IS_ND_F,2,12/17/20,2.15,0,0,0,0,0,0,0,0,0,0,0,0,0
1,A,3,Italy x Sweden,Non-Dormant,Litter,1-IS_ND_F,2,1/15/21,2.16,0,0,0,0,0,0,0,0,0,0,0,0,0
1,A,3,Italy x Sweden,Non-Dormant,Litter,1-IS_ND_F,2,2/1/21,2.17,0,0,0,0,0,0,0,0,0,0,0,0,0
1,A,3,Italy x Sweden,Non-Dormant,Litter,1-IS_ND_F,2,2/25/21,2.18,0,0,0,0,0,0,0,0,0,0,0,0,0
1,A,3,Italy x Sweden,Non-Dormant,Litter,1-IS_ND_F,2,3/8/21,2.19,0,0,0,0,0,0,0,0,0,0,0,0,0
1,A,3,Italy x Sweden,Non-Dormant,Litter,1-IS_ND_F,2,3/25/21,2.2,0,0,0,0,0,0,0,0,0,0,0,0,0
1,A,3,Italy x Sweden,Non-Dormant,Litter,1-IS_ND_F,2,4/8/21,2.21,0,0,0,0,0,0,0,0,0,0,0,0,0
1,A,3,Italy x Sweden,Non-Dormant,Litter,1-IS_ND_F,3,8/17/21,3.14,0,0,0,0,0,0,0,0,0,0,0,0,0
1,A,3,Italy x Sweden,Non-Dormant,Litter,1-IS_ND_F,3,8/25/21,3.15,0,0,0,0,0,0,0,0,0,0,0,0,0
1,A,3,Italy x Sweden,Non-Dormant,Litter,1-IS_ND_F,3,9/2/21,3.16,0,0,0,0,0,0,0,0,0,0,0,0,0
1,A,3,Italy x Sweden,Non-Dormant,Litter,1-IS_ND_F,3,9/8/21,3.17,0,0,0,0,0,0,0,0,0,0,0,0,0
1,A,3,Italy x Sweden,Non-Dormant,Litter,1-IS_ND_F,3,9/15/21,3.18,0,0,0,0,0,0,0,0,0,0,0,0,0
1,A,3,Italy x Sweden,Non-Dormant,Litter,1-IS_ND_F,3,9/22/21,3.19,0,0,0,0,0,0,0,0,0,0,0,0,0
1,A,3,Italy x Sweden,Non-Dormant,Litter,1-IS_ND_F,3,9/27/21,3.2,6,1,0,0,0,0,41,0,0,0,0,0,48
1,A,3,Italy x Sweden,Non-Dormant,Litter,1-IS_ND_F,3,10/11/21,3.21,2,0,0,0,0,0,14,28,0,0,0,0,44
1,A,3,Italy x Sweden,Non-Dormant,Litter,1-IS_ND_F,3,11/8/21,3.22,0,3,0,0,0,0,0,35,0,0,0,0,38
1,A,3,Italy x Sweden,Non-Dormant,Litter,1-IS_ND_F,3,12/17/21,3.23,0,5,0,0,0,0,0,30,0,0,0,0,35
1,A,4,Italy x Sweden,Mixed,High Humidity,1-IS_M_D,1,6/12/19,1.01,0,0,0,0,0,0,NA,NA,NA,NA,NA,NA,0
1,A,4,Italy x Sweden,Mixed,High Humidity,1-IS_M_D,1,6/16/19,1.02,0,0,0,0,0,0,NA,NA,NA,NA,NA,NA,0
1,A,4,Italy x Sweden,Mixed,High Humidity,1-IS_M_D,1,6/26/19,1.03,0,0,0,0,0,0,NA,6,0,0,0,0,6
1,A,4,Italy x Sweden,Mixed,High Humidity,1-IS_M_D,1,7/3/19,1.04,0,0,0,0,0,0,NA,2,0,0,0,0,2
1,A,4,Italy x Sweden,Mixed,High Humidity,1-IS_M_D,1,7/10/19,1.05,NA,0,0,0,0,0,NA,2,0,0,0,0,2
1,A,4,Italy x Sweden,Mixed,High Humidity,1-IS_M_D,1,7/17/19,1.06,0,0,0,0,0,0,NA,1,0,0,0,0,1
1,A,4,Italy x Sweden,Mixed,High Humidity,1-IS_M_D,1,7/24/19,1.07,0,0,0,0,0,0,NA,1,0,0,0,0,1
1,A,4,Italy x Sweden,Mixed,High Humidity,1-IS_M_D,1,7/31/19,1.08,0,0,0,0,0,0,NA,0,0,1,0,0,1
1,A,4,Italy x Sweden,Mixed,High Humidity,1-IS_M_D,1,8/7/19,1.09,0,0,0,0,0,0,NA,0,0,0,1,0,1
1,A,4,Italy x Sweden,Mixed,High Humidity,1-IS_M_D,1,8/15/19,1.1,0,0,0,0,0,0,NA,0,0,0,1,0,1
1,A,4,Italy x Sweden,Mixed,High Humidity,1-IS_M_D,1,8/20/19,1.11,0,0,0,0,0,0,NA,0,0,0,1,0,1
1,A,4,Italy x Sweden,Mixed,High Humidity,1-IS_M_D,1,8/28/19,1.12,0,0,0,0,0,0,NA,0,0,0,1,0,1
1,A,4,Italy x Sweden,Mixed,High Humidity,1-IS_M_D,1,9/4/19,1.13,0,0,0,0,0,0,NA,0,0,0,1,0,1
1,A,4,Italy x Sweden,Mixed,High Humidity,1-IS_M_D,1,9/11/19,1.14,0,0,0,0,0,0,NA,0,0,0,1,0,1
1,A,4,Italy x Sweden,Mixed,High Humidity,1-IS_M_D,1,9/18/19,1.15,0,0,0,0,0,0,NA,0,0,0,1,0,1
1,A,4,Italy x Sweden,Mixed,High Humidity,1-IS_M_D,1,9/25/19,1.16,0,0,0,0,0,0,NA,0,0,0,1,0,1
1,A,4,Italy x Sweden,Mixed,High Humidity,1-IS_M_D,1,10/2/19,1.17,0,0,0,0,0,0,NA,0,0,0,1,0,1
1,A,4,Italy x Sweden,Mixed,High Humidity,1-IS_M_D,1,10/9/19,1.18,0,0,0,0,0,0,NA,0,0,0,1,0,1
1,A,4,Italy x Sweden,Mixed,High Humidity,1-IS_M_D,1,10/18/19,1.19,0,0,0,0,0,0,NA,NA,NA,NA,NA,0,0
1,A,4,Italy x Sweden,Mixed,High Humidity,1-IS_M_D,1,10/23/19,1.2,45,0,0,0,0,0,NA,NA,NA,NA,NA,0,45
1,A,4,Italy x Sweden,Mixed,High Humidity,1-IS_M_D,1,11/6/19,1.22,43,40,0,0,0,0,NA,NA,NA,NA,NA,0,83
1,A,4,Italy x Sweden,Mixed,High Humidity,1-IS_M_D,1,11/20/19,1.23,10,62,0,0,0,0,NA,NA,NA,NA,NA,0,72
1,A,4,Italy x Sweden,Mixed,High Humidity,1-IS_M_D,1,12/4/19,1.24,5,92,0,0,0,0,NA,NA,NA,NA,NA,0,97
1,A,4,Italy x Sweden,Mixed,High Humidity,1-IS_M_D,1,12/20/19,1.25,31,105,0,0,0,0,NA,200,0,0,0,0,336
1,A,4,Italy x Sweden,Mixed,High Humidity,1-IS_M_D,1,2/10/20,1.26,0,18,27,8,0,0,NA,NA,31,6,0,0,90
1,A,4,Italy x Sweden,Mixed,High Humidity,1-IS_M_D,1,3/2/20,1.27,0,4,1,15,49,0,NA,NA,2,44,113,0,228
1,A,4,Italy x Sweden,Mixed,High Humidity,1-IS_M_D,1,5/5/20,1.29,0,0,0,0,0,19,NA,0,0,0,0,36,55
1,A,4,Italy x Sweden,Mixed,High Humidity,1-IS_M_D,2,5/27/20,2.01,48,0,0,0,0,0,43,0,0,0,0,0,91
1,A,4,Italy x Sweden,Mixed,High Humidity,1-IS_M_D,2,6/4/20,2.02,0,0,0,0,0,0,0,0,0,0,0,0,0
1,A,4,Italy x Sweden,Mixed,High Humidity,1-IS_M_D,2,7/23/20,2.03,0,0,0,0,0,0,0,0,0,0,0,0,0
1,A,4,Italy x Sweden,Mixed,High Humidity,1-IS_M_D,2,8/7/20,2.04,0,0,0,0,0,0,0,0,0,0,0,0,0
1,A,4,Italy x Sweden,Mixed,High Humidity,1-IS_M_D,2,8/13/20,2.05,0,0,0,0,0,0,0,0,0,0,0,0,0
1,A,4,Italy x Sweden,Mixed,High Humidity,1-IS_M_D,2,8/18/20,2.06,0,0,0,0,0,0,0,0,0,0,0,0,0
1,A,4,Italy x Sweden,Mixed,High Humidity,1-IS_M_D,2,8/25/20,2.07,0,0,0,0,0,0,0,0,0,0,0,0,0
1,A,4,Italy x Sweden,Mixed,High Humidity,1-IS_M_D,2,9/4/20,2.08,2,0,0,0,0,0,0,0,0,0,0,0,2
1,A,4,Italy x Sweden,Mixed,High Humidity,1-IS_M_D,2,9/16/20,2.09,52,3,0,0,0,0,30,7,0,0,0,0,92
1,A,4,Italy x Sweden,Mixed,High Humidity,1-IS_M_D,2,10/2/20,2.1,428,9,0,0,0,0,60,10,0,0,0,0,507
1,A,4,Italy x Sweden,Mixed,High Humidity,1-IS_M_D,2,10/19/20,2.11,134,11,0,0,0,0,15,5,0,0,0,0,165
1,A,4,Italy x Sweden,Mixed,High Humidity,1-IS_M_D,2,10/30/20,2.12,176,19,0,0,0,0,20,20,0,0,0,0,235
1,A,4,Italy x Sweden,Mixed,High Humidity,1-IS_M_D,2,11/13/20,2.13,158,40,0,0,0,0,15,40,0,0,0,0,253
1,A,4,Italy x Sweden,Mixed,High Humidity,1-IS_M_D,2,12/2/20,2.14,94,20,0,0,0,0,10,10,0,0,0,0,134
1,A,4,Italy x Sweden,Mixed,High Humidity,1-IS_M_D,2,12/17/20,2.15,51,15,0,0,0,0,48,30,0,0,0,0,144
1,A,4,Italy x Sweden,Mixed,High Humidity,1-IS_M_D,2,1/15/21,2.16,62,12,0,0,0,0,25,42,0,0,0,0,141
1,A,4,Italy x Sweden,Mixed,High Humidity,1-IS_M_D,2,2/1/21,2.17,6,17,0,0,0,0,0,5,0,0,0,0,28
1,A,4,Italy x Sweden,Mixed,High Humidity,1-IS_M_D,2,2/25/21,2.18,0,1,0,0,0,0,0,19,0,0,0,0,20
1,A,4,Italy x Sweden,Mixed,High Humidity,1-IS_M_D,2,3/8/21,2.19,0,0,0,1,0,0,0,10,19,16,0,0,46
1,A,4,Italy x Sweden,Mixed,High Humidity,1-IS_M_D,2,3/25/21,2.2,0,0,0,0,1,0,0,0,3,8,40,0,52
1,A,4,Italy x Sweden,Mixed,High Humidity,1-IS_M_D,2,4/8/21,2.21,0,0,0,0,1,0,0,0,0,0,25,2,28
1,A,4,Italy x Sweden,Mixed,High Humidity,1-IS_M_D,3,8/17/21,3.14,0,0,0,0,0,0,0,0,0,0,0,0,0
1,A,4,Italy x Sweden,Mixed,High Humidity,1-IS_M_D,3,8/25/21,3.15,0,0,0,0,0,0,35,0,0,0,0,0,35
1,A,4,Italy x Sweden,Mixed,High Humidity,1-IS_M_D,3,9/2/21,3.16,0,0,0,0,0,0,0,0,0,0,0,0,0
1,A,4,Italy x Sweden,Mixed,High Humidity,1-IS_M_D,3,9/8/21,3.17,0,0,0,0,0,0,0,0,0,0,0,0,0
1,A,4,Italy x Sweden,Mixed,High Humidity,1-IS_M_D,3,9/15/21,3.18,0,0,0,0,0,0,0,0,0,0,0,0,0
1,A,4,Italy x Sweden,Mixed,High Humidity,1-IS_M_D,3,9/22/21,3.19,0,0,0,0,0,0,0,0,0,0,0,0,0
1,A,4,Italy x Sweden,Mixed,High Humidity,1-IS_M_D,3,9/27/21,3.2,27,0,0,0,0,0,217,4,0,0,0,0,248
1,A,4,Italy x Sweden,Mixed,High Humidity,1-IS_M_D,3,10/11/21,3.21,51,0,0,0,0,0,177,249,0,0,0,0,477
1,A,4,Italy x Sweden,Mixed,High Humidity,1-IS_M_D,3,11/8/21,3.22,138,111,0,0,0,0,235,520,0,0,0,0,1004
1,A,4,Italy x Sweden,Mixed,High Humidity,1-IS_M_D,3,12/17/21,3.23,5,88,0,0,0,0,3,470,0,0,0,0,566
2,A,5,Italy x Sweden,Mixed,Litter,2-IS_M_F,1,6/12/19,1.01,1,0,0,0,0,0,NA,NA,NA,NA,NA,NA,1
2,A,5,Italy x Sweden,Mixed,Litter,2-IS_M_F,1,6/16/19,1.02,0,0,0,0,0,0,NA,NA,NA,NA,NA,NA,0
2,A,5,Italy x Sweden,Mixed,Litter,2-IS_M_F,1,6/26/19,1.03,0,0,0,0,0,0,NA,0,0,0,0,0,0
2,A,5,Italy x Sweden,Mixed,Litter,2-IS_M_F,1,7/3/19,1.04,0,0,0,0,0,0,NA,4,0,0,0,0,4
2,A,5,Italy x Sweden,Mixed,Litter,2-IS_M_F,1,7/10/19,1.05,NA,0,0,0,0,0,NA,4,0,0,0,0,4
2,A,5,Italy x Sweden,Mixed,Litter,2-IS_M_F,1,7/17/19,1.06,0,0,0,0,0,0,NA,3,0,0,0,0,3
2,A,5,Italy x Sweden,Mixed,Litter,2-IS_M_F,1,7/24/19,1.07,0,0,0,0,0,0,NA,3,0,0,0,0,3
2,A,5,Italy x Sweden,Mixed,Litter,2-IS_M_F,1,7/31/19,1.08,0,0,0,0,0,0,NA,3,0,0,0,0,3
2,A,5,Italy x Sweden,Mixed,Litter,2-IS_M_F,1,8/7/19,1.09,0,0,0,0,0,0,NA,3,0,0,0,0,3
2,A,5,Italy x Sweden,Mixed,Litter,2-IS_M_F,1,8/15/19,1.1,0,0,0,0,0,0,NA,2,0,0,0,0,2
2,A,5,Italy x Sweden,Mixed,Litter,2-IS_M_F,1,8/20/19,1.11,0,0,0,0,0,0,NA,2,0,0,0,0,2
2,A,5,Italy x Sweden,Mixed,Litter,2-IS_M_F,1,8/28/19,1.12,0,0,0,0,0,0,NA,2,0,0,0,0,2
2,A,5,Italy x Sweden,Mixed,Litter,2-IS_M_F,1,9/4/19,1.13,0,0,0,0,0,0,NA,1,0,0,0,0,1
2,A,5,Italy x Sweden,Mixed,Litter,2-IS_M_F,1,9/11/19,1.14,0,0,0,0,0,0,NA,2,1,0,2,0,5
2,A,5,Italy x Sweden,Mixed,Litter,2-IS_M_F,1,9/18/19,1.15,0,0,0,0,0,0,NA,2,1,0,2,0,5
2,A,5,Italy x Sweden,Mixed,Litter,2-IS_M_F,1,9/25/19,1.16,0,0,0,0,0,0,NA,1,0,0,0,2,3
2,A,5,Italy x Sweden,Mixed,Litter,2-IS_M_F,1,10/2/19,1.17,0,0,0,0,0,0,NA,0,0,0,0,2,2
2,A,5,Italy x Sweden,Mixed,Litter,2-IS_M_F,1,10/9/19,1.18,0,0,0,0,0,0,NA,0,0,0,0,0,0
2,A,5,Italy x Sweden,Mixed,Litter,2-IS_M_F,1,10/18/19,1.19,0,0,0,0,0,0,NA,NA,NA,NA,NA,0,0
2,A,5,Italy x Sweden,Mixed,Litter,2-IS_M_F,1,10/23/19,1.2,16,0,0,0,0,0,NA,NA,NA,NA,NA,0,16
2,A,5,Italy x Sweden,Mixed,Litter,2-IS_M_F,1,11/6/19,1.22,0,0,0,0,0,0,NA,NA,NA,NA,NA,0,0
2,A,5,Italy x Sweden,Mixed,Litter,2-IS_M_F,1,11/20/19,1.23,0,0,0,0,0,0,NA,NA,NA,NA,NA,0,0
2,A,5,Italy x Sweden,Mixed,Litter,2-IS_M_F,1,12/4/19,1.24,3,0,0,0,0,0,NA,NA,NA,NA,NA,0,3
2,A,5,Italy x Sweden,Mixed,Litter,2-IS_M_F,1,12/20/19,1.25,1,3,0,0,0,0,NA,5,0,0,0,0,9
2,A,5,Italy x Sweden,Mixed,Litter,2-IS_M_F,1,2/10/20,1.26,0,4,0,0,0,0,NA,NA,0,0,0,0,4
2,A,5,Italy x Sweden,Mixed,Litter,2-IS_M_F,1,3/2/20,1.27,0,0,0,0,0,0,NA,NA,0,1,1,0,2
2,A,5,Italy x Sweden,Mixed,Litter,2-IS_M_F,1,5/5/20,1.29,0,0,0,0,0,0,NA,0,0,0,0,3,3
2,A,5,Italy x Sweden,Mixed,Litter,2-IS_M_F,2,5/27/20,2.01,0,0,0,0,0,0,0,0,0,0,0,0,0
2,A,5,Italy x Sweden,Mixed,Litter,2-IS_M_F,2,6/4/20,2.02,0,0,0,0,0,0,0,0,0,0,0,0,0
2,A,5,Italy x Sweden,Mixed,Litter,2-IS_M_F,2,7/23/20,2.03,0,0,0,0,0,0,0,0,0,0,0,0,0
2,A,5,Italy x Sweden,Mixed,Litter,2-IS_M_F,2,8/7/20,2.04,0,0,0,0,0,0,0,0,0,0,0,0,0
2,A,5,Italy x Sweden,Mixed,Litter,2-IS_M_F,2,8/13/20,2.05,0,0,0,0,0,0,0,0,0,0,0,0,0
2,A,5,Italy x Sweden,Mixed,Litter,2-IS_M_F,2,8/18/20,2.06,0,0,0,0,0,0,0,0,0,0,0,0,0
2,A,5,Italy x Sweden,Mixed,Litter,2-IS_M_F,2,8/25/20,2.07,0,0,0,0,0,0,0,0,0,0,0,0,0
2,A,5,Italy x Sweden,Mixed,Litter,2-IS_M_F,2,9/4/20,2.08,0,0,0,0,0,0,0,0,0,0,0,0,0
2,A,5,Italy x Sweden,Mixed,Litter,2-IS_M_F,2,9/16/20,2.09,0,0,0,0,0,0,0,0,0,0,0,0,0
2,A,5,Italy x Sweden,Mixed,Litter,2-IS_M_F,2,10/2/20,2.1,0,0,0,0,0,0,0,0,0,0,0,0,0
2,A,5,Italy x Sweden,Mixed,Litter,2-IS_M_F,2,10/19/20,2.11,0,0,0,0,0,0,0,0,0,0,0,0,0
2,A,5,Italy x Sweden,Mixed,Litter,2-IS_M_F,2,10/30/20,2.12,0,0,0,0,0,0,0,0,0,0,0,0,0
2,A,5,Italy x Sweden,Mixed,Litter,2-IS_M_F,2,11/13/20,2.13,0,1,0,0,0,0,0,0,0,0,0,0,1
2,A,5,Italy x Sweden,Mixed,Litter,2-IS_M_F,2,12/2/20,2.14,0,0,0,0,0,0,0,0,0,0,0,0,0
2,A,5,Italy x Sweden,Mixed,Litter,2-IS_M_F,2,12/17/20,2.15,0,0,0,0,0,0,0,0,0,0,0,0,0
2,A,5,Italy x Sweden,Mixed,Litter,2-IS_M_F,2,1/15/21,2.16,0,0,0,0,0,0,0,0,0,0,0,0,0
2,A,5,Italy x Sweden,Mixed,Litter,2-IS_M_F,2,2/1/21,2.17,0,0,0,0,0,0,0,0,0,0,0,0,0
2,A,5,Italy x Sweden,Mixed,Litter,2-IS_M_F,2,2/25/21,2.18,0,0,0,0,0,0,0,0,0,0,0,0,0
2,A,5,Italy x Sweden,Mixed,Litter,2-IS_M_F,2,3/8/21,2.19,0,0,0,0,0,0,0,0,0,0,0,0,0
2,A,5,Italy x Sweden,Mixed,Litter,2-IS_M_F,2,3/25/21,2.2,0,0,0,0,0,0,0,0,0,0,0,0,0
2,A,5,Italy x Sweden,Mixed,Litter,2-IS_M_F,2,4/8/21,2.21,0,0,0,0,0,0,0,0,0,0,0,0,0
2,A,5,Italy x Sweden,Mixed,Litter,2-IS_M_F,3,8/17/21,3.14,0,0,0,0,0,0,0,0,0,0,0,0,0
2,A,5,Italy x Sweden,Mixed,Litter,2-IS_M_F,3,8/25/21,3.15,0,0,0,0,0,0,0,0,0,0,0,0,0
2,A,5,Italy x Sweden,Mixed,Litter,2-IS_M_F,3,9/2/21,3.16,0,0,0,0,0,0,0,0,0,0,0,0,0
2,A,5,Italy x Sweden,Mixed,Litter,2-IS_M_F,3,9/8/21,3.17,0,0,0,0,0,0,0,0,0,0,0,0,0
2,A,5,Italy x Sweden,Mixed,Litter,2-IS_M_F,3,9/15/21,3.18,0,0,0,0,0,0,0,0,0,0,0,0,0
2,A,5,Italy x Sweden,Mixed,Litter,2-IS_M_F,3,9/22/21,3.19,0,0,0,0,0,0,0,0,0,0,0,0,0
2,A,5,Italy x Sweden,Mixed,Litter,2-IS_M_F,3,9/29/21,3.2,8,0,0,0,0,0,27,1,0,0,0,0,36
2,A,5,Italy x Sweden,Mixed,Litter,2-IS_M_F,3,10/12/21,3.21,6,1,0,0,0,0,14,10,0,0,0,0,31
2,A,5,Italy x Sweden,Mixed,Litter,2-IS_M_F,3,11/10/21,3.22,7,22,0,0,0,0,8,42,0,0,0,0,79
2,A,5,Italy x Sweden,Mixed,Litter,2-IS_M_F,3,12/17/21,3.23,0,4,0,0,0,0,0,32,0,0,0,0,36
2,A,6,Germany x Tajikistan,Dormant,Litter,2-BS_D_F,1,6/12/19,1.01,NA,NA,NA,NA,NA,NA,NA,NA,NA,NA,NA,NA,NA
2,A,6,Germany x Tajikistan,Dormant,Litter,2-BS_D_F,1,6/16/19,1.02,NA,NA,NA,NA,NA,NA,NA,NA,NA,NA,NA,NA,NA
2,A,6,Germany x Tajikistan,Dormant,Litter,2-BS_D_F,1,6/26/19,1.03,NA,NA,NA,NA,NA,NA,NA,NA,NA,NA,NA,NA,NA
2,A,6,Germany x Tajikistan,Dormant,Litter,2-BS_D_F,1,7/3/19,1.04,NA,NA,NA,NA,NA,NA,NA,NA,NA,NA,NA,NA,NA
2,A,6,Germany x Tajikistan,Dormant,Litter,2-BS_D_F,1,7/10/19,1.05,NA,NA,NA,NA,NA,NA,NA,NA,NA,NA,NA,NA,NA
2,A,6,Germany x Tajikistan,Dormant,Litter,2-BS_D_F,1,7/17/19,1.06,0,0,0,0,0,0,NA,0,0,0,0,0,0
2,A,6,Germany x Tajikistan,Dormant,Litter,2-BS_D_F,1,7/24/19,1.07,0,0,0,0,0,0,NA,0,0,0,0,0,0
2,A,6,Germany x Tajikistan,Dormant,Litter,2-BS_D_F,1,7/31/19,1.08,0,0,0,0,0,0,NA,0,0,0,0,0,0
2,A,6,Germany x Tajikistan,Dormant,Litter,2-BS_D_F,1,8/7/19,1.09,0,0,0,0,0,0,NA,0,0,0,0,0,0
2,A,6,Germany x Tajikistan,Dormant,Litter,2-BS_D_F,1,8/15/19,1.1,0,0,0,0,0,0,NA,0,0,0,0,0,0
2,A,6,Germany x Tajikistan,Dormant,Litter,2-BS_D_F,1,8/20/19,1.11,0,0,0,0,0,0,NA,0,0,0,0,0,0
2,A,6,Germany x Tajikistan,Dormant,Litter,2-BS_D_F,1,8/28/19,1.12,0,0,0,0,0,0,NA,0,0,0,0,0,0
2,A,6,Germany x Tajikistan,Dormant,Litter,2-BS_D_F,1,9/4/19,1.13,0,0,0,0,0,0,NA,0,0,0,0,0,0
2,A,6,Germany x Tajikistan,Dormant,Litter,2-BS_D_F,1,9/11/19,1.14,0,0,0,0,0,0,NA,0,0,0,0,0,0
2,A,6,Germany x Tajikistan,Dormant,Litter,2-BS_D_F,1,9/18/19,1.15,0,0,0,0,0,0,NA,0,0,0,0,0,0
2,A,6,Germany x Tajikistan,Dormant,Litter,2-BS_D_F,1,9/25/19,1.16,0,0,0,0,0,0,NA,0,0,0,0,0,0
2,A,6,Germany x Tajikistan,Dormant,Litter,2-BS_D_F,1,10/2/19,1.17,0,0,0,0,0,0,NA,0,0,0,0,0,0
2,A,6,Germany x Tajikistan,Dormant,Litter,2-BS_D_F,1,10/9/19,1.18,0,0,0,0,0,0,NA,0,0,0,0,0,0
2,A,6,Germany x Tajikistan,Dormant,Litter,2-BS_D_F,1,10/18/19,1.19,1,0,0,0,0,0,NA,NA,NA,NA,NA,0,1
2,A,6,Germany x Tajikistan,Dormant,Litter,2-BS_D_F,1,10/23/19,1.2,4,0,0,0,0,0,NA,NA,NA,NA,NA,0,4
2,A,6,Germany x Tajikistan,Dormant,Litter,2-BS_D_F,1,11/6/19,1.22,0,0,0,0,0,0,NA,NA,NA,NA,NA,0,0
2,A,6,Germany x Tajikistan,Dormant,Litter,2-BS_D_F,1,11/20/19,1.23,0,0,0,0,0,0,NA,NA,NA,NA,NA,0,0
2,A,6,Germany x Tajikistan,Dormant,Litter,2-BS_D_F,1,12/4/19,1.24,0,0,0,0,0,0,NA,NA,NA,NA,NA,0,0
2,A,6,Germany x Tajikistan,Dormant,Litter,2-BS_D_F,1,12/20/19,1.25,0,0,0,0,0,0,NA,2,0,0,0,0,2
2,A,6,Germany x Tajikistan,Dormant,Litter,2-BS_D_F,1,2/10/20,1.26,0,0,0,0,0,0,NA,NA,0,0,0,0,0
2,A,6,Germany x Tajikistan,Dormant,Litter,2-BS_D_F,1,3/2/20,1.27,0,0,0,0,0,0,NA,NA,0,0,0,0,0
2,A,6,Germany x Tajikistan,Dormant,Litter,2-BS_D_F,1,5/5/20,1.29,0,0,0,0,0,0,NA,0,0,0,0,1,1
2,A,6,Germany x Tajikistan,Dormant,Litter,2-BS_D_F,2,5/27/20,2.01,0,0,0,0,0,0,0,0,0,0,0,0,0
2,A,6,Germany x Tajikistan,Dormant,Litter,2-BS_D_F,2,6/4/20,2.02,0,0,0,0,0,0,0,0,0,0,0,0,0
2,A,6,Germany x Tajikistan,Dormant,Litter,2-BS_D_F,2,9/4/20,2.08,0,0,0,0,0,0,3,0,0,0,0,0,3
2,A,6,Germany x Tajikistan,Dormant,Litter,2-BS_D_F,2,9/16/20,2.09,0,0,0,0,0,0,0,0,0,0,0,0,0
2,A,6,Germany x Tajikistan,Dormant,Litter,2-BS_D_F,2,10/2/20,2.1,0,0,0,0,0,0,0,0,0,0,0,0,0
2,A,6,Germany x Tajikistan,Dormant,Litter,2-BS_D_F,2,10/19/20,2.11,0,0,0,0,0,0,0,0,0,0,0,0,0
2,A,6,Germany x Tajikistan,Dormant,Litter,2-BS_D_F,2,10/30/20,2.12,0,0,0,0,0,0,0,0,0,0,0,0,0
2,A,6,Germany x Tajikistan,Dormant,Litter,2-BS_D_F,2,11/13/20,2.13,0,0,0,0,0,0,0,0,0,0,0,0,0
2,A,6,Germany x Tajikistan,Dormant,Litter,2-BS_D_F,2,12/2/20,2.14,0,0,0,0,0,0,0,0,0,0,0,0,0
2,A,6,Germany x Tajikistan,Dormant,Litter,2-BS_D_F,2,12/17/20,2.15,0,0,0,0,0,0,0,0,0,0,0,0,0
2,A,6,Germany x Tajikistan,Dormant,Litter,2-BS_D_F,2,1/15/21,2.16,0,0,0,0,0,0,0,0,0,0,0,0,0
2,A,6,Germany x Tajikistan,Dormant,Litter,2-BS_D_F,2,2/1/21,2.17,0,0,0,0,0,0,0,0,0,0,0,0,0
2,A,6,Germany x Tajikistan,Dormant,Litter,2-BS_D_F,2,2/25/21,2.18,0,0,0,0,0,0,0,0,0,0,0,0,0
2,A,6,Germany x Tajikistan,Dormant,Litter,2-BS_D_F,2,3/8/21,2.19,0,0,0,0,0,0,0,0,0,0,0,0,0
2,A,6,Germany x Tajikistan,Dormant,Litter,2-BS_D_F,2,3/25/21,2.2,0,0,0,0,0,0,0,0,0,0,0,0,0
2,A,6,Germany x Tajikistan,Dormant,Litter,2-BS_D_F,2,4/8/21,2.21,0,0,0,0,0,0,0,0,0,0,0,0,0
2,A,7,Italy x Sweden,Mixed,Native Soil,2-IS-M-Soil,1,6/12/19,1.01,0,0,0,0,0,0,NA,NA,NA,NA,NA,NA,0
2,A,7,Italy x Sweden,Mixed,Native Soil,2-IS-M-Soil,1,6/16/19,1.02,0,0,0,0,0,0,NA,NA,NA,NA,NA,NA,0
2,A,7,Italy x Sweden,Mixed,Native Soil,2-IS-M-Soil,1,6/26/19,1.03,0,0,0,0,0,0,NA,0,0,0,0,0,0
2,A,7,Italy x Sweden,Mixed,Native Soil,2-IS-M-Soil,1,7/3/19,1.04,0,0,0,0,0,0,NA,0,0,0,0,0,0
2,A,7,Italy x Sweden,Mixed,Native Soil,2-IS-M-Soil,1,7/10/19,1.05,NA,0,0,0,0,0,NA,0,0,0,0,0,0
2,A,7,Italy x Sweden,Mixed,Native Soil,2-IS-M-Soil,1,7/17/19,1.06,0,0,0,0,0,0,NA,0,0,0,0,0,0
2,A,7,Italy x Sweden,Mixed,Native Soil,2-IS-M-Soil,1,7/24/19,1.07,0,0,0,0,0,0,NA,0,0,0,0,0,0
2,A,7,Italy x Sweden,Mixed,Native Soil,2-IS-M-Soil,1,7/31/19,1.08,0,0,0,0,0,0,NA,0,0,0,0,0,0
2,A,7,Italy x Sweden,Mixed,Native Soil,2-IS-M-Soil,1,8/7/19,1.09,0,0,0,0,0,0,NA,0,0,0,0,0,0
2,A,7,Italy x Sweden,Mixed,Native Soil,2-IS-M-Soil,1,8/15/19,1.1,0,0,0,0,0,0,NA,0,0,0,0,0,0
2,A,7,Italy x Sweden,Mixed,Native Soil,2-IS-M-Soil,1,8/20/19,1.11,0,0,0,0,0,0,NA,0,0,0,0,0,0
2,A,7,Italy x Sweden,Mixed,Native Soil,2-IS-M-Soil,1,8/28/19,1.12,0,0,0,0,0,0,NA,0,0,0,0,0,0
2,A,7,Italy x Sweden,Mixed,Native Soil,2-IS-M-Soil,1,9/4/19,1.13,0,0,0,0,0,0,NA,0,0,0,0,0,0
2,A,7,Italy x Sweden,Mixed,Native Soil,2-IS-M-Soil,1,9/11/19,1.14,0,0,0,0,0,0,NA,0,0,0,0,0,0
2,A,7,Italy x Sweden,Mixed,Native Soil,2-IS-M-Soil,1,9/18/19,1.15,0,0,0,0,0,0,NA,0,0,0,0,0,0
2,A,7,Italy x Sweden,Mixed,Native Soil,2-IS-M-Soil,1,9/25/19,1.16,0,0,0,0,0,0,NA,0,0,0,0,0,0
2,A,7,Italy x Sweden,Mixed,Native Soil,2-IS-M-Soil,1,10/2/19,1.17,0,0,0,0,0,0,NA,0,0,0,0,0,0
2,A,7,Italy x Sweden,Mixed,Native Soil,2-IS-M-Soil,1,10/9/19,1.18,0,0,0,0,0,0,NA,0,0,0,0,0,0
2,A,7,Italy x Sweden,Mixed,Native Soil,2-IS-M-Soil,1,10/18/19,1.19,0,0,0,0,0,0,NA,NA,NA,NA,NA,0,0
2,A,7,Italy x Sweden,Mixed,Native Soil,2-IS-M-Soil,1,10/23/19,1.2,0,0,0,0,0,0,NA,NA,NA,NA,NA,0,0
2,A,7,Italy x Sweden,Mixed,Native Soil,2-IS-M-Soil,1,11/6/19,1.22,0,0,0,0,0,0,NA,NA,NA,NA,NA,0,0
2,A,7,Italy x Sweden,Mixed,Native Soil,2-IS-M-Soil,1,11/20/19,1.23,0,0,0,0,0,0,NA,NA,NA,NA,NA,0,0
2,A,7,Italy x Sweden,Mixed,Native Soil,2-IS-M-Soil,1,12/4/19,1.24,19,0,0,0,0,0,NA,NA,NA,NA,NA,0,19
2,A,7,Italy x Sweden,Mixed,Native Soil,2-IS-M-Soil,1,12/20/19,1.25,33,19,0,0,0,0,NA,30,0,0,0,0,82
2,A,7,Italy x Sweden,Mixed,Native Soil,2-IS-M-Soil,1,2/10/20,1.26,0,38,0,0,0,0,NA,NA,0,5,1,0,44
2,A,7,Italy x Sweden,Mixed,Native Soil,2-IS-M-Soil,1,3/2/20,1.27,0,28,4,7,0,0,NA,NA,0,3,18,0,60
2,A,7,Italy x Sweden,Mixed,Native Soil,2-IS-M-Soil,1,5/5/20,1.29,0,0,0,0,0,45,NA,0,0,0,0,32,77
2,A,7,Italy x Sweden,Mixed,Native Soil,2-IS-M-Soil,2,5/27/20,2.01,0,0,0,0,0,0,0,0,0,0,0,0,0
2,A,7,Italy x Sweden,Mixed,Native Soil,2-IS-M-Soil,2,6/4/20,2.02,0,0,0,0,0,0,0,0,0,0,0,0,0
2,A,7,Italy x Sweden,Mixed,Native Soil,2-IS-M-Soil,2,7/23/20,2.03,0,0,0,0,0,0,0,0,0,0,0,0,0
2,A,7,Italy x Sweden,Mixed,Native Soil,2-IS-M-Soil,2,8/7/20,2.04,0,0,0,0,0,0,0,0,0,0,0,0,0
2,A,7,Italy x Sweden,Mixed,Native Soil,2-IS-M-Soil,2,8/13/20,2.05,0,0,0,0,0,0,0,0,0,0,0,0,0
2,A,7,Italy x Sweden,Mixed,Native Soil,2-IS-M-Soil,2,8/18/20,2.06,0,0,0,0,0,0,0,0,0,0,0,0,0
2,A,7,Italy x Sweden,Mixed,Native Soil,2-IS-M-Soil,2,8/25/20,2.07,0,0,0,0,0,0,0,0,0,0,0,0,0
2,A,7,Italy x Sweden,Mixed,Native Soil,2-IS-M-Soil,2,9/4/20,2.08,0,0,0,0,0,0,5,0,0,0,0,0,5
2,A,7,Italy x Sweden,Mixed,Native Soil,2-IS-M-Soil,2,9/16/20,2.09,0,0,0,0,0,0,0,0,0,0,0,0,0
2,A,7,Italy x Sweden,Mixed,Native Soil,2-IS-M-Soil,2,10/2/20,2.1,0,0,0,0,0,0,0,4,0,0,0,0,4
2,A,7,Italy x Sweden,Mixed,Native Soil,2-IS-M-Soil,2,10/19/20,2.11,0,0,0,0,0,0,0,0,0,0,0,0,0
2,A,7,Italy x Sweden,Mixed,Native Soil,2-IS-M-Soil,2,10/30/20,2.12,0,0,0,0,0,0,0,0,0,0,0,0,0
2,A,7,Italy x Sweden,Mixed,Native Soil,2-IS-M-Soil,2,11/13/20,2.13,0,0,0,0,0,0,0,0,0,0,0,0,0
2,A,7,Italy x Sweden,Mixed,Native Soil,2-IS-M-Soil,2,12/2/20,2.14,0,0,0,0,0,0,0,1,0,0,0,0,1
2,A,7,Italy x Sweden,Mixed,Native Soil,2-IS-M-Soil,2,12/17/20,2.15,0,0,0,0,0,0,0,1,0,0,0,0,1
2,A,7,Italy x Sweden,Mixed,Native Soil,2-IS-M-Soil,2,1/15/21,2.16,0,0,0,0,0,0,0,1,0,0,0,0,1
2,A,7,Italy x Sweden,Mixed,Native Soil,2-IS-M-Soil,2,2/1/21,2.17,0,0,0,0,0,0,0,1,0,0,0,0,1
2,A,7,Italy x Sweden,Mixed,Native Soil,2-IS-M-Soil,2,2/25/21,2.18,0,0,0,0,0,0,0,1,0,0,0,0,1
2,A,7,Italy x Sweden,Mixed,Native Soil,2-IS-M-Soil,2,3/8/21,2.19,0,0,0,0,0,0,0,2,10,3,1,0,16
2,A,7,Italy x Sweden,Mixed,Native Soil,2-IS-M-Soil,2,3/25/21,2.2,0,0,0,0,0,0,0,0,0,10,23,0,33
2,A,7,Italy x Sweden,Mixed,Native Soil,2-IS-M-Soil,2,4/8/21,2.21,0,0,0,0,0,0,0,0,0,1,20,0,21
2,A,7,Italy x Sweden,Mixed,Native Soil,2-IS-M-Soil,3,8/17/21,3.14,0,0,0,0,0,0,0,0,0,0,0,0,0
2,A,7,Italy x Sweden,Mixed,Native Soil,2-IS-M-Soil,3,8/25/21,3.15,0,0,0,0,0,0,0,0,0,0,0,0,0
2,A,7,Italy x Sweden,Mixed,Native Soil,2-IS-M-Soil,3,9/2/21,3.16,0,0,0,0,0,0,0,0,0,0,0,0,0
2,A,7,Italy x Sweden,Mixed,Native Soil,2-IS-M-Soil,3,9/8/21,3.17,0,0,0,0,0,0,0,0,0,0,0,0,0
2,A,7,Italy x Sweden,Mixed,Native Soil,2-IS-M-Soil,3,9/15/21,3.18,0,0,0,0,0,0,0,0,0,0,0,0,0
2,A,7,Italy x Sweden,Mixed,Native Soil,2-IS-M-Soil,3,9/22/21,3.19,0,0,0,0,0,0,0,0,0,0,0,0,0
2,A,7,Italy x Sweden,Mixed,Native Soil,2-IS-M-Soil,3,9/29/21,3.2,0,0,0,0,0,0,50,1,0,0,0,0,51
2,A,7,Italy x Sweden,Mixed,Native Soil,2-IS-M-Soil,3,10/12/21,3.21,2,0,0,0,0,0,40,12,0,0,0,0,54
2,A,7,Italy x Sweden,Mixed,Native Soil,2-IS-M-Soil,3,11/10/21,3.22,0,0,0,0,0,0,14,50,0,0,0,0,64
2,A,7,Italy x Sweden,Mixed,Native Soil,2-IS-M-Soil,3,12/17/21,3.23,0,1,0,0,0,0,3,25,0,0,0,0,29
2,A,8,UK x USA,Mixed,Control,2-TC_M_C,1,6/12/19,1.01,NA,NA,NA,NA,NA,NA,NA,NA,NA,NA,NA,NA,NA
2,A,8,UK x USA,Mixed,Control,2-TC_M_C,1,6/16/19,1.02,NA,NA,NA,NA,NA,NA,NA,NA,NA,NA,NA,NA,NA
2,A,8,UK x USA,Mixed,Control,2-TC_M_C,1,6/26/19,1.03,NA,NA,NA,NA,NA,NA,NA,NA,NA,NA,NA,NA,NA
2,A,8,UK x USA,Mixed,Control,2-TC_M_C,1,7/3/19,1.04,NA,NA,NA,NA,NA,NA,NA,NA,NA,NA,NA,NA,NA
2,A,8,UK x USA,Mixed,Control,2-TC_M_C,1,7/10/19,1.05,NA,NA,NA,NA,NA,NA,NA,NA,NA,NA,NA,NA,NA
2,A,8,UK x USA,Mixed,Control,2-TC_M_C,1,7/17/19,1.06,0,0,0,0,0,0,NA,0,0,0,0,0,0
2,A,8,UK x USA,Mixed,Control,2-TC_M_C,1,7/24/19,1.07,0,0,0,0,0,0,NA,0,0,0,0,0,0
2,A,8,UK x USA,Mixed,Control,2-TC_M_C,1,7/31/19,1.08,0,0,0,0,0,0,NA,0,0,0,0,0,0
2,A,8,UK x USA,Mixed,Control,2-TC_M_C,1,8/7/19,1.09,0,0,0,0,0,0,NA,0,0,0,0,0,0
2,A,8,UK x USA,Mixed,Control,2-TC_M_C,1,8/15/19,1.1,0,0,0,0,0,0,NA,0,0,0,0,0,0
2,A,8,UK x USA,Mixed,Control,2-TC_M_C,1,8/20/19,1.11,0,0,0,0,0,0,NA,0,0,0,0,0,0
2,A,8,UK x USA,Mixed,Control,2-TC_M_C,1,8/28/19,1.12,0,0,0,0,0,0,NA,0,0,0,0,0,0
2,A,8,UK x USA,Mixed,Control,2-TC_M_C,1,9/4/19,1.13,0,0,0,0,0,0,NA,0,0,0,0,0,0
2,A,8,UK x USA,Mixed,Control,2-TC_M_C,1,9/11/19,1.14,0,0,0,0,0,0,NA,0,0,0,0,0,0
2,A,8,UK x USA,Mixed,Control,2-TC_M_C,1,9/18/19,1.15,0,0,0,0,0,0,NA,0,0,0,0,0,0
2,A,8,UK x USA,Mixed,Control,2-TC_M_C,1,9/25/19,1.16,0,0,0,0,0,0,NA,0,0,0,0,0,0
2,A,8,UK x USA,Mixed,Control,2-TC_M_C,1,10/2/19,1.17,0,0,0,0,0,0,NA,0,0,0,0,0,0
2,A,8,UK x USA,Mixed,Control,2-TC_M_C,1,10/9/19,1.18,0,0,0,0,0,0,NA,0,0,0,0,0,0
2,A,8,UK x USA,Mixed,Control,2-TC_M_C,1,10/18/19,1.19,0,0,0,0,0,0,NA,NA,NA,NA,NA,0,0
2,A,8,UK x USA,Mixed,Control,2-TC_M_C,1,10/23/19,1.2,11,0,0,0,0,0,NA,NA,NA,NA,NA,0,11
2,A,8,UK x USA,Mixed,Control,2-TC_M_C,1,11/6/19,1.22,8,1,0,0,0,0,NA,NA,NA,NA,NA,0,9
2,A,8,UK x USA,Mixed,Control,2-TC_M_C,1,11/20/19,1.23,6,4,0,0,0,0,NA,NA,NA,NA,NA,0,10
2,A,8,UK x USA,Mixed,Control,2-TC_M_C,1,12/4/19,1.24,0,1,0,0,0,0,NA,NA,NA,NA,NA,0,1
2,A,8,UK x USA,Mixed,Control,2-TC_M_C,1,12/20/19,1.25,0,3,0,0,0,0,NA,1,0,0,0,0,4
2,A,8,UK x USA,Mixed,Control,2-TC_M_C,1,2/10/20,1.26,0,2,1,1,0,0,NA,NA,0,0,0,0,4
2,A,8,UK x USA,Mixed,Control,2-TC_M_C,1,3/2/20,1.27,0,0,0,0,0,0,NA,NA,0,0,1,0,1
2,A,8,UK x USA,Mixed,Control,2-TC_M_C,1,5/5/20,1.29,0,0,0,0,0,0,NA,0,0,0,0,1,1
2,A,8,UK x USA,Mixed,Control,2-TC_M_C,2,5/27/20,2.01,1,0,0,0,0,0,1,0,0,0,0,0,2
2,A,8,UK x USA,Mixed,Control,2-TC_M_C,2,6/4/20,2.02,0,0,0,0,0,0,0,0,0,0,0,0,0
2,A,8,UK x USA,Mixed,Control,2-TC_M_C,2,7/23/20,2.03,0,0,0,0,0,0,0,0,0,0,0,0,0
2,A,8,UK x USA,Mixed,Control,2-TC_M_C,2,8/7/20,2.04,0,0,0,0,0,0,0,0,0,0,0,0,0
2,A,8,UK x USA,Mixed,Control,2-TC_M_C,2,8/13/20,2.05,0,0,0,0,0,0,0,0,0,0,0,0,0
2,A,8,UK x USA,Mixed,Control,2-TC_M_C,2,8/18/20,2.06,0,0,0,0,0,0,0,0,0,0,0,0,0
2,A,8,UK x USA,Mixed,Control,2-TC_M_C,2,8/25/20,2.07,0,0,0,0,0,0,0,0,0,0,0,0,0
2,A,8,UK x USA,Mixed,Control,2-TC_M_C,2,9/4/20,2.08,13,0,0,0,0,0,10,0,0,0,0,0,23
2,A,8,UK x USA,Mixed,Control,2-TC_M_C,2,9/16/20,2.09,23,0,0,0,0,0,40,0,0,0,0,0,63
2,A,8,UK x USA,Mixed,Control,2-TC_M_C,2,10/2/20,2.1,0,0,0,0,0,0,0,0,0,0,0,0,0
2,A,8,UK x USA,Mixed,Control,2-TC_M_C,2,10/19/20,2.11,0,0,0,0,0,0,0,0,0,0,0,0,0
2,A,8,UK x USA,Mixed,Control,2-TC_M_C,2,10/30/20,2.12,0,0,0,0,0,0,0,0,0,0,0,0,0
2,A,8,UK x USA,Mixed,Control,2-TC_M_C,2,11/13/20,2.13,0,0,0,0,0,0,0,0,0,0,0,0,0
2,A,8,UK x USA,Mixed,Control,2-TC_M_C,2,12/2/20,2.14,0,0,0,0,0,0,0,0,0,0,0,0,0
2,A,8,UK x USA,Mixed,Control,2-TC_M_C,2,12/17/20,2.15,0,0,0,0,0,0,0,0,0,0,0,0,0
2,A,8,UK x USA,Mixed,Control,2-TC_M_C,2,1/15/21,2.16,0,0,0,0,0,0,0,0,0,0,0,0,0
2,A,8,UK x USA,Mixed,Control,2-TC_M_C,2,2/1/21,2.17,0,0,0,0,0,0,0,0,0,0,0,0,0
2,A,8,UK x USA,Mixed,Control,2-TC_M_C,2,2/25/21,2.18,0,0,0,0,0,0,0,0,0,0,0,0,0
2,A,8,UK x USA,Mixed,Control,2-TC_M_C,2,3/8/21,2.19,0,0,0,0,0,0,0,0,0,0,1,0,1
2,A,8,UK x USA,Mixed,Control,2-TC_M_C,2,3/25/21,2.2,0,0,0,0,0,0,0,0,0,0,0,0,0
2,A,8,UK x USA,Mixed,Control,2-TC_M_C,2,4/8/21,2.21,0,0,0,0,0,0,0,0,0,0,0,0,0
2,A,8,UK x USA,Mixed,Control,2-TC_M_C,3,8/17/21,3.14,0,0,0,0,0,0,0,0,0,0,0,0,0
2,A,8,UK x USA,Mixed,Control,2-TC_M_C,3,8/25/21,3.15,0,0,0,0,0,0,0,0,0,0,0,0,0
2,A,8,UK x USA,Mixed,Control,2-TC_M_C,3,9/2/21,3.16,0,0,0,0,0,0,0,0,0,0,0,0,0
2,A,8,UK x USA,Mixed,Control,2-TC_M_C,3,9/8/21,3.17,0,0,0,0,0,0,0,0,0,0,0,0,0
2,A,8,UK x USA,Mixed,Control,2-TC_M_C,3,9/15/21,3.18,0,0,0,0,0,0,0,0,0,0,0,0,0
2,A,8,UK x USA,Mixed,Control,2-TC_M_C,3,9/22/21,3.19,0,0,0,0,0,0,0,0,0,0,0,0,0
2,A,8,UK x USA,Mixed,Control,2-TC_M_C,3,9/29/21,3.2,0,0,0,0,0,0,0,0,0,0,0,0,0
2,A,8,UK x USA,Mixed,Control,2-TC_M_C,3,10/12/21,3.21,6,2,0,0,0,0,7,12,0,0,0,0,27
2,A,8,UK x USA,Mixed,Control,2-TC_M_C,3,11/10/21,3.22,2,6,0,0,0,0,1,17,0,0,0,0,26
2,A,8,UK x USA,Mixed,Control,2-TC_M_C,3,12/17/21,3.23,0,0,0,0,0,0,0,15,0,1,0,0,16
3,A,9,Italy x Sweden,Dormant,Native Soil,3-IS-D-Soil,1,6/12/19,1.01,1,0,0,0,0,0,NA,NA,NA,NA,NA,NA,1
3,A,9,Italy x Sweden,Dormant,Native Soil,3-IS-D-Soil,1,6/16/19,1.02,0,0,0,0,0,0,NA,NA,NA,NA,NA,NA,0
3,A,9,Italy x Sweden,Dormant,Native Soil,3-IS-D-Soil,1,6/26/19,1.03,0,0,0,0,0,0,NA,0,0,0,0,0,0
3,A,9,Italy x Sweden,Dormant,Native Soil,3-IS-D-Soil,1,7/3/19,1.04,0,0,0,0,0,0,NA,0,0,0,0,0,0
3,A,9,Italy x Sweden,Dormant,Native Soil,3-IS-D-Soil,1,7/10/19,1.05,NA,0,0,0,0,0,NA,0,0,0,0,0,0
3,A,9,Italy x Sweden,Dormant,Native Soil,3-IS-D-Soil,1,7/17/19,1.06,0,0,0,0,0,0,NA,0,0,0,0,0,0
3,A,9,Italy x Sweden,Dormant,Native Soil,3-IS-D-Soil,1,7/24/19,1.07,0,0,0,0,0,0,NA,0,0,0,0,0,0
3,A,9,Italy x Sweden,Dormant,Native Soil,3-IS-D-Soil,1,7/31/19,1.08,0,0,0,0,0,0,NA,0,0,0,0,0,0
3,A,9,Italy x Sweden,Dormant,Native Soil,3-IS-D-Soil,1,8/7/19,1.09,0,0,0,0,0,0,NA,0,0,0,0,0,0
3,A,9,Italy x Sweden,Dormant,Native Soil,3-IS-D-Soil,1,8/15/19,1.1,0,0,0,0,0,0,NA,0,0,0,0,0,0
3,A,9,Italy x Sweden,Dormant,Native Soil,3-IS-D-Soil,1,8/20/19,1.11,0,0,0,0,0,0,NA,0,0,0,0,0,0
3,A,9,Italy x Sweden,Dormant,Native Soil,3-IS-D-Soil,1,8/28/19,1.12,0,0,0,0,0,0,NA,0,0,0,0,0,0
3,A,9,Italy x Sweden,Dormant,Native Soil,3-IS-D-Soil,1,9/4/19,1.13,0,0,0,0,0,0,NA,0,0,0,0,0,0
3,A,9,Italy x Sweden,Dormant,Native Soil,3-IS-D-Soil,1,9/11/19,1.14,0,0,0,0,0,0,NA,0,0,0,0,0,0
3,A,9,Italy x Sweden,Dormant,Native Soil,3-IS-D-Soil,1,9/18/19,1.15,0,0,0,0,0,0,NA,0,0,0,0,0,0
3,A,9,Italy x Sweden,Dormant,Native Soil,3-IS-D-Soil,1,9/25/19,1.16,0,0,0,0,0,0,NA,0,0,0,0,0,0
3,A,9,Italy x Sweden,Dormant,Native Soil,3-IS-D-Soil,1,10/2/19,1.17,0,0,0,0,0,0,NA,0,0,0,0,0,0
3,A,9,Italy x Sweden,Dormant,Native Soil,3-IS-D-Soil,1,10/9/19,1.18,0,0,0,0,0,0,NA,0,0,0,0,0,0
3,A,9,Italy x Sweden,Dormant,Native Soil,3-IS-D-Soil,1,10/18/19,1.19,0,0,0,0,0,0,NA,NA,NA,NA,NA,0,0
3,A,9,Italy x Sweden,Dormant,Native Soil,3-IS-D-Soil,1,10/23/19,1.2,4,0,0,0,0,0,NA,NA,NA,NA,NA,0,4
3,A,9,Italy x Sweden,Dormant,Native Soil,3-IS-D-Soil,1,11/6/19,1.22,0,1,0,0,0,0,NA,NA,NA,NA,NA,0,1
3,A,9,Italy x Sweden,Dormant,Native Soil,3-IS-D-Soil,1,11/20/19,1.23,0,4,0,0,0,0,NA,NA,NA,NA,NA,0,4
3,A,9,Italy x Sweden,Dormant,Native Soil,3-IS-D-Soil,1,12/4/19,1.24,21,3,0,0,0,0,NA,NA,NA,NA,NA,0,24
3,A,9,Italy x Sweden,Dormant,Native Soil,3-IS-D-Soil,1,12/20/19,1.25,27,6,0,0,0,0,NA,20,0,0,0,0,53
3,A,9,Italy x Sweden,Dormant,Native Soil,3-IS-D-Soil,1,2/10/20,1.26,0,11,1,0,1,0,NA,NA,0,9,0,0,22
3,A,9,Italy x Sweden,Dormant,Native Soil,3-IS-D-Soil,1,3/2/20,1.27,0,7,7,5,3,0,NA,NA,4,2,23,0,51
3,A,9,Italy x Sweden,Dormant,Native Soil,3-IS-D-Soil,1,5/5/20,1.29,0,0,0,0,0,19,NA,0,0,0,0,20,39
3,A,9,Italy x Sweden,Dormant,Native Soil,3-IS-D-Soil,2,5/27/20,2.01,0,0,0,0,0,0,0,0,0,0,0,0,0
3,A,9,Italy x Sweden,Dormant,Native Soil,3-IS-D-Soil,2,6/4/20,2.02,0,0,0,0,0,0,0,0,0,0,0,0,0
3,A,9,Italy x Sweden,Dormant,Native Soil,3-IS-D-Soil,2,7/23/20,2.03,0,0,0,0,0,0,0,0,0,0,0,0,0
3,A,9,Italy x Sweden,Dormant,Native Soil,3-IS-D-Soil,2,8/7/20,2.04,0,0,0,0,0,0,0,0,0,0,0,0,0
3,A,9,Italy x Sweden,Dormant,Native Soil,3-IS-D-Soil,2,8/13/20,2.05,0,0,0,0,0,0,0,0,0,0,0,0,0
3,A,9,Italy x Sweden,Dormant,Native Soil,3-IS-D-Soil,2,8/18/20,2.06,0,0,0,0,0,0,0,0,0,0,0,0,0
3,A,9,Italy x Sweden,Dormant,Native Soil,3-IS-D-Soil,2,8/25/20,2.07,0,0,0,0,0,0,0,0,0,0,0,0,0
3,A,9,Italy x Sweden,Dormant,Native Soil,3-IS-D-Soil,2,9/4/20,2.08,0,0,0,0,0,0,0,0,0,0,0,0,0
3,A,9,Italy x Sweden,Dormant,Native Soil,3-IS-D-Soil,2,9/16/20,2.09,0,0,0,0,0,0,5,0,0,0,0,0,5
3,A,9,Italy x Sweden,Dormant,Native Soil,3-IS-D-Soil,2,10/2/20,2.1,0,0,0,0,0,0,0,0,0,0,0,0,0
3,A,9,Italy x Sweden,Dormant,Native Soil,3-IS-D-Soil,2,10/19/20,2.11,0,0,0,0,0,0,0,0,0,0,0,0,0
3,A,9,Italy x Sweden,Dormant,Native Soil,3-IS-D-Soil,2,10/30/20,2.12,0,0,0,0,0,0,0,0,0,0,0,0,0
3,A,9,Italy x Sweden,Dormant,Native Soil,3-IS-D-Soil,2,11/13/20,2.13,2,0,0,0,0,0,5,15,0,0,0,0,22
3,A,9,Italy x Sweden,Dormant,Native Soil,3-IS-D-Soil,2,12/2/20,2.14,0,0,0,0,0,0,0,30,0,0,0,0,30
3,A,9,Italy x Sweden,Dormant,Native Soil,3-IS-D-Soil,2,12/17/20,2.15,0,0,0,0,0,0,1,67,0,0,0,0,68
3,A,9,Italy x Sweden,Dormant,Native Soil,3-IS-D-Soil,2,1/15/21,2.16,0,1,0,0,0,0,2,118,0,0,0,0,121
3,A,9,Italy x Sweden,Dormant,Native Soil,3-IS-D-Soil,2,2/1/21,2.17,0,0,0,0,0,0,0,25,0,0,0,0,25
3,A,9,Italy x Sweden,Dormant,Native Soil,3-IS-D-Soil,2,2/25/21,2.18,0,0,0,0,0,0,0,32,1,0,0,0,33
3,A,9,Italy x Sweden,Dormant,Native Soil,3-IS-D-Soil,2,3/8/21,2.19,0,0,0,0,0,0,0,7,8,26,2,0,43
3,A,9,Italy x Sweden,Dormant,Native Soil,3-IS-D-Soil,2,3/25/21,2.2,0,0,0,0,0,0,0,2,0,17,57,0,76
3,A,9,Italy x Sweden,Dormant,Native Soil,3-IS-D-Soil,2,4/8/21,2.21,0,0,0,0,0,0,0,0,0,1,65,2,68
3,A,9,Italy x Sweden,Dormant,Native Soil,3-IS-D-Soil,3,8/17/21,3.14,0,0,0,0,0,0,0,0,0,0,0,0,0
3,A,9,Italy x Sweden,Dormant,Native Soil,3-IS-D-Soil,3,8/25/21,3.15,0,0,0,0,0,0,0,0,0,0,0,0,0
3,A,9,Italy x Sweden,Dormant,Native Soil,3-IS-D-Soil,3,9/2/21,3.16,0,0,0,0,0,0,0,0,0,0,0,0,0
3,A,9,Italy x Sweden,Dormant,Native Soil,3-IS-D-Soil,3,9/8/21,3.17,0,0,0,0,0,0,0,0,0,0,0,0,0
3,A,9,Italy x Sweden,Dormant,Native Soil,3-IS-D-Soil,3,9/15/21,3.18,0,0,0,0,0,0,0,0,0,0,0,0,0
3,A,9,Italy x Sweden,Dormant,Native Soil,3-IS-D-Soil,3,9/22/21,3.19,0,0,0,0,0,0,0,0,0,0,0,0,0
3,A,9,Italy x Sweden,Dormant,Native Soil,3-IS-D-Soil,3,9/29/21,3.2,0,0,0,0,0,0,12,0,0,0,0,0,12
3,A,9,Italy x Sweden,Dormant,Native Soil,3-IS-D-Soil,3,10/13/21,3.21,13,0,0,0,0,0,147,4,0,0,0,0,164
3,A,9,Italy x Sweden,Dormant,Native Soil,3-IS-D-Soil,3,11/10/21,3.22,0,0,0,0,0,0,54,39,0,0,0,0,93
3,A,9,Italy x Sweden,Dormant,Native Soil,3-IS-D-Soil,3,12/17/21,3.23,4,2,0,0,0,0,6,35,0,0,0,0,47
3,A,10,Italy x Sweden,Non-Dormant,Litter,3-IS_ND_F,1,6/12/19,1.01,3,0,0,0,0,0,NA,NA,NA,NA,NA,NA,3
3,A,10,Italy x Sweden,Non-Dormant,Litter,3-IS_ND_F,1,6/16/19,1.02,0,0,0,0,0,0,NA,NA,NA,NA,NA,NA,0
3,A,10,Italy x Sweden,Non-Dormant,Litter,3-IS_ND_F,1,6/26/19,1.03,0,0,0,0,0,0,NA,0,0,0,0,0,0
3,A,10,Italy x Sweden,Non-Dormant,Litter,3-IS_ND_F,1,7/3/19,1.04,0,0,0,0,0,0,NA,0,0,0,0,0,0
3,A,10,Italy x Sweden,Non-Dormant,Litter,3-IS_ND_F,1,7/10/19,1.05,NA,0,0,0,0,0,NA,0,0,0,0,0,0
3,A,10,Italy x Sweden,Non-Dormant,Litter,3-IS_ND_F,1,7/17/19,1.06,0,0,0,0,0,0,NA,0,0,0,0,0,0
3,A,10,Italy x Sweden,Non-Dormant,Litter,3-IS_ND_F,1,7/24/19,1.07,0,0,0,0,0,0,NA,0,0,0,0,0,0
3,A,10,Italy x Sweden,Non-Dormant,Litter,3-IS_ND_F,1,7/31/19,1.08,0,0,0,0,0,0,NA,0,0,0,0,0,0
3,A,10,Italy x Sweden,Non-Dormant,Litter,3-IS_ND_F,1,8/7/19,1.09,0,0,0,0,0,0,NA,0,0,0,0,0,0
3,A,10,Italy x Sweden,Non-Dormant,Litter,3-IS_ND_F,1,8/15/19,1.1,0,0,0,0,0,0,NA,0,0,0,0,0,0
3,A,10,Italy x Sweden,Non-Dormant,Litter,3-IS_ND_F,1,8/20/19,1.11,0,0,0,0,0,0,NA,0,0,0,0,0,0
3,A,10,Italy x Sweden,Non-Dormant,Litter,3-IS_ND_F,1,8/28/19,1.12,0,0,0,0,0,0,NA,0,0,0,0,0,0
3,A,10,Italy x Sweden,Non-Dormant,Litter,3-IS_ND_F,1,9/4/19,1.13,0,0,0,0,0,0,NA,0,0,0,0,0,0
3,A,10,Italy x Sweden,Non-Dormant,Litter,3-IS_ND_F,1,9/11/19,1.14,0,0,0,0,0,0,NA,0,0,0,0,0,0
3,A,10,Italy x Sweden,Non-Dormant,Litter,3-IS_ND_F,1,9/18/19,1.15,0,0,0,0,0,0,NA,0,0,0,0,0,0
3,A,10,Italy x Sweden,Non-Dormant,Litter,3-IS_ND_F,1,9/25/19,1.16,0,0,0,0,0,0,NA,0,0,0,0,0,0
3,A,10,Italy x Sweden,Non-Dormant,Litter,3-IS_ND_F,1,10/2/19,1.17,0,0,0,0,0,0,NA,0,0,0,0,0,0
3,A,10,Italy x Sweden,Non-Dormant,Litter,3-IS_ND_F,1,10/9/19,1.18,0,0,0,0,0,0,NA,0,0,0,0,0,0
3,A,10,Italy x Sweden,Non-Dormant,Litter,3-IS_ND_F,1,10/18/19,1.19,0,0,0,0,0,0,NA,NA,NA,NA,NA,0,0
3,A,10,Italy x Sweden,Non-Dormant,Litter,3-IS_ND_F,1,10/23/19,1.2,0,0,0,0,0,0,NA,NA,NA,NA,NA,0,0
3,A,10,Italy x Sweden,Non-Dormant,Litter,3-IS_ND_F,1,11/6/19,1.22,0,0,0,0,0,0,NA,NA,NA,NA,NA,0,0
3,A,10,Italy x Sweden,Non-Dormant,Litter,3-IS_ND_F,1,11/20/19,1.23,0,1,0,0,0,0,NA,NA,NA,NA,NA,0,1
3,A,10,Italy x Sweden,Non-Dormant,Litter,3-IS_ND_F,1,12/4/19,1.24,0,0,0,0,0,0,NA,NA,NA,NA,NA,0,0
3,A,10,Italy x Sweden,Non-Dormant,Litter,3-IS_ND_F,1,12/20/19,1.25,0,0,0,0,0,0,NA,0,0,0,0,0,0
3,A,10,Italy x Sweden,Non-Dormant,Litter,3-IS_ND_F,1,2/10/20,1.26,0,0,0,0,0,0,NA,NA,0,0,0,0,0
3,A,10,Italy x Sweden,Non-Dormant,Litter,3-IS_ND_F,1,3/2/20,1.27,0,0,0,0,0,0,NA,NA,0,0,0,0,0
3,A,10,Italy x Sweden,Non-Dormant,Litter,3-IS_ND_F,1,5/5/20,1.29,0,0,0,0,0,0,NA,0,0,0,0,0,0
3,A,10,Italy x Sweden,Non-Dormant,Litter,3-IS_ND_F,2,5/27/20,2.01,0,0,0,0,0,0,0,0,0,0,0,0,0
3,A,10,Italy x Sweden,Non-Dormant,Litter,3-IS_ND_F,2,6/4/20,2.02,0,0,0,0,0,0,0,0,0,0,0,0,0
3,A,10,Italy x Sweden,Non-Dormant,Litter,3-IS_ND_F,2,7/23/20,2.03,0,0,0,0,0,0,0,0,0,0,0,0,0
3,A,10,Italy x Sweden,Non-Dormant,Litter,3-IS_ND_F,2,8/7/20,2.04,0,0,0,0,0,0,0,0,0,0,0,0,0
3,A,10,Italy x Sweden,Non-Dormant,Litter,3-IS_ND_F,2,8/13/20,2.05,0,0,0,0,0,0,0,0,0,0,0,0,0
3,A,10,Italy x Sweden,Non-Dormant,Litter,3-IS_ND_F,2,8/18/20,2.06,0,0,0,0,0,0,0,0,0,0,0,0,0
3,A,10,Italy x Sweden,Non-Dormant,Litter,3-IS_ND_F,2,8/25/20,2.07,0,0,0,0,0,0,0,0,0,0,0,0,0
3,A,10,Italy x Sweden,Non-Dormant,Litter,3-IS_ND_F,2,9/4/20,2.08,0,0,0,0,0,0,0,0,0,0,0,0,0
3,A,10,Italy x Sweden,Non-Dormant,Litter,3-IS_ND_F,2,9/16/20,2.09,0,0,0,0,0,0,0,0,0,0,0,0,0
3,A,10,Italy x Sweden,Non-Dormant,Litter,3-IS_ND_F,2,10/2/20,2.1,0,0,0,0,0,0,0,0,0,0,0,0,0
3,A,10,Italy x Sweden,Non-Dormant,Litter,3-IS_ND_F,2,10/19/20,2.11,0,0,0,0,0,0,0,0,0,0,0,0,0
3,A,10,Italy x Sweden,Non-Dormant,Litter,3-IS_ND_F,2,10/30/20,2.12,0,0,0,0,0,0,0,0,0,0,0,0,0
3,A,10,Italy x Sweden,Non-Dormant,Litter,3-IS_ND_F,2,11/13/20,2.13,0,0,0,0,0,0,0,0,0,0,0,0,0
3,A,10,Italy x Sweden,Non-Dormant,Litter,3-IS_ND_F,2,12/2/20,2.14,0,0,0,0,0,0,0,0,0,0,0,0,0
3,A,10,Italy x Sweden,Non-Dormant,Litter,3-IS_ND_F,2,12/17/20,2.15,0,0,0,0,0,0,0,0,0,0,0,0,0
3,A,10,Italy x Sweden,Non-Dormant,Litter,3-IS_ND_F,2,1/15/21,2.16,0,0,0,0,0,0,0,0,0,0,0,0,0
3,A,10,Italy x Sweden,Non-Dormant,Litter,3-IS_ND_F,2,2/1/21,2.17,0,0,0,0,0,0,0,0,0,0,0,0,0
3,A,10,Italy x Sweden,Non-Dormant,Litter,3-IS_ND_F,2,2/25/21,2.18,0,0,0,0,0,0,0,0,0,0,0,0,0
3,A,10,Italy x Sweden,Non-Dormant,Litter,3-IS_ND_F,2,3/8/21,2.19,0,0,0,0,0,0,0,0,0,0,0,0,0
3,A,10,Italy x Sweden,Non-Dormant,Litter,3-IS_ND_F,2,3/25/21,2.2,0,0,0,0,0,0,0,0,0,0,0,0,0
3,A,10,Italy x Sweden,Non-Dormant,Litter,3-IS_ND_F,2,4/8/21,2.21,0,0,0,0,0,0,0,0,0,0,0,0,0
3,A,10,Italy x Sweden,Non-Dormant,Litter,3-IS_ND_F,3,8/17/21,3.14,0,0,0,0,0,0,0,0,0,0,0,0,0
3,A,10,Italy x Sweden,Non-Dormant,Litter,3-IS_ND_F,3,8/25/21,3.15,0,0,0,0,0,0,0,0,0,0,0,0,0
3,A,10,Italy x Sweden,Non-Dormant,Litter,3-IS_ND_F,3,9/2/21,3.16,0,0,0,0,0,0,0,0,0,0,0,0,0
3,A,10,Italy x Sweden,Non-Dormant,Litter,3-IS_ND_F,3,9/8/21,3.17,0,0,0,0,0,0,0,0,0,0,0,0,0
3,A,10,Italy x Sweden,Non-Dormant,Litter,3-IS_ND_F,3,9/15/21,3.18,0,0,0,0,0,0,0,0,0,0,0,0,0
3,A,10,Italy x Sweden,Non-Dormant,Litter,3-IS_ND_F,3,9/22/21,3.19,0,0,0,0,0,0,0,0,0,0,0,0,0
3,A,10,Italy x Sweden,Non-Dormant,Litter,3-IS_ND_F,3,9/29/21,3.2,0,0,0,0,0,0,0,0,0,0,0,0,0
3,A,10,Italy x Sweden,Non-Dormant,Litter,3-IS_ND_F,3,10/13/21,3.21,0,3,0,0,0,0,0,0,0,0,0,0,3
3,A,10,Italy x Sweden,Non-Dormant,Litter,3-IS_ND_F,3,11/10/21,3.22,0,0,0,0,0,0,0,0,0,0,0,0,0
3,A,10,Italy x Sweden,Non-Dormant,Litter,3-IS_ND_F,3,12/17/21,3.23,0,0,0,0,0,0,0,0,0,0,0,0,0
3,A,11,UK x USA,Dormant,Control,3-TC_D_C,1,6/12/19,1.01,NA,NA,NA,NA,NA,NA,NA,NA,NA,NA,NA,NA,NA
3,A,11,UK x USA,Dormant,Control,3-TC_D_C,1,6/16/19,1.02,NA,NA,NA,NA,NA,NA,NA,NA,NA,NA,NA,NA,NA
3,A,11,UK x USA,Dormant,Control,3-TC_D_C,1,6/26/19,1.03,NA,NA,NA,NA,NA,NA,NA,NA,NA,NA,NA,NA,NA
3,A,11,UK x USA,Dormant,Control,3-TC_D_C,1,7/3/19,1.04,NA,NA,NA,NA,NA,NA,NA,NA,NA,NA,NA,NA,NA
3,A,11,UK x USA,Dormant,Control,3-TC_D_C,1,7/10/19,1.05,NA,NA,NA,NA,NA,NA,NA,NA,NA,NA,NA,NA,NA
3,A,11,UK x USA,Dormant,Control,3-TC_D_C,1,7/17/19,1.06,0,0,0,0,0,0,NA,0,0,0,0,0,0
3,A,11,UK x USA,Dormant,Control,3-TC_D_C,1,7/24/19,1.07,0,0,0,0,0,0,NA,0,0,0,0,0,0
3,A,11,UK x USA,Dormant,Control,3-TC_D_C,1,7/31/19,1.08,0,0,0,0,0,0,NA,0,0,0,0,0,0
3,A,11,UK x USA,Dormant,Control,3-TC_D_C,1,8/7/19,1.09,0,0,0,0,0,0,NA,0,0,0,0,0,0
3,A,11,UK x USA,Dormant,Control,3-TC_D_C,1,8/15/19,1.1,0,0,0,0,0,0,NA,0,0,0,0,0,0
3,A,11,UK x USA,Dormant,Control,3-TC_D_C,1,8/20/19,1.11,0,0,0,0,0,0,NA,0,0,0,0,0,0
3,A,11,UK x USA,Dormant,Control,3-TC_D_C,1,8/28/19,1.12,0,0,0,0,0,0,NA,0,0,0,0,0,0
3,A,11,UK x USA,Dormant,Control,3-TC_D_C,1,9/4/19,1.13,0,0,0,0,0,0,NA,0,0,0,0,0,0
3,A,11,UK x USA,Dormant,Control,3-TC_D_C,1,9/11/19,1.14,0,0,0,0,0,0,NA,0,0,0,0,0,0
3,A,11,UK x USA,Dormant,Control,3-TC_D_C,1,9/18/19,1.15,0,0,0,0,0,0,NA,0,0,0,0,0,0
3,A,11,UK x USA,Dormant,Control,3-TC_D_C,1,9/25/19,1.16,0,0,0,0,0,0,NA,0,0,0,0,0,0
3,A,11,UK x USA,Dormant,Control,3-TC_D_C,1,10/2/19,1.17,0,0,0,0,0,0,NA,0,0,0,0,0,0
3,A,11,UK x USA,Dormant,Control,3-TC_D_C,1,10/9/19,1.18,0,0,0,0,0,0,NA,0,0,0,0,0,0
3,A,11,UK x USA,Dormant,Control,3-TC_D_C,1,10/18/19,1.19,0,0,0,0,0,0,NA,NA,NA,NA,NA,0,0
3,A,11,UK x USA,Dormant,Control,3-TC_D_C,1,10/23/19,1.2,0,0,0,0,0,0,NA,NA,NA,NA,NA,0,0
3,A,11,UK x USA,Dormant,Control,3-TC_D_C,1,11/6/19,1.22,0,0,0,0,0,0,NA,NA,NA,NA,NA,0,0
3,A,11,UK x USA,Dormant,Control,3-TC_D_C,1,11/20/19,1.23,0,0,0,0,0,0,NA,NA,NA,NA,NA,0,0
3,A,11,UK x USA,Dormant,Control,3-TC_D_C,1,12/4/19,1.24,0,0,0,0,0,0,NA,NA,NA,NA,NA,0,0
3,A,11,UK x USA,Dormant,Control,3-TC_D_C,1,12/20/19,1.25,0,0,0,0,0,0,NA,0,0,0,0,0,0
3,A,11,UK x USA,Dormant,Control,3-TC_D_C,1,2/10/20,1.26,0,0,0,0,0,0,NA,NA,1,0,0,0,1
3,A,11,UK x USA,Dormant,Control,3-TC_D_C,1,3/2/20,1.27,0,0,0,0,0,0,NA,NA,0,0,0,0,0
3,A,11,UK x USA,Dormant,Control,3-TC_D_C,1,5/5/20,1.29,0,0,0,0,0,0,NA,0,0,0,0,1,1
3,A,11,UK x USA,Dormant,Control,3-TC_D_C,2,5/27/20,2.01,0,0,0,0,0,0,0,0,0,0,0,0,0
3,A,11,UK x USA,Dormant,Control,3-TC_D_C,2,6/4/20,2.02,0,0,0,0,0,0,0,0,0,0,0,0,0
3,A,11,UK x USA,Dormant,Control,3-TC_D_C,2,7/23/20,2.03,0,0,0,0,0,0,0,0,0,0,0,0,0
3,A,11,UK x USA,Dormant,Control,3-TC_D_C,2,8/7/20,2.04,0,0,0,0,0,0,0,0,0,0,0,0,0
3,A,11,UK x USA,Dormant,Control,3-TC_D_C,2,8/13/20,2.05,0,0,0,0,0,0,0,0,0,0,0,0,0
3,A,11,UK x USA,Dormant,Control,3-TC_D_C,2,8/18/20,2.06,0,0,0,0,0,0,0,0,0,0,0,0,0
3,A,11,UK x USA,Dormant,Control,3-TC_D_C,2,8/25/20,2.07,0,0,0,0,0,0,0,0,0,0,0,0,0
3,A,11,UK x USA,Dormant,Control,3-TC_D_C,2,9/4/20,2.08,7,0,0,0,0,0,10,0,0,0,0,0,17
3,A,11,UK x USA,Dormant,Control,3-TC_D_C,2,9/16/20,2.09,43,0,0,0,0,0,20,0,0,0,0,0,63
3,A,11,UK x USA,Dormant,Control,3-TC_D_C,2,10/2/20,2.1,0,0,0,0,0,0,0,0,0,0,0,0,0
3,A,11,UK x USA,Dormant,Control,3-TC_D_C,2,10/19/20,2.11,0,0,0,0,0,0,0,0,0,0,0,0,0
3,A,11,UK x USA,Dormant,Control,3-TC_D_C,2,10/30/20,2.12,0,0,0,0,0,0,0,0,0,0,0,0,0
3,A,11,UK x USA,Dormant,Control,3-TC_D_C,2,11/13/20,2.13,0,0,0,0,0,0,0,0,0,0,0,0,0
3,A,11,UK x USA,Dormant,Control,3-TC_D_C,2,12/2/20,2.14,0,0,0,0,0,0,0,0,0,0,0,0,0
3,A,11,UK x USA,Dormant,Control,3-TC_D_C,2,12/17/20,2.15,0,0,0,0,0,0,0,0,0,0,0,0,0
3,A,11,UK x USA,Dormant,Control,3-TC_D_C,2,1/15/21,2.16,0,0,0,0,0,0,0,0,0,0,0,0,0
3,A,11,UK x USA,Dormant,Control,3-TC_D_C,2,2/1/21,2.17,0,0,0,0,0,0,0,0,0,0,0,0,0
3,A,11,UK x USA,Dormant,Control,3-TC_D_C,2,2/25/21,2.18,0,0,0,0,0,0,0,0,0,0,0,0,0
3,A,11,UK x USA,Dormant,Control,3-TC_D_C,2,3/8/21,2.19,0,0,0,0,0,0,0,0,0,0,0,0,0
3,A,11,UK x USA,Dormant,Control,3-TC_D_C,2,3/25/21,2.2,0,0,0,0,0,0,0,0,0,0,0,0,0
3,A,11,UK x USA,Dormant,Control,3-TC_D_C,2,4/8/21,2.21,0,0,0,0,0,0,0,0,0,0,0,0,0
3,A,11,UK x USA,Dormant,Control,3-TC_D_C,3,8/17/21,3.14,0,0,0,0,0,0,0,0,0,0,0,0,0
3,A,11,UK x USA,Dormant,Control,3-TC_D_C,3,8/25/21,3.15,0,0,0,0,0,0,0,0,0,0,0,0,0
3,A,11,UK x USA,Dormant,Control,3-TC_D_C,3,9/2/21,3.16,0,0,0,0,0,0,0,0,0,0,0,0,0
3,A,11,UK x USA,Dormant,Control,3-TC_D_C,3,9/8/21,3.17,0,0,0,0,0,0,0,0,0,0,0,0,0
3,A,11,UK x USA,Dormant,Control,3-TC_D_C,3,9/15/21,3.18,0,0,0,0,0,0,0,0,0,0,0,0,0
3,A,11,UK x USA,Dormant,Control,3-TC_D_C,3,9/22/21,3.19,0,0,0,0,0,0,0,0,0,0,0,0,0
3,A,11,UK x USA,Dormant,Control,3-TC_D_C,3,9/29/21,3.2,12,0,0,0,0,0,5,0,0,0,0,0,17
3,A,11,UK x USA,Dormant,Control,3-TC_D_C,3,10/13/21,3.21,0,1,0,0,0,0,19,8,0,0,0,0,28
3,A,11,UK x USA,Dormant,Control,3-TC_D_C,3,11/10/21,3.22,1,0,0,0,0,0,0,3,0,0,0,0,4
3,A,11,UK x USA,Dormant,Control,3-TC_D_C,3,12/17/21,3.23,1,0,0,0,0,0,0,5,0,0,0,0,6
3,A,12,Germany x Tajikistan,Mixed,Control,3-BS_M_C,1,6/12/19,1.01,NA,NA,NA,NA,NA,NA,NA,NA,NA,NA,NA,NA,NA
3,A,12,Germany x Tajikistan,Mixed,Control,3-BS_M_C,1,6/16/19,1.02,NA,NA,NA,NA,NA,NA,NA,NA,NA,NA,NA,NA,NA
3,A,12,Germany x Tajikistan,Mixed,Control,3-BS_M_C,1,6/26/19,1.03,NA,NA,NA,NA,NA,NA,NA,NA,NA,NA,NA,NA,NA
3,A,12,Germany x Tajikistan,Mixed,Control,3-BS_M_C,1,7/3/19,1.04,NA,NA,NA,NA,NA,NA,NA,NA,NA,NA,NA,NA,NA
3,A,12,Germany x Tajikistan,Mixed,Control,3-BS_M_C,1,7/10/19,1.05,NA,NA,NA,NA,NA,NA,NA,NA,NA,NA,NA,NA,NA
3,A,12,Germany x Tajikistan,Mixed,Control,3-BS_M_C,1,7/17/19,1.06,0,0,0,0,0,0,NA,0,0,0,0,0,0
3,A,12,Germany x Tajikistan,Mixed,Control,3-BS_M_C,1,7/24/19,1.07,0,0,0,0,0,0,NA,0,0,0,0,0,0
3,A,12,Germany x Tajikistan,Mixed,Control,3-BS_M_C,1,7/31/19,1.08,0,0,0,0,0,0,NA,0,0,0,0,0,0
3,A,12,Germany x Tajikistan,Mixed,Control,3-BS_M_C,1,8/7/19,1.09,0,0,0,0,0,0,NA,0,0,0,0,0,0
3,A,12,Germany x Tajikistan,Mixed,Control,3-BS_M_C,1,8/15/19,1.1,0,0,0,0,0,0,NA,0,0,0,0,0,0
3,A,12,Germany x Tajikistan,Mixed,Control,3-BS_M_C,1,8/20/19,1.11,0,0,0,0,0,0,NA,0,0,0,0,0,0
3,A,12,Germany x Tajikistan,Mixed,Control,3-BS_M_C,1,8/28/19,1.12,0,0,0,0,0,0,NA,0,0,0,0,0,0
3,A,12,Germany x Tajikistan,Mixed,Control,3-BS_M_C,1,9/4/19,1.13,0,0,0,0,0,0,NA,0,0,0,0,0,0
3,A,12,Germany x Tajikistan,Mixed,Control,3-BS_M_C,1,9/11/19,1.14,0,0,0,0,0,0,NA,0,0,0,0,0,0
3,A,12,Germany x Tajikistan,Mixed,Control,3-BS_M_C,1,9/18/19,1.15,0,0,0,0,0,0,NA,0,0,0,0,0,0
3,A,12,Germany x Tajikistan,Mixed,Control,3-BS_M_C,1,9/25/19,1.16,0,0,0,0,0,0,NA,0,0,0,0,0,0
3,A,12,Germany x Tajikistan,Mixed,Control,3-BS_M_C,1,10/2/19,1.17,0,0,0,0,0,0,NA,0,0,0,0,0,0
3,A,12,Germany x Tajikistan,Mixed,Control,3-BS_M_C,1,10/9/19,1.18,0,0,0,0,0,0,NA,0,0,0,0,0,0
3,A,12,Germany x Tajikistan,Mixed,Control,3-BS_M_C,1,10/18/19,1.19,0,0,0,0,0,0,NA,NA,NA,NA,NA,0,0
3,A,12,Germany x Tajikistan,Mixed,Control,3-BS_M_C,1,10/23/19,1.2,4,0,0,0,0,0,NA,NA,NA,NA,NA,0,4
3,A,12,Germany x Tajikistan,Mixed,Control,3-BS_M_C,1,11/6/19,1.22,0,0,0,0,0,0,NA,NA,NA,NA,NA,0,0
3,A,12,Germany x Tajikistan,Mixed,Control,3-BS_M_C,1,11/20/19,1.23,0,0,0,0,0,0,NA,NA,NA,NA,NA,0,0
3,A,12,Germany x Tajikistan,Mixed,Control,3-BS_M_C,1,12/4/19,1.24,0,0,0,0,0,0,NA,NA,NA,NA,NA,0,0
3,A,12,Germany x Tajikistan,Mixed,Control,3-BS_M_C,1,12/20/19,1.25,0,0,0,0,0,0,NA,2,0,0,0,0,2
3,A,12,Germany x Tajikistan,Mixed,Control,3-BS_M_C,1,2/10/20,1.26,0,0,0,0,0,0,NA,NA,0,3,0,0,3
3,A,12,Germany x Tajikistan,Mixed,Control,3-BS_M_C,1,3/2/20,1.27,0,0,0,0,0,0,NA,NA,0,0,0,0,0
3,A,12,Germany x Tajikistan,Mixed,Control,3-BS_M_C,1,5/5/20,1.29,0,0,0,0,0,0,NA,0,0,0,0,4,4
3,A,12,Germany x Tajikistan,Mixed,Control,3-BS_M_C,2,5/27/20,2.01,0,0,0,0,0,0,15,0,0,0,0,0,15
3,A,12,Germany x Tajikistan,Mixed,Control,3-BS_M_C,2,6/4/20,2.02,0,0,0,0,0,0,1,0,0,0,0,0,1
3,A,12,Germany x Tajikistan,Mixed,Control,3-BS_M_C,2,7/23/20,2.03,0,0,0,0,0,0,0,0,0,0,0,0,0
3,A,12,Germany x Tajikistan,Mixed,Control,3-BS_M_C,2,8/7/20,2.04,0,0,0,0,0,0,0,0,0,0,0,0,0
3,A,12,Germany x Tajikistan,Mixed,Control,3-BS_M_C,2,8/13/20,2.05,0,0,0,0,0,0,0,0,0,0,0,0,0
3,A,12,Germany x Tajikistan,Mixed,Control,3-BS_M_C,2,8/18/20,2.06,0,0,0,0,0,0,0,0,0,0,0,0,0
3,A,12,Germany x Tajikistan,Mixed,Control,3-BS_M_C,2,8/25/20,2.07,0,0,0,0,0,0,0,0,0,0,0,0,0
3,A,12,Germany x Tajikistan,Mixed,Control,3-BS_M_C,2,9/4/20,2.08,31,0,0,0,0,0,50,0,0,0,0,0,81
3,A,12,Germany x Tajikistan,Mixed,Control,3-BS_M_C,2,9/16/20,2.09,8,0,0,0,0,0,22,0,0,0,0,0,30
3,A,12,Germany x Tajikistan,Mixed,Control,3-BS_M_C,2,10/2/20,2.1,0,0,0,0,0,0,0,0,0,0,0,0,0
3,A,12,Germany x Tajikistan,Mixed,Control,3-BS_M_C,2,10/19/20,2.11,0,0,0,0,0,0,0,0,0,0,0,0,0
3,A,12,Germany x Tajikistan,Mixed,Control,3-BS_M_C,2,10/30/20,2.12,0,0,0,0,0,0,0,0,0,0,0,0,0
3,A,12,Germany x Tajikistan,Mixed,Control,3-BS_M_C,2,11/13/20,2.13,0,0,0,0,0,0,0,0,0,0,0,0,0
3,A,12,Germany x Tajikistan,Mixed,Control,3-BS_M_C,2,12/2/20,2.14,0,0,0,0,0,0,0,0,0,0,0,0,0
3,A,12,Germany x Tajikistan,Mixed,Control,3-BS_M_C,2,12/17/20,2.15,0,0,0,0,0,0,0,0,0,0,0,0,0
3,A,12,Germany x Tajikistan,Mixed,Control,3-BS_M_C,2,1/15/21,2.16,0,0,0,0,0,0,0,0,0,0,0,0,0
3,A,12,Germany x Tajikistan,Mixed,Control,3-BS_M_C,2,2/1/21,2.17,0,0,0,0,0,0,0,0,0,0,0,0,0
3,A,12,Germany x Tajikistan,Mixed,Control,3-BS_M_C,2,2/25/21,2.18,0,0,0,0,0,0,0,0,0,0,0,0,0
3,A,12,Germany x Tajikistan,Mixed,Control,3-BS_M_C,2,3/8/21,2.19,0,0,0,0,0,0,0,0,0,0,0,0,0
3,A,12,Germany x Tajikistan,Mixed,Control,3-BS_M_C,2,3/25/21,2.2,0,0,0,0,0,0,0,0,0,0,0,0,0
3,A,12,Germany x Tajikistan,Mixed,Control,3-BS_M_C,2,4/8/21,2.21,0,0,0,0,0,0,0,0,0,0,0,0,0
3,A,12,Germany x Tajikistan,Mixed,Control,3-BS_M_C,3,8/17/21,3.14,0,0,0,0,0,0,0,0,0,0,0,0,0
3,A,12,Germany x Tajikistan,Mixed,Control,3-BS_M_C,3,8/25/21,3.15,0,0,0,0,0,0,6,0,0,0,0,0,6
3,A,12,Germany x Tajikistan,Mixed,Control,3-BS_M_C,3,9/2/21,3.16,0,0,0,0,0,0,0,0,0,0,0,0,0
3,A,12,Germany x Tajikistan,Mixed,Control,3-BS_M_C,3,9/8/21,3.17,0,0,0,0,0,0,0,0,0,0,0,0,0
3,A,12,Germany x Tajikistan,Mixed,Control,3-BS_M_C,3,9/15/21,3.18,0,0,0,0,0,0,0,0,0,0,0,0,0
3,A,12,Germany x Tajikistan,Mixed,Control,3-BS_M_C,3,9/22/21,3.19,0,0,0,0,0,0,0,0,0,0,0,0,0
3,A,12,Germany x Tajikistan,Mixed,Control,3-BS_M_C,3,9/29/21,3.2,6,0,0,0,0,0,9,0,0,0,0,0,15
3,A,12,Germany x Tajikistan,Mixed,Control,3-BS_M_C,3,10/13/21,3.21,2,4,0,0,0,0,0,2,0,0,0,0,8
3,A,12,Germany x Tajikistan,Mixed,Control,3-BS_M_C,3,11/10/21,3.22,0,0,0,0,0,0,0,1,0,0,0,0,1
3,A,12,Germany x Tajikistan,Mixed,Control,3-BS_M_C,3,12/17/21,3.23,0,0,0,0,0,0,0,0,0,0,0,0,0
1,B,0,Italy x Sweden,Dormant,Native Soil,1-IS-D-Soil,1,6/12/19,1.01,0,0,0,0,0,0,NA,NA,NA,NA,NA,NA,0
1,B,0,Italy x Sweden,Dormant,Native Soil,1-IS-D-Soil,1,6/16/19,1.02,0,0,0,0,0,0,NA,NA,NA,NA,NA,NA,0
1,B,0,Italy x Sweden,Dormant,Native Soil,1-IS-D-Soil,1,6/26/19,1.03,0,0,0,0,0,0,NA,0,0,0,0,0,0
1,B,0,Italy x Sweden,Dormant,Native Soil,1-IS-D-Soil,1,7/3/19,1.04,0,0,0,0,0,0,NA,0,0,0,0,0,0
1,B,0,Italy x Sweden,Dormant,Native Soil,1-IS-D-Soil,1,7/10/19,1.05,NA,0,0,0,0,0,NA,0,0,0,0,0,0
1,B,0,Italy x Sweden,Dormant,Native Soil,1-IS-D-Soil,1,7/17/19,1.06,0,0,0,0,0,0,NA,0,0,0,0,0,0
1,B,0,Italy x Sweden,Dormant,Native Soil,1-IS-D-Soil,1,7/24/19,1.07,0,0,0,0,0,0,NA,0,0,0,0,0,0
1,B,0,Italy x Sweden,Dormant,Native Soil,1-IS-D-Soil,1,7/31/19,1.08,0,0,0,0,0,0,NA,0,0,0,0,0,0
1,B,0,Italy x Sweden,Dormant,Native Soil,1-IS-D-Soil,1,8/7/19,1.09,0,0,0,0,0,0,NA,0,0,0,0,0,0
1,B,0,Italy x Sweden,Dormant,Native Soil,1-IS-D-Soil,1,8/15/19,1.1,0,0,0,0,0,0,NA,0,0,0,0,0,0
1,B,0,Italy x Sweden,Dormant,Native Soil,1-IS-D-Soil,1,8/20/19,1.11,0,0,0,0,0,0,NA,0,0,0,0,0,0
1,B,0,Italy x Sweden,Dormant,Native Soil,1-IS-D-Soil,1,8/28/19,1.12,0,0,0,0,0,0,NA,0,0,0,0,0,0
1,B,0,Italy x Sweden,Dormant,Native Soil,1-IS-D-Soil,1,9/4/19,1.13,0,0,0,0,0,0,NA,0,0,0,0,0,0
1,B,0,Italy x Sweden,Dormant,Native Soil,1-IS-D-Soil,1,9/11/19,1.14,0,0,0,0,0,0,NA,0,0,0,0,0,0
1,B,0,Italy x Sweden,Dormant,Native Soil,1-IS-D-Soil,1,9/18/19,1.15,0,0,0,0,0,0,NA,0,0,0,0,0,0
1,B,0,Italy x Sweden,Dormant,Native Soil,1-IS-D-Soil,1,9/25/19,1.16,0,0,0,0,0,0,NA,0,0,0,0,0,0
1,B,0,Italy x Sweden,Dormant,Native Soil,1-IS-D-Soil,1,10/2/19,1.17,0,0,0,0,0,0,NA,0,0,0,0,0,0
1,B,0,Italy x Sweden,Dormant,Native Soil,1-IS-D-Soil,1,10/9/19,1.18,0,0,0,0,0,0,NA,0,0,0,0,0,0
1,B,0,Italy x Sweden,Dormant,Native Soil,1-IS-D-Soil,1,10/18/19,1.19,0,0,0,0,0,0,NA,NA,NA,NA,NA,0,0
1,B,0,Italy x Sweden,Dormant,Native Soil,1-IS-D-Soil,1,10/23/19,1.2,6,0,0,0,0,0,NA,NA,NA,NA,NA,0,6
1,B,0,Italy x Sweden,Dormant,Native Soil,1-IS-D-Soil,1,11/6/19,1.22,1,5,0,0,0,0,NA,NA,NA,NA,NA,0,6
1,B,0,Italy x Sweden,Dormant,Native Soil,1-IS-D-Soil,1,11/20/19,1.23,0,7,0,0,0,0,NA,NA,NA,NA,NA,0,7
1,B,0,Italy x Sweden,Dormant,Native Soil,1-IS-D-Soil,1,12/4/19,1.24,0,9,0,0,0,0,NA,NA,NA,NA,NA,0,9
1,B,0,Italy x Sweden,Dormant,Native Soil,1-IS-D-Soil,1,12/20/19,1.25,1,9,0,0,0,0,NA,15,0,0,0,0,25
1,B,0,Italy x Sweden,Dormant,Native Soil,1-IS-D-Soil,1,2/10/20,1.26,0,0,0,8,1,0,NA,NA,5,8,0,0,22
1,B,0,Italy x Sweden,Dormant,Native Soil,1-IS-D-Soil,1,3/2/20,1.27,0,0,0,1,8,0,NA,NA,0,0,16,0,25
1,B,0,Italy x Sweden,Dormant,Native Soil,1-IS-D-Soil,1,5/5/20,1.29,0,0,0,0,0,4,NA,0,0,0,0,9,13
1,B,0,Italy x Sweden,Dormant,Native Soil,1-IS-D-Soil,2,5/27/20,2.01,0,0,0,0,0,0,0,0,0,0,0,0,0
1,B,0,Italy x Sweden,Dormant,Native Soil,1-IS-D-Soil,2,6/4/20,2.02,0,0,0,0,0,0,0,0,0,0,0,0,0
1,B,0,Italy x Sweden,Dormant,Native Soil,1-IS-D-Soil,2,7/23/20,2.03,0,0,0,0,0,0,0,0,0,0,0,0,0
1,B,0,Italy x Sweden,Dormant,Native Soil,1-IS-D-Soil,2,8/7/20,2.04,0,0,0,0,0,0,0,0,0,0,0,0,0
1,B,0,Italy x Sweden,Dormant,Native Soil,1-IS-D-Soil,2,8/13/20,2.05,0,0,0,0,0,0,0,0,0,0,0,0,0
1,B,0,Italy x Sweden,Dormant,Native Soil,1-IS-D-Soil,2,8/18/20,2.06,0,0,0,0,0,0,0,0,0,0,0,0,0
1,B,0,Italy x Sweden,Dormant,Native Soil,1-IS-D-Soil,2,8/25/20,2.07,0,0,0,0,0,0,0,0,0,0,0,0,0
1,B,0,Italy x Sweden,Dormant,Native Soil,1-IS-D-Soil,2,9/4/20,2.08,0,0,0,0,0,0,0,0,0,0,0,0,0
1,B,0,Italy x Sweden,Dormant,Native Soil,1-IS-D-Soil,2,9/16/20,2.09,0,0,0,0,0,0,0,0,0,0,0,0,0
1,B,0,Italy x Sweden,Dormant,Native Soil,1-IS-D-Soil,2,10/2/20,2.1,0,0,0,0,0,0,0,0,0,0,0,0,0
1,B,0,Italy x Sweden,Dormant,Native Soil,1-IS-D-Soil,2,10/19/20,2.11,0,0,0,0,0,0,0,0,0,0,0,0,0
1,B,0,Italy x Sweden,Dormant,Native Soil,1-IS-D-Soil,2,10/30/20,2.12,0,0,0,0,0,0,0,0,0,0,0,0,0
1,B,0,Italy x Sweden,Dormant,Native Soil,1-IS-D-Soil,2,11/13/20,2.13,0,0,0,0,0,0,0,0,0,0,0,0,0
1,B,0,Italy x Sweden,Dormant,Native Soil,1-IS-D-Soil,2,12/2/20,2.14,0,0,0,0,0,0,0,0,0,0,0,0,0
1,B,0,Italy x Sweden,Dormant,Native Soil,1-IS-D-Soil,2,12/17/20,2.15,0,0,0,0,0,0,0,0,0,0,0,0,0
1,B,0,Italy x Sweden,Dormant,Native Soil,1-IS-D-Soil,2,1/15/21,2.16,0,0,0,0,0,0,0,0,0,0,0,0,0
1,B,0,Italy x Sweden,Dormant,Native Soil,1-IS-D-Soil,2,2/1/21,2.17,0,0,0,0,0,0,0,0,0,0,0,0,0
1,B,0,Italy x Sweden,Dormant,Native Soil,1-IS-D-Soil,2,2/25/21,2.18,0,0,0,0,0,0,0,0,0,0,0,0,0
1,B,0,Italy x Sweden,Dormant,Native Soil,1-IS-D-Soil,2,3/8/21,2.19,0,0,0,0,0,0,0,0,0,0,0,0,0
1,B,0,Italy x Sweden,Dormant,Native Soil,1-IS-D-Soil,2,3/25/21,2.2,0,0,0,0,0,0,0,0,0,0,0,0,0
1,B,0,Italy x Sweden,Dormant,Native Soil,1-IS-D-Soil,2,4/8/21,2.21,0,0,0,0,0,0,0,0,0,0,0,0,0
1,B,0,Italy x Sweden,Dormant,Native Soil,1-IS-D-Soil,3,8/17/21,3.14,0,0,0,0,0,0,0,0,0,0,0,0,0
1,B,0,Italy x Sweden,Dormant,Native Soil,1-IS-D-Soil,3,8/25/21,3.15,0,0,0,0,0,0,0,0,0,0,0,0,0
1,B,0,Italy x Sweden,Dormant,Native Soil,1-IS-D-Soil,3,9/2/21,3.16,0,0,0,0,0,0,0,0,0,0,0,0,0
1,B,0,Italy x Sweden,Dormant,Native Soil,1-IS-D-Soil,3,9/8/21,3.17,0,0,0,0,0,0,0,0,0,0,0,0,0
1,B,0,Italy x Sweden,Dormant,Native Soil,1-IS-D-Soil,3,9/15/21,3.18,0,0,0,0,0,0,0,0,0,0,0,0,0
1,B,0,Italy x Sweden,Dormant,Native Soil,1-IS-D-Soil,3,9/22/21,3.19,0,0,0,0,0,0,0,0,0,0,0,0,0
1,B,0,Italy x Sweden,Dormant,Native Soil,1-IS-D-Soil,3,9/27/21,3.2,0,0,0,0,0,0,0,0,0,0,0,0,0
1,B,0,Italy x Sweden,Dormant,Native Soil,1-IS-D-Soil,3,10/11/21,3.21,0,0,0,0,0,0,17,0,0,0,0,0,17
1,B,0,Italy x Sweden,Dormant,Native Soil,1-IS-D-Soil,3,11/8/21,3.22,1,0,0,0,0,0,3,2,0,0,0,0,6
1,B,0,Italy x Sweden,Dormant,Native Soil,1-IS-D-Soil,3,12/17/21,3.23,1,0,0,0,0,0,0,3,0,0,0,0,4
1,B,1,Italy x Sweden,Mixed,Control,1-IS_M_C,1,6/12/19,1.01,19,0,0,0,0,0,NA,NA,NA,NA,NA,NA,19
1,B,1,Italy x Sweden,Mixed,Control,1-IS_M_C,1,6/16/19,1.02,9,0,0,0,0,0,NA,NA,NA,NA,NA,NA,9
1,B,1,Italy x Sweden,Mixed,Control,1-IS_M_C,1,6/26/19,1.03,0,1,0,0,0,0,NA,0,0,0,0,0,1
1,B,1,Italy x Sweden,Mixed,Control,1-IS_M_C,1,7/3/19,1.04,0,0,0,0,0,0,NA,1,0,0,0,0,1
1,B,1,Italy x Sweden,Mixed,Control,1-IS_M_C,1,7/10/19,1.05,NA,0,0,0,0,0,NA,1,0,0,0,0,1
1,B,1,Italy x Sweden,Mixed,Control,1-IS_M_C,1,7/17/19,1.06,0,0,0,0,0,0,NA,1,0,0,0,0,1
1,B,1,Italy x Sweden,Mixed,Control,1-IS_M_C,1,7/24/19,1.07,0,0,0,0,0,0,NA,1,0,0,0,0,1
1,B,1,Italy x Sweden,Mixed,Control,1-IS_M_C,1,7/31/19,1.08,0,0,0,0,0,0,NA,1,0,0,0,0,1
1,B,1,Italy x Sweden,Mixed,Control,1-IS_M_C,1,8/7/19,1.09,0,0,0,0,0,0,NA,1,0,0,0,0,1
1,B,1,Italy x Sweden,Mixed,Control,1-IS_M_C,1,8/15/19,1.1,0,0,0,0,0,0,NA,1,0,0,0,0,1
1,B,1,Italy x Sweden,Mixed,Control,1-IS_M_C,1,8/20/19,1.11,0,0,0,0,0,0,NA,1,0,0,0,0,1
1,B,1,Italy x Sweden,Mixed,Control,1-IS_M_C,1,8/28/19,1.12,0,0,0,0,0,0,NA,1,0,0,0,0,1
1,B,1,Italy x Sweden,Mixed,Control,1-IS_M_C,1,9/4/19,1.13,0,0,0,0,0,0,NA,1,0,0,0,0,1
1,B,1,Italy x Sweden,Mixed,Control,1-IS_M_C,1,9/11/19,1.14,0,0,0,0,0,0,NA,1,0,0,0,0,1
1,B,1,Italy x Sweden,Mixed,Control,1-IS_M_C,1,9/18/19,1.15,0,0,0,0,0,0,NA,1,0,0,0,0,1
1,B,1,Italy x Sweden,Mixed,Control,1-IS_M_C,1,9/25/19,1.16,0,0,0,0,0,0,NA,1,0,0,0,0,1
1,B,1,Italy x Sweden,Mixed,Control,1-IS_M_C,1,10/2/19,1.17,0,0,0,0,0,0,NA,0,0,0,0,0,0
1,B,1,Italy x Sweden,Mixed,Control,1-IS_M_C,1,10/9/19,1.18,0,0,0,0,0,0,NA,0,0,0,0,0,0
1,B,1,Italy x Sweden,Mixed,Control,1-IS_M_C,1,10/18/19,1.19,0,0,0,0,0,0,NA,NA,NA,NA,NA,0,0
1,B,1,Italy x Sweden,Mixed,Control,1-IS_M_C,1,10/23/19,1.2,5,0,0,0,0,0,NA,NA,NA,NA,NA,0,5
1,B,1,Italy x Sweden,Mixed,Control,1-IS_M_C,1,11/6/19,1.22,6,0,0,0,0,0,NA,NA,NA,NA,NA,0,6
1,B,1,Italy x Sweden,Mixed,Control,1-IS_M_C,1,11/20/19,1.23,0,5,0,0,0,0,NA,NA,NA,NA,NA,0,5
1,B,1,Italy x Sweden,Mixed,Control,1-IS_M_C,1,12/4/19,1.24,5,0,0,0,0,0,NA,NA,NA,NA,NA,0,5
1,B,1,Italy x Sweden,Mixed,Control,1-IS_M_C,1,12/20/19,1.25,0,7,0,0,0,0,NA,10,0,0,0,0,17
1,B,1,Italy x Sweden,Mixed,Control,1-IS_M_C,1,2/10/20,1.26,0,0,0,0,0,0,NA,NA,0,0,0,0,0
1,B,1,Italy x Sweden,Mixed,Control,1-IS_M_C,1,3/2/20,1.27,0,0,0,0,0,0,NA,NA,0,1,0,0,1
1,B,1,Italy x Sweden,Mixed,Control,1-IS_M_C,1,5/5/20,1.29,0,0,0,0,0,0,NA,0,0,0,0,1,1
1,B,1,Italy x Sweden,Mixed,Control,1-IS_M_C,2,5/27/20,2.01,0,0,0,0,0,0,0,0,0,0,0,0,0
1,B,1,Italy x Sweden,Mixed,Control,1-IS_M_C,2,6/4/20,2.02,0,0,0,0,0,0,0,0,0,0,0,0,0
1,B,1,Italy x Sweden,Mixed,Control,1-IS_M_C,2,7/23/20,2.03,0,0,0,0,0,0,0,0,0,0,0,0,0
1,B,1,Italy x Sweden,Mixed,Control,1-IS_M_C,2,8/7/20,2.04,0,0,0,0,0,0,0,0,0,0,0,0,0
1,B,1,Italy x Sweden,Mixed,Control,1-IS_M_C,2,8/13/20,2.05,0,0,0,0,0,0,0,0,0,0,0,0,0
1,B,1,Italy x Sweden,Mixed,Control,1-IS_M_C,2,8/18/20,2.06,0,0,0,0,0,0,0,0,0,0,0,0,0
1,B,1,Italy x Sweden,Mixed,Control,1-IS_M_C,2,8/25/20,2.07,0,0,0,0,0,0,0,0,0,0,0,0,0
1,B,1,Italy x Sweden,Mixed,Control,1-IS_M_C,2,9/4/20,2.08,12,0,0,0,0,0,40,0,0,0,0,0,52
1,B,1,Italy x Sweden,Mixed,Control,1-IS_M_C,2,9/16/20,2.09,78,0,0,0,0,0,30,1,0,0,0,0,109
1,B,1,Italy x Sweden,Mixed,Control,1-IS_M_C,2,10/2/20,2.1,0,0,0,0,0,0,0,0,0,0,0,0,0
1,B,1,Italy x Sweden,Mixed,Control,1-IS_M_C,2,10/19/20,2.11,0,0,0,0,0,0,0,0,0,0,0,0,0
1,B,1,Italy x Sweden,Mixed,Control,1-IS_M_C,2,10/30/20,2.12,0,0,0,0,0,0,0,0,0,0,0,0,0
1,B,1,Italy x Sweden,Mixed,Control,1-IS_M_C,2,11/13/20,2.13,0,0,0,0,0,0,0,0,0,0,0,0,0
1,B,1,Italy x Sweden,Mixed,Control,1-IS_M_C,2,12/2/20,2.14,0,0,0,0,0,0,0,0,0,0,0,0,0
1,B,1,Italy x Sweden,Mixed,Control,1-IS_M_C,2,12/17/20,2.15,0,0,0,0,0,0,0,0,0,0,0,0,0
1,B,1,Italy x Sweden,Mixed,Control,1-IS_M_C,2,1/15/21,2.16,0,0,0,0,0,0,0,0,0,0,0,0,0
1,B,1,Italy x Sweden,Mixed,Control,1-IS_M_C,2,2/1/21,2.17,0,0,0,0,0,0,0,0,0,0,0,0,0
1,B,1,Italy x Sweden,Mixed,Control,1-IS_M_C,2,2/25/21,2.18,0,0,0,0,0,0,0,0,0,0,0,0,0
1,B,1,Italy x Sweden,Mixed,Control,1-IS_M_C,2,3/8/21,2.19,0,0,0,0,0,0,0,0,0,0,0,0,0
1,B,1,Italy x Sweden,Mixed,Control,1-IS_M_C,2,3/25/21,2.2,0,0,0,0,0,0,0,0,0,0,0,0,0
1,B,1,Italy x Sweden,Mixed,Control,1-IS_M_C,2,4/8/21,2.21,0,0,0,0,0,0,0,0,0,0,0,0,0
1,B,1,Italy x Sweden,Mixed,Control,1-IS_M_C,3,8/17/21,3.14,0,0,0,0,0,0,0,0,0,0,0,0,0
1,B,1,Italy x Sweden,Mixed,Control,1-IS_M_C,3,8/25/21,3.15,0,0,0,0,0,0,0,0,0,0,0,0,0
1,B,1,Italy x Sweden,Mixed,Control,1-IS_M_C,3,9/2/21,3.16,0,0,0,0,0,0,0,0,0,0,0,0,0
1,B,1,Italy x Sweden,Mixed,Control,1-IS_M_C,3,9/8/21,3.17,0,0,0,0,0,0,0,0,0,0,0,0,0
1,B,1,Italy x Sweden,Mixed,Control,1-IS_M_C,3,9/15/21,3.18,0,0,0,0,0,0,0,0,0,0,0,0,0
1,B,1,Italy x Sweden,Mixed,Control,1-IS_M_C,3,9/22/21,3.19,0,0,0,0,0,0,0,0,0,0,0,0,0
1,B,1,Italy x Sweden,Mixed,Control,1-IS_M_C,3,9/27/21,3.2,27,0,0,0,0,0,17,0,0,0,0,0,44
1,B,1,Italy x Sweden,Mixed,Control,1-IS_M_C,3,10/11/21,3.21,17,7,0,0,0,0,35,9,0,0,0,0,68
1,B,1,Italy x Sweden,Mixed,Control,1-IS_M_C,3,11/8/21,3.22,3,13,0,0,0,0,1,22,0,0,0,0,39
1,B,1,Italy x Sweden,Mixed,Control,1-IS_M_C,3,12/17/21,3.23,0,4,0,0,0,0,0,16,0,0,0,0,20
1,B,2,Italy x Sweden,Non-Dormant,High Humidity,1-IS_ND_D,1,6/12/19,1.01,18,0,0,0,0,0,NA,NA,NA,NA,NA,NA,18
1,B,2,Italy x Sweden,Non-Dormant,High Humidity,1-IS_ND_D,1,6/16/19,1.02,6,0,0,0,0,0,NA,NA,NA,NA,NA,NA,6
1,B,2,Italy x Sweden,Non-Dormant,High Humidity,1-IS_ND_D,1,6/26/19,1.03,0,3,0,0,0,0,NA,4,0,0,0,0,7
1,B,2,Italy x Sweden,Non-Dormant,High Humidity,1-IS_ND_D,1,7/3/19,1.04,0,0,0,0,0,0,NA,4,0,0,0,0,4
1,B,2,Italy x Sweden,Non-Dormant,High Humidity,1-IS_ND_D,1,7/10/19,1.05,NA,0,0,0,0,0,NA,3,0,1,0,0,4
1,B,2,Italy x Sweden,Non-Dormant,High Humidity,1-IS_ND_D,1,7/17/19,1.06,0,0,0,0,0,0,NA,3,0,1,0,0,4
1,B,2,Italy x Sweden,Non-Dormant,High Humidity,1-IS_ND_D,1,7/24/19,1.07,0,0,0,0,0,0,NA,3,0,1,0,0,4
1,B,2,Italy x Sweden,Non-Dormant,High Humidity,1-IS_ND_D,1,7/31/19,1.08,0,0,0,0,0,0,NA,2,0,1,1,0,4
1,B,2,Italy x Sweden,Non-Dormant,High Humidity,1-IS_ND_D,1,8/7/19,1.09,0,0,0,0,0,0,NA,0,2,0,2,0,4
1,B,2,Italy x Sweden,Non-Dormant,High Humidity,1-IS_ND_D,1,8/15/19,1.1,0,0,0,0,0,0,NA,0,0,1,3,0,4
1,B,2,Italy x Sweden,Non-Dormant,High Humidity,1-IS_ND_D,1,8/20/19,1.11,0,0,0,0,0,0,NA,0,0,1,2,1,4
1,B,2,Italy x Sweden,Non-Dormant,High Humidity,1-IS_ND_D,1,8/28/19,1.12,0,0,0,0,0,0,NA,0,0,0,3,0,3
1,B,2,Italy x Sweden,Non-Dormant,High Humidity,1-IS_ND_D,1,9/4/19,1.13,0,0,0,0,0,0,NA,0,0,0,3,0,3
1,B,2,Italy x Sweden,Non-Dormant,High Humidity,1-IS_ND_D,1,9/11/19,1.14,0,0,0,0,0,0,NA,0,0,0,3,1,4
1,B,2,Italy x Sweden,Non-Dormant,High Humidity,1-IS_ND_D,1,9/18/19,1.15,0,0,0,0,0,0,NA,0,0,0,1,3,4
1,B,2,Italy x Sweden,Non-Dormant,High Humidity,1-IS_ND_D,1,9/25/19,1.16,0,0,0,0,0,0,NA,0,0,0,0,4,4
1,B,2,Italy x Sweden,Non-Dormant,High Humidity,1-IS_ND_D,1,10/2/19,1.17,0,0,0,0,0,0,NA,0,0,0,0,0,0
1,B,2,Italy x Sweden,Non-Dormant,High Humidity,1-IS_ND_D,1,10/9/19,1.18,0,0,0,0,0,0,NA,0,0,0,0,0,0
1,B,2,Italy x Sweden,Non-Dormant,High Humidity,1-IS_ND_D,1,10/18/19,1.19,8,0,0,0,0,0,NA,NA,NA,NA,NA,0,8
1,B,2,Italy x Sweden,Non-Dormant,High Humidity,1-IS_ND_D,1,10/23/19,1.2,349,0,0,0,0,0,NA,NA,NA,NA,NA,0,349
1,B,2,Italy x Sweden,Non-Dormant,High Humidity,1-IS_ND_D,1,11/6/19,1.22,288,12,0,0,0,0,NA,NA,NA,NA,NA,0,300
1,B,2,Italy x Sweden,Non-Dormant,High Humidity,1-IS_ND_D,1,11/20/19,1.23,175,41,0,0,0,0,NA,NA,NA,NA,NA,0,216
1,B,2,Italy x Sweden,Non-Dormant,High Humidity,1-IS_ND_D,1,12/4/19,1.24,77,193,1,0,0,0,NA,NA,NA,NA,NA,0,271
1,B,2,Italy x Sweden,Non-Dormant,High Humidity,1-IS_ND_D,1,12/20/19,1.25,122,246,0,0,0,0,NA,200,0,0,0,0,568
1,B,2,Italy x Sweden,Non-Dormant,High Humidity,1-IS_ND_D,1,2/10/20,1.26,0,30,0,1,0,0,NA,NA,0,2,0,0,33
1,B,2,Italy x Sweden,Non-Dormant,High Humidity,1-IS_ND_D,1,3/2/20,1.27,0,43,1,7,5,0,NA,NA,11,21,34,0,122
1,B,2,Italy x Sweden,Non-Dormant,High Humidity,1-IS_ND_D,1,5/5/20,1.29,0,0,0,0,0,26,NA,0,0,0,0,52,78
1,B,2,Italy x Sweden,Non-Dormant,High Humidity,1-IS_ND_D,2,5/27/20,2.01,27,0,0,0,0,0,22,0,0,0,0,0,49
1,B,2,Italy x Sweden,Non-Dormant,High Humidity,1-IS_ND_D,2,6/4/20,2.02,0,0,0,0,0,0,0,0,0,0,0,0,0
1,B,2,Italy x Sweden,Non-Dormant,High Humidity,1-IS_ND_D,2,7/23/20,2.03,0,0,0,0,0,0,0,0,0,0,0,0,0
1,B,2,Italy x Sweden,Non-Dormant,High Humidity,1-IS_ND_D,2,8/7/20,2.04,0,0,0,0,0,0,0,0,0,0,0,0,0
1,B,2,Italy x Sweden,Non-Dormant,High Humidity,1-IS_ND_D,2,8/13/20,2.05,0,0,0,0,0,0,0,0,0,0,0,0,0
1,B,2,Italy x Sweden,Non-Dormant,High Humidity,1-IS_ND_D,2,8/18/20,2.06,0,0,0,0,0,0,0,0,0,0,0,0,0
1,B,2,Italy x Sweden,Non-Dormant,High Humidity,1-IS_ND_D,2,8/25/20,2.07,0,0,0,0,0,0,0,0,0,0,0,0,0
1,B,2,Italy x Sweden,Non-Dormant,High Humidity,1-IS_ND_D,2,9/4/20,2.08,25,0,0,0,0,0,60,0,0,0,0,0,85
1,B,2,Italy x Sweden,Non-Dormant,High Humidity,1-IS_ND_D,2,9/16/20,2.09,65,2,0,0,0,0,41,0,0,0,0,0,108
1,B,2,Italy x Sweden,Non-Dormant,High Humidity,1-IS_ND_D,2,10/2/20,2.1,16,0,0,0,0,0,10,0,0,0,0,0,26
1,B,2,Italy x Sweden,Non-Dormant,High Humidity,1-IS_ND_D,2,10/19/20,2.11,0,0,0,0,0,0,0,0,0,0,0,0,0
1,B,2,Italy x Sweden,Non-Dormant,High Humidity,1-IS_ND_D,2,10/30/20,2.12,0,0,0,0,0,0,0,0,0,0,0,0,0
1,B,2,Italy x Sweden,Non-Dormant,High Humidity,1-IS_ND_D,2,11/13/20,2.13,0,0,0,0,0,0,0,0,0,0,0,0,0
1,B,2,Italy x Sweden,Non-Dormant,High Humidity,1-IS_ND_D,2,12/2/20,2.14,0,0,0,0,0,0,0,0,0,0,0,0,0
1,B,2,Italy x Sweden,Non-Dormant,High Humidity,1-IS_ND_D,2,12/17/20,2.15,0,0,0,0,0,0,0,0,0,0,0,0,0
1,B,2,Italy x Sweden,Non-Dormant,High Humidity,1-IS_ND_D,2,1/15/21,2.16,0,0,0,0,0,0,0,0,0,0,0,0,0
1,B,2,Italy x Sweden,Non-Dormant,High Humidity,1-IS_ND_D,2,2/1/21,2.17,0,0,0,0,0,0,0,0,0,0,0,0,0
1,B,2,Italy x Sweden,Non-Dormant,High Humidity,1-IS_ND_D,2,2/25/21,2.18,0,0,0,0,0,0,0,1,0,0,0,0,1
1,B,2,Italy x Sweden,Non-Dormant,High Humidity,1-IS_ND_D,2,3/8/21,2.19,0,0,0,0,0,0,0,0,0,0,0,0,0
1,B,2,Italy x Sweden,Non-Dormant,High Humidity,1-IS_ND_D,2,3/25/21,2.2,0,0,0,0,0,0,0,0,0,0,1,0,1
1,B,2,Italy x Sweden,Non-Dormant,High Humidity,1-IS_ND_D,2,4/8/21,2.21,0,0,0,0,0,0,0,0,0,0,1,0,1
1,B,2,Italy x Sweden,Non-Dormant,High Humidity,1-IS_ND_D,3,8/17/21,3.14,0,0,0,0,0,0,0,0,0,0,0,0,0
1,B,2,Italy x Sweden,Non-Dormant,High Humidity,1-IS_ND_D,3,8/25/21,3.15,0,0,0,0,0,0,0,0,0,0,0,0,0
1,B,2,Italy x Sweden,Non-Dormant,High Humidity,1-IS_ND_D,3,9/2/21,3.16,0,0,0,0,0,0,0,0,0,0,0,0,0
1,B,2,Italy x Sweden,Non-Dormant,High Humidity,1-IS_ND_D,3,9/8/21,3.17,0,0,0,0,0,0,0,0,0,0,0,0,0
1,B,2,Italy x Sweden,Non-Dormant,High Humidity,1-IS_ND_D,3,9/15/21,3.18,0,0,0,0,0,0,0,0,0,0,0,0,0
1,B,2,Italy x Sweden,Non-Dormant,High Humidity,1-IS_ND_D,3,9/22/21,3.19,0,0,0,0,0,0,0,0,0,0,0,0,0
1,B,2,Italy x Sweden,Non-Dormant,High Humidity,1-IS_ND_D,3,9/27/21,3.2,55,0,0,0,0,0,162,2,0,0,0,0,219
1,B,2,Italy x Sweden,Non-Dormant,High Humidity,1-IS_ND_D,3,10/11/21,3.21,44,50,0,0,0,0,121,213,0,0,0,0,428
1,B,2,Italy x Sweden,Non-Dormant,High Humidity,1-IS_ND_D,3,11/8/21,3.22,12,88,0,0,0,0,74,389,0,0,0,0,563
1,B,2,Italy x Sweden,Non-Dormant,High Humidity,1-IS_ND_D,3,12/17/21,3.23,0,108,0,0,0,0,1,270,0,0,0,0,379
1,B,3,Germany x Tajikistan,Non-Dormant,Control,1-BS_ND_C,1,6/12/19,1.01,NA,NA,NA,NA,NA,NA,NA,NA,NA,NA,NA,NA,NA
1,B,3,Germany x Tajikistan,Non-Dormant,Control,1-BS_ND_C,1,6/16/19,1.02,NA,NA,NA,NA,NA,NA,NA,NA,NA,NA,NA,NA,NA
1,B,3,Germany x Tajikistan,Non-Dormant,Control,1-BS_ND_C,1,6/26/19,1.03,NA,NA,NA,NA,NA,NA,NA,NA,NA,NA,NA,NA,NA
1,B,3,Germany x Tajikistan,Non-Dormant,Control,1-BS_ND_C,1,7/3/19,1.04,NA,NA,NA,NA,NA,NA,NA,NA,NA,NA,NA,NA,NA
1,B,3,Germany x Tajikistan,Non-Dormant,Control,1-BS_ND_C,1,7/10/19,1.05,NA,NA,NA,NA,NA,NA,NA,NA,NA,NA,NA,NA,NA
1,B,3,Germany x Tajikistan,Non-Dormant,Control,1-BS_ND_C,1,7/17/19,1.06,0,0,0,0,0,0,NA,0,0,0,0,0,0
1,B,3,Germany x Tajikistan,Non-Dormant,Control,1-BS_ND_C,1,7/24/19,1.07,0,0,0,0,0,0,NA,0,0,0,0,0,0
1,B,3,Germany x Tajikistan,Non-Dormant,Control,1-BS_ND_C,1,7/31/19,1.08,0,0,0,0,0,0,NA,0,0,0,0,0,0
1,B,3,Germany x Tajikistan,Non-Dormant,Control,1-BS_ND_C,1,8/7/19,1.09,0,0,0,0,0,0,NA,0,0,0,0,0,0
1,B,3,Germany x Tajikistan,Non-Dormant,Control,1-BS_ND_C,1,8/15/19,1.1,0,0,0,0,0,0,NA,0,0,0,0,0,0
1,B,3,Germany x Tajikistan,Non-Dormant,Control,1-BS_ND_C,1,8/20/19,1.11,0,0,0,0,0,0,NA,0,0,0,0,0,0
1,B,3,Germany x Tajikistan,Non-Dormant,Control,1-BS_ND_C,1,8/28/19,1.12,0,0,0,0,0,0,NA,0,0,0,0,0,0
1,B,3,Germany x Tajikistan,Non-Dormant,Control,1-BS_ND_C,1,9/4/19,1.13,0,0,0,0,0,0,NA,0,0,0,0,0,0
1,B,3,Germany x Tajikistan,Non-Dormant,Control,1-BS_ND_C,1,9/11/19,1.14,0,0,0,0,0,0,NA,0,0,0,0,0,0
1,B,3,Germany x Tajikistan,Non-Dormant,Control,1-BS_ND_C,1,9/18/19,1.15,0,0,0,0,0,0,NA,0,0,0,0,0,0
1,B,3,Germany x Tajikistan,Non-Dormant,Control,1-BS_ND_C,1,9/25/19,1.16,0,0,0,0,0,0,NA,0,0,0,0,0,0
1,B,3,Germany x Tajikistan,Non-Dormant,Control,1-BS_ND_C,1,10/2/19,1.17,0,0,0,0,0,0,NA,0,0,0,0,0,0
1,B,3,Germany x Tajikistan,Non-Dormant,Control,1-BS_ND_C,1,10/9/19,1.18,0,0,0,0,0,0,NA,0,0,0,0,0,0
1,B,3,Germany x Tajikistan,Non-Dormant,Control,1-BS_ND_C,1,10/18/19,1.19,0,0,0,0,0,0,NA,NA,NA,NA,NA,0,0
1,B,3,Germany x Tajikistan,Non-Dormant,Control,1-BS_ND_C,1,10/23/19,1.2,0,0,0,0,0,0,NA,NA,NA,NA,NA,0,0
1,B,3,Germany x Tajikistan,Non-Dormant,Control,1-BS_ND_C,1,11/6/19,1.22,0,0,0,0,0,0,NA,NA,NA,NA,NA,0,0
1,B,3,Germany x Tajikistan,Non-Dormant,Control,1-BS_ND_C,1,11/20/19,1.23,0,0,0,0,0,0,NA,NA,NA,NA,NA,0,0
1,B,3,Germany x Tajikistan,Non-Dormant,Control,1-BS_ND_C,1,12/4/19,1.24,0,0,0,0,0,0,NA,NA,NA,NA,NA,0,0
1,B,3,Germany x Tajikistan,Non-Dormant,Control,1-BS_ND_C,1,12/20/19,1.25,2,0,0,0,0,0,NA,0,0,0,0,0,2
1,B,3,Germany x Tajikistan,Non-Dormant,Control,1-BS_ND_C,1,2/10/20,1.26,0,0,0,0,0,0,NA,NA,0,0,0,0,0
1,B,3,Germany x Tajikistan,Non-Dormant,Control,1-BS_ND_C,1,3/2/20,1.27,0,0,0,0,0,0,NA,NA,0,0,0,0,0
1,B,3,Germany x Tajikistan,Non-Dormant,Control,1-BS_ND_C,1,5/5/20,1.29,0,0,0,0,0,0,NA,0,0,0,0,0,0
1,B,3,Germany x Tajikistan,Non-Dormant,Control,1-BS_ND_C,2,5/27/20,2.01,0,0,0,0,0,0,0,0,0,0,0,0,0
1,B,3,Germany x Tajikistan,Non-Dormant,Control,1-BS_ND_C,2,6/4/20,2.02,0,0,0,0,0,0,0,0,0,0,0,0,0
1,B,3,Germany x Tajikistan,Non-Dormant,Control,1-BS_ND_C,2,7/23/20,2.03,0,0,0,0,0,0,0,0,0,0,0,0,0
1,B,3,Germany x Tajikistan,Non-Dormant,Control,1-BS_ND_C,2,8/7/20,2.04,0,0,0,0,0,0,0,0,0,0,0,0,0
1,B,3,Germany x Tajikistan,Non-Dormant,Control,1-BS_ND_C,2,8/13/20,2.05,0,0,0,0,0,0,0,0,0,0,0,0,0
1,B,3,Germany x Tajikistan,Non-Dormant,Control,1-BS_ND_C,2,8/18/20,2.06,0,0,0,0,0,0,0,0,0,0,0,0,0
1,B,3,Germany x Tajikistan,Non-Dormant,Control,1-BS_ND_C,2,8/25/20,2.07,0,0,0,0,0,0,0,0,0,0,0,0,0
1,B,3,Germany x Tajikistan,Non-Dormant,Control,1-BS_ND_C,2,9/4/20,2.08,7,0,0,0,0,0,10,0,0,0,0,0,17
1,B,3,Germany x Tajikistan,Non-Dormant,Control,1-BS_ND_C,2,9/16/20,2.09,1,0,0,0,0,0,30,0,0,0,0,0,31
1,B,3,Germany x Tajikistan,Non-Dormant,Control,1-BS_ND_C,2,10/2/20,2.1,0,0,0,0,0,0,0,0,0,0,0,0,0
1,B,3,Germany x Tajikistan,Non-Dormant,Control,1-BS_ND_C,2,10/19/20,2.11,0,0,0,0,0,0,0,0,0,0,0,0,0
1,B,3,Germany x Tajikistan,Non-Dormant,Control,1-BS_ND_C,2,10/30/20,2.12,0,0,0,0,0,0,0,0,0,0,0,0,0
1,B,3,Germany x Tajikistan,Non-Dormant,Control,1-BS_ND_C,2,11/13/20,2.13,0,0,0,0,0,0,0,0,0,0,0,0,0
1,B,3,Germany x Tajikistan,Non-Dormant,Control,1-BS_ND_C,2,12/2/20,2.14,0,0,0,0,0,0,0,0,0,0,0,0,0
1,B,3,Germany x Tajikistan,Non-Dormant,Control,1-BS_ND_C,2,12/17/20,2.15,0,0,0,0,0,0,0,0,0,0,0,0,0
1,B,3,Germany x Tajikistan,Non-Dormant,Control,1-BS_ND_C,2,1/15/21,2.16,0,0,0,0,0,0,0,0,0,0,0,0,0
1,B,3,Germany x Tajikistan,Non-Dormant,Control,1-BS_ND_C,2,2/1/21,2.17,0,0,0,0,0,0,0,0,0,0,0,0,0
1,B,3,Germany x Tajikistan,Non-Dormant,Control,1-BS_ND_C,2,2/25/21,2.18,0,0,0,0,0,0,0,0,0,0,0,0,0
1,B,3,Germany x Tajikistan,Non-Dormant,Control,1-BS_ND_C,2,3/8/21,2.19,0,0,0,0,0,0,0,0,0,0,0,0,0
1,B,3,Germany x Tajikistan,Non-Dormant,Control,1-BS_ND_C,2,3/25/21,2.2,0,0,0,0,0,0,0,0,0,0,0,0,0
1,B,3,Germany x Tajikistan,Non-Dormant,Control,1-BS_ND_C,2,4/8/21,2.21,0,0,0,0,0,0,0,0,0,0,0,0,0
1,B,3,Germany x Tajikistan,Non-Dormant,Control,1-BS_ND_C,3,8/17/21,3.14,0,0,0,0,0,0,0,0,0,0,0,0,0
1,B,3,Germany x Tajikistan,Non-Dormant,Control,1-BS_ND_C,3,8/25/21,3.15,0,0,0,0,0,0,0,0,0,0,0,0,0
1,B,3,Germany x Tajikistan,Non-Dormant,Control,1-BS_ND_C,3,9/2/21,3.16,0,0,0,0,0,0,0,0,0,0,0,0,0
1,B,3,Germany x Tajikistan,Non-Dormant,Control,1-BS_ND_C,3,9/8/21,3.17,0,0,0,0,0,0,0,0,0,0,0,0,0
1,B,3,Germany x Tajikistan,Non-Dormant,Control,1-BS_ND_C,3,9/15/21,3.18,0,0,0,0,0,0,0,0,0,0,0,0,0
1,B,3,Germany x Tajikistan,Non-Dormant,Control,1-BS_ND_C,3,9/22/21,3.19,0,0,0,0,0,0,0,0,0,0,0,0,0
1,B,3,Germany x Tajikistan,Non-Dormant,Control,1-BS_ND_C,3,9/27/21,3.2,39,0,0,0,0,0,207,0,0,0,0,0,246
1,B,3,Germany x Tajikistan,Non-Dormant,Control,1-BS_ND_C,3,10/11/21,3.21,0,0,0,0,0,0,0,0,0,0,0,0,0
1,B,3,Germany x Tajikistan,Non-Dormant,Control,1-BS_ND_C,3,11/8/21,3.22,0,0,0,0,0,0,0,0,0,0,0,0,0
1,B,3,Germany x Tajikistan,Non-Dormant,Control,1-BS_ND_C,3,12/17/21,3.23,0,0,0,0,0,0,0,0,0,0,0,0,0
1,B,4,Italy x Sweden,Dormant,High Humidity,1-IS_D_D,1,6/12/19,1.01,0,0,0,0,0,0,NA,NA,NA,NA,NA,NA,0
1,B,4,Italy x Sweden,Dormant,High Humidity,1-IS_D_D,1,6/16/19,1.02,0,0,0,0,0,0,NA,NA,NA,NA,NA,NA,0
1,B,4,Italy x Sweden,Dormant,High Humidity,1-IS_D_D,1,6/26/19,1.03,0,0,0,0,0,0,NA,1,0,0,0,0,1
1,B,4,Italy x Sweden,Dormant,High Humidity,1-IS_D_D,1,7/3/19,1.04,0,0,0,0,0,0,NA,2,0,0,0,0,2
1,B,4,Italy x Sweden,Dormant,High Humidity,1-IS_D_D,1,7/10/19,1.05,NA,0,0,0,0,0,NA,0,0,1,0,0,1
1,B,4,Italy x Sweden,Dormant,High Humidity,1-IS_D_D,1,7/17/19,1.06,0,0,0,0,0,0,NA,0,0,1,0,0,1
1,B,4,Italy x Sweden,Dormant,High Humidity,1-IS_D_D,1,7/24/19,1.07,0,0,0,0,0,0,NA,0,0,1,0,0,1
1,B,4,Italy x Sweden,Dormant,High Humidity,1-IS_D_D,1,7/31/19,1.08,0,0,0,0,0,0,NA,0,0,0,1,0,1
1,B,4,Italy x Sweden,Dormant,High Humidity,1-IS_D_D,1,8/7/19,1.09,0,0,0,0,0,0,NA,0,0,0,1,0,1
1,B,4,Italy x Sweden,Dormant,High Humidity,1-IS_D_D,1,8/15/19,1.1,0,0,0,0,0,0,NA,0,0,0,0,1,1
1,B,4,Italy x Sweden,Dormant,High Humidity,1-IS_D_D,1,8/20/19,1.11,0,0,0,0,0,0,NA,0,0,0,0,0,0
1,B,4,Italy x Sweden,Dormant,High Humidity,1-IS_D_D,1,8/28/19,1.12,0,0,0,0,0,0,NA,0,0,0,0,0,0
1,B,4,Italy x Sweden,Dormant,High Humidity,1-IS_D_D,1,9/4/19,1.13,0,0,0,0,0,0,NA,0,0,0,0,1,1
1,B,4,Italy x Sweden,Dormant,High Humidity,1-IS_D_D,1,9/11/19,1.14,0,0,0,0,0,0,NA,0,0,0,0,0,0
1,B,4,Italy x Sweden,Dormant,High Humidity,1-IS_D_D,1,9/18/19,1.15,0,0,0,0,0,0,NA,0,0,0,0,1,1
1,B,4,Italy x Sweden,Dormant,High Humidity,1-IS_D_D,1,9/25/19,1.16,0,0,0,0,0,0,NA,0,0,0,0,0,0
1,B,4,Italy x Sweden,Dormant,High Humidity,1-IS_D_D,1,10/2/19,1.17,0,0,0,0,0,0,NA,0,0,0,0,0,0
1,B,4,Italy x Sweden,Dormant,High Humidity,1-IS_D_D,1,10/9/19,1.18,0,0,0,0,0,0,NA,0,0,0,0,0,0
1,B,4,Italy x Sweden,Dormant,High Humidity,1-IS_D_D,1,10/18/19,1.19,0,0,0,0,0,0,NA,NA,NA,NA,NA,0,0
1,B,4,Italy x Sweden,Dormant,High Humidity,1-IS_D_D,1,10/23/19,1.2,6,0,0,0,0,0,NA,NA,NA,NA,NA,0,6
1,B,4,Italy x Sweden,Dormant,High Humidity,1-IS_D_D,1,11/6/19,1.22,12,27,0,0,0,0,NA,NA,NA,NA,NA,0,39
1,B,4,Italy x Sweden,Dormant,High Humidity,1-IS_D_D,1,11/20/19,1.23,2,33,0,0,0,0,NA,NA,NA,NA,NA,0,35
1,B,4,Italy x Sweden,Dormant,High Humidity,1-IS_D_D,1,12/4/19,1.24,6,41,0,0,0,0,NA,NA,NA,NA,NA,0,47
1,B,4,Italy x Sweden,Dormant,High Humidity,1-IS_D_D,1,12/20/19,1.25,9,42,0,0,0,0,NA,200,0,0,0,0,251
1,B,4,Italy x Sweden,Dormant,High Humidity,1-IS_D_D,1,2/10/20,1.26,0,3,10,20,0,0,NA,NA,56,55,0,0,144
1,B,4,Italy x Sweden,Dormant,High Humidity,1-IS_D_D,1,3/2/20,1.27,0,4,3,2,38,0,NA,NA,8,51,183,0,289
1,B,4,Italy x Sweden,Dormant,High Humidity,1-IS_D_D,1,5/5/20,1.29,0,0,0,0,0,46,NA,0,0,0,0,72,118
1,B,4,Italy x Sweden,Dormant,High Humidity,1-IS_D_D,2,5/27/20,2.01,5,0,0,0,0,0,4,0,0,0,0,0,9
1,B,4,Italy x Sweden,Dormant,High Humidity,1-IS_D_D,2,6/4/20,2.02,0,0,0,0,0,0,0,0,0,0,0,0,0
1,B,4,Italy x Sweden,Dormant,High Humidity,1-IS_D_D,2,7/23/20,2.03,0,0,0,0,0,0,0,0,0,0,0,0,0
1,B,4,Italy x Sweden,Dormant,High Humidity,1-IS_D_D,2,8/7/20,2.04,0,0,0,0,0,0,0,0,0,0,0,0,0
1,B,4,Italy x Sweden,Dormant,High Humidity,1-IS_D_D,2,8/13/20,2.05,0,0,0,0,0,0,0,0,0,0,0,0,0
1,B,4,Italy x Sweden,Dormant,High Humidity,1-IS_D_D,2,8/18/20,2.06,0,0,0,0,0,0,0,0,0,0,0,0,0
1,B,4,Italy x Sweden,Dormant,High Humidity,1-IS_D_D,2,8/25/20,2.07,0,0,0,0,0,0,0,0,0,0,0,0,0
1,B,4,Italy x Sweden,Dormant,High Humidity,1-IS_D_D,2,9/4/20,2.08,0,0,0,0,0,0,0,0,0,0,0,0,0
1,B,4,Italy x Sweden,Dormant,High Humidity,1-IS_D_D,2,9/16/20,2.09,0,0,0,0,0,0,0,0,0,0,0,0,0
1,B,4,Italy x Sweden,Dormant,High Humidity,1-IS_D_D,2,10/2/20,2.1,0,0,0,0,0,0,0,0,0,0,0,0,0
1,B,4,Italy x Sweden,Dormant,High Humidity,1-IS_D_D,2,10/19/20,2.11,0,0,0,0,0,0,0,0,0,0,0,0,0
1,B,4,Italy x Sweden,Dormant,High Humidity,1-IS_D_D,2,10/30/20,2.12,0,0,0,0,0,0,0,0,0,0,0,0,0
1,B,4,Italy x Sweden,Dormant,High Humidity,1-IS_D_D,2,11/13/20,2.13,20,6,0,0,0,0,15,5,0,0,0,0,46
1,B,4,Italy x Sweden,Dormant,High Humidity,1-IS_D_D,2,12/2/20,2.14,1,0,0,0,0,0,0,5,0,0,0,0,6
1,B,4,Italy x Sweden,Dormant,High Humidity,1-IS_D_D,2,12/17/20,2.15,6,1,0,0,0,0,0,0,0,0,0,0,7
1,B,4,Italy x Sweden,Dormant,High Humidity,1-IS_D_D,2,1/15/21,2.16,2,1,0,0,0,0,0,0,0,0,0,0,3
1,B,4,Italy x Sweden,Dormant,High Humidity,1-IS_D_D,2,2/1/21,2.17,1,2,0,0,0,0,0,5,0,0,0,0,8
1,B,4,Italy x Sweden,Dormant,High Humidity,1-IS_D_D,2,2/25/21,2.18,0,0,0,0,0,0,0,0,0,0,0,0,0
1,B,4,Italy x Sweden,Dormant,High Humidity,1-IS_D_D,2,3/8/21,2.19,0,0,0,0,0,0,0,0,2,6,0,0,8
1,B,4,Italy x Sweden,Dormant,High Humidity,1-IS_D_D,2,3/25/21,2.2,0,0,0,0,0,0,0,0,0,10,27,0,37
1,B,4,Italy x Sweden,Dormant,High Humidity,1-IS_D_D,2,4/8/21,2.21,0,0,0,0,0,0,0,0,0,4,20,1,25
1,B,4,Italy x Sweden,Dormant,High Humidity,1-IS_D_D,3,8/17/21,3.14,0,0,0,0,0,0,0,0,0,0,0,0,0
1,B,4,Italy x Sweden,Dormant,High Humidity,1-IS_D_D,3,8/25/21,3.15,0,0,0,0,0,0,0,0,0,0,0,0,0
1,B,4,Italy x Sweden,Dormant,High Humidity,1-IS_D_D,3,9/2/21,3.16,0,0,0,0,0,0,0,0,0,0,0,0,0
1,B,4,Italy x Sweden,Dormant,High Humidity,1-IS_D_D,3,9/8/21,3.17,0,0,0,0,0,0,0,0,0,0,0,0,0
1,B,4,Italy x Sweden,Dormant,High Humidity,1-IS_D_D,3,9/15/21,3.18,0,0,0,0,0,0,0,0,0,0,0,0,0
1,B,4,Italy x Sweden,Dormant,High Humidity,1-IS_D_D,3,9/22/21,3.19,0,0,0,0,0,0,0,0,0,0,0,0,0
1,B,4,Italy x Sweden,Dormant,High Humidity,1-IS_D_D,3,9/27/21,3.2,16,0,0,0,0,0,166,6,0,0,0,0,188
1,B,4,Italy x Sweden,Dormant,High Humidity,1-IS_D_D,3,10/11/21,3.21,23,30,0,0,0,0,178,265,0,0,0,0,496
1,B,4,Italy x Sweden,Dormant,High Humidity,1-IS_D_D,3,11/8/21,3.22,124,149,0,0,0,0,443,816,0,0,0,0,1532
1,B,4,Italy x Sweden,Dormant,High Humidity,1-IS_D_D,3,12/17/21,3.23,24,167,0,0,0,0,31,850,0,0,0,0,1072
2,B,5,UK x USA,Dormant,Control,2-TC_D_C,1,6/12/19,1.01,NA,NA,NA,NA,NA,NA,NA,NA,NA,NA,NA,NA,NA
2,B,5,UK x USA,Dormant,Control,2-TC_D_C,1,6/16/19,1.02,NA,NA,NA,NA,NA,NA,NA,NA,NA,NA,NA,NA,NA
2,B,5,UK x USA,Dormant,Control,2-TC_D_C,1,6/26/19,1.03,NA,NA,NA,NA,NA,NA,NA,NA,NA,NA,NA,NA,NA
2,B,5,UK x USA,Dormant,Control,2-TC_D_C,1,7/3/19,1.04,NA,NA,NA,NA,NA,NA,NA,NA,NA,NA,NA,NA,NA
2,B,5,UK x USA,Dormant,Control,2-TC_D_C,1,7/10/19,1.05,NA,NA,NA,NA,NA,NA,NA,NA,NA,NA,NA,NA,NA
2,B,5,UK x USA,Dormant,Control,2-TC_D_C,1,7/17/19,1.06,0,0,0,0,0,0,NA,0,0,0,0,0,0
2,B,5,UK x USA,Dormant,Control,2-TC_D_C,1,7/24/19,1.07,0,0,0,0,0,0,NA,0,0,0,0,0,0
2,B,5,UK x USA,Dormant,Control,2-TC_D_C,1,7/31/19,1.08,0,0,0,0,0,0,NA,0,0,0,0,0,0
2,B,5,UK x USA,Dormant,Control,2-TC_D_C,1,8/7/19,1.09,0,0,0,0,0,0,NA,0,0,0,0,0,0
2,B,5,UK x USA,Dormant,Control,2-TC_D_C,1,8/15/19,1.1,0,0,0,0,0,0,NA,0,0,0,0,0,0
2,B,5,UK x USA,Dormant,Control,2-TC_D_C,1,8/20/19,1.11,0,0,0,0,0,0,NA,0,0,0,0,0,0
2,B,5,UK x USA,Dormant,Control,2-TC_D_C,1,8/28/19,1.12,0,0,0,0,0,0,NA,0,0,0,0,0,0
2,B,5,UK x USA,Dormant,Control,2-TC_D_C,1,9/4/19,1.13,0,0,0,0,0,0,NA,0,0,0,0,0,0
2,B,5,UK x USA,Dormant,Control,2-TC_D_C,1,9/11/19,1.14,0,0,0,0,0,0,NA,0,0,0,0,0,0
2,B,5,UK x USA,Dormant,Control,2-TC_D_C,1,9/18/19,1.15,0,0,0,0,0,0,NA,0,0,0,0,0,0
2,B,5,UK x USA,Dormant,Control,2-TC_D_C,1,9/25/19,1.16,0,0,0,0,0,0,NA,0,0,0,0,0,0
2,B,5,UK x USA,Dormant,Control,2-TC_D_C,1,10/2/19,1.17,0,0,0,0,0,0,NA,0,0,0,0,0,0
2,B,5,UK x USA,Dormant,Control,2-TC_D_C,1,10/9/19,1.18,0,0,0,0,0,0,NA,0,0,0,0,0,0
2,B,5,UK x USA,Dormant,Control,2-TC_D_C,1,10/18/19,1.19,0,0,0,0,0,0,NA,NA,NA,NA,NA,0,0
2,B,5,UK x USA,Dormant,Control,2-TC_D_C,1,10/23/19,1.2,9,0,0,0,0,0,NA,NA,NA,NA,NA,0,9
2,B,5,UK x USA,Dormant,Control,2-TC_D_C,1,11/6/19,1.22,0,0,0,0,0,0,NA,NA,NA,NA,NA,0,0
2,B,5,UK x USA,Dormant,Control,2-TC_D_C,1,11/20/19,1.23,0,0,0,0,0,0,NA,NA,NA,NA,NA,0,0
2,B,5,UK x USA,Dormant,Control,2-TC_D_C,1,12/4/19,1.24,0,0,0,0,0,0,NA,NA,NA,NA,NA,0,0
2,B,5,UK x USA,Dormant,Control,2-TC_D_C,1,12/20/19,1.25,0,0,0,0,0,0,NA,1,0,0,0,0,1
2,B,5,UK x USA,Dormant,Control,2-TC_D_C,1,2/10/20,1.26,0,0,0,0,0,0,NA,NA,0,1,0,0,1
2,B,5,UK x USA,Dormant,Control,2-TC_D_C,1,3/2/20,1.27,0,0,0,0,0,0,NA,NA,0,0,1,0,1
2,B,5,UK x USA,Dormant,Control,2-TC_D_C,1,5/5/20,1.29,0,0,0,0,0,0,NA,0,0,0,0,1,1
2,B,5,UK x USA,Dormant,Control,2-TC_D_C,2,5/27/20,2.01,0,0,0,0,0,0,0,0,0,0,0,0,0
2,B,5,UK x USA,Dormant,Control,2-TC_D_C,2,6/4/20,2.02,0,0,0,0,0,0,0,0,0,0,0,0,0
2,B,5,UK x USA,Dormant,Control,2-TC_D_C,2,7/23/20,2.03,0,0,0,0,0,0,0,0,0,0,0,0,0
2,B,5,UK x USA,Dormant,Control,2-TC_D_C,2,8/7/20,2.04,0,0,0,0,0,0,0,0,0,0,0,0,0
2,B,5,UK x USA,Dormant,Control,2-TC_D_C,2,8/13/20,2.05,0,0,0,0,0,0,0,0,0,0,0,0,0
2,B,5,UK x USA,Dormant,Control,2-TC_D_C,2,8/18/20,2.06,0,0,0,0,0,0,0,0,0,0,0,0,0
2,B,5,UK x USA,Dormant,Control,2-TC_D_C,2,8/25/20,2.07,0,0,0,0,0,0,0,0,0,0,0,0,0
2,B,5,UK x USA,Dormant,Control,2-TC_D_C,2,9/4/20,2.08,45,0,0,0,0,0,50,0,0,0,0,0,95
2,B,5,UK x USA,Dormant,Control,2-TC_D_C,2,9/16/20,2.09,21,0,0,0,0,0,30,0,0,0,0,0,51
2,B,5,UK x USA,Dormant,Control,2-TC_D_C,2,10/2/20,2.1,0,0,0,0,0,0,0,0,0,0,0,0,0
2,B,5,UK x USA,Dormant,Control,2-TC_D_C,2,10/19/20,2.11,0,0,0,0,0,0,0,0,0,0,0,0,0
2,B,5,UK x USA,Dormant,Control,2-TC_D_C,2,10/30/20,2.12,0,0,0,0,0,0,0,0,0,0,0,0,0
2,B,5,UK x USA,Dormant,Control,2-TC_D_C,2,11/13/20,2.13,0,0,0,0,0,0,0,0,0,0,0,0,0
2,B,5,UK x USA,Dormant,Control,2-TC_D_C,2,12/2/20,2.14,0,0,0,0,0,0,0,0,0,0,0,0,0
2,B,5,UK x USA,Dormant,Control,2-TC_D_C,2,12/17/20,2.15,0,0,0,0,0,0,0,0,0,0,0,0,0
2,B,5,UK x USA,Dormant,Control,2-TC_D_C,2,1/15/21,2.16,0,0,0,0,0,0,0,0,0,0,0,0,0
2,B,5,UK x USA,Dormant,Control,2-TC_D_C,2,2/1/21,2.17,0,0,0,0,0,0,0,0,0,0,0,0,0
2,B,5,UK x USA,Dormant,Control,2-TC_D_C,2,2/25/21,2.18,0,0,0,0,0,0,0,0,0,0,0,0,0
2,B,5,UK x USA,Dormant,Control,2-TC_D_C,2,3/8/21,2.19,0,0,0,0,0,0,0,0,0,0,0,0,0
2,B,5,UK x USA,Dormant,Control,2-TC_D_C,2,3/25/21,2.2,0,0,0,0,0,0,0,0,0,0,0,0,0
2,B,5,UK x USA,Dormant,Control,2-TC_D_C,2,4/8/21,2.21,0,0,0,0,0,0,0,0,0,0,0,0,0
2,B,5,UK x USA,Dormant,Control,2-TC_D_C,3,8/17/21,3.14,0,0,0,0,0,0,0,0,0,0,0,0,0
2,B,5,UK x USA,Dormant,Control,2-TC_D_C,3,8/25/21,3.15,0,0,0,0,0,0,0,0,0,0,0,0,0
2,B,5,UK x USA,Dormant,Control,2-TC_D_C,3,9/2/21,3.16,0,0,0,0,0,0,0,0,0,0,0,0,0
2,B,5,UK x USA,Dormant,Control,2-TC_D_C,3,9/8/21,3.17,0,0,0,0,0,0,0,0,0,0,0,0,0
2,B,5,UK x USA,Dormant,Control,2-TC_D_C,3,9/15/21,3.18,0,0,0,0,0,0,0,0,0,0,0,0,0
2,B,5,UK x USA,Dormant,Control,2-TC_D_C,3,9/22/21,3.19,0,0,0,0,0,0,0,0,0,0,0,0,0
2,B,5,UK x USA,Dormant,Control,2-TC_D_C,3,9/29/21,3.2,0,0,0,0,0,0,0,0,0,0,0,0,0
2,B,5,UK x USA,Dormant,Control,2-TC_D_C,3,10/12/21,3.21,0,0,0,0,0,0,0,0,0,0,0,0,0
2,B,5,UK x USA,Dormant,Control,2-TC_D_C,3,11/10/21,3.22,0,0,0,0,0,0,1,13,0,0,0,0,14
2,B,5,UK x USA,Dormant,Control,2-TC_D_C,3,12/17/21,3.23,0,0,0,0,0,0,0,0,0,0,0,0,0
2,B,6,Italy x Sweden,Non-Dormant,High Humidity,2-IS_ND_D,1,6/12/19,1.01,1,0,0,0,0,0,NA,NA,NA,NA,NA,NA,1
2,B,6,Italy x Sweden,Non-Dormant,High Humidity,2-IS_ND_D,1,6/16/19,1.02,1,0,0,0,0,0,NA,NA,NA,NA,NA,NA,1
2,B,6,Italy x Sweden,Non-Dormant,High Humidity,2-IS_ND_D,1,6/26/19,1.03,0,0,0,0,0,0,NA,0,0,0,0,0,0
2,B,6,Italy x Sweden,Non-Dormant,High Humidity,2-IS_ND_D,1,7/3/19,1.04,0,0,0,0,0,0,NA,4,0,0,0,0,4
2,B,6,Italy x Sweden,Non-Dormant,High Humidity,2-IS_ND_D,1,7/10/19,1.05,NA,0,0,0,0,0,NA,4,0,0,0,0,4
2,B,6,Italy x Sweden,Non-Dormant,High Humidity,2-IS_ND_D,1,7/17/19,1.06,0,0,0,0,0,0,NA,4,0,0,0,0,4
2,B,6,Italy x Sweden,Non-Dormant,High Humidity,2-IS_ND_D,1,7/24/19,1.07,0,0,0,0,0,0,NA,4,0,0,0,0,4
2,B,6,Italy x Sweden,Non-Dormant,High Humidity,2-IS_ND_D,1,7/31/19,1.08,0,0,0,0,0,0,NA,4,0,0,0,0,4
2,B,6,Italy x Sweden,Non-Dormant,High Humidity,2-IS_ND_D,1,8/7/19,1.09,0,0,0,0,0,0,NA,4,0,0,0,0,4
2,B,6,Italy x Sweden,Non-Dormant,High Humidity,2-IS_ND_D,1,8/15/19,1.1,0,0,0,0,0,0,NA,4,0,0,0,0,4
2,B,6,Italy x Sweden,Non-Dormant,High Humidity,2-IS_ND_D,1,8/20/19,1.11,0,0,0,0,0,0,NA,3,0,0,0,0,3
2,B,6,Italy x Sweden,Non-Dormant,High Humidity,2-IS_ND_D,1,8/28/19,1.12,0,0,0,0,0,0,NA,2,0,0,0,0,2
2,B,6,Italy x Sweden,Non-Dormant,High Humidity,2-IS_ND_D,1,9/4/19,1.13,0,0,0,0,0,0,NA,1,0,1,0,0,2
2,B,6,Italy x Sweden,Non-Dormant,High Humidity,2-IS_ND_D,1,9/11/19,1.14,0,0,0,0,0,0,NA,4,0,0,1,0,5
2,B,6,Italy x Sweden,Non-Dormant,High Humidity,2-IS_ND_D,1,9/18/19,1.15,0,0,0,0,0,0,NA,4,0,0,1,0,5
2,B,6,Italy x Sweden,Non-Dormant,High Humidity,2-IS_ND_D,1,9/25/19,1.16,0,0,0,0,0,0,NA,4,0,0,1,0,5
2,B,6,Italy x Sweden,Non-Dormant,High Humidity,2-IS_ND_D,1,10/2/19,1.17,0,0,0,0,0,0,NA,4,0,0,1,0,5
2,B,6,Italy x Sweden,Non-Dormant,High Humidity,2-IS_ND_D,1,10/9/19,1.18,0,0,0,0,0,0,NA,3,0,0,1,0,4
2,B,6,Italy x Sweden,Non-Dormant,High Humidity,2-IS_ND_D,1,10/18/19,1.19,0,0,0,0,0,0,NA,NA,NA,NA,NA,0,0
2,B,6,Italy x Sweden,Non-Dormant,High Humidity,2-IS_ND_D,1,10/23/19,1.2,0,0,0,0,0,0,NA,NA,NA,NA,NA,0,0
2,B,6,Italy x Sweden,Non-Dormant,High Humidity,2-IS_ND_D,1,11/6/19,1.22,0,2,0,0,0,0,NA,NA,NA,NA,NA,0,2
2,B,6,Italy x Sweden,Non-Dormant,High Humidity,2-IS_ND_D,1,11/20/19,1.23,1,6,0,0,0,0,NA,NA,NA,NA,NA,0,7
2,B,6,Italy x Sweden,Non-Dormant,High Humidity,2-IS_ND_D,1,12/4/19,1.24,10,9,0,0,0,0,NA,NA,NA,NA,NA,0,19
2,B,6,Italy x Sweden,Non-Dormant,High Humidity,2-IS_ND_D,1,12/20/19,1.25,1,9,0,0,0,0,NA,10,0,0,0,0,20
2,B,6,Italy x Sweden,Non-Dormant,High Humidity,2-IS_ND_D,1,2/10/20,1.26,0,5,0,0,0,0,NA,NA,1,0,0,0,6
2,B,6,Italy x Sweden,Non-Dormant,High Humidity,2-IS_ND_D,1,3/2/20,1.27,0,4,0,2,0,0,NA,NA,0,1,2,0,9
2,B,6,Italy x Sweden,Non-Dormant,High Humidity,2-IS_ND_D,1,5/5/20,1.29,0,0,0,0,0,8,NA,0,0,0,0,9,17
2,B,6,Italy x Sweden,Non-Dormant,High Humidity,2-IS_ND_D,2,5/27/20,2.01,6,0,0,0,0,0,13,0,0,0,0,0,19
2,B,6,Italy x Sweden,Non-Dormant,High Humidity,2-IS_ND_D,2,6/4/20,2.02,0,0,0,0,0,0,0,0,0,0,0,0,0
2,B,6,Italy x Sweden,Non-Dormant,High Humidity,2-IS_ND_D,2,7/23/20,2.03,0,0,0,0,0,0,0,0,0,0,0,0,0
2,B,6,Italy x Sweden,Non-Dormant,High Humidity,2-IS_ND_D,2,8/7/20,2.04,0,0,0,0,0,0,0,0,0,0,0,0,0
2,B,6,Italy x Sweden,Non-Dormant,High Humidity,2-IS_ND_D,2,8/13/20,2.05,0,0,0,0,0,0,0,0,0,0,0,0,0
2,B,6,Italy x Sweden,Non-Dormant,High Humidity,2-IS_ND_D,2,8/18/20,2.06,0,0,0,0,0,0,0,0,0,0,0,0,0
2,B,6,Italy x Sweden,Non-Dormant,High Humidity,2-IS_ND_D,2,8/25/20,2.07,0,0,0,0,0,0,0,0,0,0,0,0,0
2,B,6,Italy x Sweden,Non-Dormant,High Humidity,2-IS_ND_D,2,9/4/20,2.08,0,0,0,0,0,0,0,0,0,0,0,0,0
2,B,6,Italy x Sweden,Non-Dormant,High Humidity,2-IS_ND_D,2,9/16/20,2.09,0,0,0,0,0,0,0,0,0,0,0,0,0
2,B,6,Italy x Sweden,Non-Dormant,High Humidity,2-IS_ND_D,2,10/2/20,2.1,164,0,0,0,0,0,20,0,0,0,0,0,184
2,B,6,Italy x Sweden,Non-Dormant,High Humidity,2-IS_ND_D,2,10/19/20,2.11,0,0,0,0,0,0,0,0,0,0,0,0,0
2,B,6,Italy x Sweden,Non-Dormant,High Humidity,2-IS_ND_D,2,10/30/20,2.12,0,0,0,0,0,0,0,0,0,0,0,0,0
2,B,6,Italy x Sweden,Non-Dormant,High Humidity,2-IS_ND_D,2,11/13/20,2.13,38,3,0,0,0,0,10,20,0,0,0,0,71
2,B,6,Italy x Sweden,Non-Dormant,High Humidity,2-IS_ND_D,2,12/2/20,2.14,3,4,0,0,0,0,0,5,0,0,0,0,12
2,B,6,Italy x Sweden,Non-Dormant,High Humidity,2-IS_ND_D,2,12/17/20,2.15,2,4,0,0,0,0,2,9,0,0,0,0,17
2,B,6,Italy x Sweden,Non-Dormant,High Humidity,2-IS_ND_D,2,1/15/21,2.16,1,0,0,0,0,0,0,12,0,0,0,0,13
2,B,6,Italy x Sweden,Non-Dormant,High Humidity,2-IS_ND_D,2,2/1/21,2.17,0,0,0,0,0,0,0,5,0,0,0,0,5
2,B,6,Italy x Sweden,Non-Dormant,High Humidity,2-IS_ND_D,2,2/25/21,2.18,0,0,0,0,0,0,0,9,0,0,0,0,9
2,B,6,Italy x Sweden,Non-Dormant,High Humidity,2-IS_ND_D,2,3/8/21,2.19,0,0,0,0,0,0,0,6,5,1,0,0,12
2,B,6,Italy x Sweden,Non-Dormant,High Humidity,2-IS_ND_D,2,3/25/21,2.2,0,0,0,0,0,0,0,0,0,7,12,0,19
2,B,6,Italy x Sweden,Non-Dormant,High Humidity,2-IS_ND_D,2,4/8/21,2.21,0,0,0,0,0,0,0,0,0,2,7,0,9
2,B,6,Italy x Sweden,Non-Dormant,High Humidity,2-IS_ND_D,3,8/17/21,3.14,0,0,0,0,0,0,0,0,0,0,0,0,0
2,B,6,Italy x Sweden,Non-Dormant,High Humidity,2-IS_ND_D,3,8/25/21,3.15,0,0,0,0,0,0,0,0,0,0,0,0,0
2,B,6,Italy x Sweden,Non-Dormant,High Humidity,2-IS_ND_D,3,9/2/21,3.16,0,0,0,0,0,0,0,0,0,0,0,0,0
2,B,6,Italy x Sweden,Non-Dormant,High Humidity,2-IS_ND_D,3,9/8/21,3.17,0,0,0,0,0,0,0,0,0,0,0,0,0
2,B,6,Italy x Sweden,Non-Dormant,High Humidity,2-IS_ND_D,3,9/15/21,3.18,0,0,0,0,0,0,0,0,0,0,0,0,0
2,B,6,Italy x Sweden,Non-Dormant,High Humidity,2-IS_ND_D,3,9/22/21,3.19,0,0,0,0,0,0,0,0,0,0,0,0,0
2,B,6,Italy x Sweden,Non-Dormant,High Humidity,2-IS_ND_D,3,9/29/21,3.2,35,0,0,0,0,0,260,0,0,0,0,0,295
2,B,6,Italy x Sweden,Non-Dormant,High Humidity,2-IS_ND_D,3,10/12/21,3.21,152,41,0,0,0,0,254,122,0,0,0,0,569
2,B,6,Italy x Sweden,Non-Dormant,High Humidity,2-IS_ND_D,3,11/10/21,3.22,52,87,0,0,0,0,167,290,0,0,0,0,596
2,B,6,Italy x Sweden,Non-Dormant,High Humidity,2-IS_ND_D,3,12/17/21,3.23,3,87,0,0,0,0,1,135,0,0,0,0,226
2,B,7,Italy x Sweden,Mixed,Control,2-IS_M_C,1,6/12/19,1.01,0,0,0,0,0,0,NA,NA,NA,NA,NA,NA,0
2,B,7,Italy x Sweden,Mixed,Control,2-IS_M_C,1,6/16/19,1.02,0,0,0,0,0,0,NA,NA,NA,NA,NA,NA,0
2,B,7,Italy x Sweden,Mixed,Control,2-IS_M_C,1,6/26/19,1.03,0,0,0,0,0,0,NA,0,0,0,0,0,0
2,B,7,Italy x Sweden,Mixed,Control,2-IS_M_C,1,7/3/19,1.04,0,0,0,0,0,0,NA,0,0,0,0,0,0
2,B,7,Italy x Sweden,Mixed,Control,2-IS_M_C,1,7/10/19,1.05,NA,0,0,0,0,0,NA,0,0,0,0,0,0
2,B,7,Italy x Sweden,Mixed,Control,2-IS_M_C,1,7/17/19,1.06,0,0,0,0,0,0,NA,0,0,0,0,0,0
2,B,7,Italy x Sweden,Mixed,Control,2-IS_M_C,1,7/24/19,1.07,0,0,0,0,0,0,NA,0,0,0,0,0,0
2,B,7,Italy x Sweden,Mixed,Control,2-IS_M_C,1,7/31/19,1.08,0,0,0,0,0,0,NA,0,0,0,0,0,0
2,B,7,Italy x Sweden,Mixed,Control,2-IS_M_C,1,8/7/19,1.09,0,0,0,0,0,0,NA,0,0,0,0,0,0
2,B,7,Italy x Sweden,Mixed,Control,2-IS_M_C,1,8/15/19,1.1,0,0,0,0,0,0,NA,0,0,0,0,0,0
2,B,7,Italy x Sweden,Mixed,Control,2-IS_M_C,1,8/20/19,1.11,0,0,0,0,0,0,NA,0,0,0,0,0,0
2,B,7,Italy x Sweden,Mixed,Control,2-IS_M_C,1,8/28/19,1.12,0,0,0,0,0,0,NA,0,0,0,0,0,0
2,B,7,Italy x Sweden,Mixed,Control,2-IS_M_C,1,9/4/19,1.13,0,0,0,0,0,0,NA,0,0,0,0,0,0
2,B,7,Italy x Sweden,Mixed,Control,2-IS_M_C,1,9/11/19,1.14,0,0,0,0,0,0,NA,0,0,0,0,0,0
2,B,7,Italy x Sweden,Mixed,Control,2-IS_M_C,1,9/18/19,1.15,0,0,0,0,0,0,NA,0,0,0,0,0,0
2,B,7,Italy x Sweden,Mixed,Control,2-IS_M_C,1,9/25/19,1.16,0,0,0,0,0,0,NA,0,0,0,0,0,0
2,B,7,Italy x Sweden,Mixed,Control,2-IS_M_C,1,10/2/19,1.17,0,0,0,0,0,0,NA,0,0,0,0,0,0
2,B,7,Italy x Sweden,Mixed,Control,2-IS_M_C,1,10/9/19,1.18,0,0,0,0,0,0,NA,0,0,0,0,0,0
2,B,7,Italy x Sweden,Mixed,Control,2-IS_M_C,1,10/18/19,1.19,0,0,0,0,0,0,NA,NA,NA,NA,NA,0,0
2,B,7,Italy x Sweden,Mixed,Control,2-IS_M_C,1,10/23/19,1.2,3,0,0,0,0,0,NA,NA,NA,NA,NA,0,3
2,B,7,Italy x Sweden,Mixed,Control,2-IS_M_C,1,11/6/19,1.22,3,0,0,0,0,0,NA,NA,NA,NA,NA,0,3
2,B,7,Italy x Sweden,Mixed,Control,2-IS_M_C,1,11/20/19,1.23,0,4,0,0,0,0,NA,NA,NA,NA,NA,0,4
2,B,7,Italy x Sweden,Mixed,Control,2-IS_M_C,1,12/4/19,1.24,2,4,0,0,0,0,NA,NA,NA,NA,NA,0,6
2,B,7,Italy x Sweden,Mixed,Control,2-IS_M_C,1,12/20/19,1.25,1,11,0,0,0,0,NA,20,0,0,0,0,32
2,B,7,Italy x Sweden,Mixed,Control,2-IS_M_C,1,2/10/20,1.26,0,5,0,1,0,0,NA,NA,0,3,0,0,9
2,B,7,Italy x Sweden,Mixed,Control,2-IS_M_C,1,3/2/20,1.27,0,1,3,2,2,0,NA,NA,0,3,41,0,52
2,B,7,Italy x Sweden,Mixed,Control,2-IS_M_C,1,5/5/20,1.29,0,0,0,0,0,14,NA,0,0,0,0,22,36
2,B,7,Italy x Sweden,Mixed,Control,2-IS_M_C,2,5/27/20,2.01,2,0,0,0,0,0,3,0,0,0,0,0,5
2,B,7,Italy x Sweden,Mixed,Control,2-IS_M_C,2,6/4/20,2.02,0,0,0,0,0,0,0,0,0,0,0,0,0
2,B,7,Italy x Sweden,Mixed,Control,2-IS_M_C,2,7/23/20,2.03,0,0,0,0,0,0,0,0,0,0,0,0,0
2,B,7,Italy x Sweden,Mixed,Control,2-IS_M_C,2,8/7/20,2.04,0,0,0,0,0,0,0,0,0,0,0,0,0
2,B,7,Italy x Sweden,Mixed,Control,2-IS_M_C,2,8/13/20,2.05,0,0,0,0,0,0,0,0,0,0,0,0,0
2,B,7,Italy x Sweden,Mixed,Control,2-IS_M_C,2,8/18/20,2.06,0,0,0,0,0,0,0,0,0,0,0,0,0
2,B,7,Italy x Sweden,Mixed,Control,2-IS_M_C,2,8/25/20,2.07,0,0,0,0,0,0,0,0,0,0,0,0,0
2,B,7,Italy x Sweden,Mixed,Control,2-IS_M_C,2,9/4/20,2.08,0,0,0,0,0,0,10,0,0,0,0,0,10
2,B,7,Italy x Sweden,Mixed,Control,2-IS_M_C,2,9/16/20,2.09,35,0,0,0,0,0,10,0,0,0,0,0,45
2,B,7,Italy x Sweden,Mixed,Control,2-IS_M_C,2,10/2/20,2.1,0,0,0,0,0,0,0,0,0,0,0,0,0
2,B,7,Italy x Sweden,Mixed,Control,2-IS_M_C,2,10/19/20,2.11,16,0,0,0,0,0,0,0,0,0,0,0,16
2,B,7,Italy x Sweden,Mixed,Control,2-IS_M_C,2,10/30/20,2.12,0,0,0,0,0,0,0,0,0,0,0,0,0
2,B,7,Italy x Sweden,Mixed,Control,2-IS_M_C,2,11/13/20,2.13,0,0,0,0,0,0,0,0,0,0,0,0,0
2,B,7,Italy x Sweden,Mixed,Control,2-IS_M_C,2,12/2/20,2.14,0,0,0,0,0,0,0,0,0,0,0,0,0
2,B,7,Italy x Sweden,Mixed,Control,2-IS_M_C,2,12/17/20,2.15,0,0,0,0,0,0,0,0,0,0,0,0,0
2,B,7,Italy x Sweden,Mixed,Control,2-IS_M_C,2,1/15/21,2.16,0,0,0,0,0,0,0,0,0,0,0,0,0
2,B,7,Italy x Sweden,Mixed,Control,2-IS_M_C,2,2/1/21,2.17,0,0,0,0,0,0,0,0,0,0,0,0,0
2,B,7,Italy x Sweden,Mixed,Control,2-IS_M_C,2,2/25/21,2.18,0,0,0,0,0,0,0,0,0,0,0,0,0
2,B,7,Italy x Sweden,Mixed,Control,2-IS_M_C,2,3/8/21,2.19,0,0,0,0,0,0,0,0,0,0,0,0,0
2,B,7,Italy x Sweden,Mixed,Control,2-IS_M_C,2,3/25/21,2.2,0,0,0,0,0,0,0,0,0,2,5,0,7
2,B,7,Italy x Sweden,Mixed,Control,2-IS_M_C,2,4/8/21,2.21,0,0,0,0,0,0,0,0,0,0,6,0,6
2,B,7,Italy x Sweden,Mixed,Control,2-IS_M_C,3,8/17/21,3.14,0,0,0,0,0,0,0,0,0,0,0,0,0
2,B,7,Italy x Sweden,Mixed,Control,2-IS_M_C,3,8/25/21,3.15,0,0,0,0,0,0,0,0,0,0,0,0,0
2,B,7,Italy x Sweden,Mixed,Control,2-IS_M_C,3,9/2/21,3.16,0,0,0,0,0,0,0,0,0,0,0,0,0
2,B,7,Italy x Sweden,Mixed,Control,2-IS_M_C,3,9/8/21,3.17,0,0,0,0,0,0,0,0,0,0,0,0,0
2,B,7,Italy x Sweden,Mixed,Control,2-IS_M_C,3,9/15/21,3.18,0,0,0,0,0,0,0,0,0,0,0,0,0
2,B,7,Italy x Sweden,Mixed,Control,2-IS_M_C,3,9/22/21,3.19,0,0,0,0,0,0,0,0,0,0,0,0,0
2,B,7,Italy x Sweden,Mixed,Control,2-IS_M_C,3,9/29/21,3.2,179,0,0,0,0,0,306,0,0,0,0,0,485
2,B,7,Italy x Sweden,Mixed,Control,2-IS_M_C,3,10/12/21,3.21,138,29,0,0,0,0,251,101,0,0,0,0,519
2,B,7,Italy x Sweden,Mixed,Control,2-IS_M_C,3,11/10/21,3.22,22,46,0,0,0,0,29,83,0,0,0,0,180
2,B,7,Italy x Sweden,Mixed,Control,2-IS_M_C,3,12/17/21,3.23,2,48,0,0,0,0,7,240,0,0,0,0,297
2,B,8,Germany x Tajikistan,Non-Dormant,Control,2-BS_ND_C,1,6/12/19,1.01,NA,NA,NA,NA,NA,NA,NA,NA,NA,NA,NA,NA,NA
2,B,8,Germany x Tajikistan,Non-Dormant,Control,2-BS_ND_C,1,6/16/19,1.02,NA,NA,NA,NA,NA,NA,NA,NA,NA,NA,NA,NA,NA
2,B,8,Germany x Tajikistan,Non-Dormant,Control,2-BS_ND_C,1,6/26/19,1.03,NA,NA,NA,NA,NA,NA,NA,NA,NA,NA,NA,NA,NA
2,B,8,Germany x Tajikistan,Non-Dormant,Control,2-BS_ND_C,1,7/3/19,1.04,NA,NA,NA,NA,NA,NA,NA,NA,NA,NA,NA,NA,NA
2,B,8,Germany x Tajikistan,Non-Dormant,Control,2-BS_ND_C,1,7/10/19,1.05,NA,NA,NA,NA,NA,NA,NA,NA,NA,NA,NA,NA,NA
2,B,8,Germany x Tajikistan,Non-Dormant,Control,2-BS_ND_C,1,7/17/19,1.06,0,0,0,0,0,0,NA,0,0,0,0,0,0
2,B,8,Germany x Tajikistan,Non-Dormant,Control,2-BS_ND_C,1,7/24/19,1.07,0,0,0,0,0,0,NA,0,0,0,0,0,0
2,B,8,Germany x Tajikistan,Non-Dormant,Control,2-BS_ND_C,1,7/31/19,1.08,0,0,0,0,0,0,NA,0,0,0,0,0,0
2,B,8,Germany x Tajikistan,Non-Dormant,Control,2-BS_ND_C,1,8/7/19,1.09,0,0,0,0,0,0,NA,0,0,0,0,0,0
2,B,8,Germany x Tajikistan,Non-Dormant,Control,2-BS_ND_C,1,8/15/19,1.1,0,0,0,0,0,0,NA,0,0,0,0,0,0
2,B,8,Germany x Tajikistan,Non-Dormant,Control,2-BS_ND_C,1,8/20/19,1.11,0,0,0,0,0,0,NA,0,0,0,0,0,0
2,B,8,Germany x Tajikistan,Non-Dormant,Control,2-BS_ND_C,1,8/28/19,1.12,0,0,0,0,0,0,NA,0,0,0,0,0,0
2,B,8,Germany x Tajikistan,Non-Dormant,Control,2-BS_ND_C,1,9/4/19,1.13,0,0,0,0,0,0,NA,0,0,0,0,0,0
2,B,8,Germany x Tajikistan,Non-Dormant,Control,2-BS_ND_C,1,9/11/19,1.14,0,0,0,0,0,0,NA,0,0,0,0,0,0
2,B,8,Germany x Tajikistan,Non-Dormant,Control,2-BS_ND_C,1,9/18/19,1.15,0,0,0,0,0,0,NA,0,0,0,0,0,0
2,B,8,Germany x Tajikistan,Non-Dormant,Control,2-BS_ND_C,1,9/25/19,1.16,0,0,0,0,0,0,NA,0,0,0,0,0,0
2,B,8,Germany x Tajikistan,Non-Dormant,Control,2-BS_ND_C,1,10/2/19,1.17,0,0,0,0,0,0,NA,0,0,0,0,0,0
2,B,8,Germany x Tajikistan,Non-Dormant,Control,2-BS_ND_C,1,10/9/19,1.18,0,0,0,0,0,0,NA,0,0,0,0,0,0
2,B,8,Germany x Tajikistan,Non-Dormant,Control,2-BS_ND_C,1,10/18/19,1.19,0,0,0,0,0,0,NA,NA,NA,NA,NA,0,0
2,B,8,Germany x Tajikistan,Non-Dormant,Control,2-BS_ND_C,1,10/23/19,1.2,3,0,0,0,0,0,NA,NA,NA,NA,NA,0,3
2,B,8,Germany x Tajikistan,Non-Dormant,Control,2-BS_ND_C,1,11/6/19,1.22,0,0,0,0,0,0,NA,NA,NA,NA,NA,0,0
2,B,8,Germany x Tajikistan,Non-Dormant,Control,2-BS_ND_C,1,11/20/19,1.23,0,0,0,0,0,0,NA,NA,NA,NA,NA,0,0
2,B,8,Germany x Tajikistan,Non-Dormant,Control,2-BS_ND_C,1,12/4/19,1.24,1,1,0,0,0,0,NA,NA,NA,NA,NA,0,2
2,B,8,Germany x Tajikistan,Non-Dormant,Control,2-BS_ND_C,1,12/20/19,1.25,0,0,0,0,0,0,NA,0,0,0,0,0,0
2,B,8,Germany x Tajikistan,Non-Dormant,Control,2-BS_ND_C,1,2/10/20,1.26,0,0,0,0,0,0,NA,NA,0,0,0,0,0
2,B,8,Germany x Tajikistan,Non-Dormant,Control,2-BS_ND_C,1,3/2/20,1.27,0,0,0,0,0,0,NA,NA,0,0,0,0,0
2,B,8,Germany x Tajikistan,Non-Dormant,Control,2-BS_ND_C,1,5/5/20,1.29,0,0,0,0,0,0,NA,0,0,0,0,0,0
2,B,8,Germany x Tajikistan,Non-Dormant,Control,2-BS_ND_C,2,5/27/20,2.01,0,0,0,0,0,0,0,0,0,0,0,0,0
2,B,8,Germany x Tajikistan,Non-Dormant,Control,2-BS_ND_C,2,6/4/20,2.02,0,0,0,0,0,0,0,0,0,0,0,0,0
2,B,8,Germany x Tajikistan,Non-Dormant,Control,2-BS_ND_C,2,7/23/20,2.03,0,0,0,0,0,0,0,0,0,0,0,0,0
2,B,8,Germany x Tajikistan,Non-Dormant,Control,2-BS_ND_C,2,8/7/20,2.04,0,0,0,0,0,0,0,0,0,0,0,0,0
2,B,8,Germany x Tajikistan,Non-Dormant,Control,2-BS_ND_C,2,8/13/20,2.05,0,0,0,0,0,0,0,0,0,0,0,0,0
2,B,8,Germany x Tajikistan,Non-Dormant,Control,2-BS_ND_C,2,8/18/20,2.06,0,0,0,0,0,0,0,0,0,0,0,0,0
2,B,8,Germany x Tajikistan,Non-Dormant,Control,2-BS_ND_C,2,8/25/20,2.07,0,0,0,0,0,0,0,0,0,0,0,0,0
2,B,8,Germany x Tajikistan,Non-Dormant,Control,2-BS_ND_C,2,9/4/20,2.08,26,0,0,0,0,0,30,0,0,0,0,0,56
2,B,8,Germany x Tajikistan,Non-Dormant,Control,2-BS_ND_C,2,9/16/20,2.09,45,0,0,0,0,0,30,0,0,0,0,0,75
2,B,8,Germany x Tajikistan,Non-Dormant,Control,2-BS_ND_C,2,10/2/20,2.1,0,0,0,0,0,0,0,0,0,0,0,0,0
2,B,8,Germany x Tajikistan,Non-Dormant,Control,2-BS_ND_C,2,10/19/20,2.11,0,0,0,0,0,0,0,0,0,0,0,0,0
2,B,8,Germany x Tajikistan,Non-Dormant,Control,2-BS_ND_C,2,10/30/20,2.12,0,0,0,0,0,0,0,0,0,0,0,0,0
2,B,8,Germany x Tajikistan,Non-Dormant,Control,2-BS_ND_C,2,11/13/20,2.13,0,0,0,0,0,0,0,0,0,0,0,0,0
2,B,8,Germany x Tajikistan,Non-Dormant,Control,2-BS_ND_C,2,12/2/20,2.14,0,0,0,0,0,0,0,0,0,0,0,0,0
2,B,8,Germany x Tajikistan,Non-Dormant,Control,2-BS_ND_C,2,12/17/20,2.15,0,0,0,0,0,0,0,0,0,0,0,0,0
2,B,8,Germany x Tajikistan,Non-Dormant,Control,2-BS_ND_C,2,1/15/21,2.16,0,0,0,0,0,0,0,0,0,0,0,0,0
2,B,8,Germany x Tajikistan,Non-Dormant,Control,2-BS_ND_C,2,2/1/21,2.17,0,0,0,0,0,0,0,0,0,0,0,0,0
2,B,8,Germany x Tajikistan,Non-Dormant,Control,2-BS_ND_C,2,2/25/21,2.18,0,0,0,0,0,0,0,0,0,0,0,0,0
2,B,8,Germany x Tajikistan,Non-Dormant,Control,2-BS_ND_C,2,3/8/21,2.19,0,0,0,0,0,0,0,0,0,0,0,0,0
2,B,8,Germany x Tajikistan,Non-Dormant,Control,2-BS_ND_C,2,3/25/21,2.2,0,0,0,0,0,0,0,0,0,0,0,0,0
2,B,8,Germany x Tajikistan,Non-Dormant,Control,2-BS_ND_C,2,4/8/21,2.21,0,0,0,0,0,0,0,0,0,0,0,0,0
2,B,8,Germany x Tajikistan,Non-Dormant,Control,2-BS_ND_C,3,8/17/21,3.14,0,0,0,0,0,0,0,0,0,0,0,0,0
2,B,8,Germany x Tajikistan,Non-Dormant,Control,2-BS_ND_C,3,8/25/21,3.15,0,0,0,0,0,0,0,0,0,0,0,0,0
2,B,8,Germany x Tajikistan,Non-Dormant,Control,2-BS_ND_C,3,9/2/21,3.16,0,0,0,0,0,0,0,0,0,0,0,0,0
2,B,8,Germany x Tajikistan,Non-Dormant,Control,2-BS_ND_C,3,9/8/21,3.17,0,0,0,0,0,0,0,0,0,0,0,0,0
2,B,8,Germany x Tajikistan,Non-Dormant,Control,2-BS_ND_C,3,9/15/21,3.18,0,0,0,0,0,0,0,0,0,0,0,0,0
2,B,8,Germany x Tajikistan,Non-Dormant,Control,2-BS_ND_C,3,9/22/21,3.19,0,0,0,0,0,0,0,0,0,0,0,0,0
2,B,8,Germany x Tajikistan,Non-Dormant,Control,2-BS_ND_C,3,9/29/21,3.2,0,0,0,0,0,0,0,0,0,0,0,0,0
2,B,8,Germany x Tajikistan,Non-Dormant,Control,2-BS_ND_C,3,10/12/21,3.21,0,0,0,0,0,0,0,0,0,0,0,0,0
2,B,8,Germany x Tajikistan,Non-Dormant,Control,2-BS_ND_C,3,11/10/21,3.22,0,0,0,0,0,0,0,0,0,0,0,0,0
2,B,8,Germany x Tajikistan,Non-Dormant,Control,2-BS_ND_C,3,12/17/21,3.23,0,0,0,0,0,0,0,0,0,0,0,0,0
3,B,9,UK x USA,Mixed,Control,3-TC_M_C,1,6/12/19,1.01,NA,NA,NA,NA,NA,NA,NA,NA,NA,NA,NA,NA,NA
3,B,9,UK x USA,Mixed,Control,3-TC_M_C,1,6/16/19,1.02,NA,NA,NA,NA,NA,NA,NA,NA,NA,NA,NA,NA,NA
3,B,9,UK x USA,Mixed,Control,3-TC_M_C,1,6/26/19,1.03,NA,NA,NA,NA,NA,NA,NA,NA,NA,NA,NA,NA,NA
3,B,9,UK x USA,Mixed,Control,3-TC_M_C,1,7/3/19,1.04,NA,NA,NA,NA,NA,NA,NA,NA,NA,NA,NA,NA,NA
3,B,9,UK x USA,Mixed,Control,3-TC_M_C,1,7/10/19,1.05,NA,NA,NA,NA,NA,NA,NA,NA,NA,NA,NA,NA,NA
3,B,9,UK x USA,Mixed,Control,3-TC_M_C,1,7/17/19,1.06,0,0,0,0,0,0,NA,0,0,0,0,0,0
3,B,9,UK x USA,Mixed,Control,3-TC_M_C,1,7/24/19,1.07,0,0,0,0,0,0,NA,0,0,0,0,0,0
3,B,9,UK x USA,Mixed,Control,3-TC_M_C,1,7/31/19,1.08,0,0,0,0,0,0,NA,0,0,0,0,0,0
3,B,9,UK x USA,Mixed,Control,3-TC_M_C,1,8/7/19,1.09,0,0,0,0,0,0,NA,0,0,0,0,0,0
3,B,9,UK x USA,Mixed,Control,3-TC_M_C,1,8/15/19,1.1,0,0,0,0,0,0,NA,0,0,0,0,0,0
3,B,9,UK x USA,Mixed,Control,3-TC_M_C,1,8/20/19,1.11,0,0,0,0,0,0,NA,0,0,0,0,0,0
3,B,9,UK x USA,Mixed,Control,3-TC_M_C,1,8/28/19,1.12,0,0,0,0,0,0,NA,0,0,0,0,0,0
3,B,9,UK x USA,Mixed,Control,3-TC_M_C,1,9/4/19,1.13,0,0,0,0,0,0,NA,0,0,0,0,0,0
3,B,9,UK x USA,Mixed,Control,3-TC_M_C,1,9/11/19,1.14,0,0,0,0,0,0,NA,0,0,0,0,0,0
3,B,9,UK x USA,Mixed,Control,3-TC_M_C,1,9/18/19,1.15,0,0,0,0,0,0,NA,0,0,0,0,0,0
3,B,9,UK x USA,Mixed,Control,3-TC_M_C,1,9/25/19,1.16,0,0,0,0,0,0,NA,0,0,0,0,0,0
3,B,9,UK x USA,Mixed,Control,3-TC_M_C,1,10/2/19,1.17,0,0,0,0,0,0,NA,0,0,0,0,0,0
3,B,9,UK x USA,Mixed,Control,3-TC_M_C,1,10/9/19,1.18,0,0,0,0,0,0,NA,0,0,0,0,0,0
3,B,9,UK x USA,Mixed,Control,3-TC_M_C,1,10/18/19,1.19,0,0,0,0,0,0,NA,NA,NA,NA,NA,0,0
3,B,9,UK x USA,Mixed,Control,3-TC_M_C,1,10/23/19,1.2,9,0,0,0,0,0,NA,NA,NA,NA,NA,0,9
3,B,9,UK x USA,Mixed,Control,3-TC_M_C,1,11/6/19,1.22,0,0,0,0,0,0,NA,NA,NA,NA,NA,0,0
3,B,9,UK x USA,Mixed,Control,3-TC_M_C,1,11/20/19,1.23,0,0,0,0,0,0,NA,NA,NA,NA,NA,0,0
3,B,9,UK x USA,Mixed,Control,3-TC_M_C,1,12/4/19,1.24,0,0,0,0,0,0,NA,NA,NA,NA,NA,0,0
3,B,9,UK x USA,Mixed,Control,3-TC_M_C,1,12/20/19,1.25,0,0,0,0,0,0,NA,1,0,0,0,0,1
3,B,9,UK x USA,Mixed,Control,3-TC_M_C,1,2/10/20,1.26,0,0,0,0,0,0,NA,NA,0,0,0,0,0
3,B,9,UK x USA,Mixed,Control,3-TC_M_C,1,3/2/20,1.27,0,0,0,0,0,0,NA,NA,0,0,0,0,0
3,B,9,UK x USA,Mixed,Control,3-TC_M_C,1,5/5/20,1.29,0,0,0,0,0,0,NA,0,0,0,0,1,1
3,B,9,UK x USA,Mixed,Control,3-TC_M_C,2,5/27/20,2.01,0,0,0,0,0,0,0,0,0,0,0,0,0
3,B,9,UK x USA,Mixed,Control,3-TC_M_C,2,6/4/20,2.02,0,0,0,0,0,0,0,0,0,0,0,0,0
3,B,9,UK x USA,Mixed,Control,3-TC_M_C,2,7/23/20,2.03,0,0,0,0,0,0,0,0,0,0,0,0,0
3,B,9,UK x USA,Mixed,Control,3-TC_M_C,2,8/7/20,2.04,0,0,0,0,0,0,0,0,0,0,0,0,0
3,B,9,UK x USA,Mixed,Control,3-TC_M_C,2,8/13/20,2.05,0,0,0,0,0,0,0,0,0,0,0,0,0
3,B,9,UK x USA,Mixed,Control,3-TC_M_C,2,8/18/20,2.06,0,0,0,0,0,0,0,0,0,0,0,0,0
3,B,9,UK x USA,Mixed,Control,3-TC_M_C,2,8/25/20,2.07,0,0,0,0,0,0,0,0,0,0,0,0,0
3,B,9,UK x USA,Mixed,Control,3-TC_M_C,2,9/4/20,2.08,0,0,0,0,0,0,0,0,0,0,0,0,0
3,B,9,UK x USA,Mixed,Control,3-TC_M_C,2,9/16/20,2.09,13,0,0,0,0,0,3,0,0,0,0,0,16
3,B,9,UK x USA,Mixed,Control,3-TC_M_C,2,10/2/20,2.1,0,0,0,0,0,0,0,0,0,0,0,0,0
3,B,9,UK x USA,Mixed,Control,3-TC_M_C,2,10/19/20,2.11,0,0,0,0,0,0,0,0,0,0,0,0,0
3,B,9,UK x USA,Mixed,Control,3-TC_M_C,2,10/30/20,2.12,0,0,0,0,0,0,0,0,0,0,0,0,0
3,B,9,UK x USA,Mixed,Control,3-TC_M_C,2,11/13/20,2.13,0,0,0,0,0,0,0,0,0,0,0,0,0
3,B,9,UK x USA,Mixed,Control,3-TC_M_C,2,12/2/20,2.14,0,0,0,0,0,0,0,0,0,0,0,0,0
3,B,9,UK x USA,Mixed,Control,3-TC_M_C,2,12/17/20,2.15,0,0,0,0,0,0,0,0,0,0,0,0,0
3,B,9,UK x USA,Mixed,Control,3-TC_M_C,2,1/15/21,2.16,0,0,0,0,0,0,0,0,0,0,0,0,0
3,B,9,UK x USA,Mixed,Control,3-TC_M_C,2,2/1/21,2.17,0,0,0,0,0,0,0,0,0,0,0,0,0
3,B,9,UK x USA,Mixed,Control,3-TC_M_C,2,2/25/21,2.18,0,0,0,0,0,0,0,2,0,0,0,0,2
3,B,9,UK x USA,Mixed,Control,3-TC_M_C,2,3/8/21,2.19,0,0,0,0,0,0,0,2,0,0,0,0,2
3,B,9,UK x USA,Mixed,Control,3-TC_M_C,2,3/25/21,2.2,0,0,0,0,0,0,0,0,0,1,0,0,1
3,B,9,UK x USA,Mixed,Control,3-TC_M_C,2,4/8/21,2.21,0,0,0,0,0,0,0,0,0,0,4,0,4
3,B,9,UK x USA,Mixed,Control,3-TC_M_C,3,8/17/21,3.14,0,0,0,0,0,0,0,0,0,0,0,0,0
3,B,9,UK x USA,Mixed,Control,3-TC_M_C,3,8/25/21,3.15,0,0,0,0,0,0,0,0,0,0,0,0,0
3,B,9,UK x USA,Mixed,Control,3-TC_M_C,3,9/2/21,3.16,0,0,0,0,0,0,0,0,0,0,0,0,0
3,B,9,UK x USA,Mixed,Control,3-TC_M_C,3,9/8/21,3.17,0,0,0,0,0,0,0,0,0,0,0,0,0
3,B,9,UK x USA,Mixed,Control,3-TC_M_C,3,9/15/21,3.18,0,0,0,0,0,0,0,0,0,0,0,0,0
3,B,9,UK x USA,Mixed,Control,3-TC_M_C,3,9/22/21,3.19,0,0,0,0,0,0,0,0,0,0,0,0,0
3,B,9,UK x USA,Mixed,Control,3-TC_M_C,3,9/29/21,3.2,3,0,0,0,0,0,22,0,0,0,0,0,25
3,B,9,UK x USA,Mixed,Control,3-TC_M_C,3,10/13/21,3.21,3,0,0,0,0,0,7,4,0,0,0,0,14
3,B,9,UK x USA,Mixed,Control,3-TC_M_C,3,11/10/21,3.22,0,0,0,0,0,0,0,0,0,0,0,0,0
3,B,9,UK x USA,Mixed,Control,3-TC_M_C,3,12/17/21,3.23,0,0,0,0,0,0,0,0,0,0,0,0,0
3,B,10,UK x USA,Non-Dormant,Control,3-TC_ND_C,1,6/12/19,1.01,NA,NA,NA,NA,NA,NA,NA,NA,NA,NA,NA,NA,NA
3,B,10,UK x USA,Non-Dormant,Control,3-TC_ND_C,1,6/16/19,1.02,NA,NA,NA,NA,NA,NA,NA,NA,NA,NA,NA,NA,NA
3,B,10,UK x USA,Non-Dormant,Control,3-TC_ND_C,1,6/26/19,1.03,NA,NA,NA,NA,NA,NA,NA,NA,NA,NA,NA,NA,NA
3,B,10,UK x USA,Non-Dormant,Control,3-TC_ND_C,1,7/3/19,1.04,NA,NA,NA,NA,NA,NA,NA,NA,NA,NA,NA,NA,NA
3,B,10,UK x USA,Non-Dormant,Control,3-TC_ND_C,1,7/10/19,1.05,NA,NA,NA,NA,NA,NA,NA,NA,NA,NA,NA,NA,NA
3,B,10,UK x USA,Non-Dormant,Control,3-TC_ND_C,1,7/17/19,1.06,0,0,0,0,0,0,NA,0,0,0,0,0,0
3,B,10,UK x USA,Non-Dormant,Control,3-TC_ND_C,1,7/24/19,1.07,0,0,0,0,0,0,NA,0,0,0,0,0,0
3,B,10,UK x USA,Non-Dormant,Control,3-TC_ND_C,1,7/31/19,1.08,0,0,0,0,0,0,NA,0,0,0,0,0,0
3,B,10,UK x USA,Non-Dormant,Control,3-TC_ND_C,1,8/7/19,1.09,0,0,0,0,0,0,NA,0,0,0,0,0,0
3,B,10,UK x USA,Non-Dormant,Control,3-TC_ND_C,1,8/15/19,1.1,0,0,0,0,0,0,NA,0,0,0,0,0,0
3,B,10,UK x USA,Non-Dormant,Control,3-TC_ND_C,1,8/20/19,1.11,0,0,0,0,0,0,NA,0,0,0,0,0,0
3,B,10,UK x USA,Non-Dormant,Control,3-TC_ND_C,1,8/28/19,1.12,0,0,0,0,0,0,NA,0,0,0,0,0,0
3,B,10,UK x USA,Non-Dormant,Control,3-TC_ND_C,1,9/4/19,1.13,0,0,0,0,0,0,NA,0,0,0,0,0,0
3,B,10,UK x USA,Non-Dormant,Control,3-TC_ND_C,1,9/11/19,1.14,0,0,0,0,0,0,NA,0,0,0,0,0,0
3,B,10,UK x USA,Non-Dormant,Control,3-TC_ND_C,1,9/18/19,1.15,0,0,0,0,0,0,NA,0,0,0,0,0,0
3,B,10,UK x USA,Non-Dormant,Control,3-TC_ND_C,1,9/25/19,1.16,0,0,0,0,0,0,NA,0,0,0,0,0,0
3,B,10,UK x USA,Non-Dormant,Control,3-TC_ND_C,1,10/2/19,1.17,0,0,0,0,0,0,NA,0,0,0,0,0,0
3,B,10,UK x USA,Non-Dormant,Control,3-TC_ND_C,1,10/9/19,1.18,0,0,0,0,0,0,NA,0,0,0,0,0,0
3,B,10,UK x USA,Non-Dormant,Control,3-TC_ND_C,1,10/18/19,1.19,0,0,0,0,0,0,NA,NA,NA,NA,NA,0,0
3,B,10,UK x USA,Non-Dormant,Control,3-TC_ND_C,1,10/23/19,1.2,1,0,0,0,0,0,NA,NA,NA,NA,NA,0,1
3,B,10,UK x USA,Non-Dormant,Control,3-TC_ND_C,1,11/6/19,1.22,0,0,0,0,0,0,NA,NA,NA,NA,NA,0,0
3,B,10,UK x USA,Non-Dormant,Control,3-TC_ND_C,1,11/20/19,1.23,0,0,0,0,0,0,NA,NA,NA,NA,NA,0,0
3,B,10,UK x USA,Non-Dormant,Control,3-TC_ND_C,1,12/4/19,1.24,0,0,0,0,0,0,NA,NA,NA,NA,NA,0,0
3,B,10,UK x USA,Non-Dormant,Control,3-TC_ND_C,1,12/20/19,1.25,0,0,0,0,0,0,NA,0,0,0,0,0,0
3,B,10,UK x USA,Non-Dormant,Control,3-TC_ND_C,1,2/10/20,1.26,0,0,0,0,0,0,NA,NA,0,0,0,0,0
3,B,10,UK x USA,Non-Dormant,Control,3-TC_ND_C,1,3/2/20,1.27,0,0,0,0,0,0,NA,NA,0,0,0,0,0
3,B,10,UK x USA,Non-Dormant,Control,3-TC_ND_C,1,5/5/20,1.29,0,0,0,0,0,0,NA,0,0,0,0,0,0
3,B,10,UK x USA,Non-Dormant,Control,3-TC_ND_C,2,5/27/20,2.01,0,0,0,0,0,0,0,0,0,0,0,0,0
3,B,10,UK x USA,Non-Dormant,Control,3-TC_ND_C,2,6/4/20,2.02,0,0,0,0,0,0,0,0,0,0,0,0,0
3,B,10,UK x USA,Non-Dormant,Control,3-TC_ND_C,2,7/23/20,2.03,0,0,0,0,0,0,0,0,0,0,0,0,0
3,B,10,UK x USA,Non-Dormant,Control,3-TC_ND_C,2,8/7/20,2.04,0,0,0,0,0,0,0,0,0,0,0,0,0
3,B,10,UK x USA,Non-Dormant,Control,3-TC_ND_C,2,8/13/20,2.05,0,0,0,0,0,0,0,0,0,0,0,0,0
3,B,10,UK x USA,Non-Dormant,Control,3-TC_ND_C,2,8/18/20,2.06,0,0,0,0,0,0,0,0,0,0,0,0,0
3,B,10,UK x USA,Non-Dormant,Control,3-TC_ND_C,2,8/25/20,2.07,0,0,0,0,0,0,0,0,0,0,0,0,0
3,B,10,UK x USA,Non-Dormant,Control,3-TC_ND_C,2,9/4/20,2.08,0,0,0,0,0,0,0,0,0,0,0,0,0
3,B,10,UK x USA,Non-Dormant,Control,3-TC_ND_C,2,9/16/20,2.09,0,0,0,0,0,0,0,0,0,0,0,0,0
3,B,10,UK x USA,Non-Dormant,Control,3-TC_ND_C,2,10/2/20,2.1,0,0,0,0,0,0,0,0,0,0,0,0,0
3,B,10,UK x USA,Non-Dormant,Control,3-TC_ND_C,2,10/19/20,2.11,0,0,0,0,0,0,0,0,0,0,0,0,0
3,B,10,UK x USA,Non-Dormant,Control,3-TC_ND_C,2,10/30/20,2.12,0,0,0,0,0,0,0,0,0,0,0,0,0
3,B,10,UK x USA,Non-Dormant,Control,3-TC_ND_C,2,11/13/20,2.13,0,0,0,0,0,0,0,0,0,0,0,0,0
3,B,10,UK x USA,Non-Dormant,Control,3-TC_ND_C,2,12/2/20,2.14,0,0,0,0,0,0,0,0,0,0,0,0,0
3,B,10,UK x USA,Non-Dormant,Control,3-TC_ND_C,2,12/17/20,2.15,0,0,0,0,0,0,0,0,0,0,0,0,0
3,B,10,UK x USA,Non-Dormant,Control,3-TC_ND_C,2,1/15/21,2.16,0,0,0,0,0,0,0,0,0,0,0,0,0
3,B,10,UK x USA,Non-Dormant,Control,3-TC_ND_C,2,2/1/21,2.17,0,0,0,0,0,0,0,0,0,0,0,0,0
3,B,10,UK x USA,Non-Dormant,Control,3-TC_ND_C,2,2/25/21,2.18,0,0,0,0,0,0,0,0,0,0,0,0,0
3,B,10,UK x USA,Non-Dormant,Control,3-TC_ND_C,2,3/8/21,2.19,0,0,0,0,0,0,0,0,0,0,0,0,0
3,B,10,UK x USA,Non-Dormant,Control,3-TC_ND_C,2,3/25/21,2.2,0,0,0,0,0,0,0,0,0,0,0,0,0
3,B,10,UK x USA,Non-Dormant,Control,3-TC_ND_C,2,4/8/21,2.21,0,0,0,0,0,0,0,0,0,0,0,0,0
3,B,10,UK x USA,Non-Dormant,Control,3-TC_ND_C,3,8/17/21,3.14,0,0,0,0,0,0,0,0,0,0,0,0,0
3,B,10,UK x USA,Non-Dormant,Control,3-TC_ND_C,3,8/25/21,3.15,0,0,0,0,0,0,0,0,0,0,0,0,0
3,B,10,UK x USA,Non-Dormant,Control,3-TC_ND_C,3,9/2/21,3.16,0,0,0,0,0,0,0,0,0,0,0,0,0
3,B,10,UK x USA,Non-Dormant,Control,3-TC_ND_C,3,9/8/21,3.17,0,0,0,0,0,0,0,0,0,0,0,0,0
3,B,10,UK x USA,Non-Dormant,Control,3-TC_ND_C,3,9/15/21,3.18,0,0,0,0,0,0,0,0,0,0,0,0,0
3,B,10,UK x USA,Non-Dormant,Control,3-TC_ND_C,3,9/22/21,3.19,0,0,0,0,0,0,0,0,0,0,0,0,0
3,B,10,UK x USA,Non-Dormant,Control,3-TC_ND_C,3,9/29/21,3.2,3,0,0,0,0,0,2,0,0,0,0,0,5
3,B,10,UK x USA,Non-Dormant,Control,3-TC_ND_C,3,10/13/21,3.21,0,0,0,0,0,0,1,0,0,0,0,0,1
3,B,10,UK x USA,Non-Dormant,Control,3-TC_ND_C,3,11/10/21,3.22,0,1,0,0,0,0,0,1,0,0,0,0,2
3,B,10,UK x USA,Non-Dormant,Control,3-TC_ND_C,3,12/17/21,3.23,0,0,0,0,0,0,0,0,0,0,0,0,0
3,B,11,Italy x Sweden,Non-Dormant,Native Soil,3-IS-ND-Soil,1,6/12/19,1.01,0,0,0,0,0,0,NA,NA,NA,NA,NA,NA,0
3,B,11,Italy x Sweden,Non-Dormant,Native Soil,3-IS-ND-Soil,1,6/16/19,1.02,0,0,0,0,0,0,NA,NA,NA,NA,NA,NA,0
3,B,11,Italy x Sweden,Non-Dormant,Native Soil,3-IS-ND-Soil,1,6/26/19,1.03,0,0,0,0,0,0,NA,0,0,0,0,0,0
3,B,11,Italy x Sweden,Non-Dormant,Native Soil,3-IS-ND-Soil,1,7/3/19,1.04,0,0,0,0,0,0,NA,0,0,0,0,0,0
3,B,11,Italy x Sweden,Non-Dormant,Native Soil,3-IS-ND-Soil,1,7/10/19,1.05,NA,0,0,0,0,0,NA,0,0,0,0,0,0
3,B,11,Italy x Sweden,Non-Dormant,Native Soil,3-IS-ND-Soil,1,7/17/19,1.06,0,0,0,0,0,0,NA,0,0,0,0,0,0
3,B,11,Italy x Sweden,Non-Dormant,Native Soil,3-IS-ND-Soil,1,7/24/19,1.07,0,0,0,0,0,0,NA,0,0,0,0,0,0
3,B,11,Italy x Sweden,Non-Dormant,Native Soil,3-IS-ND-Soil,1,7/31/19,1.08,0,0,0,0,0,0,NA,0,0,0,0,0,0
3,B,11,Italy x Sweden,Non-Dormant,Native Soil,3-IS-ND-Soil,1,8/7/19,1.09,0,0,0,0,0,0,NA,0,0,0,0,0,0
3,B,11,Italy x Sweden,Non-Dormant,Native Soil,3-IS-ND-Soil,1,8/15/19,1.1,0,0,0,0,0,0,NA,0,0,0,0,0,0
3,B,11,Italy x Sweden,Non-Dormant,Native Soil,3-IS-ND-Soil,1,8/20/19,1.11,0,0,0,0,0,0,NA,0,0,0,0,0,0
3,B,11,Italy x Sweden,Non-Dormant,Native Soil,3-IS-ND-Soil,1,8/28/19,1.12,0,0,0,0,0,0,NA,0,0,0,0,0,0
3,B,11,Italy x Sweden,Non-Dormant,Native Soil,3-IS-ND-Soil,1,9/4/19,1.13,0,0,0,0,0,0,NA,0,0,0,0,0,0
3,B,11,Italy x Sweden,Non-Dormant,Native Soil,3-IS-ND-Soil,1,9/11/19,1.14,0,0,0,0,0,0,NA,0,0,0,0,0,0
3,B,11,Italy x Sweden,Non-Dormant,Native Soil,3-IS-ND-Soil,1,9/18/19,1.15,0,0,0,0,0,0,NA,0,0,0,0,0,0
3,B,11,Italy x Sweden,Non-Dormant,Native Soil,3-IS-ND-Soil,1,9/25/19,1.16,0,0,0,0,0,0,NA,0,0,0,0,0,0
3,B,11,Italy x Sweden,Non-Dormant,Native Soil,3-IS-ND-Soil,1,10/2/19,1.17,0,0,0,0,0,0,NA,0,0,0,0,0,0
3,B,11,Italy x Sweden,Non-Dormant,Native Soil,3-IS-ND-Soil,1,10/9/19,1.18,0,0,0,0,0,0,NA,0,0,0,0,0,0
3,B,11,Italy x Sweden,Non-Dormant,Native Soil,3-IS-ND-Soil,1,10/18/19,1.19,0,0,0,0,0,0,NA,NA,NA,NA,NA,0,0
3,B,11,Italy x Sweden,Non-Dormant,Native Soil,3-IS-ND-Soil,1,10/23/19,1.2,0,0,0,0,0,0,NA,NA,NA,NA,NA,0,0
3,B,11,Italy x Sweden,Non-Dormant,Native Soil,3-IS-ND-Soil,1,11/6/19,1.22,0,0,0,0,0,0,NA,NA,NA,NA,NA,0,0
3,B,11,Italy x Sweden,Non-Dormant,Native Soil,3-IS-ND-Soil,1,11/20/19,1.23,0,1,0,0,0,0,NA,NA,NA,NA,NA,0,1
3,B,11,Italy x Sweden,Non-Dormant,Native Soil,3-IS-ND-Soil,1,12/4/19,1.24,10,0,0,0,0,0,NA,NA,NA,NA,NA,0,10
3,B,11,Italy x Sweden,Non-Dormant,Native Soil,3-IS-ND-Soil,1,12/20/19,1.25,13,3,0,0,0,0,NA,20,0,0,0,0,36
3,B,11,Italy x Sweden,Non-Dormant,Native Soil,3-IS-ND-Soil,1,2/10/20,1.26,0,15,0,0,0,0,NA,NA,0,2,0,0,17
3,B,11,Italy x Sweden,Non-Dormant,Native Soil,3-IS-ND-Soil,1,3/2/20,1.27,0,21,0,0,0,0,NA,NA,1,4,9,0,35
3,B,11,Italy x Sweden,Non-Dormant,Native Soil,3-IS-ND-Soil,1,5/5/20,1.29,0,0,0,0,0,19,NA,0,0,0,0,8,27
3,B,11,Italy x Sweden,Non-Dormant,Native Soil,3-IS-ND-Soil,2,5/27/20,2.01,2,0,0,0,0,0,5,0,0,0,0,0,7
3,B,11,Italy x Sweden,Non-Dormant,Native Soil,3-IS-ND-Soil,2,6/4/20,2.02,0,0,0,0,0,0,0,0,0,0,0,0,0
3,B,11,Italy x Sweden,Non-Dormant,Native Soil,3-IS-ND-Soil,2,7/23/20,2.03,0,0,0,0,0,0,0,0,0,0,0,0,0
3,B,11,Italy x Sweden,Non-Dormant,Native Soil,3-IS-ND-Soil,2,8/7/20,2.04,0,0,0,0,0,0,0,0,0,0,0,0,0
3,B,11,Italy x Sweden,Non-Dormant,Native Soil,3-IS-ND-Soil,2,8/13/20,2.05,0,0,0,0,0,0,0,0,0,0,0,0,0
3,B,11,Italy x Sweden,Non-Dormant,Native Soil,3-IS-ND-Soil,2,8/18/20,2.06,0,0,0,0,0,0,0,0,0,0,0,0,0
3,B,11,Italy x Sweden,Non-Dormant,Native Soil,3-IS-ND-Soil,2,8/25/20,2.07,0,0,0,0,0,0,0,0,0,0,0,0,0
3,B,11,Italy x Sweden,Non-Dormant,Native Soil,3-IS-ND-Soil,2,9/4/20,2.08,0,0,0,0,0,0,0,0,0,0,0,0,0
3,B,11,Italy x Sweden,Non-Dormant,Native Soil,3-IS-ND-Soil,2,9/16/20,2.09,0,0,0,0,0,0,2,0,0,0,0,0,2
3,B,11,Italy x Sweden,Non-Dormant,Native Soil,3-IS-ND-Soil,2,10/2/20,2.1,0,0,0,0,0,0,0,0,0,0,0,0,0
3,B,11,Italy x Sweden,Non-Dormant,Native Soil,3-IS-ND-Soil,2,10/19/20,2.11,0,0,0,0,0,0,0,0,0,0,0,0,0
3,B,11,Italy x Sweden,Non-Dormant,Native Soil,3-IS-ND-Soil,2,10/30/20,2.12,0,0,0,0,0,0,0,0,0,0,0,0,0
3,B,11,Italy x Sweden,Non-Dormant,Native Soil,3-IS-ND-Soil,2,11/13/20,2.13,0,0,0,0,0,0,0,0,0,0,0,0,0
3,B,11,Italy x Sweden,Non-Dormant,Native Soil,3-IS-ND-Soil,2,12/2/20,2.14,0,0,0,0,0,0,0,0,0,0,0,0,0
3,B,11,Italy x Sweden,Non-Dormant,Native Soil,3-IS-ND-Soil,2,12/17/20,2.15,0,0,0,0,0,0,0,0,0,0,0,0,0
3,B,11,Italy x Sweden,Non-Dormant,Native Soil,3-IS-ND-Soil,2,1/15/21,2.16,0,0,0,0,0,0,0,0,0,0,0,0,0
3,B,11,Italy x Sweden,Non-Dormant,Native Soil,3-IS-ND-Soil,2,2/1/21,2.17,0,0,0,0,0,0,0,0,0,0,0,0,0
3,B,11,Italy x Sweden,Non-Dormant,Native Soil,3-IS-ND-Soil,2,2/25/21,2.18,0,0,0,0,0,0,0,0,0,0,0,0,0
3,B,11,Italy x Sweden,Non-Dormant,Native Soil,3-IS-ND-Soil,2,3/8/21,2.19,0,0,0,0,0,0,0,0,0,0,0,0,0
3,B,11,Italy x Sweden,Non-Dormant,Native Soil,3-IS-ND-Soil,2,3/25/21,2.2,0,0,0,0,0,0,0,0,0,0,0,0,0
3,B,11,Italy x Sweden,Non-Dormant,Native Soil,3-IS-ND-Soil,2,4/8/21,2.21,0,0,0,0,0,0,0,0,0,0,0,0,0
3,B,11,Italy x Sweden,Non-Dormant,Native Soil,3-IS-ND-Soil,3,8/17/21,3.14,0,0,0,0,0,0,0,0,0,0,0,0,0
3,B,11,Italy x Sweden,Non-Dormant,Native Soil,3-IS-ND-Soil,3,8/25/21,3.15,0,0,0,0,0,0,0,0,0,0,0,0,0
3,B,11,Italy x Sweden,Non-Dormant,Native Soil,3-IS-ND-Soil,3,9/2/21,3.16,0,0,0,0,0,0,0,0,0,0,0,0,0
3,B,11,Italy x Sweden,Non-Dormant,Native Soil,3-IS-ND-Soil,3,9/8/21,3.17,0,0,0,0,0,0,0,0,0,0,0,0,0
3,B,11,Italy x Sweden,Non-Dormant,Native Soil,3-IS-ND-Soil,3,9/15/21,3.18,0,0,0,0,0,0,0,0,0,0,0,0,0
3,B,11,Italy x Sweden,Non-Dormant,Native Soil,3-IS-ND-Soil,3,9/22/21,3.19,0,0,0,0,0,0,0,0,0,0,0,0,0
3,B,11,Italy x Sweden,Non-Dormant,Native Soil,3-IS-ND-Soil,3,9/29/21,3.2,0,0,0,0,0,0,0,0,0,0,0,0,0
3,B,11,Italy x Sweden,Non-Dormant,Native Soil,3-IS-ND-Soil,3,10/13/21,3.21,3,0,0,0,0,0,57,11,0,0,0,0,71
3,B,11,Italy x Sweden,Non-Dormant,Native Soil,3-IS-ND-Soil,3,11/10/21,3.22,0,0,0,0,0,0,0,0,0,0,0,0,0
3,B,11,Italy x Sweden,Non-Dormant,Native Soil,3-IS-ND-Soil,3,12/17/21,3.23,0,1,0,0,0,0,14,27,0,0,0,0,42
3,B,12,Italy x Sweden,Mixed,Native Soil,3-IS-M-Soil,1,6/12/19,1.01,1,0,0,0,0,0,NA,NA,NA,NA,NA,NA,1
3,B,12,Italy x Sweden,Mixed,Native Soil,3-IS-M-Soil,1,6/16/19,1.02,0,0,0,0,0,0,NA,NA,NA,NA,NA,NA,0
3,B,12,Italy x Sweden,Mixed,Native Soil,3-IS-M-Soil,1,6/26/19,1.03,0,0,0,0,0,0,NA,0,0,0,0,0,0
3,B,12,Italy x Sweden,Mixed,Native Soil,3-IS-M-Soil,1,7/3/19,1.04,0,0,0,0,0,0,NA,0,0,0,0,0,0
3,B,12,Italy x Sweden,Mixed,Native Soil,3-IS-M-Soil,1,7/10/19,1.05,NA,0,0,0,0,0,NA,0,0,0,0,0,0
3,B,12,Italy x Sweden,Mixed,Native Soil,3-IS-M-Soil,1,7/17/19,1.06,0,0,0,0,0,0,NA,0,0,0,0,0,0
3,B,12,Italy x Sweden,Mixed,Native Soil,3-IS-M-Soil,1,7/24/19,1.07,0,0,0,0,0,0,NA,0,0,0,0,0,0
3,B,12,Italy x Sweden,Mixed,Native Soil,3-IS-M-Soil,1,7/31/19,1.08,0,0,0,0,0,0,NA,0,0,0,0,0,0
3,B,12,Italy x Sweden,Mixed,Native Soil,3-IS-M-Soil,1,8/7/19,1.09,0,0,0,0,0,0,NA,0,0,0,0,0,0
3,B,12,Italy x Sweden,Mixed,Native Soil,3-IS-M-Soil,1,8/15/19,1.1,0,0,0,0,0,0,NA,0,0,0,0,0,0
3,B,12,Italy x Sweden,Mixed,Native Soil,3-IS-M-Soil,1,8/20/19,1.11,0,0,0,0,0,0,NA,0,0,0,0,0,0
3,B,12,Italy x Sweden,Mixed,Native Soil,3-IS-M-Soil,1,8/28/19,1.12,0,0,0,0,0,0,NA,0,0,0,0,0,0
3,B,12,Italy x Sweden,Mixed,Native Soil,3-IS-M-Soil,1,9/4/19,1.13,0,0,0,0,0,0,NA,0,0,0,0,0,0
3,B,12,Italy x Sweden,Mixed,Native Soil,3-IS-M-Soil,1,9/11/19,1.14,0,0,0,0,0,0,NA,0,0,0,0,0,0
3,B,12,Italy x Sweden,Mixed,Native Soil,3-IS-M-Soil,1,9/18/19,1.15,0,0,0,0,0,0,NA,0,0,0,0,0,0
3,B,12,Italy x Sweden,Mixed,Native Soil,3-IS-M-Soil,1,9/25/19,1.16,0,0,0,0,0,0,NA,0,0,0,0,0,0
3,B,12,Italy x Sweden,Mixed,Native Soil,3-IS-M-Soil,1,10/2/19,1.17,0,0,0,0,0,0,NA,0,0,0,0,0,0
3,B,12,Italy x Sweden,Mixed,Native Soil,3-IS-M-Soil,1,10/9/19,1.18,0,0,0,0,0,0,NA,0,0,0,0,0,0
3,B,12,Italy x Sweden,Mixed,Native Soil,3-IS-M-Soil,1,10/18/19,1.19,0,0,0,0,0,0,NA,NA,NA,NA,NA,0,0
3,B,12,Italy x Sweden,Mixed,Native Soil,3-IS-M-Soil,1,10/23/19,1.2,0,0,0,0,0,0,NA,NA,NA,NA,NA,0,0
3,B,12,Italy x Sweden,Mixed,Native Soil,3-IS-M-Soil,1,11/6/19,1.22,0,1,0,0,0,0,NA,NA,NA,NA,NA,0,1
3,B,12,Italy x Sweden,Mixed,Native Soil,3-IS-M-Soil,1,11/20/19,1.23,0,1,0,0,0,0,NA,NA,NA,NA,NA,0,1
3,B,12,Italy x Sweden,Mixed,Native Soil,3-IS-M-Soil,1,12/4/19,1.24,0,1,0,0,0,0,NA,NA,NA,NA,NA,0,1
3,B,12,Italy x Sweden,Mixed,Native Soil,3-IS-M-Soil,1,12/20/19,1.25,12,1,0,0,0,0,NA,20,0,0,0,0,33
3,B,12,Italy x Sweden,Mixed,Native Soil,3-IS-M-Soil,1,2/10/20,1.26,2,26,0,0,0,0,NA,NA,3,10,0,0,41
3,B,12,Italy x Sweden,Mixed,Native Soil,3-IS-M-Soil,1,3/2/20,1.27,0,11,0,1,0,0,NA,NA,0,2,15,0,29
3,B,12,Italy x Sweden,Mixed,Native Soil,3-IS-M-Soil,1,5/5/20,1.29,0,0,0,0,0,11,NA,0,0,0,0,16,27
3,B,12,Italy x Sweden,Mixed,Native Soil,3-IS-M-Soil,2,5/27/20,2.01,1,0,0,0,0,0,1,0,0,0,0,0,2
3,B,12,Italy x Sweden,Mixed,Native Soil,3-IS-M-Soil,2,6/4/20,2.02,1,0,0,0,0,0,0,0,0,0,0,0,1
3,B,12,Italy x Sweden,Mixed,Native Soil,3-IS-M-Soil,2,7/23/20,2.03,0,0,0,0,0,0,0,0,0,0,0,0,0
3,B,12,Italy x Sweden,Mixed,Native Soil,3-IS-M-Soil,2,8/7/20,2.04,0,0,0,0,0,0,0,0,0,0,0,0,0
3,B,12,Italy x Sweden,Mixed,Native Soil,3-IS-M-Soil,2,8/13/20,2.05,0,0,0,0,0,0,0,0,0,0,0,0,0
3,B,12,Italy x Sweden,Mixed,Native Soil,3-IS-M-Soil,2,8/18/20,2.06,0,0,0,0,0,0,0,0,0,0,0,0,0
3,B,12,Italy x Sweden,Mixed,Native Soil,3-IS-M-Soil,2,8/25/20,2.07,0,0,0,0,0,0,0,0,0,0,0,0,0
3,B,12,Italy x Sweden,Mixed,Native Soil,3-IS-M-Soil,2,9/4/20,2.08,0,0,0,0,0,0,0,0,0,0,0,0,0
3,B,12,Italy x Sweden,Mixed,Native Soil,3-IS-M-Soil,2,9/16/20,2.09,0,0,0,0,0,0,0,0,0,0,0,0,0
3,B,12,Italy x Sweden,Mixed,Native Soil,3-IS-M-Soil,2,10/2/20,2.1,0,0,0,0,0,0,0,0,0,0,0,0,0
3,B,12,Italy x Sweden,Mixed,Native Soil,3-IS-M-Soil,2,10/19/20,2.11,0,0,0,0,0,0,0,0,0,0,0,0,0
3,B,12,Italy x Sweden,Mixed,Native Soil,3-IS-M-Soil,2,10/30/20,2.12,0,0,0,0,0,0,0,0,0,0,0,0,0
3,B,12,Italy x Sweden,Mixed,Native Soil,3-IS-M-Soil,2,11/13/20,2.13,0,0,0,0,0,0,0,0,0,0,0,0,0
3,B,12,Italy x Sweden,Mixed,Native Soil,3-IS-M-Soil,2,12/2/20,2.14,0,0,0,0,0,0,0,0,0,0,0,0,0
3,B,12,Italy x Sweden,Mixed,Native Soil,3-IS-M-Soil,2,12/17/20,2.15,0,0,0,0,0,0,0,0,0,0,0,0,0
3,B,12,Italy x Sweden,Mixed,Native Soil,3-IS-M-Soil,2,1/15/21,2.16,0,0,0,0,0,0,0,0,0,0,0,0,0
3,B,12,Italy x Sweden,Mixed,Native Soil,3-IS-M-Soil,2,2/1/21,2.17,0,0,0,0,0,0,0,0,0,0,0,0,0
3,B,12,Italy x Sweden,Mixed,Native Soil,3-IS-M-Soil,2,2/25/21,2.18,0,0,0,0,0,0,0,0,0,0,0,0,0
3,B,12,Italy x Sweden,Mixed,Native Soil,3-IS-M-Soil,2,3/8/21,2.19,0,0,0,0,0,0,0,0,0,0,0,0,0
3,B,12,Italy x Sweden,Mixed,Native Soil,3-IS-M-Soil,2,3/25/21,2.2,0,0,0,0,0,0,0,0,0,0,0,0,0
3,B,12,Italy x Sweden,Mixed,Native Soil,3-IS-M-Soil,2,4/8/21,2.21,0,0,0,0,0,0,0,0,0,0,0,0,0
3,B,12,Italy x Sweden,Mixed,Native Soil,3-IS-M-Soil,3,8/17/21,3.14,0,0,0,0,0,0,0,0,0,0,0,0,0
3,B,12,Italy x Sweden,Mixed,Native Soil,3-IS-M-Soil,3,8/25/21,3.15,0,0,0,0,0,0,0,0,0,0,0,0,0
3,B,12,Italy x Sweden,Mixed,Native Soil,3-IS-M-Soil,3,9/2/21,3.16,0,0,0,0,0,0,0,0,0,0,0,0,0
3,B,12,Italy x Sweden,Mixed,Native Soil,3-IS-M-Soil,3,9/8/21,3.17,0,0,0,0,0,0,0,0,0,0,0,0,0
3,B,12,Italy x Sweden,Mixed,Native Soil,3-IS-M-Soil,3,9/15/21,3.18,0,0,0,0,0,0,0,0,0,0,0,0,0
3,B,12,Italy x Sweden,Mixed,Native Soil,3-IS-M-Soil,3,9/22/21,3.19,0,0,0,0,0,0,0,0,0,0,0,0,0
3,B,12,Italy x Sweden,Mixed,Native Soil,3-IS-M-Soil,3,9/29/21,3.2,1,0,0,0,0,0,4,0,0,0,0,0,5
3,B,12,Italy x Sweden,Mixed,Native Soil,3-IS-M-Soil,3,10/13/21,3.21,7,1,0,0,0,0,99,17,0,0,0,0,124
3,B,12,Italy x Sweden,Mixed,Native Soil,3-IS-M-Soil,3,11/10/21,3.22,0,0,0,0,0,0,9,9,0,0,0,0,18
3,B,12,Italy x Sweden,Mixed,Native Soil,3-IS-M-Soil,3,12/17/21,3.23,0,4,0,0,0,0,1,15,0,0,0,0,20
3,B,13,Italy x Sweden,Dormant,Litter,3-IS_D_F,1,6/12/19,1.01,0,0,0,0,0,0,NA,NA,NA,NA,NA,NA,0
3,B,13,Italy x Sweden,Dormant,Litter,3-IS_D_F,1,6/16/19,1.02,0,0,0,0,0,0,NA,NA,NA,NA,NA,NA,0
3,B,13,Italy x Sweden,Dormant,Litter,3-IS_D_F,1,6/26/19,1.03,0,0,0,0,0,0,NA,0,0,0,0,0,0
3,B,13,Italy x Sweden,Dormant,Litter,3-IS_D_F,1,7/3/19,1.04,0,0,0,0,0,0,NA,0,0,0,0,0,0
3,B,13,Italy x Sweden,Dormant,Litter,3-IS_D_F,1,7/10/19,1.05,NA,0,0,0,0,0,NA,0,0,0,0,0,0
3,B,13,Italy x Sweden,Dormant,Litter,3-IS_D_F,1,7/17/19,1.06,0,0,0,0,0,0,NA,4,0,1,0,0,5
3,B,13,Italy x Sweden,Dormant,Litter,3-IS_D_F,1,7/24/19,1.07,0,0,0,0,0,0,NA,4,0,1,0,0,5
3,B,13,Italy x Sweden,Dormant,Litter,3-IS_D_F,1,7/31/19,1.08,0,0,0,0,0,0,NA,4,0,1,0,0,5
3,B,13,Italy x Sweden,Dormant,Litter,3-IS_D_F,1,8/7/19,1.09,0,0,0,0,0,0,NA,0,0,0,1,1,2
3,B,13,Italy x Sweden,Dormant,Litter,3-IS_D_F,1,8/15/19,1.1,0,0,0,0,0,0,NA,0,0,0,0,0,0
3,B,13,Italy x Sweden,Dormant,Litter,3-IS_D_F,1,8/20/19,1.11,0,0,0,0,0,0,NA,0,0,0,0,0,0
3,B,13,Italy x Sweden,Dormant,Litter,3-IS_D_F,1,8/28/19,1.12,0,0,0,0,0,0,NA,0,0,0,0,0,0
3,B,13,Italy x Sweden,Dormant,Litter,3-IS_D_F,1,9/4/19,1.13,0,0,0,0,0,0,NA,0,0,0,0,0,0
3,B,13,Italy x Sweden,Dormant,Litter,3-IS_D_F,1,9/11/19,1.14,0,0,0,0,0,0,NA,0,0,0,0,0,0
3,B,13,Italy x Sweden,Dormant,Litter,3-IS_D_F,1,9/18/19,1.15,0,0,0,0,0,0,NA,0,0,0,0,0,0
3,B,13,Italy x Sweden,Dormant,Litter,3-IS_D_F,1,9/25/19,1.16,0,0,0,0,0,0,NA,0,0,0,0,0,0
3,B,13,Italy x Sweden,Dormant,Litter,3-IS_D_F,1,10/2/19,1.17,0,0,0,0,0,0,NA,0,0,0,0,0,0
3,B,13,Italy x Sweden,Dormant,Litter,3-IS_D_F,1,10/9/19,1.18,0,0,0,0,0,0,NA,0,0,0,0,0,0
3,B,13,Italy x Sweden,Dormant,Litter,3-IS_D_F,1,10/18/19,1.19,0,0,0,0,0,0,NA,NA,NA,NA,NA,0,0
3,B,13,Italy x Sweden,Dormant,Litter,3-IS_D_F,1,10/23/19,1.2,0,0,0,0,0,0,NA,NA,NA,NA,NA,0,0
3,B,13,Italy x Sweden,Dormant,Litter,3-IS_D_F,1,11/6/19,1.22,0,0,0,0,0,0,NA,NA,NA,NA,NA,0,0
3,B,13,Italy x Sweden,Dormant,Litter,3-IS_D_F,1,11/20/19,1.23,0,0,0,0,0,0,NA,NA,NA,NA,NA,0,0
3,B,13,Italy x Sweden,Dormant,Litter,3-IS_D_F,1,12/4/19,1.24,0,0,0,0,0,0,NA,NA,NA,NA,NA,0,0
3,B,13,Italy x Sweden,Dormant,Litter,3-IS_D_F,1,12/20/19,1.25,0,0,0,0,0,0,NA,0,0,0,0,0,0
3,B,13,Italy x Sweden,Dormant,Litter,3-IS_D_F,1,2/10/20,1.26,0,0,0,0,0,0,NA,NA,0,0,0,0,0
3,B,13,Italy x Sweden,Dormant,Litter,3-IS_D_F,1,3/2/20,1.27,0,0,0,0,0,0,NA,NA,0,0,0,0,0
3,B,13,Italy x Sweden,Dormant,Litter,3-IS_D_F,1,5/5/20,1.29,0,0,0,0,0,0,NA,0,0,0,0,0,0
3,B,13,Italy x Sweden,Dormant,Litter,3-IS_D_F,2,5/27/20,2.01,0,0,0,0,0,0,0,0,0,0,0,0,0
3,B,13,Italy x Sweden,Dormant,Litter,3-IS_D_F,2,6/4/20,2.02,0,0,0,0,0,0,0,0,0,0,0,0,0
3,B,13,Italy x Sweden,Dormant,Litter,3-IS_D_F,2,7/23/20,2.03,0,0,0,0,0,0,0,0,0,0,0,0,0
3,B,13,Italy x Sweden,Dormant,Litter,3-IS_D_F,2,8/7/20,2.04,0,0,0,0,0,0,0,0,0,0,0,0,0
3,B,13,Italy x Sweden,Dormant,Litter,3-IS_D_F,2,8/13/20,2.05,0,0,0,0,0,0,0,0,0,0,0,0,0
3,B,13,Italy x Sweden,Dormant,Litter,3-IS_D_F,2,8/18/20,2.06,0,0,0,0,0,0,0,0,0,0,0,0,0
3,B,13,Italy x Sweden,Dormant,Litter,3-IS_D_F,2,8/25/20,2.07,0,0,0,0,0,0,0,0,0,0,0,0,0
3,B,13,Italy x Sweden,Dormant,Litter,3-IS_D_F,2,9/4/20,2.08,0,0,0,0,0,0,0,0,0,0,0,0,0
3,B,13,Italy x Sweden,Dormant,Litter,3-IS_D_F,2,9/16/20,2.09,0,0,0,0,0,0,0,0,0,0,0,0,0
3,B,13,Italy x Sweden,Dormant,Litter,3-IS_D_F,2,10/2/20,2.1,0,0,0,0,0,0,0,0,0,0,0,0,0
3,B,13,Italy x Sweden,Dormant,Litter,3-IS_D_F,2,10/19/20,2.11,0,0,0,0,0,0,0,0,0,0,0,0,0
3,B,13,Italy x Sweden,Dormant,Litter,3-IS_D_F,2,10/30/20,2.12,0,0,0,0,0,0,0,0,0,0,0,0,0
3,B,13,Italy x Sweden,Dormant,Litter,3-IS_D_F,2,11/13/20,2.13,0,0,0,0,0,0,0,0,0,0,0,0,0
3,B,13,Italy x Sweden,Dormant,Litter,3-IS_D_F,2,12/2/20,2.14,0,0,0,0,0,0,0,0,0,0,0,0,0
3,B,13,Italy x Sweden,Dormant,Litter,3-IS_D_F,2,12/17/20,2.15,0,0,0,0,0,0,0,0,0,0,0,0,0
3,B,13,Italy x Sweden,Dormant,Litter,3-IS_D_F,2,1/15/21,2.16,0,0,0,0,0,0,0,0,0,0,0,0,0
3,B,13,Italy x Sweden,Dormant,Litter,3-IS_D_F,2,2/1/21,2.17,0,0,0,0,0,0,0,0,0,0,0,0,0
3,B,13,Italy x Sweden,Dormant,Litter,3-IS_D_F,2,2/25/21,2.18,0,0,0,0,0,0,0,0,0,0,0,0,0
3,B,13,Italy x Sweden,Dormant,Litter,3-IS_D_F,2,3/8/21,2.19,0,0,0,0,0,0,0,0,0,0,0,0,0
3,B,13,Italy x Sweden,Dormant,Litter,3-IS_D_F,2,3/25/21,2.2,0,0,0,0,0,0,0,0,0,0,0,0,0
3,B,13,Italy x Sweden,Dormant,Litter,3-IS_D_F,2,4/8/21,2.21,0,0,0,0,0,0,0,0,0,0,0,0,0
3,B,13,Italy x Sweden,Dormant,Litter,3-IS_D_F,3,8/17/21,3.14,0,0,0,0,0,0,0,0,0,0,0,0,0
3,B,13,Italy x Sweden,Dormant,Litter,3-IS_D_F,3,8/25/21,3.15,0,0,0,0,0,0,0,0,0,0,0,0,0
3,B,13,Italy x Sweden,Dormant,Litter,3-IS_D_F,3,9/2/21,3.16,0,0,0,0,0,0,0,0,0,0,0,0,0
3,B,13,Italy x Sweden,Dormant,Litter,3-IS_D_F,3,9/8/21,3.17,0,0,0,0,0,0,0,0,0,0,0,0,0
3,B,13,Italy x Sweden,Dormant,Litter,3-IS_D_F,3,9/15/21,3.18,0,0,0,0,0,0,0,0,0,0,0,0,0
3,B,13,Italy x Sweden,Dormant,Litter,3-IS_D_F,3,9/22/21,3.19,0,0,0,0,0,0,0,0,0,0,0,0,0
3,B,13,Italy x Sweden,Dormant,Litter,3-IS_D_F,3,9/29/21,3.2,7,1,0,0,0,0,7,0,0,0,0,0,15
3,B,13,Italy x Sweden,Dormant,Litter,3-IS_D_F,3,10/13/21,3.21,1,22,0,0,0,0,14,19,0,0,0,0,56
3,B,13,Italy x Sweden,Dormant,Litter,3-IS_D_F,3,11/10/21,3.22,0,0,0,0,0,0,0,0,0,0,0,0,0
3,B,13,Italy x Sweden,Dormant,Litter,3-IS_D_F,3,12/17/21,3.23,0,0,0,0,0,0,0,2,0,0,0,0,2
1,C,0,Germany x Tajikistan,Non-Dormant,Litter,1-BS_ND_F,1,6/12/19,1.01,NA,NA,NA,NA,NA,NA,NA,NA,NA,NA,NA,NA,NA
1,C,0,Germany x Tajikistan,Non-Dormant,Litter,1-BS_ND_F,1,6/16/19,1.02,NA,NA,NA,NA,NA,NA,NA,NA,NA,NA,NA,NA,NA
1,C,0,Germany x Tajikistan,Non-Dormant,Litter,1-BS_ND_F,1,6/26/19,1.03,NA,NA,NA,NA,NA,NA,NA,NA,NA,NA,NA,NA,NA
1,C,0,Germany x Tajikistan,Non-Dormant,Litter,1-BS_ND_F,1,7/3/19,1.04,NA,NA,NA,NA,NA,NA,NA,NA,NA,NA,NA,NA,NA
1,C,0,Germany x Tajikistan,Non-Dormant,Litter,1-BS_ND_F,1,7/10/19,1.05,NA,NA,NA,NA,NA,NA,NA,NA,NA,NA,NA,NA,NA
1,C,0,Germany x Tajikistan,Non-Dormant,Litter,1-BS_ND_F,1,7/17/19,1.06,0,0,0,0,0,0,NA,0,0,0,0,0,0
1,C,0,Germany x Tajikistan,Non-Dormant,Litter,1-BS_ND_F,1,7/24/19,1.07,0,0,0,0,0,0,NA,0,0,0,0,0,0
1,C,0,Germany x Tajikistan,Non-Dormant,Litter,1-BS_ND_F,1,7/31/19,1.08,0,0,0,0,0,0,NA,0,0,0,0,0,0
1,C,0,Germany x Tajikistan,Non-Dormant,Litter,1-BS_ND_F,1,8/7/19,1.09,0,0,0,0,0,0,NA,0,0,0,0,0,0
1,C,0,Germany x Tajikistan,Non-Dormant,Litter,1-BS_ND_F,1,8/15/19,1.1,0,0,0,0,0,0,NA,0,0,0,0,0,0
1,C,0,Germany x Tajikistan,Non-Dormant,Litter,1-BS_ND_F,1,8/20/19,1.11,0,0,0,0,0,0,NA,0,0,0,0,0,0
1,C,0,Germany x Tajikistan,Non-Dormant,Litter,1-BS_ND_F,1,8/28/19,1.12,0,0,0,0,0,0,NA,0,0,0,0,0,0
1,C,0,Germany x Tajikistan,Non-Dormant,Litter,1-BS_ND_F,1,9/4/19,1.13,0,0,0,0,0,0,NA,0,0,0,0,0,0
1,C,0,Germany x Tajikistan,Non-Dormant,Litter,1-BS_ND_F,1,9/11/19,1.14,0,0,0,0,0,0,NA,0,0,0,0,0,0
1,C,0,Germany x Tajikistan,Non-Dormant,Litter,1-BS_ND_F,1,9/18/19,1.15,0,0,0,0,0,0,NA,0,0,0,0,0,0
1,C,0,Germany x Tajikistan,Non-Dormant,Litter,1-BS_ND_F,1,9/25/19,1.16,0,0,0,0,0,0,NA,0,0,0,0,0,0
1,C,0,Germany x Tajikistan,Non-Dormant,Litter,1-BS_ND_F,1,10/2/19,1.17,0,0,0,0,0,0,NA,0,0,0,0,0,0
1,C,0,Germany x Tajikistan,Non-Dormant,Litter,1-BS_ND_F,1,10/9/19,1.18,0,0,0,0,0,0,NA,0,0,0,0,0,0
1,C,0,Germany x Tajikistan,Non-Dormant,Litter,1-BS_ND_F,1,10/18/19,1.19,0,0,0,0,0,0,NA,NA,NA,NA,NA,0,0
1,C,0,Germany x Tajikistan,Non-Dormant,Litter,1-BS_ND_F,1,10/23/19,1.2,1,0,0,0,0,0,NA,NA,NA,NA,NA,0,1
1,C,0,Germany x Tajikistan,Non-Dormant,Litter,1-BS_ND_F,1,11/6/19,1.22,0,1,0,0,0,0,NA,NA,NA,NA,NA,0,1
1,C,0,Germany x Tajikistan,Non-Dormant,Litter,1-BS_ND_F,1,11/20/19,1.23,0,2,0,0,0,0,NA,NA,NA,NA,NA,0,2
1,C,0,Germany x Tajikistan,Non-Dormant,Litter,1-BS_ND_F,1,12/4/19,1.24,0,2,0,0,0,0,NA,NA,NA,NA,NA,0,2
1,C,0,Germany x Tajikistan,Non-Dormant,Litter,1-BS_ND_F,1,12/20/19,1.25,0,2,0,0,0,0,NA,1,0,0,0,0,3
1,C,0,Germany x Tajikistan,Non-Dormant,Litter,1-BS_ND_F,1,2/10/20,1.26,0,2,0,0,0,0,NA,NA,0,0,0,0,2
1,C,0,Germany x Tajikistan,Non-Dormant,Litter,1-BS_ND_F,1,3/2/20,1.27,0,0,0,0,0,0,NA,NA,0,0,0,0,0
1,C,0,Germany x Tajikistan,Non-Dormant,Litter,1-BS_ND_F,1,5/5/20,1.29,0,0,0,0,0,1,NA,0,0,0,0,0,1
1,C,0,Germany x Tajikistan,Non-Dormant,Litter,1-BS_ND_F,2,5/27/20,2.01,0,0,0,0,0,0,0,0,0,0,0,0,0
1,C,0,Germany x Tajikistan,Non-Dormant,Litter,1-BS_ND_F,2,6/4/20,2.02,0,0,0,0,0,0,0,0,0,0,0,0,0
1,C,0,Germany x Tajikistan,Non-Dormant,Litter,1-BS_ND_F,2,9/4/20,2.08,0,0,0,0,0,0,0,0,0,0,0,0,0
1,C,0,Germany x Tajikistan,Non-Dormant,Litter,1-BS_ND_F,2,9/16/20,2.09,0,0,0,0,0,0,0,0,0,0,0,0,0
1,C,0,Germany x Tajikistan,Non-Dormant,Litter,1-BS_ND_F,2,10/2/20,2.1,0,0,0,0,0,0,0,0,0,0,0,0,0
1,C,0,Germany x Tajikistan,Non-Dormant,Litter,1-BS_ND_F,2,10/19/20,2.11,0,0,0,0,0,0,0,0,0,0,0,0,0
1,C,0,Germany x Tajikistan,Non-Dormant,Litter,1-BS_ND_F,2,10/30/20,2.12,0,0,0,0,0,0,0,0,0,0,0,0,0
1,C,0,Germany x Tajikistan,Non-Dormant,Litter,1-BS_ND_F,2,11/13/20,2.13,0,0,0,0,0,0,0,0,0,0,0,0,0
1,C,0,Germany x Tajikistan,Non-Dormant,Litter,1-BS_ND_F,2,12/2/20,2.14,0,0,0,0,0,0,0,0,0,0,0,0,0
1,C,0,Germany x Tajikistan,Non-Dormant,Litter,1-BS_ND_F,2,12/17/20,2.15,0,0,0,0,0,0,0,0,0,0,0,0,0
1,C,0,Germany x Tajikistan,Non-Dormant,Litter,1-BS_ND_F,2,1/15/21,2.16,0,0,0,0,0,0,0,0,0,0,0,0,0
1,C,0,Germany x Tajikistan,Non-Dormant,Litter,1-BS_ND_F,2,2/1/21,2.17,0,0,0,0,0,0,0,0,0,0,0,0,0
1,C,0,Germany x Tajikistan,Non-Dormant,Litter,1-BS_ND_F,2,2/25/21,2.18,0,0,0,0,0,0,0,0,0,0,0,0,0
1,C,0,Germany x Tajikistan,Non-Dormant,Litter,1-BS_ND_F,2,3/8/21,2.19,0,0,0,0,0,0,0,0,0,0,0,0,0
1,C,0,Germany x Tajikistan,Non-Dormant,Litter,1-BS_ND_F,2,3/25/21,2.2,0,0,0,0,0,0,0,0,0,0,0,0,0
1,C,0,Germany x Tajikistan,Non-Dormant,Litter,1-BS_ND_F,2,4/8/21,2.21,0,0,0,0,0,0,0,0,0,0,0,0,0
1,C,1,Italy x Sweden,Dormant,Control,1-IS_D_C,1,6/12/19,1.01,1,0,0,0,0,0,NA,NA,NA,NA,NA,NA,1
1,C,1,Italy x Sweden,Dormant,Control,1-IS_D_C,1,6/16/19,1.02,0,0,0,0,0,0,NA,NA,NA,NA,NA,NA,0
1,C,1,Italy x Sweden,Dormant,Control,1-IS_D_C,1,6/26/19,1.03,0,1,0,0,0,0,NA,3,0,0,0,0,4
1,C,1,Italy x Sweden,Dormant,Control,1-IS_D_C,1,7/3/19,1.04,0,1,0,0,0,0,NA,3,0,0,0,0,4
1,C,1,Italy x Sweden,Dormant,Control,1-IS_D_C,1,7/10/19,1.05,NA,1,0,0,0,0,NA,3,0,0,0,0,4
1,C,1,Italy x Sweden,Dormant,Control,1-IS_D_C,1,7/17/19,1.06,0,1,0,0,0,0,NA,3,0,0,0,0,4
1,C,1,Italy x Sweden,Dormant,Control,1-IS_D_C,1,7/24/19,1.07,0,1,0,0,0,0,NA,3,0,0,0,0,4
1,C,1,Italy x Sweden,Dormant,Control,1-IS_D_C,1,7/31/19,1.08,0,1,0,0,0,0,NA,2,0,0,0,0,3
1,C,1,Italy x Sweden,Dormant,Control,1-IS_D_C,1,8/7/19,1.09,0,0,0,0,0,0,NA,0,0,0,0,0,0
1,C,1,Italy x Sweden,Dormant,Control,1-IS_D_C,1,8/15/19,1.1,0,0,0,0,0,0,NA,0,0,0,0,0,0
1,C,1,Italy x Sweden,Dormant,Control,1-IS_D_C,1,8/20/19,1.11,0,0,0,0,0,0,NA,0,0,0,0,0,0
1,C,1,Italy x Sweden,Dormant,Control,1-IS_D_C,1,8/28/19,1.12,0,0,0,0,0,0,NA,0,0,0,0,0,0
1,C,1,Italy x Sweden,Dormant,Control,1-IS_D_C,1,9/4/19,1.13,0,0,0,0,0,0,NA,0,0,0,0,0,0
1,C,1,Italy x Sweden,Dormant,Control,1-IS_D_C,1,9/11/19,1.14,0,0,0,0,0,0,NA,0,0,0,0,0,0
1,C,1,Italy x Sweden,Dormant,Control,1-IS_D_C,1,9/18/19,1.15,0,0,0,0,0,0,NA,0,0,0,0,0,0
1,C,1,Italy x Sweden,Dormant,Control,1-IS_D_C,1,9/25/19,1.16,0,0,0,0,0,0,NA,0,0,0,0,0,0
1,C,1,Italy x Sweden,Dormant,Control,1-IS_D_C,1,10/2/19,1.17,0,0,0,0,0,0,NA,0,0,0,0,0,0
1,C,1,Italy x Sweden,Dormant,Control,1-IS_D_C,1,10/9/19,1.18,0,0,0,0,0,0,NA,0,0,0,0,0,0
1,C,1,Italy x Sweden,Dormant,Control,1-IS_D_C,1,10/18/19,1.19,0,0,0,0,0,0,NA,NA,NA,NA,NA,0,0
1,C,1,Italy x Sweden,Dormant,Control,1-IS_D_C,1,10/23/19,1.2,15,0,0,0,0,0,NA,NA,NA,NA,NA,0,15
1,C,1,Italy x Sweden,Dormant,Control,1-IS_D_C,1,11/6/19,1.22,3,0,0,0,0,0,NA,NA,NA,NA,NA,0,3
1,C,1,Italy x Sweden,Dormant,Control,1-IS_D_C,1,11/20/19,1.23,0,4,0,0,0,0,NA,NA,NA,NA,NA,0,4
1,C,1,Italy x Sweden,Dormant,Control,1-IS_D_C,1,12/4/19,1.24,0,2,0,0,0,0,NA,NA,NA,NA,NA,0,2
1,C,1,Italy x Sweden,Dormant,Control,1-IS_D_C,1,12/20/19,1.25,0,4,0,0,0,0,NA,2,0,0,0,0,6
1,C,1,Italy x Sweden,Dormant,Control,1-IS_D_C,1,2/10/20,1.26,0,0,0,0,0,0,NA,NA,0,2,0,0,2
1,C,1,Italy x Sweden,Dormant,Control,1-IS_D_C,1,3/2/20,1.27,0,0,0,0,0,0,NA,NA,0,1,1,0,2
1,C,1,Italy x Sweden,Dormant,Control,1-IS_D_C,1,5/5/20,1.29,0,0,0,0,0,0,NA,0,0,0,0,1,1
1,C,1,Italy x Sweden,Dormant,Control,1-IS_D_C,2,5/27/20,2.01,0,0,0,0,0,0,1,0,0,0,0,0,1
1,C,1,Italy x Sweden,Dormant,Control,1-IS_D_C,2,6/4/20,2.02,0,0,0,0,0,0,0,0,0,0,0,0,0
1,C,1,Italy x Sweden,Dormant,Control,1-IS_D_C,2,7/23/20,2.03,0,0,0,0,0,0,0,0,0,0,0,0,0
1,C,1,Italy x Sweden,Dormant,Control,1-IS_D_C,2,8/7/20,2.04,0,0,0,0,0,0,0,0,0,0,0,0,0
1,C,1,Italy x Sweden,Dormant,Control,1-IS_D_C,2,8/13/20,2.05,0,0,0,0,0,0,0,0,0,0,0,0,0
1,C,1,Italy x Sweden,Dormant,Control,1-IS_D_C,2,8/18/20,2.06,0,0,0,0,0,0,0,0,0,0,0,0,0
1,C,1,Italy x Sweden,Dormant,Control,1-IS_D_C,2,8/25/20,2.07,0,0,0,0,0,0,0,0,0,0,0,0,0
1,C,1,Italy x Sweden,Dormant,Control,1-IS_D_C,2,9/4/20,2.08,0,0,0,0,0,0,0,0,0,0,0,0,0
1,C,1,Italy x Sweden,Dormant,Control,1-IS_D_C,2,9/16/20,2.09,17,0,0,0,0,0,10,0,0,0,0,0,27
1,C,1,Italy x Sweden,Dormant,Control,1-IS_D_C,2,10/2/20,2.1,0,0,0,0,0,0,0,0,0,0,0,0,0
1,C,1,Italy x Sweden,Dormant,Control,1-IS_D_C,2,10/19/20,2.11,0,0,0,0,0,0,0,0,0,0,0,0,0
1,C,1,Italy x Sweden,Dormant,Control,1-IS_D_C,2,10/30/20,2.12,0,0,0,0,0,0,0,0,0,0,0,0,0
1,C,1,Italy x Sweden,Dormant,Control,1-IS_D_C,2,11/13/20,2.13,0,0,0,0,0,0,0,0,0,0,0,0,0
1,C,1,Italy x Sweden,Dormant,Control,1-IS_D_C,2,12/2/20,2.14,0,0,0,0,0,0,0,0,0,0,0,0,0
1,C,1,Italy x Sweden,Dormant,Control,1-IS_D_C,2,12/17/20,2.15,0,0,0,0,0,0,0,0,0,0,0,0,0
1,C,1,Italy x Sweden,Dormant,Control,1-IS_D_C,2,1/15/21,2.16,0,0,0,0,0,0,0,0,0,0,0,0,0
1,C,1,Italy x Sweden,Dormant,Control,1-IS_D_C,2,2/1/21,2.17,0,0,0,0,0,0,0,0,0,0,0,0,0
1,C,1,Italy x Sweden,Dormant,Control,1-IS_D_C,2,2/25/21,2.18,0,0,0,0,0,0,0,0,0,0,0,0,0
1,C,1,Italy x Sweden,Dormant,Control,1-IS_D_C,2,3/8/21,2.19,0,0,0,0,0,0,0,0,0,0,0,0,0
1,C,1,Italy x Sweden,Dormant,Control,1-IS_D_C,2,3/25/21,2.2,0,0,0,0,0,0,0,0,0,0,1,0,1
1,C,1,Italy x Sweden,Dormant,Control,1-IS_D_C,2,4/8/21,2.21,0,0,0,0,0,0,0,0,0,0,1,0,1
1,C,1,Italy x Sweden,Dormant,Control,1-IS_D_C,3,8/17/21,3.14,0,0,0,0,0,0,0,0,0,0,0,0,0
1,C,1,Italy x Sweden,Dormant,Control,1-IS_D_C,3,8/25/21,3.15,0,0,0,0,0,0,0,0,0,0,0,0,0
1,C,1,Italy x Sweden,Dormant,Control,1-IS_D_C,3,9/2/21,3.16,0,0,0,0,0,0,0,0,0,0,0,0,0
1,C,1,Italy x Sweden,Dormant,Control,1-IS_D_C,3,9/8/21,3.17,0,0,0,0,0,0,0,0,0,0,0,0,0
1,C,1,Italy x Sweden,Dormant,Control,1-IS_D_C,3,9/15/21,3.18,0,0,0,0,0,0,0,0,0,0,0,0,0
1,C,1,Italy x Sweden,Dormant,Control,1-IS_D_C,3,9/22/21,3.19,0,0,0,0,0,0,0,0,0,0,0,0,0
1,C,1,Italy x Sweden,Dormant,Control,1-IS_D_C,3,9/27/21,3.2,137,0,0,0,0,0,343,0,0,0,0,0,480
1,C,1,Italy x Sweden,Dormant,Control,1-IS_D_C,3,10/11/21,3.21,3,0,0,0,0,0,38,72,0,0,0,0,113
1,C,1,Italy x Sweden,Dormant,Control,1-IS_D_C,3,11/8/21,3.22,0,0,0,0,0,0,0,54,0,0,0,0,54
1,C,1,Italy x Sweden,Dormant,Control,1-IS_D_C,3,12/17/21,3.23,0,0,0,0,0,0,0,30,0,0,0,0,30
1,C,2,Italy x Sweden,Non-Dormant,Control,1-IS_ND_C,1,6/12/19,1.01,0,0,0,0,0,0,NA,NA,NA,NA,NA,NA,0
1,C,2,Italy x Sweden,Non-Dormant,Control,1-IS_ND_C,1,6/16/19,1.02,0,0,0,0,0,0,NA,NA,NA,NA,NA,NA,0
1,C,2,Italy x Sweden,Non-Dormant,Control,1-IS_ND_C,1,6/26/19,1.03,0,1,0,0,0,0,NA,0,0,0,0,0,1
1,C,2,Italy x Sweden,Non-Dormant,Control,1-IS_ND_C,1,7/3/19,1.04,0,0,0,0,0,0,NA,1,0,0,0,0,1
1,C,2,Italy x Sweden,Non-Dormant,Control,1-IS_ND_C,1,7/10/19,1.05,NA,0,0,0,0,0,NA,1,0,0,0,0,1
1,C,2,Italy x Sweden,Non-Dormant,Control,1-IS_ND_C,1,7/17/19,1.06,0,0,0,0,0,0,NA,1,0,0,0,0,1
1,C,2,Italy x Sweden,Non-Dormant,Control,1-IS_ND_C,1,7/24/19,1.07,0,0,0,0,0,0,NA,1,0,0,0,0,1
1,C,2,Italy x Sweden,Non-Dormant,Control,1-IS_ND_C,1,7/31/19,1.08,0,0,0,0,0,0,NA,1,0,0,0,0,1
1,C,2,Italy x Sweden,Non-Dormant,Control,1-IS_ND_C,1,8/7/19,1.09,0,0,0,0,0,0,NA,1,0,0,0,0,1
1,C,2,Italy x Sweden,Non-Dormant,Control,1-IS_ND_C,1,8/15/19,1.1,0,0,0,0,0,0,NA,0,0,0,0,0,0
1,C,2,Italy x Sweden,Non-Dormant,Control,1-IS_ND_C,1,8/20/19,1.11,0,0,0,0,0,0,NA,0,0,0,0,0,0
1,C,2,Italy x Sweden,Non-Dormant,Control,1-IS_ND_C,1,8/28/19,1.12,0,0,0,0,0,0,NA,0,0,0,0,0,0
1,C,2,Italy x Sweden,Non-Dormant,Control,1-IS_ND_C,1,9/4/19,1.13,0,0,0,0,0,0,NA,0,0,0,0,0,0
1,C,2,Italy x Sweden,Non-Dormant,Control,1-IS_ND_C,1,9/11/19,1.14,0,0,0,0,0,0,NA,0,0,0,0,0,0
1,C,2,Italy x Sweden,Non-Dormant,Control,1-IS_ND_C,1,9/18/19,1.15,0,0,0,0,0,0,NA,0,0,0,0,0,0
1,C,2,Italy x Sweden,Non-Dormant,Control,1-IS_ND_C,1,9/25/19,1.16,0,0,0,0,0,0,NA,0,0,0,0,0,0
1,C,2,Italy x Sweden,Non-Dormant,Control,1-IS_ND_C,1,10/2/19,1.17,0,0,0,0,0,0,NA,0,0,0,0,0,0
1,C,2,Italy x Sweden,Non-Dormant,Control,1-IS_ND_C,1,10/9/19,1.18,0,0,0,0,0,0,NA,0,0,0,0,0,0
1,C,2,Italy x Sweden,Non-Dormant,Control,1-IS_ND_C,1,10/18/19,1.19,0,0,0,0,0,0,NA,NA,NA,NA,NA,0,0
1,C,2,Italy x Sweden,Non-Dormant,Control,1-IS_ND_C,1,10/23/19,1.2,0,0,0,0,0,0,NA,NA,NA,NA,NA,0,0
1,C,2,Italy x Sweden,Non-Dormant,Control,1-IS_ND_C,1,11/6/19,1.22,0,0,0,0,0,0,NA,NA,NA,NA,NA,0,0
1,C,2,Italy x Sweden,Non-Dormant,Control,1-IS_ND_C,1,11/20/19,1.23,0,0,0,0,0,0,NA,NA,NA,NA,NA,0,0
1,C,2,Italy x Sweden,Non-Dormant,Control,1-IS_ND_C,1,12/4/19,1.24,0,0,0,0,0,0,NA,NA,NA,NA,NA,0,0
1,C,2,Italy x Sweden,Non-Dormant,Control,1-IS_ND_C,1,12/20/19,1.25,0,0,0,0,0,0,NA,2,0,0,0,0,2
1,C,2,Italy x Sweden,Non-Dormant,Control,1-IS_ND_C,1,2/10/20,1.26,0,0,0,0,0,0,NA,NA,0,0,0,0,0
1,C,2,Italy x Sweden,Non-Dormant,Control,1-IS_ND_C,1,3/2/20,1.27,0,0,0,0,0,0,NA,NA,0,0,1,0,1
1,C,2,Italy x Sweden,Non-Dormant,Control,1-IS_ND_C,1,5/5/20,1.29,0,0,0,0,0,1,NA,0,0,0,0,2,3
1,C,2,Italy x Sweden,Non-Dormant,Control,1-IS_ND_C,2,5/27/20,2.01,0,0,0,0,0,0,0,0,0,0,0,0,0
1,C,2,Italy x Sweden,Non-Dormant,Control,1-IS_ND_C,2,6/4/20,2.02,0,0,0,0,0,0,0,0,0,0,0,0,0
1,C,2,Italy x Sweden,Non-Dormant,Control,1-IS_ND_C,2,7/23/20,2.03,0,0,0,0,0,0,0,0,0,0,0,0,0
1,C,2,Italy x Sweden,Non-Dormant,Control,1-IS_ND_C,2,8/7/20,2.04,0,0,0,0,0,0,0,0,0,0,0,0,0
1,C,2,Italy x Sweden,Non-Dormant,Control,1-IS_ND_C,2,8/13/20,2.05,0,0,0,0,0,0,0,0,0,0,0,0,0
1,C,2,Italy x Sweden,Non-Dormant,Control,1-IS_ND_C,2,8/18/20,2.06,0,0,0,0,0,0,0,0,0,0,0,0,0
1,C,2,Italy x Sweden,Non-Dormant,Control,1-IS_ND_C,2,8/25/20,2.07,0,0,0,0,0,0,0,0,0,0,0,0,0
1,C,2,Italy x Sweden,Non-Dormant,Control,1-IS_ND_C,2,9/4/20,2.08,32,0,0,0,0,0,30,0,0,0,0,0,62
1,C,2,Italy x Sweden,Non-Dormant,Control,1-IS_ND_C,2,9/16/20,2.09,0,0,0,0,0,0,0,0,0,0,0,0,0
1,C,2,Italy x Sweden,Non-Dormant,Control,1-IS_ND_C,2,10/2/20,2.1,0,0,0,0,0,0,0,0,0,0,0,0,0
1,C,2,Italy x Sweden,Non-Dormant,Control,1-IS_ND_C,2,10/19/20,2.11,0,0,0,0,0,0,0,0,0,0,0,0,0
1,C,2,Italy x Sweden,Non-Dormant,Control,1-IS_ND_C,2,10/30/20,2.12,0,0,0,0,0,0,0,0,0,0,0,0,0
1,C,2,Italy x Sweden,Non-Dormant,Control,1-IS_ND_C,2,11/13/20,2.13,0,0,0,0,0,0,0,0,0,0,0,0,0
1,C,2,Italy x Sweden,Non-Dormant,Control,1-IS_ND_C,2,12/2/20,2.14,0,0,0,0,0,0,0,0,0,0,0,0,0
1,C,2,Italy x Sweden,Non-Dormant,Control,1-IS_ND_C,2,12/17/20,2.15,0,0,0,0,0,0,0,0,0,0,0,0,0
1,C,2,Italy x Sweden,Non-Dormant,Control,1-IS_ND_C,2,1/15/21,2.16,0,0,0,0,0,0,0,0,0,0,0,0,0
1,C,2,Italy x Sweden,Non-Dormant,Control,1-IS_ND_C,2,2/1/21,2.17,0,0,0,0,0,0,0,0,0,0,0,0,0
1,C,2,Italy x Sweden,Non-Dormant,Control,1-IS_ND_C,2,2/25/21,2.18,0,0,0,0,0,0,0,0,0,0,0,0,0
1,C,2,Italy x Sweden,Non-Dormant,Control,1-IS_ND_C,2,3/8/21,2.19,0,0,0,0,0,0,0,0,0,0,0,0,0
1,C,2,Italy x Sweden,Non-Dormant,Control,1-IS_ND_C,2,3/25/21,2.2,0,0,0,0,0,0,0,0,0,0,0,0,0
1,C,2,Italy x Sweden,Non-Dormant,Control,1-IS_ND_C,2,4/8/21,2.21,0,0,0,0,0,0,0,0,0,0,0,0,0
1,C,2,Italy x Sweden,Non-Dormant,Control,1-IS_ND_C,3,8/17/21,3.14,0,0,0,0,0,0,0,0,0,0,0,0,0
1,C,2,Italy x Sweden,Non-Dormant,Control,1-IS_ND_C,3,8/25/21,3.15,0,0,0,0,0,0,0,0,0,0,0,0,0
1,C,2,Italy x Sweden,Non-Dormant,Control,1-IS_ND_C,3,9/2/21,3.16,0,0,0,0,0,0,0,0,0,0,0,0,0
1,C,2,Italy x Sweden,Non-Dormant,Control,1-IS_ND_C,3,9/8/21,3.17,0,0,0,0,0,0,0,0,0,0,0,0,0
1,C,2,Italy x Sweden,Non-Dormant,Control,1-IS_ND_C,3,9/15/21,3.18,0,0,0,0,0,0,0,0,0,0,0,0,0
1,C,2,Italy x Sweden,Non-Dormant,Control,1-IS_ND_C,3,9/22/21,3.19,0,0,0,0,0,0,0,0,0,0,0,0,0
1,C,2,Italy x Sweden,Non-Dormant,Control,1-IS_ND_C,3,9/27/21,3.2,38,2,0,0,0,0,12,1,0,0,0,0,53
1,C,2,Italy x Sweden,Non-Dormant,Control,1-IS_ND_C,3,10/11/21,3.21,2,23,0,0,0,0,12,16,0,0,0,0,53
1,C,2,Italy x Sweden,Non-Dormant,Control,1-IS_ND_C,3,11/8/21,3.22,0,15,0,0,0,0,0,36,0,0,0,0,51
1,C,2,Italy x Sweden,Non-Dormant,Control,1-IS_ND_C,3,12/17/21,3.23,0,2,0,0,0,0,0,12,0,0,0,0,14
1,C,3,Italy x Sweden,Mixed,Litter,1-IS_M_F,1,6/12/19,1.01,6,0,0,0,0,0,NA,NA,NA,NA,NA,NA,6
1,C,3,Italy x Sweden,Mixed,Litter,1-IS_M_F,1,6/16/19,1.02,3,0,0,0,0,0,NA,NA,NA,NA,NA,NA,3
1,C,3,Italy x Sweden,Mixed,Litter,1-IS_M_F,1,6/26/19,1.03,0,1,0,0,0,0,NA,2,0,0,0,0,3
1,C,3,Italy x Sweden,Mixed,Litter,1-IS_M_F,1,7/3/19,1.04,0,0,0,0,0,0,NA,2,0,0,0,0,2
1,C,3,Italy x Sweden,Mixed,Litter,1-IS_M_F,1,7/10/19,1.05,NA,0,0,0,0,0,NA,2,0,0,0,0,2
1,C,3,Italy x Sweden,Mixed,Litter,1-IS_M_F,1,7/17/19,1.06,0,0,0,0,0,0,NA,2,0,0,0,0,2
1,C,3,Italy x Sweden,Mixed,Litter,1-IS_M_F,1,7/24/19,1.07,0,0,0,0,0,0,NA,1,0,1,0,0,2
1,C,3,Italy x Sweden,Mixed,Litter,1-IS_M_F,1,7/31/19,1.08,0,0,0,0,0,0,NA,1,0,0,1,0,2
1,C,3,Italy x Sweden,Mixed,Litter,1-IS_M_F,1,8/7/19,1.09,0,0,0,0,0,0,NA,0,0,0,0,1,1
1,C,3,Italy x Sweden,Mixed,Litter,1-IS_M_F,1,8/15/19,1.1,0,0,0,0,0,0,NA,0,0,0,0,0,0
1,C,3,Italy x Sweden,Mixed,Litter,1-IS_M_F,1,8/20/19,1.11,0,0,0,0,0,0,NA,0,0,0,0,0,0
1,C,3,Italy x Sweden,Mixed,Litter,1-IS_M_F,1,8/28/19,1.12,0,0,0,0,0,0,NA,0,0,0,0,0,0
1,C,3,Italy x Sweden,Mixed,Litter,1-IS_M_F,1,9/4/19,1.13,0,0,0,0,0,0,NA,0,0,0,0,0,0
1,C,3,Italy x Sweden,Mixed,Litter,1-IS_M_F,1,9/11/19,1.14,0,0,0,0,0,0,NA,0,0,0,0,0,0
1,C,3,Italy x Sweden,Mixed,Litter,1-IS_M_F,1,9/18/19,1.15,0,0,0,0,0,0,NA,0,0,0,0,0,0
1,C,3,Italy x Sweden,Mixed,Litter,1-IS_M_F,1,9/25/19,1.16,0,0,0,0,0,0,NA,0,0,0,0,0,0
1,C,3,Italy x Sweden,Mixed,Litter,1-IS_M_F,1,10/2/19,1.17,0,0,0,0,0,0,NA,0,0,0,0,0,0
1,C,3,Italy x Sweden,Mixed,Litter,1-IS_M_F,1,10/9/19,1.18,0,0,0,0,0,0,NA,0,0,0,0,0,0
1,C,3,Italy x Sweden,Mixed,Litter,1-IS_M_F,1,10/18/19,1.19,0,0,0,0,0,0,NA,NA,NA,NA,NA,0,0
1,C,3,Italy x Sweden,Mixed,Litter,1-IS_M_F,1,10/23/19,1.2,11,0,0,0,0,0,NA,NA,NA,NA,NA,0,11
1,C,3,Italy x Sweden,Mixed,Litter,1-IS_M_F,1,11/6/19,1.22,11,1,0,0,0,0,NA,NA,NA,NA,NA,0,12
1,C,3,Italy x Sweden,Mixed,Litter,1-IS_M_F,1,11/20/19,1.23,0,8,0,0,0,0,NA,NA,NA,NA,NA,0,8
1,C,3,Italy x Sweden,Mixed,Litter,1-IS_M_F,1,12/4/19,1.24,6,7,0,0,0,0,NA,NA,NA,NA,NA,0,13
1,C,3,Italy x Sweden,Mixed,Litter,1-IS_M_F,1,12/20/19,1.25,23,4,0,0,0,0,NA,10,0,0,0,0,37
1,C,3,Italy x Sweden,Mixed,Litter,1-IS_M_F,1,2/10/20,1.26,0,6,0,0,0,0,NA,NA,0,0,0,0,6
1,C,3,Italy x Sweden,Mixed,Litter,1-IS_M_F,1,3/2/20,1.27,0,6,3,1,0,0,NA,NA,2,2,1,0,15
1,C,3,Italy x Sweden,Mixed,Litter,1-IS_M_F,1,5/5/20,1.29,0,0,0,0,0,2,NA,0,0,0,0,2,4
1,C,3,Italy x Sweden,Mixed,Litter,1-IS_M_F,2,5/27/20,2.01,0,0,0,0,0,0,0,0,0,0,0,0,0
1,C,3,Italy x Sweden,Mixed,Litter,1-IS_M_F,2,6/4/20,2.02,0,0,0,0,0,0,0,0,0,0,0,0,0
1,C,3,Italy x Sweden,Mixed,Litter,1-IS_M_F,2,7/23/20,2.03,0,0,0,0,0,0,0,0,0,0,0,0,0
1,C,3,Italy x Sweden,Mixed,Litter,1-IS_M_F,2,8/7/20,2.04,0,0,0,0,0,0,0,0,0,0,0,0,0
1,C,3,Italy x Sweden,Mixed,Litter,1-IS_M_F,2,8/13/20,2.05,0,0,0,0,0,0,0,0,0,0,0,0,0
1,C,3,Italy x Sweden,Mixed,Litter,1-IS_M_F,2,8/18/20,2.06,0,0,0,0,0,0,0,0,0,0,0,0,0
1,C,3,Italy x Sweden,Mixed,Litter,1-IS_M_F,2,8/25/20,2.07,0,0,0,0,0,0,0,0,0,0,0,0,0
1,C,3,Italy x Sweden,Mixed,Litter,1-IS_M_F,2,9/4/20,2.08,0,0,0,0,0,0,10,0,0,0,0,0,10
1,C,3,Italy x Sweden,Mixed,Litter,1-IS_M_F,2,9/16/20,2.09,0,0,0,0,0,0,0,0,0,0,0,0,0
1,C,3,Italy x Sweden,Mixed,Litter,1-IS_M_F,2,10/2/20,2.1,0,0,0,0,0,0,0,0,0,0,0,0,0
1,C,3,Italy x Sweden,Mixed,Litter,1-IS_M_F,2,10/19/20,2.11,0,0,0,0,0,0,0,0,0,0,0,0,0
1,C,3,Italy x Sweden,Mixed,Litter,1-IS_M_F,2,10/30/20,2.12,0,0,0,0,0,0,0,0,0,0,0,0,0
1,C,3,Italy x Sweden,Mixed,Litter,1-IS_M_F,2,11/13/20,2.13,0,0,0,0,0,0,0,0,0,0,0,0,0
1,C,3,Italy x Sweden,Mixed,Litter,1-IS_M_F,2,12/2/20,2.14,0,0,0,0,0,0,0,0,0,0,0,0,0
1,C,3,Italy x Sweden,Mixed,Litter,1-IS_M_F,2,12/17/20,2.15,0,0,0,0,0,0,0,0,0,0,0,0,0
1,C,3,Italy x Sweden,Mixed,Litter,1-IS_M_F,2,1/15/21,2.16,0,0,0,0,0,0,0,0,0,0,0,0,0
1,C,3,Italy x Sweden,Mixed,Litter,1-IS_M_F,2,2/1/21,2.17,0,0,0,0,0,0,0,0,0,0,0,0,0
1,C,3,Italy x Sweden,Mixed,Litter,1-IS_M_F,2,2/25/21,2.18,0,0,0,0,0,0,0,0,0,0,0,0,0
1,C,3,Italy x Sweden,Mixed,Litter,1-IS_M_F,2,3/8/21,2.19,0,0,0,0,0,0,0,0,0,0,0,0,0
1,C,3,Italy x Sweden,Mixed,Litter,1-IS_M_F,2,3/25/21,2.2,0,0,0,0,0,0,0,0,0,0,0,0,0
1,C,3,Italy x Sweden,Mixed,Litter,1-IS_M_F,2,4/8/21,2.21,0,0,0,0,0,0,0,0,0,0,0,0,0
1,C,3,Italy x Sweden,Mixed,Litter,1-IS_M_F,3,8/17/21,3.14,0,0,0,0,0,0,0,0,0,0,0,0,0
1,C,3,Italy x Sweden,Mixed,Litter,1-IS_M_F,3,8/25/21,3.15,0,0,0,0,0,0,0,0,0,0,0,0,0
1,C,3,Italy x Sweden,Mixed,Litter,1-IS_M_F,3,9/2/21,3.16,0,0,0,0,0,0,0,0,0,0,0,0,0
1,C,3,Italy x Sweden,Mixed,Litter,1-IS_M_F,3,9/8/21,3.17,0,0,0,0,0,0,0,0,0,0,0,0,0
1,C,3,Italy x Sweden,Mixed,Litter,1-IS_M_F,3,9/15/21,3.18,0,0,0,0,0,0,0,0,0,0,0,0,0
1,C,3,Italy x Sweden,Mixed,Litter,1-IS_M_F,3,9/22/21,3.19,0,0,0,0,0,0,0,0,0,0,0,0,0
1,C,3,Italy x Sweden,Mixed,Litter,1-IS_M_F,3,9/27/21,3.2,69,0,0,0,0,0,39,0,0,0,0,0,108
1,C,3,Italy x Sweden,Mixed,Litter,1-IS_M_F,3,10/11/21,3.21,65,41,0,0,0,0,46,59,0,0,0,0,211
1,C,3,Italy x Sweden,Mixed,Litter,1-IS_M_F,3,11/8/21,3.22,0,37,0,0,0,0,16,61,0,0,0,0,114
1,C,3,Italy x Sweden,Mixed,Litter,1-IS_M_F,3,12/17/21,3.23,0,10,0,0,0,0,0,20,0,0,0,0,30
1,C,4,Germany x Tajikistan,Dormant,Litter,1-BS_D_F,1,6/12/19,1.01,NA,NA,NA,NA,NA,NA,NA,NA,NA,NA,NA,NA,NA
1,C,4,Germany x Tajikistan,Dormant,Litter,1-BS_D_F,1,6/16/19,1.02,NA,NA,NA,NA,NA,NA,NA,NA,NA,NA,NA,NA,NA
1,C,4,Germany x Tajikistan,Dormant,Litter,1-BS_D_F,1,6/26/19,1.03,NA,NA,NA,NA,NA,NA,NA,NA,NA,NA,NA,NA,NA
1,C,4,Germany x Tajikistan,Dormant,Litter,1-BS_D_F,1,7/3/19,1.04,NA,NA,NA,NA,NA,NA,NA,NA,NA,NA,NA,NA,NA
1,C,4,Germany x Tajikistan,Dormant,Litter,1-BS_D_F,1,7/10/19,1.05,NA,NA,NA,NA,NA,NA,NA,NA,NA,NA,NA,NA,NA
1,C,4,Germany x Tajikistan,Dormant,Litter,1-BS_D_F,1,7/17/19,1.06,0,0,0,0,0,0,NA,0,0,0,0,0,0
1,C,4,Germany x Tajikistan,Dormant,Litter,1-BS_D_F,1,7/24/19,1.07,0,0,0,0,0,0,NA,0,0,0,0,0,0
1,C,4,Germany x Tajikistan,Dormant,Litter,1-BS_D_F,1,7/31/19,1.08,0,0,0,0,0,0,NA,0,0,0,0,0,0
1,C,4,Germany x Tajikistan,Dormant,Litter,1-BS_D_F,1,8/7/19,1.09,0,0,0,0,0,0,NA,0,0,0,0,0,0
1,C,4,Germany x Tajikistan,Dormant,Litter,1-BS_D_F,1,8/15/19,1.1,0,0,0,0,0,0,NA,0,0,1,0,0,1
1,C,4,Germany x Tajikistan,Dormant,Litter,1-BS_D_F,1,8/20/19,1.11,0,0,0,0,0,0,NA,0,1,0,1,0,2
1,C,4,Germany x Tajikistan,Dormant,Litter,1-BS_D_F,1,8/28/19,1.12,0,0,0,0,0,0,NA,0,0,0,0,0,0
1,C,4,Germany x Tajikistan,Dormant,Litter,1-BS_D_F,1,9/4/19,1.13,0,0,0,0,0,0,NA,0,0,0,0,0,0
1,C,4,Germany x Tajikistan,Dormant,Litter,1-BS_D_F,1,9/11/19,1.14,0,0,0,0,0,0,NA,0,0,0,0,0,0
1,C,4,Germany x Tajikistan,Dormant,Litter,1-BS_D_F,1,9/18/19,1.15,0,0,0,0,0,0,NA,0,0,0,0,0,0
1,C,4,Germany x Tajikistan,Dormant,Litter,1-BS_D_F,1,9/25/19,1.16,0,0,0,0,0,0,NA,0,0,0,0,0,0
1,C,4,Germany x Tajikistan,Dormant,Litter,1-BS_D_F,1,10/2/19,1.17,0,0,0,0,0,0,NA,0,0,0,0,0,0
1,C,4,Germany x Tajikistan,Dormant,Litter,1-BS_D_F,1,10/9/19,1.18,0,0,0,0,0,0,NA,0,0,0,0,0,0
1,C,4,Germany x Tajikistan,Dormant,Litter,1-BS_D_F,1,10/18/19,1.19,0,0,0,0,0,0,NA,NA,NA,NA,NA,0,0
1,C,4,Germany x Tajikistan,Dormant,Litter,1-BS_D_F,1,10/23/19,1.2,3,0,0,0,0,0,NA,NA,NA,NA,NA,0,3
1,C,4,Germany x Tajikistan,Dormant,Litter,1-BS_D_F,1,11/6/19,1.22,0,0,0,0,0,0,NA,NA,NA,NA,NA,0,0
1,C,4,Germany x Tajikistan,Dormant,Litter,1-BS_D_F,1,11/20/19,1.23,0,4,0,0,0,0,NA,NA,NA,NA,NA,0,4
1,C,4,Germany x Tajikistan,Dormant,Litter,1-BS_D_F,1,12/4/19,1.24,0,0,0,0,0,0,NA,NA,NA,NA,NA,0,0
1,C,4,Germany x Tajikistan,Dormant,Litter,1-BS_D_F,1,12/20/19,1.25,0,1,0,0,0,0,NA,3,0,1,0,0,5
1,C,4,Germany x Tajikistan,Dormant,Litter,1-BS_D_F,1,2/10/20,1.26,0,0,0,0,0,0,NA,NA,0,3,0,0,3
1,C,4,Germany x Tajikistan,Dormant,Litter,1-BS_D_F,1,3/2/20,1.27,0,0,0,0,0,0,NA,NA,0,0,4,0,4
1,C,4,Germany x Tajikistan,Dormant,Litter,1-BS_D_F,1,5/5/20,1.29,0,0,0,0,0,0,NA,0,0,0,0,0,0
1,C,4,Germany x Tajikistan,Dormant,Litter,1-BS_D_F,2,5/27/20,2.01,0,0,0,0,0,0,0,0,0,0,0,0,0
1,C,4,Germany x Tajikistan,Dormant,Litter,1-BS_D_F,2,6/4/20,2.02,0,0,0,0,0,0,0,0,0,0,0,0,0
1,C,4,Germany x Tajikistan,Dormant,Litter,1-BS_D_F,2,9/4/20,2.08,0,0,0,0,0,0,0,0,0,0,0,0,0
1,C,4,Germany x Tajikistan,Dormant,Litter,1-BS_D_F,2,9/16/20,2.09,0,0,0,0,0,0,0,0,0,0,0,0,0
1,C,4,Germany x Tajikistan,Dormant,Litter,1-BS_D_F,2,10/2/20,2.1,0,0,0,0,0,0,0,0,0,0,0,0,0
1,C,4,Germany x Tajikistan,Dormant,Litter,1-BS_D_F,2,10/19/20,2.11,0,0,0,0,0,0,0,0,0,0,0,0,0
1,C,4,Germany x Tajikistan,Dormant,Litter,1-BS_D_F,2,10/30/20,2.12,0,0,0,0,0,0,0,0,0,0,0,0,0
1,C,4,Germany x Tajikistan,Dormant,Litter,1-BS_D_F,2,11/13/20,2.13,0,0,0,0,0,0,0,0,0,0,0,0,0
1,C,4,Germany x Tajikistan,Dormant,Litter,1-BS_D_F,2,12/2/20,2.14,0,0,0,0,0,0,0,0,0,0,0,0,0
1,C,4,Germany x Tajikistan,Dormant,Litter,1-BS_D_F,2,12/17/20,2.15,0,0,0,0,0,0,0,0,0,0,0,0,0
1,C,4,Germany x Tajikistan,Dormant,Litter,1-BS_D_F,2,1/15/21,2.16,0,0,0,0,0,0,0,0,0,0,0,0,0
1,C,4,Germany x Tajikistan,Dormant,Litter,1-BS_D_F,2,2/1/21,2.17,0,0,0,0,0,0,0,0,0,0,0,0,0
1,C,4,Germany x Tajikistan,Dormant,Litter,1-BS_D_F,2,2/25/21,2.18,0,0,0,0,0,0,0,0,0,0,0,0,0
1,C,4,Germany x Tajikistan,Dormant,Litter,1-BS_D_F,2,3/8/21,2.19,0,0,0,0,0,0,0,0,0,0,0,0,0
1,C,4,Germany x Tajikistan,Dormant,Litter,1-BS_D_F,2,3/25/21,2.2,0,0,0,0,0,0,0,0,0,0,0,0,0
1,C,4,Germany x Tajikistan,Dormant,Litter,1-BS_D_F,2,4/8/21,2.21,0,0,0,0,0,0,0,0,0,0,0,0,0
2,C,5,UK x USA,Non-Dormant,Control,2-TC_ND_C,1,6/12/19,1.01,NA,NA,NA,NA,NA,NA,NA,NA,NA,NA,NA,NA,NA
2,C,5,UK x USA,Non-Dormant,Control,2-TC_ND_C,1,6/16/19,1.02,NA,NA,NA,NA,NA,NA,NA,NA,NA,NA,NA,NA,NA
2,C,5,UK x USA,Non-Dormant,Control,2-TC_ND_C,1,6/26/19,1.03,NA,NA,NA,NA,NA,NA,NA,NA,NA,NA,NA,NA,NA
2,C,5,UK x USA,Non-Dormant,Control,2-TC_ND_C,1,7/3/19,1.04,NA,NA,NA,NA,NA,NA,NA,NA,NA,NA,NA,NA,NA
2,C,5,UK x USA,Non-Dormant,Control,2-TC_ND_C,1,7/10/19,1.05,NA,NA,NA,NA,NA,NA,NA,NA,NA,NA,NA,NA,NA
2,C,5,UK x USA,Non-Dormant,Control,2-TC_ND_C,1,7/17/19,1.06,0,0,0,0,0,0,NA,0,0,0,0,0,0
2,C,5,UK x USA,Non-Dormant,Control,2-TC_ND_C,1,7/24/19,1.07,0,0,0,0,0,0,NA,0,0,0,0,0,0
2,C,5,UK x USA,Non-Dormant,Control,2-TC_ND_C,1,7/31/19,1.08,0,0,0,0,0,0,NA,0,0,0,0,0,0
2,C,5,UK x USA,Non-Dormant,Control,2-TC_ND_C,1,8/7/19,1.09,0,0,0,0,0,0,NA,0,0,0,0,0,0
2,C,5,UK x USA,Non-Dormant,Control,2-TC_ND_C,1,8/15/19,1.1,0,0,0,0,0,0,NA,0,0,0,0,0,0
2,C,5,UK x USA,Non-Dormant,Control,2-TC_ND_C,1,8/20/19,1.11,0,0,0,0,0,0,NA,0,0,0,0,0,0
2,C,5,UK x USA,Non-Dormant,Control,2-TC_ND_C,1,8/28/19,1.12,0,0,0,0,0,0,NA,0,0,0,0,0,0
2,C,5,UK x USA,Non-Dormant,Control,2-TC_ND_C,1,9/4/19,1.13,0,0,0,0,0,0,NA,0,0,0,0,0,0
2,C,5,UK x USA,Non-Dormant,Control,2-TC_ND_C,1,9/11/19,1.14,0,0,0,0,0,0,NA,0,0,0,0,0,0
2,C,5,UK x USA,Non-Dormant,Control,2-TC_ND_C,1,9/18/19,1.15,0,0,0,0,0,0,NA,0,0,0,0,0,0
2,C,5,UK x USA,Non-Dormant,Control,2-TC_ND_C,1,9/25/19,1.16,0,0,0,0,0,0,NA,0,0,0,0,0,0
2,C,5,UK x USA,Non-Dormant,Control,2-TC_ND_C,1,10/2/19,1.17,0,0,0,0,0,0,NA,0,0,0,0,0,0
2,C,5,UK x USA,Non-Dormant,Control,2-TC_ND_C,1,10/9/19,1.18,0,0,0,0,0,0,NA,0,0,0,0,0,0
2,C,5,UK x USA,Non-Dormant,Control,2-TC_ND_C,1,10/18/19,1.19,0,0,0,0,0,0,NA,NA,NA,NA,NA,0,0
2,C,5,UK x USA,Non-Dormant,Control,2-TC_ND_C,1,10/23/19,1.2,0,0,0,0,0,0,NA,NA,NA,NA,NA,0,0
2,C,5,UK x USA,Non-Dormant,Control,2-TC_ND_C,1,11/6/19,1.22,0,0,0,0,0,0,NA,NA,NA,NA,NA,0,0
2,C,5,UK x USA,Non-Dormant,Control,2-TC_ND_C,1,11/20/19,1.23,0,0,0,0,0,0,NA,NA,NA,NA,NA,0,0
2,C,5,UK x USA,Non-Dormant,Control,2-TC_ND_C,1,12/4/19,1.24,0,0,0,0,0,0,NA,NA,NA,NA,NA,0,0
2,C,5,UK x USA,Non-Dormant,Control,2-TC_ND_C,1,12/20/19,1.25,0,0,0,0,0,0,NA,0,0,0,0,0,0
2,C,5,UK x USA,Non-Dormant,Control,2-TC_ND_C,1,2/10/20,1.26,0,0,0,0,0,0,NA,NA,0,0,0,0,0
2,C,5,UK x USA,Non-Dormant,Control,2-TC_ND_C,1,3/2/20,1.27,0,0,0,0,0,0,NA,NA,0,0,1,0,1
2,C,5,UK x USA,Non-Dormant,Control,2-TC_ND_C,1,5/5/20,1.29,0,0,0,0,0,0,NA,0,0,0,0,2,2
2,C,5,UK x USA,Non-Dormant,Control,2-TC_ND_C,2,5/27/20,2.01,0,0,0,0,0,0,0,0,0,0,0,0,0
2,C,5,UK x USA,Non-Dormant,Control,2-TC_ND_C,2,6/4/20,2.02,0,0,0,0,0,0,0,0,0,0,0,0,0
2,C,5,UK x USA,Non-Dormant,Control,2-TC_ND_C,2,7/23/20,2.03,0,0,0,0,0,0,0,0,0,0,0,0,0
2,C,5,UK x USA,Non-Dormant,Control,2-TC_ND_C,2,8/7/20,2.04,0,0,0,0,0,0,0,0,0,0,0,0,0
2,C,5,UK x USA,Non-Dormant,Control,2-TC_ND_C,2,8/13/20,2.05,0,0,0,0,0,0,0,0,0,0,0,0,0
2,C,5,UK x USA,Non-Dormant,Control,2-TC_ND_C,2,8/18/20,2.06,0,0,0,0,0,0,0,0,0,0,0,0,0
2,C,5,UK x USA,Non-Dormant,Control,2-TC_ND_C,2,8/25/20,2.07,0,0,0,0,0,0,0,0,0,0,0,0,0
2,C,5,UK x USA,Non-Dormant,Control,2-TC_ND_C,2,9/4/20,2.08,38,0,0,0,0,0,50,0,0,0,0,0,88
2,C,5,UK x USA,Non-Dormant,Control,2-TC_ND_C,2,9/16/20,2.09,18,0,0,0,0,0,20,0,0,0,0,0,38
2,C,5,UK x USA,Non-Dormant,Control,2-TC_ND_C,2,10/2/20,2.1,0,0,0,0,0,0,0,0,0,0,0,0,0
2,C,5,UK x USA,Non-Dormant,Control,2-TC_ND_C,2,10/19/20,2.11,0,0,0,0,0,0,0,0,0,0,0,0,0
2,C,5,UK x USA,Non-Dormant,Control,2-TC_ND_C,2,10/30/20,2.12,0,0,0,0,0,0,0,0,0,0,0,0,0
2,C,5,UK x USA,Non-Dormant,Control,2-TC_ND_C,2,11/13/20,2.13,0,0,0,0,0,0,0,0,0,0,0,0,0
2,C,5,UK x USA,Non-Dormant,Control,2-TC_ND_C,2,12/2/20,2.14,0,0,0,0,0,0,0,0,0,0,0,0,0
2,C,5,UK x USA,Non-Dormant,Control,2-TC_ND_C,2,12/17/20,2.15,0,0,0,0,0,0,0,0,0,0,0,0,0
2,C,5,UK x USA,Non-Dormant,Control,2-TC_ND_C,2,1/15/21,2.16,0,0,0,0,0,0,0,0,0,0,0,0,0
2,C,5,UK x USA,Non-Dormant,Control,2-TC_ND_C,2,2/1/21,2.17,0,0,0,0,0,0,0,0,0,0,0,0,0
2,C,5,UK x USA,Non-Dormant,Control,2-TC_ND_C,2,2/25/21,2.18,0,0,0,0,0,0,0,0,0,0,0,0,0
2,C,5,UK x USA,Non-Dormant,Control,2-TC_ND_C,2,3/8/21,2.19,0,0,0,0,0,0,0,0,0,0,0,0,0
2,C,5,UK x USA,Non-Dormant,Control,2-TC_ND_C,2,3/25/21,2.2,0,0,0,0,0,0,0,0,0,0,0,0,0
2,C,5,UK x USA,Non-Dormant,Control,2-TC_ND_C,2,4/8/21,2.21,0,0,0,0,0,0,0,0,0,0,0,0,0
2,C,5,UK x USA,Non-Dormant,Control,2-TC_ND_C,3,8/17/21,3.14,0,0,0,0,0,0,0,0,0,0,0,0,0
2,C,5,UK x USA,Non-Dormant,Control,2-TC_ND_C,3,8/25/21,3.15,0,0,0,0,0,0,0,0,0,0,0,0,0
2,C,5,UK x USA,Non-Dormant,Control,2-TC_ND_C,3,9/2/21,3.16,0,0,0,0,0,0,0,0,0,0,0,0,0
2,C,5,UK x USA,Non-Dormant,Control,2-TC_ND_C,3,9/8/21,3.17,0,0,0,0,0,0,0,0,0,0,0,0,0
2,C,5,UK x USA,Non-Dormant,Control,2-TC_ND_C,3,9/15/21,3.18,0,0,0,0,0,0,0,0,0,0,0,0,0
2,C,5,UK x USA,Non-Dormant,Control,2-TC_ND_C,3,9/22/21,3.19,0,0,0,0,0,0,0,0,0,0,0,0,0
2,C,5,UK x USA,Non-Dormant,Control,2-TC_ND_C,3,9/29/21,3.2,1,0,0,0,0,0,34,2,0,0,0,0,37
2,C,5,UK x USA,Non-Dormant,Control,2-TC_ND_C,3,10/12/21,3.21,2,4,0,0,0,0,18,22,0,0,0,0,46
2,C,5,UK x USA,Non-Dormant,Control,2-TC_ND_C,3,11/10/21,3.22,0,0,0,0,0,0,0,4,0,0,0,0,4
2,C,5,UK x USA,Non-Dormant,Control,2-TC_ND_C,3,12/17/21,3.23,0,0,0,0,0,0,0,0,0,0,0,0,0
2,C,6,Germany x Tajikistan,Dormant,Control,2-BS_D_C,1,6/12/19,1.01,NA,NA,NA,NA,NA,NA,NA,NA,NA,NA,NA,NA,NA
2,C,6,Germany x Tajikistan,Dormant,Control,2-BS_D_C,1,6/16/19,1.02,NA,NA,NA,NA,NA,NA,NA,NA,NA,NA,NA,NA,NA
2,C,6,Germany x Tajikistan,Dormant,Control,2-BS_D_C,1,6/26/19,1.03,NA,NA,NA,NA,NA,NA,NA,NA,NA,NA,NA,NA,NA
2,C,6,Germany x Tajikistan,Dormant,Control,2-BS_D_C,1,7/3/19,1.04,NA,NA,NA,NA,NA,NA,NA,NA,NA,NA,NA,NA,NA
2,C,6,Germany x Tajikistan,Dormant,Control,2-BS_D_C,1,7/10/19,1.05,NA,NA,NA,NA,NA,NA,NA,NA,NA,NA,NA,NA,NA
2,C,6,Germany x Tajikistan,Dormant,Control,2-BS_D_C,1,7/17/19,1.06,0,0,0,0,0,0,NA,0,0,0,0,0,0
2,C,6,Germany x Tajikistan,Dormant,Control,2-BS_D_C,1,7/24/19,1.07,0,0,0,0,0,0,NA,0,0,0,0,0,0
2,C,6,Germany x Tajikistan,Dormant,Control,2-BS_D_C,1,7/31/19,1.08,0,0,0,0,0,0,NA,0,0,0,0,0,0
2,C,6,Germany x Tajikistan,Dormant,Control,2-BS_D_C,1,8/7/19,1.09,0,0,0,0,0,0,NA,0,0,0,0,0,0
2,C,6,Germany x Tajikistan,Dormant,Control,2-BS_D_C,1,8/15/19,1.1,0,0,0,0,0,0,NA,0,0,0,0,0,0
2,C,6,Germany x Tajikistan,Dormant,Control,2-BS_D_C,1,8/20/19,1.11,0,0,0,0,0,0,NA,0,0,0,0,0,0
2,C,6,Germany x Tajikistan,Dormant,Control,2-BS_D_C,1,8/28/19,1.12,0,0,0,0,0,0,NA,0,0,0,0,0,0
2,C,6,Germany x Tajikistan,Dormant,Control,2-BS_D_C,1,9/4/19,1.13,0,0,0,0,0,0,NA,0,0,0,0,0,0
2,C,6,Germany x Tajikistan,Dormant,Control,2-BS_D_C,1,9/11/19,1.14,0,0,0,0,0,0,NA,0,0,0,0,0,0
2,C,6,Germany x Tajikistan,Dormant,Control,2-BS_D_C,1,9/18/19,1.15,0,0,0,0,0,0,NA,0,0,0,0,0,0
2,C,6,Germany x Tajikistan,Dormant,Control,2-BS_D_C,1,9/25/19,1.16,0,0,0,0,0,0,NA,0,0,0,0,0,0
2,C,6,Germany x Tajikistan,Dormant,Control,2-BS_D_C,1,10/2/19,1.17,0,0,0,0,0,0,NA,0,0,0,0,0,0
2,C,6,Germany x Tajikistan,Dormant,Control,2-BS_D_C,1,10/9/19,1.18,0,0,0,0,0,0,NA,0,0,0,0,0,0
2,C,6,Germany x Tajikistan,Dormant,Control,2-BS_D_C,1,10/18/19,1.19,0,0,0,0,0,0,NA,NA,NA,NA,NA,0,0
2,C,6,Germany x Tajikistan,Dormant,Control,2-BS_D_C,1,10/23/19,1.2,4,0,0,0,0,0,NA,NA,NA,NA,NA,0,4
2,C,6,Germany x Tajikistan,Dormant,Control,2-BS_D_C,1,11/6/19,1.22,0,0,0,0,0,0,NA,NA,NA,NA,NA,0,0
2,C,6,Germany x Tajikistan,Dormant,Control,2-BS_D_C,1,11/20/19,1.23,0,1,0,0,0,0,NA,NA,NA,NA,NA,0,1
2,C,6,Germany x Tajikistan,Dormant,Control,2-BS_D_C,1,12/4/19,1.24,0,0,0,0,0,0,NA,NA,NA,NA,NA,0,0
2,C,6,Germany x Tajikistan,Dormant,Control,2-BS_D_C,1,12/20/19,1.25,0,0,0,0,0,0,NA,0,0,0,0,0,0
2,C,6,Germany x Tajikistan,Dormant,Control,2-BS_D_C,1,2/10/20,1.26,0,0,0,0,0,0,NA,NA,0,0,0,0,0
2,C,6,Germany x Tajikistan,Dormant,Control,2-BS_D_C,1,3/2/20,1.27,0,0,0,0,0,0,NA,NA,0,0,0,0,0
2,C,6,Germany x Tajikistan,Dormant,Control,2-BS_D_C,1,5/5/20,1.29,0,0,0,0,0,0,NA,0,0,0,0,0,0
2,C,6,Germany x Tajikistan,Dormant,Control,2-BS_D_C,2,5/27/20,2.01,0,0,0,0,0,0,0,0,0,0,0,0,0
2,C,6,Germany x Tajikistan,Dormant,Control,2-BS_D_C,2,6/4/20,2.02,0,0,0,0,0,0,0,0,0,0,0,0,0
2,C,6,Germany x Tajikistan,Dormant,Control,2-BS_D_C,2,7/23/20,2.03,0,0,0,0,0,0,0,0,0,0,0,0,0
2,C,6,Germany x Tajikistan,Dormant,Control,2-BS_D_C,2,8/7/20,2.04,0,0,0,0,0,0,0,0,0,0,0,0,0
2,C,6,Germany x Tajikistan,Dormant,Control,2-BS_D_C,2,8/13/20,2.05,0,0,0,0,0,0,0,0,0,0,0,0,0
2,C,6,Germany x Tajikistan,Dormant,Control,2-BS_D_C,2,8/18/20,2.06,0,0,0,0,0,0,0,0,0,0,0,0,0
2,C,6,Germany x Tajikistan,Dormant,Control,2-BS_D_C,2,8/25/20,2.07,0,0,0,0,0,0,0,0,0,0,0,0,0
2,C,6,Germany x Tajikistan,Dormant,Control,2-BS_D_C,2,9/4/20,2.08,23,0,0,0,0,0,25,0,0,0,0,0,48
2,C,6,Germany x Tajikistan,Dormant,Control,2-BS_D_C,2,9/16/20,2.09,24,0,0,0,0,0,20,0,0,0,0,0,44
2,C,6,Germany x Tajikistan,Dormant,Control,2-BS_D_C,2,10/2/20,2.1,0,0,0,0,0,0,0,0,0,0,0,0,0
2,C,6,Germany x Tajikistan,Dormant,Control,2-BS_D_C,2,10/19/20,2.11,0,0,0,0,0,0,0,0,0,0,0,0,0
2,C,6,Germany x Tajikistan,Dormant,Control,2-BS_D_C,2,10/30/20,2.12,0,0,0,0,0,0,0,0,0,0,0,0,0
2,C,6,Germany x Tajikistan,Dormant,Control,2-BS_D_C,2,11/13/20,2.13,0,0,0,0,0,0,0,0,0,0,0,0,0
2,C,6,Germany x Tajikistan,Dormant,Control,2-BS_D_C,2,12/2/20,2.14,0,0,0,0,0,0,0,0,0,0,0,0,0
2,C,6,Germany x Tajikistan,Dormant,Control,2-BS_D_C,2,12/17/20,2.15,0,0,0,0,0,0,0,0,0,0,0,0,0
2,C,6,Germany x Tajikistan,Dormant,Control,2-BS_D_C,2,1/15/21,2.16,0,0,0,0,0,0,0,0,0,0,0,0,0
2,C,6,Germany x Tajikistan,Dormant,Control,2-BS_D_C,2,2/1/21,2.17,0,0,0,0,0,0,0,0,0,0,0,0,0
2,C,6,Germany x Tajikistan,Dormant,Control,2-BS_D_C,2,2/25/21,2.18,0,0,0,0,0,0,0,0,0,0,0,0,0
2,C,6,Germany x Tajikistan,Dormant,Control,2-BS_D_C,2,3/8/21,2.19,0,0,0,0,0,0,0,0,0,0,0,0,0
2,C,6,Germany x Tajikistan,Dormant,Control,2-BS_D_C,2,3/25/21,2.2,0,0,0,0,0,0,0,0,0,0,0,0,0
2,C,6,Germany x Tajikistan,Dormant,Control,2-BS_D_C,2,4/8/21,2.21,0,0,0,0,0,0,0,0,0,0,0,0,0
2,C,6,Germany x Tajikistan,Dormant,Control,2-BS_D_C,3,8/17/21,3.14,0,0,0,0,0,0,0,0,0,0,0,0,0
2,C,6,Germany x Tajikistan,Dormant,Control,2-BS_D_C,3,8/25/21,3.15,0,0,0,0,0,0,0,0,0,0,0,0,0
2,C,6,Germany x Tajikistan,Dormant,Control,2-BS_D_C,3,9/2/21,3.16,0,0,0,0,0,0,0,0,0,0,0,0,0
2,C,6,Germany x Tajikistan,Dormant,Control,2-BS_D_C,3,9/8/21,3.17,0,0,0,0,0,0,0,0,0,0,0,0,0
2,C,6,Germany x Tajikistan,Dormant,Control,2-BS_D_C,3,9/15/21,3.18,0,0,0,0,0,0,0,0,0,0,0,0,0
2,C,6,Germany x Tajikistan,Dormant,Control,2-BS_D_C,3,9/22/21,3.19,0,0,0,0,0,0,0,0,0,0,0,0,0
2,C,6,Germany x Tajikistan,Dormant,Control,2-BS_D_C,3,9/29/21,3.2,0,0,0,0,0,0,0,0,0,0,0,0,0
2,C,6,Germany x Tajikistan,Dormant,Control,2-BS_D_C,3,10/12/21,3.21,1,0,0,0,0,0,0,0,0,0,0,0,1
2,C,6,Germany x Tajikistan,Dormant,Control,2-BS_D_C,3,11/10/21,3.22,0,0,0,0,0,0,0,0,0,0,0,0,0
2,C,6,Germany x Tajikistan,Dormant,Control,2-BS_D_C,3,12/17/21,3.23,0,0,0,0,0,0,0,0,0,0,0,0,0
2,C,7,Italy x Sweden,Dormant,Control,2-IS_D_C,1,6/12/19,1.01,0,0,0,0,0,0,NA,NA,NA,NA,NA,NA,0
2,C,7,Italy x Sweden,Dormant,Control,2-IS_D_C,1,6/16/19,1.02,0,0,0,0,0,0,NA,NA,NA,NA,NA,NA,0
2,C,7,Italy x Sweden,Dormant,Control,2-IS_D_C,1,6/26/19,1.03,0,0,0,0,0,0,NA,0,0,0,0,0,0
2,C,7,Italy x Sweden,Dormant,Control,2-IS_D_C,1,7/3/19,1.04,0,0,0,0,0,0,NA,2,0,0,0,0,2
2,C,7,Italy x Sweden,Dormant,Control,2-IS_D_C,1,7/10/19,1.05,NA,0,0,0,0,0,NA,2,0,0,0,0,2
2,C,7,Italy x Sweden,Dormant,Control,2-IS_D_C,1,7/17/19,1.06,0,0,0,0,0,0,NA,3,0,0,0,0,3
2,C,7,Italy x Sweden,Dormant,Control,2-IS_D_C,1,7/24/19,1.07,0,0,0,0,0,0,NA,3,0,0,0,0,3
2,C,7,Italy x Sweden,Dormant,Control,2-IS_D_C,1,7/31/19,1.08,0,0,0,0,0,0,NA,3,0,0,0,0,3
2,C,7,Italy x Sweden,Dormant,Control,2-IS_D_C,1,8/7/19,1.09,0,0,0,0,0,0,NA,2,0,0,0,0,2
2,C,7,Italy x Sweden,Dormant,Control,2-IS_D_C,1,8/15/19,1.1,0,0,0,0,0,0,NA,1,0,0,0,0,1
2,C,7,Italy x Sweden,Dormant,Control,2-IS_D_C,1,8/20/19,1.11,0,0,0,0,0,0,NA,1,0,0,0,0,1
2,C,7,Italy x Sweden,Dormant,Control,2-IS_D_C,1,8/28/19,1.12,0,0,0,0,0,0,NA,1,0,0,0,0,1
2,C,7,Italy x Sweden,Dormant,Control,2-IS_D_C,1,9/4/19,1.13,0,0,0,0,0,0,NA,0,0,1,0,0,1
2,C,7,Italy x Sweden,Dormant,Control,2-IS_D_C,1,9/11/19,1.14,0,0,0,0,0,0,NA,0,0,0,1,0,1
2,C,7,Italy x Sweden,Dormant,Control,2-IS_D_C,1,9/18/19,1.15,0,0,0,0,0,0,NA,0,0,0,1,0,1
2,C,7,Italy x Sweden,Dormant,Control,2-IS_D_C,1,9/25/19,1.16,0,0,0,0,0,0,NA,0,0,0,0,1,1
2,C,7,Italy x Sweden,Dormant,Control,2-IS_D_C,1,10/2/19,1.17,0,0,0,0,0,0,NA,0,0,0,0,0,0
2,C,7,Italy x Sweden,Dormant,Control,2-IS_D_C,1,10/9/19,1.18,0,0,0,0,0,0,NA,0,0,0,0,0,0
2,C,7,Italy x Sweden,Dormant,Control,2-IS_D_C,1,10/18/19,1.19,0,0,0,0,0,0,NA,NA,NA,NA,NA,0,0
2,C,7,Italy x Sweden,Dormant,Control,2-IS_D_C,1,10/23/19,1.2,6,0,0,0,0,0,NA,NA,NA,NA,NA,0,6
2,C,7,Italy x Sweden,Dormant,Control,2-IS_D_C,1,11/6/19,1.22,0,0,0,0,0,0,NA,NA,NA,NA,NA,0,0
2,C,7,Italy x Sweden,Dormant,Control,2-IS_D_C,1,11/20/19,1.23,0,0,0,0,0,0,NA,NA,NA,NA,NA,0,0
2,C,7,Italy x Sweden,Dormant,Control,2-IS_D_C,1,12/4/19,1.24,0,0,0,0,0,0,NA,NA,NA,NA,NA,0,0
2,C,7,Italy x Sweden,Dormant,Control,2-IS_D_C,1,12/20/19,1.25,2,0,0,0,0,0,NA,15,0,0,0,0,17
2,C,7,Italy x Sweden,Dormant,Control,2-IS_D_C,1,2/10/20,1.26,0,0,0,0,0,0,NA,NA,0,1,1,0,2
2,C,7,Italy x Sweden,Dormant,Control,2-IS_D_C,1,3/2/20,1.27,0,0,0,0,0,0,NA,NA,0,1,2,0,3
2,C,7,Italy x Sweden,Dormant,Control,2-IS_D_C,1,5/5/20,1.29,0,0,0,0,0,0,NA,0,0,0,0,4,4
2,C,7,Italy x Sweden,Dormant,Control,2-IS_D_C,2,5/27/20,2.01,0,0,0,0,0,0,0,0,0,0,0,0,0
2,C,7,Italy x Sweden,Dormant,Control,2-IS_D_C,2,6/4/20,2.02,0,0,0,0,0,0,0,0,0,0,0,0,0
2,C,7,Italy x Sweden,Dormant,Control,2-IS_D_C,2,7/23/20,2.03,0,0,0,0,0,0,0,0,0,0,0,0,0
2,C,7,Italy x Sweden,Dormant,Control,2-IS_D_C,2,8/7/20,2.04,0,0,0,0,0,0,0,0,0,0,0,0,0
2,C,7,Italy x Sweden,Dormant,Control,2-IS_D_C,2,8/13/20,2.05,0,0,0,0,0,0,0,0,0,0,0,0,0
2,C,7,Italy x Sweden,Dormant,Control,2-IS_D_C,2,8/18/20,2.06,0,0,0,0,0,0,0,0,0,0,0,0,0
2,C,7,Italy x Sweden,Dormant,Control,2-IS_D_C,2,8/25/20,2.07,0,0,0,0,0,0,0,0,0,0,0,0,0
2,C,7,Italy x Sweden,Dormant,Control,2-IS_D_C,2,9/4/20,2.08,0,0,0,0,0,0,10,0,0,0,0,0,10
2,C,7,Italy x Sweden,Dormant,Control,2-IS_D_C,2,9/16/20,2.09,4,0,0,0,0,0,20,0,0,0,0,0,24
2,C,7,Italy x Sweden,Dormant,Control,2-IS_D_C,2,10/2/20,2.1,0,0,0,0,0,0,0,0,0,0,0,0,0
2,C,7,Italy x Sweden,Dormant,Control,2-IS_D_C,2,10/19/20,2.11,0,0,0,0,0,0,0,0,0,0,0,0,0
2,C,7,Italy x Sweden,Dormant,Control,2-IS_D_C,2,10/30/20,2.12,0,1,0,0,0,0,0,0,0,0,0,0,1
2,C,7,Italy x Sweden,Dormant,Control,2-IS_D_C,2,11/13/20,2.13,0,0,0,0,0,0,0,0,0,0,0,0,0
2,C,7,Italy x Sweden,Dormant,Control,2-IS_D_C,2,12/2/20,2.14,0,0,0,0,0,0,0,0,0,0,0,0,0
2,C,7,Italy x Sweden,Dormant,Control,2-IS_D_C,2,12/17/20,2.15,0,0,0,0,0,0,0,0,0,0,0,0,0
2,C,7,Italy x Sweden,Dormant,Control,2-IS_D_C,2,1/15/21,2.16,0,0,0,0,0,0,0,10,0,0,0,0,10
2,C,7,Italy x Sweden,Dormant,Control,2-IS_D_C,2,2/1/21,2.17,2,2,0,0,0,0,0,2,0,0,0,0,6
2,C,7,Italy x Sweden,Dormant,Control,2-IS_D_C,2,2/25/21,2.18,0,0,0,0,0,0,0,9,0,0,0,0,9
2,C,7,Italy x Sweden,Dormant,Control,2-IS_D_C,2,3/8/21,2.19,0,0,0,0,0,0,0,5,1,1,0,0,7
2,C,7,Italy x Sweden,Dormant,Control,2-IS_D_C,2,3/25/21,2.2,0,0,0,0,0,0,0,0,1,3,2,0,6
2,C,7,Italy x Sweden,Dormant,Control,2-IS_D_C,2,4/8/21,2.21,0,0,0,0,0,0,0,0,0,4,4,0,8
2,C,7,Italy x Sweden,Dormant,Control,2-IS_D_C,3,8/17/21,3.14,0,0,0,0,0,0,0,0,0,0,0,0,0
2,C,7,Italy x Sweden,Dormant,Control,2-IS_D_C,3,8/25/21,3.15,0,0,0,0,0,0,0,0,0,0,0,0,0
2,C,7,Italy x Sweden,Dormant,Control,2-IS_D_C,3,9/2/21,3.16,0,0,0,0,0,0,0,0,0,0,0,0,0
2,C,7,Italy x Sweden,Dormant,Control,2-IS_D_C,3,9/8/21,3.17,0,0,0,0,0,0,0,0,0,0,0,0,0
2,C,7,Italy x Sweden,Dormant,Control,2-IS_D_C,3,9/15/21,3.18,0,0,0,0,0,0,0,0,0,0,0,0,0
2,C,7,Italy x Sweden,Dormant,Control,2-IS_D_C,3,9/22/21,3.19,0,0,0,0,0,0,0,0,0,0,0,0,0
2,C,7,Italy x Sweden,Dormant,Control,2-IS_D_C,3,9/29/21,3.2,29,0,0,0,0,0,54,4,0,0,0,0,87
2,C,7,Italy x Sweden,Dormant,Control,2-IS_D_C,3,10/12/21,3.21,47,27,0,0,0,0,170,58,0,0,0,0,302
2,C,7,Italy x Sweden,Dormant,Control,2-IS_D_C,3,11/10/21,3.22,5,16,0,0,0,0,13,100,0,0,0,0,134
2,C,7,Italy x Sweden,Dormant,Control,2-IS_D_C,3,12/17/21,3.23,0,9,0,0,0,0,0,35,0,0,0,0,44
3,C,9,Italy x Sweden,Mixed,Control,3-IS_M_C,1,6/12/19,1.01,0,0,0,0,0,0,NA,NA,NA,NA,NA,NA,0
3,C,9,Italy x Sweden,Mixed,Control,3-IS_M_C,1,6/16/19,1.02,0,0,0,0,0,0,NA,NA,NA,NA,NA,NA,0
3,C,9,Italy x Sweden,Mixed,Control,3-IS_M_C,1,6/26/19,1.03,0,0,0,0,0,0,NA,0,0,0,0,0,0
3,C,9,Italy x Sweden,Mixed,Control,3-IS_M_C,1,7/3/19,1.04,0,0,0,0,0,0,NA,0,0,0,0,0,0
3,C,9,Italy x Sweden,Mixed,Control,3-IS_M_C,1,7/10/19,1.05,NA,0,0,0,0,0,NA,0,0,0,0,0,0
3,C,9,Italy x Sweden,Mixed,Control,3-IS_M_C,1,7/17/19,1.06,0,0,0,0,0,0,NA,0,0,0,0,0,0
3,C,9,Italy x Sweden,Mixed,Control,3-IS_M_C,1,7/24/19,1.07,0,0,0,0,0,0,NA,0,0,0,0,0,0
3,C,9,Italy x Sweden,Mixed,Control,3-IS_M_C,1,7/31/19,1.08,0,0,0,0,0,0,NA,0,0,0,0,0,0
3,C,9,Italy x Sweden,Mixed,Control,3-IS_M_C,1,8/7/19,1.09,0,0,0,0,0,0,NA,0,0,0,0,0,0
3,C,9,Italy x Sweden,Mixed,Control,3-IS_M_C,1,8/15/19,1.1,0,0,0,0,0,0,NA,0,0,0,0,0,0
3,C,9,Italy x Sweden,Mixed,Control,3-IS_M_C,1,8/20/19,1.11,0,0,0,0,0,0,NA,0,0,0,0,0,0
3,C,9,Italy x Sweden,Mixed,Control,3-IS_M_C,1,8/28/19,1.12,0,0,0,0,0,0,NA,0,0,0,0,0,0
3,C,9,Italy x Sweden,Mixed,Control,3-IS_M_C,1,9/4/19,1.13,0,0,0,0,0,0,NA,0,0,0,0,0,0
3,C,9,Italy x Sweden,Mixed,Control,3-IS_M_C,1,9/11/19,1.14,0,0,0,0,0,0,NA,0,0,0,0,0,0
3,C,9,Italy x Sweden,Mixed,Control,3-IS_M_C,1,9/18/19,1.15,0,0,0,0,0,0,NA,0,0,0,0,0,0
3,C,9,Italy x Sweden,Mixed,Control,3-IS_M_C,1,9/25/19,1.16,0,0,0,0,0,0,NA,0,0,0,0,0,0
3,C,9,Italy x Sweden,Mixed,Control,3-IS_M_C,1,10/2/19,1.17,0,0,0,0,0,0,NA,0,0,0,0,0,0
3,C,9,Italy x Sweden,Mixed,Control,3-IS_M_C,1,10/9/19,1.18,0,0,0,0,0,0,NA,0,0,0,0,0,0
3,C,9,Italy x Sweden,Mixed,Control,3-IS_M_C,1,10/18/19,1.19,0,0,0,0,0,0,NA,NA,NA,NA,NA,0,0
3,C,9,Italy x Sweden,Mixed,Control,3-IS_M_C,1,10/23/19,1.2,1,0,0,0,0,0,NA,NA,NA,NA,NA,0,1
3,C,9,Italy x Sweden,Mixed,Control,3-IS_M_C,1,11/6/19,1.22,0,0,0,0,0,0,NA,NA,NA,NA,NA,0,0
3,C,9,Italy x Sweden,Mixed,Control,3-IS_M_C,1,11/20/19,1.23,0,0,0,0,0,0,NA,NA,NA,NA,NA,0,0
3,C,9,Italy x Sweden,Mixed,Control,3-IS_M_C,1,12/4/19,1.24,0,0,0,0,0,0,NA,NA,NA,NA,NA,0,0
3,C,9,Italy x Sweden,Mixed,Control,3-IS_M_C,1,12/20/19,1.25,0,0,0,0,0,0,NA,0,0,0,0,0,0
3,C,9,Italy x Sweden,Mixed,Control,3-IS_M_C,1,2/10/20,1.26,0,0,0,0,0,0,NA,NA,0,0,0,0,0
3,C,9,Italy x Sweden,Mixed,Control,3-IS_M_C,1,3/2/20,1.27,0,0,0,0,0,0,NA,NA,1,0,0,0,1
3,C,9,Italy x Sweden,Mixed,Control,3-IS_M_C,1,5/5/20,1.29,0,0,0,0,0,0,NA,0,0,0,0,1,1
3,C,9,Italy x Sweden,Mixed,Control,3-IS_M_C,2,5/27/20,2.01,2,0,0,0,0,0,1,0,0,0,0,0,3
3,C,9,Italy x Sweden,Mixed,Control,3-IS_M_C,2,6/4/20,2.02,0,0,0,0,0,0,0,0,0,0,0,0,0
3,C,9,Italy x Sweden,Mixed,Control,3-IS_M_C,2,7/23/20,2.03,0,0,0,0,0,0,0,0,0,0,0,0,0
3,C,9,Italy x Sweden,Mixed,Control,3-IS_M_C,2,8/7/20,2.04,0,0,0,0,0,0,0,0,0,0,0,0,0
3,C,9,Italy x Sweden,Mixed,Control,3-IS_M_C,2,8/13/20,2.05,0,0,0,0,0,0,0,0,0,0,0,0,0
3,C,9,Italy x Sweden,Mixed,Control,3-IS_M_C,2,8/18/20,2.06,0,0,0,0,0,0,0,0,0,0,0,0,0
3,C,9,Italy x Sweden,Mixed,Control,3-IS_M_C,2,8/25/20,2.07,0,0,0,0,0,0,0,0,0,0,0,0,0
3,C,9,Italy x Sweden,Mixed,Control,3-IS_M_C,2,9/4/20,2.08,0,0,0,0,0,0,0,0,0,0,0,0,0
3,C,9,Italy x Sweden,Mixed,Control,3-IS_M_C,2,9/16/20,2.09,0,0,0,0,0,0,0,0,0,0,0,0,0
3,C,9,Italy x Sweden,Mixed,Control,3-IS_M_C,2,10/2/20,2.1,0,0,0,0,0,0,0,0,0,0,0,0,0
3,C,9,Italy x Sweden,Mixed,Control,3-IS_M_C,2,10/19/20,2.11,0,0,0,0,0,0,0,0,0,0,0,0,0
3,C,9,Italy x Sweden,Mixed,Control,3-IS_M_C,2,10/30/20,2.12,0,0,0,0,0,0,0,0,0,0,0,0,0
3,C,9,Italy x Sweden,Mixed,Control,3-IS_M_C,2,11/13/20,2.13,0,0,0,0,0,0,0,0,0,0,0,0,0
3,C,9,Italy x Sweden,Mixed,Control,3-IS_M_C,2,12/2/20,2.14,0,0,0,0,0,0,0,0,0,0,0,0,0
3,C,9,Italy x Sweden,Mixed,Control,3-IS_M_C,2,12/17/20,2.15,0,0,0,0,0,0,0,0,0,0,0,0,0
3,C,9,Italy x Sweden,Mixed,Control,3-IS_M_C,2,1/15/21,2.16,0,0,0,0,0,0,0,0,0,0,0,0,0
3,C,9,Italy x Sweden,Mixed,Control,3-IS_M_C,2,2/1/21,2.17,0,0,0,0,0,0,0,0,0,0,0,0,0
3,C,9,Italy x Sweden,Mixed,Control,3-IS_M_C,2,2/25/21,2.18,0,0,0,0,0,0,0,0,0,0,0,0,0
3,C,9,Italy x Sweden,Mixed,Control,3-IS_M_C,2,3/8/21,2.19,0,0,0,0,0,0,0,0,0,0,0,0,0
3,C,9,Italy x Sweden,Mixed,Control,3-IS_M_C,2,3/25/21,2.2,0,0,0,0,0,0,0,0,0,1,1,0,2
3,C,9,Italy x Sweden,Mixed,Control,3-IS_M_C,2,4/8/21,2.21,0,0,0,0,0,0,0,0,0,0,1,0,1
3,C,9,Italy x Sweden,Mixed,Control,3-IS_M_C,3,8/17/21,3.14,0,0,0,0,0,0,0,0,0,0,0,0,0
3,C,9,Italy x Sweden,Mixed,Control,3-IS_M_C,3,8/25/21,3.15,0,0,0,0,0,0,0,0,0,0,0,0,0
3,C,9,Italy x Sweden,Mixed,Control,3-IS_M_C,3,9/2/21,3.16,0,0,0,0,0,0,0,0,0,0,0,0,0
3,C,9,Italy x Sweden,Mixed,Control,3-IS_M_C,3,9/8/21,3.17,0,0,0,0,0,0,0,0,0,0,0,0,0
3,C,9,Italy x Sweden,Mixed,Control,3-IS_M_C,3,9/15/21,3.18,0,0,0,0,0,0,0,0,0,0,0,0,0
3,C,9,Italy x Sweden,Mixed,Control,3-IS_M_C,3,9/22/21,3.19,0,0,0,0,0,0,0,0,0,0,0,0,0
3,C,9,Italy x Sweden,Mixed,Control,3-IS_M_C,3,9/29/21,3.2,5,0,0,0,0,0,39,0,0,0,0,0,44
3,C,9,Italy x Sweden,Mixed,Control,3-IS_M_C,3,10/13/21,3.21,10,10,0,0,0,0,52,44,0,0,0,0,116
3,C,9,Italy x Sweden,Mixed,Control,3-IS_M_C,3,11/10/21,3.22,2,1,0,0,0,0,2,15,0,0,0,0,20
3,C,9,Italy x Sweden,Mixed,Control,3-IS_M_C,3,12/17/21,3.23,1,1,0,0,0,0,0,3,0,0,0,0,5
3,C,10,Italy x Sweden,Dormant,High Humidity,3-IS_D_D,1,6/12/19,1.01,2,0,0,0,0,0,NA,NA,NA,NA,NA,NA,2
3,C,10,Italy x Sweden,Dormant,High Humidity,3-IS_D_D,1,6/16/19,1.02,1,0,0,0,0,0,NA,NA,NA,NA,NA,NA,1
3,C,10,Italy x Sweden,Dormant,High Humidity,3-IS_D_D,1,6/26/19,1.03,0,0,0,0,0,0,NA,0,0,0,0,0,0
3,C,10,Italy x Sweden,Dormant,High Humidity,3-IS_D_D,1,7/3/19,1.04,0,0,0,0,0,0,NA,0,0,0,0,0,0
3,C,10,Italy x Sweden,Dormant,High Humidity,3-IS_D_D,1,7/10/19,1.05,NA,0,0,0,0,0,NA,0,0,0,0,0,0
3,C,10,Italy x Sweden,Dormant,High Humidity,3-IS_D_D,1,7/17/19,1.06,0,0,0,0,0,0,NA,0,0,0,0,0,0
3,C,10,Italy x Sweden,Dormant,High Humidity,3-IS_D_D,1,7/24/19,1.07,0,0,0,0,0,0,NA,0,0,0,0,0,0
3,C,10,Italy x Sweden,Dormant,High Humidity,3-IS_D_D,1,7/31/19,1.08,0,0,0,0,0,0,NA,0,0,0,0,0,0
3,C,10,Italy x Sweden,Dormant,High Humidity,3-IS_D_D,1,8/7/19,1.09,0,0,0,0,0,0,NA,0,0,0,0,0,0
3,C,10,Italy x Sweden,Dormant,High Humidity,3-IS_D_D,1,8/15/19,1.1,0,0,0,0,0,0,NA,0,0,0,0,0,0
3,C,10,Italy x Sweden,Dormant,High Humidity,3-IS_D_D,1,8/20/19,1.11,0,0,0,0,0,0,NA,0,0,0,0,0,0
3,C,10,Italy x Sweden,Dormant,High Humidity,3-IS_D_D,1,8/28/19,1.12,0,0,0,0,0,0,NA,0,0,0,0,0,0
3,C,10,Italy x Sweden,Dormant,High Humidity,3-IS_D_D,1,9/4/19,1.13,0,0,0,0,0,0,NA,0,0,0,0,0,0
3,C,10,Italy x Sweden,Dormant,High Humidity,3-IS_D_D,1,9/11/19,1.14,0,0,0,0,0,0,NA,0,0,0,0,0,0
3,C,10,Italy x Sweden,Dormant,High Humidity,3-IS_D_D,1,9/18/19,1.15,0,0,0,0,0,0,NA,0,0,0,0,0,0
3,C,10,Italy x Sweden,Dormant,High Humidity,3-IS_D_D,1,9/25/19,1.16,0,0,0,0,0,0,NA,0,0,0,0,0,0
3,C,10,Italy x Sweden,Dormant,High Humidity,3-IS_D_D,1,10/2/19,1.17,0,0,0,0,0,0,NA,0,0,0,0,0,0
3,C,10,Italy x Sweden,Dormant,High Humidity,3-IS_D_D,1,10/9/19,1.18,0,0,0,0,0,0,NA,0,0,0,0,0,0
3,C,10,Italy x Sweden,Dormant,High Humidity,3-IS_D_D,1,10/18/19,1.19,0,0,0,0,0,0,NA,NA,NA,NA,NA,0,0
3,C,10,Italy x Sweden,Dormant,High Humidity,3-IS_D_D,1,10/23/19,1.2,16,0,0,0,0,0,NA,NA,NA,NA,NA,0,16
3,C,10,Italy x Sweden,Dormant,High Humidity,3-IS_D_D,1,11/6/19,1.22,0,0,0,0,0,0,NA,NA,NA,NA,NA,0,0
3,C,10,Italy x Sweden,Dormant,High Humidity,3-IS_D_D,1,11/20/19,1.23,0,0,0,0,0,0,NA,NA,NA,NA,NA,0,0
3,C,10,Italy x Sweden,Dormant,High Humidity,3-IS_D_D,1,12/4/19,1.24,0,0,0,0,0,0,NA,NA,NA,NA,NA,0,0
3,C,10,Italy x Sweden,Dormant,High Humidity,3-IS_D_D,1,12/20/19,1.25,0,1,0,0,0,0,NA,1,0,0,0,0,2
3,C,10,Italy x Sweden,Dormant,High Humidity,3-IS_D_D,1,2/10/20,1.26,0,1,0,0,0,0,NA,NA,0,0,1,0,2
3,C,10,Italy x Sweden,Dormant,High Humidity,3-IS_D_D,1,3/2/20,1.27,0,0,0,2,0,0,NA,NA,0,0,2,0,4
3,C,10,Italy x Sweden,Dormant,High Humidity,3-IS_D_D,1,5/5/20,1.29,0,0,0,0,0,3,NA,0,0,0,0,4,7
3,C,10,Italy x Sweden,Dormant,High Humidity,3-IS_D_D,2,5/27/20,2.01,0,0,0,0,0,0,1,0,0,0,0,0,1
3,C,10,Italy x Sweden,Dormant,High Humidity,3-IS_D_D,2,6/4/20,2.02,0,0,0,0,0,0,0,0,0,0,0,0,0
3,C,10,Italy x Sweden,Dormant,High Humidity,3-IS_D_D,2,7/23/20,2.03,0,0,0,0,0,0,0,0,0,0,0,0,0
3,C,10,Italy x Sweden,Dormant,High Humidity,3-IS_D_D,2,8/7/20,2.04,0,0,0,0,0,0,0,0,0,0,0,0,0
3,C,10,Italy x Sweden,Dormant,High Humidity,3-IS_D_D,2,8/13/20,2.05,0,0,0,0,0,0,0,0,0,0,0,0,0
3,C,10,Italy x Sweden,Dormant,High Humidity,3-IS_D_D,2,8/18/20,2.06,0,0,0,0,0,0,0,0,0,0,0,0,0
3,C,10,Italy x Sweden,Dormant,High Humidity,3-IS_D_D,2,8/25/20,2.07,0,0,0,0,0,0,0,0,0,0,0,0,0
3,C,10,Italy x Sweden,Dormant,High Humidity,3-IS_D_D,2,9/4/20,2.08,0,0,0,0,0,0,0,0,0,0,0,0,0
3,C,10,Italy x Sweden,Dormant,High Humidity,3-IS_D_D,2,9/16/20,2.09,0,0,0,0,0,0,0,0,0,0,0,0,0
3,C,10,Italy x Sweden,Dormant,High Humidity,3-IS_D_D,2,10/2/20,2.1,0,0,0,0,0,0,0,0,0,0,0,0,0
3,C,10,Italy x Sweden,Dormant,High Humidity,3-IS_D_D,2,10/19/20,2.11,0,0,0,0,0,0,0,0,0,0,0,0,0
3,C,10,Italy x Sweden,Dormant,High Humidity,3-IS_D_D,2,10/30/20,2.12,0,0,0,0,0,0,0,0,0,0,0,0,0
3,C,10,Italy x Sweden,Dormant,High Humidity,3-IS_D_D,2,11/13/20,2.13,48,0,0,0,0,0,15,0,0,0,0,0,63
3,C,10,Italy x Sweden,Dormant,High Humidity,3-IS_D_D,2,12/2/20,2.14,9,1,0,0,0,0,5,5,0,0,0,0,20
3,C,10,Italy x Sweden,Dormant,High Humidity,3-IS_D_D,2,12/17/20,2.15,0,0,0,0,0,0,0,0,0,0,0,0,0
3,C,10,Italy x Sweden,Dormant,High Humidity,3-IS_D_D,2,1/15/21,2.16,2,0,0,0,0,0,4,17,0,0,0,0,23
3,C,10,Italy x Sweden,Dormant,High Humidity,3-IS_D_D,2,2/1/21,2.17,1,0,0,0,0,0,0,5,0,0,0,0,6
3,C,10,Italy x Sweden,Dormant,High Humidity,3-IS_D_D,2,2/25/21,2.18,0,0,0,0,0,0,0,8,0,0,0,0,8
3,C,10,Italy x Sweden,Dormant,High Humidity,3-IS_D_D,2,3/8/21,2.19,0,0,0,0,0,0,0,2,1,1,1,0,5
3,C,10,Italy x Sweden,Dormant,High Humidity,3-IS_D_D,2,3/25/21,2.2,0,0,0,0,0,0,0,2,2,1,14,0,19
3,C,10,Italy x Sweden,Dormant,High Humidity,3-IS_D_D,2,4/8/21,2.21,0,0,0,0,0,0,0,0,0,0,14,0,14
3,C,10,Italy x Sweden,Dormant,High Humidity,3-IS_D_D,3,8/17/21,3.14,0,0,0,0,0,0,0,0,0,0,0,0,0
3,C,10,Italy x Sweden,Dormant,High Humidity,3-IS_D_D,3,8/25/21,3.15,0,0,0,0,0,0,0,0,0,0,0,0,0
3,C,10,Italy x Sweden,Dormant,High Humidity,3-IS_D_D,3,9/2/21,3.16,0,0,0,0,0,0,0,0,0,0,0,0,0
3,C,10,Italy x Sweden,Dormant,High Humidity,3-IS_D_D,3,9/8/21,3.17,0,0,0,0,0,0,0,0,0,0,0,0,0
3,C,10,Italy x Sweden,Dormant,High Humidity,3-IS_D_D,3,9/15/21,3.18,0,0,0,0,0,0,0,0,0,0,0,0,0
3,C,10,Italy x Sweden,Dormant,High Humidity,3-IS_D_D,3,9/22/21,3.19,0,0,0,0,0,0,0,0,0,0,0,0,0
3,C,10,Italy x Sweden,Dormant,High Humidity,3-IS_D_D,3,9/29/21,3.2,152,0,0,0,0,0,106,0,0,0,0,0,258
3,C,10,Italy x Sweden,Dormant,High Humidity,3-IS_D_D,3,10/13/21,3.21,81,32,0,0,0,0,93,100,0,0,0,0,306
3,C,10,Italy x Sweden,Dormant,High Humidity,3-IS_D_D,3,11/10/21,3.22,34,3,0,0,0,0,30,52,0,0,0,0,119
3,C,10,Italy x Sweden,Dormant,High Humidity,3-IS_D_D,3,12/17/21,3.23,25,9,0,0,0,0,6,63,0,0,0,0,103
3,C,11,Germany x Tajikistan,Non-Dormant,Litter,3-BS_ND_F,1,6/12/19,1.01,NA,NA,NA,NA,NA,NA,NA,NA,NA,NA,NA,NA,NA
3,C,11,Germany x Tajikistan,Non-Dormant,Litter,3-BS_ND_F,1,6/16/19,1.02,NA,NA,NA,NA,NA,NA,NA,NA,NA,NA,NA,NA,NA
3,C,11,Germany x Tajikistan,Non-Dormant,Litter,3-BS_ND_F,1,6/26/19,1.03,NA,NA,NA,NA,NA,NA,NA,NA,NA,NA,NA,NA,NA
3,C,11,Germany x Tajikistan,Non-Dormant,Litter,3-BS_ND_F,1,7/3/19,1.04,NA,NA,NA,NA,NA,NA,NA,NA,NA,NA,NA,NA,NA
3,C,11,Germany x Tajikistan,Non-Dormant,Litter,3-BS_ND_F,1,7/10/19,1.05,NA,NA,NA,NA,NA,NA,NA,NA,NA,NA,NA,NA,NA
3,C,11,Germany x Tajikistan,Non-Dormant,Litter,3-BS_ND_F,1,7/17/19,1.06,0,0,0,0,0,0,NA,0,0,0,0,0,0
3,C,11,Germany x Tajikistan,Non-Dormant,Litter,3-BS_ND_F,1,7/24/19,1.07,0,0,0,0,0,0,NA,0,0,0,0,0,0
3,C,11,Germany x Tajikistan,Non-Dormant,Litter,3-BS_ND_F,1,7/31/19,1.08,0,0,0,0,0,0,NA,0,0,0,0,0,0
3,C,11,Germany x Tajikistan,Non-Dormant,Litter,3-BS_ND_F,1,8/7/19,1.09,0,0,0,0,0,0,NA,0,0,0,0,0,0
3,C,11,Germany x Tajikistan,Non-Dormant,Litter,3-BS_ND_F,1,8/15/19,1.1,0,0,0,0,0,0,NA,0,0,0,0,0,0
3,C,11,Germany x Tajikistan,Non-Dormant,Litter,3-BS_ND_F,1,8/20/19,1.11,0,0,0,0,0,0,NA,0,0,0,0,0,0
3,C,11,Germany x Tajikistan,Non-Dormant,Litter,3-BS_ND_F,1,8/28/19,1.12,0,0,0,0,0,0,NA,0,0,0,0,0,0
3,C,11,Germany x Tajikistan,Non-Dormant,Litter,3-BS_ND_F,1,9/4/19,1.13,0,0,0,0,0,0,NA,0,0,0,0,0,0
3,C,11,Germany x Tajikistan,Non-Dormant,Litter,3-BS_ND_F,1,9/11/19,1.14,0,0,0,0,0,0,NA,0,0,0,0,0,0
3,C,11,Germany x Tajikistan,Non-Dormant,Litter,3-BS_ND_F,1,9/18/19,1.15,0,0,0,0,0,0,NA,0,0,0,0,0,0
3,C,11,Germany x Tajikistan,Non-Dormant,Litter,3-BS_ND_F,1,9/25/19,1.16,0,0,0,0,0,0,NA,0,0,0,0,0,0
3,C,11,Germany x Tajikistan,Non-Dormant,Litter,3-BS_ND_F,1,10/2/19,1.17,0,0,0,0,0,0,NA,0,0,0,0,0,0
3,C,11,Germany x Tajikistan,Non-Dormant,Litter,3-BS_ND_F,1,10/9/19,1.18,0,0,0,0,0,0,NA,0,0,0,0,0,0
3,C,11,Germany x Tajikistan,Non-Dormant,Litter,3-BS_ND_F,1,10/18/19,1.19,0,0,0,0,0,0,NA,NA,NA,NA,NA,0,0
3,C,11,Germany x Tajikistan,Non-Dormant,Litter,3-BS_ND_F,1,10/23/19,1.2,0,0,0,0,0,0,NA,NA,NA,NA,NA,0,0
3,C,11,Germany x Tajikistan,Non-Dormant,Litter,3-BS_ND_F,1,11/6/19,1.22,0,0,0,0,0,0,NA,NA,NA,NA,NA,0,0
3,C,11,Germany x Tajikistan,Non-Dormant,Litter,3-BS_ND_F,1,11/20/19,1.23,0,0,0,0,0,0,NA,NA,NA,NA,NA,0,0
3,C,11,Germany x Tajikistan,Non-Dormant,Litter,3-BS_ND_F,1,12/4/19,1.24,0,0,0,0,0,0,NA,NA,NA,NA,NA,0,0
3,C,11,Germany x Tajikistan,Non-Dormant,Litter,3-BS_ND_F,1,12/20/19,1.25,0,0,0,0,0,0,NA,0,0,0,0,0,0
3,C,11,Germany x Tajikistan,Non-Dormant,Litter,3-BS_ND_F,1,2/10/20,1.26,0,0,0,0,0,0,NA,NA,0,0,0,0,0
3,C,11,Germany x Tajikistan,Non-Dormant,Litter,3-BS_ND_F,1,3/2/20,1.27,0,0,0,0,0,0,NA,NA,0,0,0,0,0
3,C,11,Germany x Tajikistan,Non-Dormant,Litter,3-BS_ND_F,1,5/5/20,1.29,0,0,0,0,0,0,NA,0,0,0,0,0,0
3,C,11,Germany x Tajikistan,Non-Dormant,Litter,3-BS_ND_F,2,5/27/20,2.01,0,0,0,0,0,0,0,0,0,0,0,0,0
3,C,11,Germany x Tajikistan,Non-Dormant,Litter,3-BS_ND_F,2,6/4/20,2.02,0,0,0,0,0,0,0,0,0,0,0,0,0
3,C,11,Germany x Tajikistan,Non-Dormant,Litter,3-BS_ND_F,2,9/4/20,2.08,0,0,0,0,0,0,0,0,0,0,0,0,0
3,C,11,Germany x Tajikistan,Non-Dormant,Litter,3-BS_ND_F,2,9/16/20,2.09,0,0,0,0,0,0,0,0,0,0,0,0,0
3,C,11,Germany x Tajikistan,Non-Dormant,Litter,3-BS_ND_F,2,10/2/20,2.1,0,0,0,0,0,0,0,0,0,0,0,0,0
3,C,11,Germany x Tajikistan,Non-Dormant,Litter,3-BS_ND_F,2,10/19/20,2.11,0,0,0,0,0,0,0,0,0,0,0,0,0
3,C,11,Germany x Tajikistan,Non-Dormant,Litter,3-BS_ND_F,2,10/30/20,2.12,0,0,0,0,0,0,0,0,0,0,0,0,0
3,C,11,Germany x Tajikistan,Non-Dormant,Litter,3-BS_ND_F,2,11/13/20,2.13,2,0,0,0,0,0,2,0,0,0,0,0,4
3,C,11,Germany x Tajikistan,Non-Dormant,Litter,3-BS_ND_F,2,12/2/20,2.14,0,0,0,0,0,0,0,0,0,0,0,0,0
3,C,11,Germany x Tajikistan,Non-Dormant,Litter,3-BS_ND_F,2,12/17/20,2.15,0,0,0,0,0,0,0,0,0,0,0,0,0
3,C,11,Germany x Tajikistan,Non-Dormant,Litter,3-BS_ND_F,2,1/15/21,2.16,0,0,0,0,0,0,0,0,0,0,0,0,0
3,C,11,Germany x Tajikistan,Non-Dormant,Litter,3-BS_ND_F,2,2/1/21,2.17,0,0,0,0,0,0,0,0,0,0,0,0,0
3,C,11,Germany x Tajikistan,Non-Dormant,Litter,3-BS_ND_F,2,2/25/21,2.18,0,0,0,0,0,0,0,0,0,0,0,0,0
3,C,11,Germany x Tajikistan,Non-Dormant,Litter,3-BS_ND_F,2,3/8/21,2.19,0,0,0,0,0,0,0,0,0,0,0,0,0
3,C,11,Germany x Tajikistan,Non-Dormant,Litter,3-BS_ND_F,2,3/25/21,2.2,0,0,0,0,0,0,0,0,0,0,0,0,0
3,C,11,Germany x Tajikistan,Non-Dormant,Litter,3-BS_ND_F,2,4/8/21,2.21,0,0,0,0,0,0,0,0,0,0,0,0,0
3,C,12,Germany x Tajikistan,Dormant,Control,3-BS_D_C,1,6/12/19,1.01,NA,NA,NA,NA,NA,NA,NA,NA,NA,NA,NA,NA,NA
3,C,12,Germany x Tajikistan,Dormant,Control,3-BS_D_C,1,6/16/19,1.02,NA,NA,NA,NA,NA,NA,NA,NA,NA,NA,NA,NA,NA
3,C,12,Germany x Tajikistan,Dormant,Control,3-BS_D_C,1,6/26/19,1.03,NA,NA,NA,NA,NA,NA,NA,NA,NA,NA,NA,NA,NA
3,C,12,Germany x Tajikistan,Dormant,Control,3-BS_D_C,1,7/3/19,1.04,NA,NA,NA,NA,NA,NA,NA,NA,NA,NA,NA,NA,NA
3,C,12,Germany x Tajikistan,Dormant,Control,3-BS_D_C,1,7/10/19,1.05,NA,NA,NA,NA,NA,NA,NA,NA,NA,NA,NA,NA,NA
3,C,12,Germany x Tajikistan,Dormant,Control,3-BS_D_C,1,7/17/19,1.06,0,0,0,0,0,0,NA,0,0,0,0,0,0
3,C,12,Germany x Tajikistan,Dormant,Control,3-BS_D_C,1,7/24/19,1.07,0,0,0,0,0,0,NA,0,0,0,0,0,0
3,C,12,Germany x Tajikistan,Dormant,Control,3-BS_D_C,1,7/31/19,1.08,0,0,0,0,0,0,NA,0,0,0,0,0,0
3,C,12,Germany x Tajikistan,Dormant,Control,3-BS_D_C,1,8/7/19,1.09,0,0,0,0,0,0,NA,0,0,0,0,0,0
3,C,12,Germany x Tajikistan,Dormant,Control,3-BS_D_C,1,8/15/19,1.1,0,0,0,0,0,0,NA,0,0,0,0,0,0
3,C,12,Germany x Tajikistan,Dormant,Control,3-BS_D_C,1,8/20/19,1.11,0,0,0,0,0,0,NA,0,0,0,0,0,0
3,C,12,Germany x Tajikistan,Dormant,Control,3-BS_D_C,1,8/28/19,1.12,0,0,0,0,0,0,NA,0,0,0,0,0,0
3,C,12,Germany x Tajikistan,Dormant,Control,3-BS_D_C,1,9/4/19,1.13,0,0,0,0,0,0,NA,0,0,0,0,0,0
3,C,12,Germany x Tajikistan,Dormant,Control,3-BS_D_C,1,9/11/19,1.14,0,0,0,0,0,0,NA,0,0,0,0,0,0
3,C,12,Germany x Tajikistan,Dormant,Control,3-BS_D_C,1,9/18/19,1.15,0,0,0,0,0,0,NA,0,0,0,0,0,0
3,C,12,Germany x Tajikistan,Dormant,Control,3-BS_D_C,1,9/25/19,1.16,0,0,0,0,0,0,NA,0,0,0,0,0,0
3,C,12,Germany x Tajikistan,Dormant,Control,3-BS_D_C,1,10/2/19,1.17,0,0,0,0,0,0,NA,0,0,0,0,0,0
3,C,12,Germany x Tajikistan,Dormant,Control,3-BS_D_C,1,10/9/19,1.18,0,0,0,0,0,0,NA,0,0,0,0,0,0
3,C,12,Germany x Tajikistan,Dormant,Control,3-BS_D_C,1,10/18/19,1.19,0,0,0,0,0,0,NA,NA,NA,NA,NA,0,0
3,C,12,Germany x Tajikistan,Dormant,Control,3-BS_D_C,1,10/23/19,1.2,1,0,0,0,0,0,NA,NA,NA,NA,NA,0,1
3,C,12,Germany x Tajikistan,Dormant,Control,3-BS_D_C,1,11/6/19,1.22,0,0,0,0,0,0,NA,NA,NA,NA,NA,0,0
3,C,12,Germany x Tajikistan,Dormant,Control,3-BS_D_C,1,11/20/19,1.23,0,0,0,0,0,0,NA,NA,NA,NA,NA,0,0
3,C,12,Germany x Tajikistan,Dormant,Control,3-BS_D_C,1,12/4/19,1.24,0,0,0,0,0,0,NA,NA,NA,NA,NA,0,0
3,C,12,Germany x Tajikistan,Dormant,Control,3-BS_D_C,1,12/20/19,1.25,0,0,0,0,0,0,NA,0,0,0,0,0,0
3,C,12,Germany x Tajikistan,Dormant,Control,3-BS_D_C,1,2/10/20,1.26,0,0,0,0,0,0,NA,NA,0,0,1,0,1
3,C,12,Germany x Tajikistan,Dormant,Control,3-BS_D_C,1,3/2/20,1.27,0,0,0,0,0,0,NA,NA,1,0,1,0,2
3,C,12,Germany x Tajikistan,Dormant,Control,3-BS_D_C,1,5/5/20,1.29,0,0,0,0,0,0,NA,0,0,0,0,0,0
3,C,12,Germany x Tajikistan,Dormant,Control,3-BS_D_C,2,5/27/20,2.01,0,0,0,0,0,0,0,0,0,0,0,0,0
3,C,12,Germany x Tajikistan,Dormant,Control,3-BS_D_C,2,6/4/20,2.02,0,0,0,0,0,0,0,0,0,0,0,0,0
3,C,12,Germany x Tajikistan,Dormant,Control,3-BS_D_C,2,7/23/20,2.03,0,0,0,0,0,0,0,0,0,0,0,0,0
3,C,12,Germany x Tajikistan,Dormant,Control,3-BS_D_C,2,8/7/20,2.04,0,0,0,0,0,0,0,0,0,0,0,0,0
3,C,12,Germany x Tajikistan,Dormant,Control,3-BS_D_C,2,8/13/20,2.05,0,0,0,0,0,0,0,0,0,0,0,0,0
3,C,12,Germany x Tajikistan,Dormant,Control,3-BS_D_C,2,8/18/20,2.06,0,0,0,0,0,0,0,0,0,0,0,0,0
3,C,12,Germany x Tajikistan,Dormant,Control,3-BS_D_C,2,8/25/20,2.07,0,0,0,0,0,0,0,0,0,0,0,0,0
3,C,12,Germany x Tajikistan,Dormant,Control,3-BS_D_C,2,9/4/20,2.08,1,0,0,0,0,0,3,0,0,0,0,0,4
3,C,12,Germany x Tajikistan,Dormant,Control,3-BS_D_C,2,9/16/20,2.09,3,0,0,0,0,0,5,0,0,0,0,0,8
3,C,12,Germany x Tajikistan,Dormant,Control,3-BS_D_C,2,10/2/20,2.1,0,0,0,0,0,0,0,0,0,0,0,0,0
3,C,12,Germany x Tajikistan,Dormant,Control,3-BS_D_C,2,10/19/20,2.11,0,0,0,0,0,0,0,0,0,0,0,0,0
3,C,12,Germany x Tajikistan,Dormant,Control,3-BS_D_C,2,10/30/20,2.12,0,0,0,0,0,0,0,0,0,0,0,0,0
3,C,12,Germany x Tajikistan,Dormant,Control,3-BS_D_C,2,11/13/20,2.13,0,0,0,0,0,0,0,0,0,0,0,0,0
3,C,12,Germany x Tajikistan,Dormant,Control,3-BS_D_C,2,12/2/20,2.14,0,0,0,0,0,0,0,0,0,0,0,0,0
3,C,12,Germany x Tajikistan,Dormant,Control,3-BS_D_C,2,12/17/20,2.15,0,0,0,0,0,0,0,0,0,0,0,0,0
3,C,12,Germany x Tajikistan,Dormant,Control,3-BS_D_C,2,1/15/21,2.16,0,0,0,0,0,0,0,0,0,0,0,0,0
3,C,12,Germany x Tajikistan,Dormant,Control,3-BS_D_C,2,2/1/21,2.17,0,0,0,0,0,0,0,0,0,0,0,0,0
3,C,12,Germany x Tajikistan,Dormant,Control,3-BS_D_C,2,2/25/21,2.18,0,0,0,0,0,0,0,0,0,0,0,0,0
3,C,12,Germany x Tajikistan,Dormant,Control,3-BS_D_C,2,3/8/21,2.19,0,0,0,0,0,0,0,0,0,0,0,0,0
3,C,12,Germany x Tajikistan,Dormant,Control,3-BS_D_C,2,3/25/21,2.2,0,0,0,0,0,0,0,0,0,0,0,0,0
3,C,12,Germany x Tajikistan,Dormant,Control,3-BS_D_C,2,4/8/21,2.21,0,0,0,0,0,0,0,0,0,0,0,0,0
3,C,12,Germany x Tajikistan,Dormant,Control,3-BS_D_C,3,8/17/21,3.14,0,0,0,0,0,0,0,0,0,0,0,0,0
3,C,12,Germany x Tajikistan,Dormant,Control,3-BS_D_C,3,8/25/21,3.15,0,0,0,0,0,0,0,0,0,0,0,0,0
3,C,12,Germany x Tajikistan,Dormant,Control,3-BS_D_C,3,9/2/21,3.16,0,0,0,0,0,0,0,0,0,0,0,0,0
3,C,12,Germany x Tajikistan,Dormant,Control,3-BS_D_C,3,9/8/21,3.17,0,0,0,0,0,0,0,0,0,0,0,0,0
3,C,12,Germany x Tajikistan,Dormant,Control,3-BS_D_C,3,9/15/21,3.18,0,0,0,0,0,0,0,0,0,0,0,0,0
3,C,12,Germany x Tajikistan,Dormant,Control,3-BS_D_C,3,9/22/21,3.19,0,0,0,0,0,0,0,0,0,0,0,0,0
3,C,12,Germany x Tajikistan,Dormant,Control,3-BS_D_C,3,9/29/21,3.2,7,0,0,0,0,0,0,0,0,0,0,0,7
3,C,12,Germany x Tajikistan,Dormant,Control,3-BS_D_C,3,10/13/21,3.21,4,7,0,0,0,0,1,2,0,0,0,0,14
3,C,12,Germany x Tajikistan,Dormant,Control,3-BS_D_C,3,11/10/21,3.22,0,0,0,0,0,0,0,0,0,0,0,0,0
3,C,12,Germany x Tajikistan,Dormant,Control,3-BS_D_C,3,12/17/21,3.23,0,0,0,0,0,0,0,0,0,2,0,0,2
3,C,13,Italy x Sweden,Mixed,High Humidity,3-IS_M_D,1,6/12/19,1.01,1,0,0,0,0,0,NA,NA,NA,NA,NA,NA,1
3,C,13,Italy x Sweden,Mixed,High Humidity,3-IS_M_D,1,6/16/19,1.02,3,0,0,0,0,0,NA,NA,NA,NA,NA,NA,3
3,C,13,Italy x Sweden,Mixed,High Humidity,3-IS_M_D,1,6/26/19,1.03,0,1,0,0,0,0,NA,3,0,0,0,0,4
3,C,13,Italy x Sweden,Mixed,High Humidity,3-IS_M_D,1,7/3/19,1.04,0,1,0,0,0,0,NA,0,0,0,0,0,1
3,C,13,Italy x Sweden,Mixed,High Humidity,3-IS_M_D,1,7/10/19,1.05,NA,0,0,0,0,0,NA,0,0,0,0,0,0
3,C,13,Italy x Sweden,Mixed,High Humidity,3-IS_M_D,1,7/17/19,1.06,0,0,0,0,0,0,NA,1,0,0,0,0,1
3,C,13,Italy x Sweden,Mixed,High Humidity,3-IS_M_D,1,7/24/19,1.07,0,0,0,0,0,0,NA,1,0,0,0,0,1
3,C,13,Italy x Sweden,Mixed,High Humidity,3-IS_M_D,1,7/31/19,1.08,0,0,0,0,0,0,NA,0,0,0,0,0,0
3,C,13,Italy x Sweden,Mixed,High Humidity,3-IS_M_D,1,8/7/19,1.09,0,0,0,0,0,0,NA,0,0,0,0,0,0
3,C,13,Italy x Sweden,Mixed,High Humidity,3-IS_M_D,1,8/15/19,1.1,0,0,0,0,0,0,NA,0,0,0,0,0,0
3,C,13,Italy x Sweden,Mixed,High Humidity,3-IS_M_D,1,8/20/19,1.11,0,0,0,0,0,0,NA,0,0,0,0,0,0
3,C,13,Italy x Sweden,Mixed,High Humidity,3-IS_M_D,1,8/28/19,1.12,0,0,0,0,0,0,NA,0,0,0,0,0,0
3,C,13,Italy x Sweden,Mixed,High Humidity,3-IS_M_D,1,9/4/19,1.13,0,0,0,0,0,0,NA,0,0,0,0,0,0
3,C,13,Italy x Sweden,Mixed,High Humidity,3-IS_M_D,1,9/11/19,1.14,0,0,0,0,0,0,NA,0,0,0,0,0,0
3,C,13,Italy x Sweden,Mixed,High Humidity,3-IS_M_D,1,9/18/19,1.15,0,0,0,0,0,0,NA,0,0,0,0,0,0
3,C,13,Italy x Sweden,Mixed,High Humidity,3-IS_M_D,1,9/25/19,1.16,0,0,0,0,0,0,NA,0,0,0,0,0,0
3,C,13,Italy x Sweden,Mixed,High Humidity,3-IS_M_D,1,10/2/19,1.17,0,0,0,0,0,0,NA,0,0,0,0,0,0
3,C,13,Italy x Sweden,Mixed,High Humidity,3-IS_M_D,1,10/9/19,1.18,0,0,0,0,0,0,NA,0,0,0,0,0,0
3,C,13,Italy x Sweden,Mixed,High Humidity,3-IS_M_D,1,10/18/19,1.19,0,0,0,0,0,0,NA,NA,NA,NA,NA,0,0
3,C,13,Italy x Sweden,Mixed,High Humidity,3-IS_M_D,1,10/23/19,1.2,0,0,0,0,0,0,NA,NA,NA,NA,NA,0,0
3,C,13,Italy x Sweden,Mixed,High Humidity,3-IS_M_D,1,11/6/19,1.22,0,0,0,0,0,0,NA,NA,NA,NA,NA,0,0
3,C,13,Italy x Sweden,Mixed,High Humidity,3-IS_M_D,1,11/20/19,1.23,0,0,0,0,0,0,NA,NA,NA,NA,NA,0,0
3,C,13,Italy x Sweden,Mixed,High Humidity,3-IS_M_D,1,12/4/19,1.24,0,0,0,0,0,0,NA,NA,NA,NA,NA,0,0
3,C,13,Italy x Sweden,Mixed,High Humidity,3-IS_M_D,1,12/20/19,1.25,0,0,0,0,0,0,NA,0,0,0,0,0,0
3,C,13,Italy x Sweden,Mixed,High Humidity,3-IS_M_D,1,2/10/20,1.26,0,0,0,0,0,0,NA,NA,0,0,0,0,0
3,C,13,Italy x Sweden,Mixed,High Humidity,3-IS_M_D,1,3/2/20,1.27,0,0,0,0,0,0,NA,NA,1,0,0,0,1
3,C,13,Italy x Sweden,Mixed,High Humidity,3-IS_M_D,1,5/5/20,1.29,0,0,0,0,0,1,NA,0,0,0,0,3,4
3,C,13,Italy x Sweden,Mixed,High Humidity,3-IS_M_D,2,5/27/20,2.01,0,0,0,0,0,0,1,0,0,0,0,0,1
3,C,13,Italy x Sweden,Mixed,High Humidity,3-IS_M_D,2,6/4/20,2.02,0,0,0,0,0,0,0,0,0,0,0,0,0
3,C,13,Italy x Sweden,Mixed,High Humidity,3-IS_M_D,2,7/23/20,2.03,0,0,0,0,0,0,0,0,0,0,0,0,0
3,C,13,Italy x Sweden,Mixed,High Humidity,3-IS_M_D,2,8/7/20,2.04,0,0,0,0,0,0,0,0,0,0,0,0,0
3,C,13,Italy x Sweden,Mixed,High Humidity,3-IS_M_D,2,8/13/20,2.05,0,0,0,0,0,0,0,0,0,0,0,0,0
3,C,13,Italy x Sweden,Mixed,High Humidity,3-IS_M_D,2,8/18/20,2.06,0,0,0,0,0,0,0,0,0,0,0,0,0
3,C,13,Italy x Sweden,Mixed,High Humidity,3-IS_M_D,2,8/25/20,2.07,0,0,0,0,0,0,0,0,0,0,0,0,0
3,C,13,Italy x Sweden,Mixed,High Humidity,3-IS_M_D,2,9/4/20,2.08,0,0,0,0,0,0,1,0,0,0,0,0,1
3,C,13,Italy x Sweden,Mixed,High Humidity,3-IS_M_D,2,9/16/20,2.09,0,0,0,0,0,0,0,0,0,0,0,0,0
3,C,13,Italy x Sweden,Mixed,High Humidity,3-IS_M_D,2,10/2/20,2.1,0,0,0,0,0,0,0,0,0,0,0,0,0
3,C,13,Italy x Sweden,Mixed,High Humidity,3-IS_M_D,2,10/19/20,2.11,0,0,0,0,0,0,0,0,0,0,0,0,0
3,C,13,Italy x Sweden,Mixed,High Humidity,3-IS_M_D,2,10/30/20,2.12,0,0,0,0,0,0,0,0,0,0,0,0,0
3,C,13,Italy x Sweden,Mixed,High Humidity,3-IS_M_D,2,11/13/20,2.13,0,0,0,0,0,0,0,0,0,0,0,0,0
3,C,13,Italy x Sweden,Mixed,High Humidity,3-IS_M_D,2,12/2/20,2.14,0,0,0,0,0,0,0,0,0,0,0,0,0
3,C,13,Italy x Sweden,Mixed,High Humidity,3-IS_M_D,2,12/17/20,2.15,0,0,0,0,0,0,0,0,0,0,0,0,0
3,C,13,Italy x Sweden,Mixed,High Humidity,3-IS_M_D,2,1/15/21,2.16,0,0,0,0,0,0,0,0,0,0,0,0,0
3,C,13,Italy x Sweden,Mixed,High Humidity,3-IS_M_D,2,2/1/21,2.17,0,0,0,0,0,0,0,0,0,0,0,0,0
3,C,13,Italy x Sweden,Mixed,High Humidity,3-IS_M_D,2,2/25/21,2.18,0,0,0,0,0,0,0,0,0,0,0,0,0
3,C,13,Italy x Sweden,Mixed,High Humidity,3-IS_M_D,2,3/8/21,2.19,0,0,0,0,0,0,0,0,0,0,0,0,0
3,C,13,Italy x Sweden,Mixed,High Humidity,3-IS_M_D,2,3/25/21,2.2,0,0,0,0,0,0,0,0,0,0,0,0,0
3,C,13,Italy x Sweden,Mixed,High Humidity,3-IS_M_D,2,4/8/21,2.21,0,0,0,0,0,0,0,0,0,0,0,0,0
3,C,13,Italy x Sweden,Mixed,High Humidity,3-IS_M_D,3,8/17/21,3.14,0,0,0,0,0,0,0,0,0,0,0,0,0
3,C,13,Italy x Sweden,Mixed,High Humidity,3-IS_M_D,3,8/25/21,3.15,0,0,0,0,0,0,0,0,0,0,0,0,0
3,C,13,Italy x Sweden,Mixed,High Humidity,3-IS_M_D,3,9/2/21,3.16,0,0,0,0,0,0,0,0,0,0,0,0,0
3,C,13,Italy x Sweden,Mixed,High Humidity,3-IS_M_D,3,9/8/21,3.17,0,0,0,0,0,0,0,0,0,0,0,0,0
3,C,13,Italy x Sweden,Mixed,High Humidity,3-IS_M_D,3,9/15/21,3.18,0,0,0,0,0,0,0,0,0,0,0,0,0
3,C,13,Italy x Sweden,Mixed,High Humidity,3-IS_M_D,3,9/22/21,3.19,0,0,0,0,0,0,0,0,0,0,0,0,0
3,C,13,Italy x Sweden,Mixed,High Humidity,3-IS_M_D,3,9/29/21,3.2,19,0,0,0,0,0,110,0,0,0,0,0,129
3,C,13,Italy x Sweden,Mixed,High Humidity,3-IS_M_D,3,10/13/21,3.21,7,10,0,0,0,0,72,55,0,0,0,0,144
3,C,13,Italy x Sweden,Mixed,High Humidity,3-IS_M_D,3,11/10/21,3.22,0,0,0,0,0,0,0,0,0,0,0,0,0
3,C,13,Italy x Sweden,Mixed,High Humidity,3-IS_M_D,3,12/17/21,3.23,1,0,0,0,0,0,0,7,0,0,0,0,8
1,D,0,UK x USA,Mixed,Control,1-TC_M_C,1,6/12/19,1.01,NA,NA,NA,NA,NA,NA,NA,NA,NA,NA,NA,NA,NA
1,D,0,UK x USA,Mixed,Control,1-TC_M_C,1,6/16/19,1.02,NA,NA,NA,NA,NA,NA,NA,NA,NA,NA,NA,NA,NA
1,D,0,UK x USA,Mixed,Control,1-TC_M_C,1,6/26/19,1.03,NA,NA,NA,NA,NA,NA,NA,NA,NA,NA,NA,NA,NA
1,D,0,UK x USA,Mixed,Control,1-TC_M_C,1,7/3/19,1.04,NA,NA,NA,NA,NA,NA,NA,NA,NA,NA,NA,NA,NA
1,D,0,UK x USA,Mixed,Control,1-TC_M_C,1,7/10/19,1.05,NA,NA,NA,NA,NA,NA,NA,NA,NA,NA,NA,NA,NA
1,D,0,UK x USA,Mixed,Control,1-TC_M_C,1,7/17/19,1.06,0,0,0,0,0,0,NA,0,0,0,0,0,0
1,D,0,UK x USA,Mixed,Control,1-TC_M_C,1,7/24/19,1.07,0,0,0,0,0,0,NA,0,0,0,0,0,0
1,D,0,UK x USA,Mixed,Control,1-TC_M_C,1,7/31/19,1.08,0,0,0,0,0,0,NA,0,0,0,0,0,0
1,D,0,UK x USA,Mixed,Control,1-TC_M_C,1,8/7/19,1.09,0,0,0,0,0,0,NA,0,0,0,0,0,0
1,D,0,UK x USA,Mixed,Control,1-TC_M_C,1,8/15/19,1.1,0,0,0,0,0,0,NA,0,0,0,0,0,0
1,D,0,UK x USA,Mixed,Control,1-TC_M_C,1,8/20/19,1.11,0,0,0,0,0,0,NA,0,0,0,0,0,0
1,D,0,UK x USA,Mixed,Control,1-TC_M_C,1,8/28/19,1.12,0,0,0,0,0,0,NA,0,0,0,0,0,0
1,D,0,UK x USA,Mixed,Control,1-TC_M_C,1,9/4/19,1.13,0,0,0,0,0,0,NA,0,0,0,0,0,0
1,D,0,UK x USA,Mixed,Control,1-TC_M_C,1,9/11/19,1.14,0,0,0,0,0,0,NA,0,0,0,0,0,0
1,D,0,UK x USA,Mixed,Control,1-TC_M_C,1,9/18/19,1.15,0,0,0,0,0,0,NA,0,0,0,0,0,0
1,D,0,UK x USA,Mixed,Control,1-TC_M_C,1,9/25/19,1.16,0,0,0,0,0,0,NA,0,0,0,0,0,0
1,D,0,UK x USA,Mixed,Control,1-TC_M_C,1,10/2/19,1.17,0,0,0,0,0,0,NA,0,0,0,0,0,0
1,D,0,UK x USA,Mixed,Control,1-TC_M_C,1,10/9/19,1.18,0,0,0,0,0,0,NA,0,0,0,0,0,0
1,D,0,UK x USA,Mixed,Control,1-TC_M_C,1,10/18/19,1.19,0,0,0,0,0,0,NA,NA,NA,NA,NA,0,0
1,D,0,UK x USA,Mixed,Control,1-TC_M_C,1,10/23/19,1.2,11,0,0,0,0,0,NA,NA,NA,NA,NA,0,11
1,D,0,UK x USA,Mixed,Control,1-TC_M_C,1,11/6/19,1.22,8,0,0,0,0,0,NA,NA,NA,NA,NA,0,8
1,D,0,UK x USA,Mixed,Control,1-TC_M_C,1,11/20/19,1.23,1,2,0,0,0,0,NA,NA,NA,NA,NA,0,3
1,D,0,UK x USA,Mixed,Control,1-TC_M_C,1,12/4/19,1.24,10,19,0,0,0,0,NA,NA,NA,NA,NA,0,29
1,D,0,UK x USA,Mixed,Control,1-TC_M_C,1,12/20/19,1.25,3,35,0,0,0,0,NA,5,0,0,0,0,43
1,D,0,UK x USA,Mixed,Control,1-TC_M_C,1,2/10/20,1.26,0,0,0,8,0,0,NA,NA,0,0,0,0,8
1,D,0,UK x USA,Mixed,Control,1-TC_M_C,1,3/2/20,1.27,0,0,0,6,4,0,NA,NA,0,1,2,0,13
1,D,0,UK x USA,Mixed,Control,1-TC_M_C,1,5/5/20,1.29,0,0,0,0,0,0,NA,0,0,0,0,0,0
1,D,0,UK x USA,Mixed,Control,1-TC_M_C,2,5/27/20,2.01,5,0,0,0,0,0,5,0,0,0,0,0,10
1,D,0,UK x USA,Mixed,Control,1-TC_M_C,2,6/4/20,2.02,0,0,0,0,0,0,0,0,0,0,0,0,0
1,D,0,UK x USA,Mixed,Control,1-TC_M_C,2,7/23/20,2.03,0,0,0,0,0,0,0,0,0,0,0,0,0
1,D,0,UK x USA,Mixed,Control,1-TC_M_C,2,8/7/20,2.04,0,0,0,0,0,0,0,0,0,0,0,0,0
1,D,0,UK x USA,Mixed,Control,1-TC_M_C,2,8/13/20,2.05,0,0,0,0,0,0,0,0,0,0,0,0,0
1,D,0,UK x USA,Mixed,Control,1-TC_M_C,2,8/18/20,2.06,0,0,0,0,0,0,0,0,0,0,0,0,0
1,D,0,UK x USA,Mixed,Control,1-TC_M_C,2,8/25/20,2.07,0,0,0,0,0,0,0,0,0,0,0,0,0
1,D,0,UK x USA,Mixed,Control,1-TC_M_C,2,9/4/20,2.08,28,0,0,0,0,0,10,0,0,0,0,0,38
1,D,0,UK x USA,Mixed,Control,1-TC_M_C,2,9/16/20,2.09,10,0,0,0,0,0,5,0,0,0,0,0,15
1,D,0,UK x USA,Mixed,Control,1-TC_M_C,2,10/2/20,2.1,0,0,0,0,0,0,0,0,0,0,0,0,0
1,D,0,UK x USA,Mixed,Control,1-TC_M_C,2,10/19/20,2.11,0,0,0,0,0,0,0,0,0,0,0,0,0
1,D,0,UK x USA,Mixed,Control,1-TC_M_C,2,10/30/20,2.12,0,0,0,0,0,0,0,0,0,0,0,0,0
1,D,0,UK x USA,Mixed,Control,1-TC_M_C,2,11/13/20,2.13,0,0,0,0,0,0,0,0,0,0,0,0,0
1,D,0,UK x USA,Mixed,Control,1-TC_M_C,2,12/2/20,2.14,0,0,0,0,0,0,0,0,0,0,0,0,0
1,D,0,UK x USA,Mixed,Control,1-TC_M_C,2,12/17/20,2.15,0,0,0,0,0,0,0,0,0,0,0,0,0
1,D,0,UK x USA,Mixed,Control,1-TC_M_C,2,1/15/21,2.16,0,0,0,0,0,0,0,0,0,0,0,0,0
1,D,0,UK x USA,Mixed,Control,1-TC_M_C,2,2/1/21,2.17,0,0,0,0,0,0,0,0,0,0,0,0,0
1,D,0,UK x USA,Mixed,Control,1-TC_M_C,2,2/25/21,2.18,0,0,0,0,0,0,0,0,0,0,0,0,0
1,D,0,UK x USA,Mixed,Control,1-TC_M_C,2,3/8/21,2.19,0,0,0,0,0,0,0,0,0,0,0,0,0
1,D,0,UK x USA,Mixed,Control,1-TC_M_C,2,3/25/21,2.2,0,0,0,0,0,0,0,0,0,0,0,0,0
1,D,0,UK x USA,Mixed,Control,1-TC_M_C,2,4/8/21,2.21,0,0,0,0,0,0,0,0,0,0,0,0,0
1,D,0,UK x USA,Mixed,Control,1-TC_M_C,3,8/17/21,3.14,0,0,0,0,0,0,0,0,0,0,0,0,0
1,D,0,UK x USA,Mixed,Control,1-TC_M_C,3,8/25/21,3.15,0,0,0,0,0,0,0,0,0,0,0,0,0
1,D,0,UK x USA,Mixed,Control,1-TC_M_C,3,9/2/21,3.16,0,0,0,0,0,0,0,0,0,0,0,0,0
1,D,0,UK x USA,Mixed,Control,1-TC_M_C,3,9/8/21,3.17,0,0,0,0,0,0,0,0,0,0,0,0,0
1,D,0,UK x USA,Mixed,Control,1-TC_M_C,3,9/15/21,3.18,0,0,0,0,0,0,0,0,0,0,0,0,0
1,D,0,UK x USA,Mixed,Control,1-TC_M_C,3,9/22/21,3.19,0,0,0,0,0,0,0,0,0,0,0,0,0
1,D,0,UK x USA,Mixed,Control,1-TC_M_C,3,9/27/21,3.2,39,0,0,0,0,0,68,4,0,0,0,0,111
1,D,0,UK x USA,Mixed,Control,1-TC_M_C,3,10/11/21,3.21,18,19,0,0,0,0,47,74,0,0,0,0,158
1,D,0,UK x USA,Mixed,Control,1-TC_M_C,3,11/8/21,3.22,0,17,0,0,0,0,1,52,0,0,0,0,70
1,D,0,UK x USA,Mixed,Control,1-TC_M_C,3,12/17/21,3.23,0,1,0,0,2,0,0,10,4,2,14,0,33
1,D,1,Germany x Tajikistan,Mixed,Control,1-BS_M_C,1,6/12/19,1.01,NA,NA,NA,NA,NA,NA,NA,NA,NA,NA,NA,NA,NA
1,D,1,Germany x Tajikistan,Mixed,Control,1-BS_M_C,1,6/16/19,1.02,NA,NA,NA,NA,NA,NA,NA,NA,NA,NA,NA,NA,NA
1,D,1,Germany x Tajikistan,Mixed,Control,1-BS_M_C,1,6/26/19,1.03,NA,NA,NA,NA,NA,NA,NA,NA,NA,NA,NA,NA,NA
1,D,1,Germany x Tajikistan,Mixed,Control,1-BS_M_C,1,7/3/19,1.04,NA,NA,NA,NA,NA,NA,NA,NA,NA,NA,NA,NA,NA
1,D,1,Germany x Tajikistan,Mixed,Control,1-BS_M_C,1,7/10/19,1.05,NA,NA,NA,NA,NA,NA,NA,NA,NA,NA,NA,NA,NA
1,D,1,Germany x Tajikistan,Mixed,Control,1-BS_M_C,1,7/17/19,1.06,0,0,0,0,0,0,NA,0,0,0,0,0,0
1,D,1,Germany x Tajikistan,Mixed,Control,1-BS_M_C,1,7/24/19,1.07,0,0,0,0,0,0,NA,0,0,0,0,0,0
1,D,1,Germany x Tajikistan,Mixed,Control,1-BS_M_C,1,7/31/19,1.08,0,0,0,0,0,0,NA,0,0,0,0,0,0
1,D,1,Germany x Tajikistan,Mixed,Control,1-BS_M_C,1,8/7/19,1.09,0,0,0,0,0,0,NA,0,0,0,0,0,0
1,D,1,Germany x Tajikistan,Mixed,Control,1-BS_M_C,1,8/15/19,1.1,0,0,0,0,0,0,NA,0,0,0,0,0,0
1,D,1,Germany x Tajikistan,Mixed,Control,1-BS_M_C,1,8/20/19,1.11,0,0,0,0,0,0,NA,0,0,0,0,0,0
1,D,1,Germany x Tajikistan,Mixed,Control,1-BS_M_C,1,8/28/19,1.12,0,0,0,0,0,0,NA,0,0,0,0,0,0
1,D,1,Germany x Tajikistan,Mixed,Control,1-BS_M_C,1,9/4/19,1.13,0,0,0,0,0,0,NA,0,0,0,0,0,0
1,D,1,Germany x Tajikistan,Mixed,Control,1-BS_M_C,1,9/11/19,1.14,0,0,0,0,0,0,NA,0,0,0,0,0,0
1,D,1,Germany x Tajikistan,Mixed,Control,1-BS_M_C,1,9/18/19,1.15,0,0,0,0,0,0,NA,0,0,0,0,0,0
1,D,1,Germany x Tajikistan,Mixed,Control,1-BS_M_C,1,9/25/19,1.16,0,0,0,0,0,0,NA,0,0,0,0,0,0
1,D,1,Germany x Tajikistan,Mixed,Control,1-BS_M_C,1,10/2/19,1.17,0,0,0,0,0,0,NA,0,0,0,0,0,0
1,D,1,Germany x Tajikistan,Mixed,Control,1-BS_M_C,1,10/9/19,1.18,0,0,0,0,0,0,NA,0,0,0,0,0,0
1,D,1,Germany x Tajikistan,Mixed,Control,1-BS_M_C,1,10/18/19,1.19,0,0,0,0,0,0,NA,NA,NA,NA,NA,0,0
1,D,1,Germany x Tajikistan,Mixed,Control,1-BS_M_C,1,10/23/19,1.2,13,0,0,0,0,0,NA,NA,NA,NA,NA,0,13
1,D,1,Germany x Tajikistan,Mixed,Control,1-BS_M_C,1,11/6/19,1.22,0,0,0,0,0,0,NA,NA,NA,NA,NA,0,0
1,D,1,Germany x Tajikistan,Mixed,Control,1-BS_M_C,1,11/20/19,1.23,0,0,0,0,0,0,NA,NA,NA,NA,NA,0,0
1,D,1,Germany x Tajikistan,Mixed,Control,1-BS_M_C,1,12/4/19,1.24,0,0,0,0,0,0,NA,NA,NA,NA,NA,0,0
1,D,1,Germany x Tajikistan,Mixed,Control,1-BS_M_C,1,12/20/19,1.25,0,0,0,0,0,0,NA,1,0,0,0,0,1
1,D,1,Germany x Tajikistan,Mixed,Control,1-BS_M_C,1,2/10/20,1.26,0,0,0,0,0,0,NA,NA,0,0,0,0,0
1,D,1,Germany x Tajikistan,Mixed,Control,1-BS_M_C,1,3/2/20,1.27,0,0,0,0,0,0,NA,NA,0,0,1,0,1
1,D,1,Germany x Tajikistan,Mixed,Control,1-BS_M_C,1,5/5/20,1.29,0,0,0,0,0,0,NA,0,0,0,0,1,1
1,D,1,Germany x Tajikistan,Mixed,Control,1-BS_M_C,2,5/27/20,2.01,2,0,0,0,0,0,2,0,0,0,0,0,4
1,D,1,Germany x Tajikistan,Mixed,Control,1-BS_M_C,2,6/4/20,2.02,0,0,0,0,0,0,0,0,0,0,0,0,0
1,D,1,Germany x Tajikistan,Mixed,Control,1-BS_M_C,2,7/23/20,2.03,0,0,0,0,0,0,0,0,0,0,0,0,0
1,D,1,Germany x Tajikistan,Mixed,Control,1-BS_M_C,2,8/7/20,2.04,0,0,0,0,0,0,0,0,0,0,0,0,0
1,D,1,Germany x Tajikistan,Mixed,Control,1-BS_M_C,2,8/13/20,2.05,0,0,0,0,0,0,0,0,0,0,0,0,0
1,D,1,Germany x Tajikistan,Mixed,Control,1-BS_M_C,2,8/18/20,2.06,0,0,0,0,0,0,0,0,0,0,0,0,0
1,D,1,Germany x Tajikistan,Mixed,Control,1-BS_M_C,2,8/25/20,2.07,0,0,0,0,0,0,0,0,0,0,0,0,0
1,D,1,Germany x Tajikistan,Mixed,Control,1-BS_M_C,2,9/4/20,2.08,203,0,0,0,0,0,50,0,0,0,0,0,253
1,D,1,Germany x Tajikistan,Mixed,Control,1-BS_M_C,2,9/16/20,2.09,149,0,0,0,0,0,30,0,0,0,0,0,179
1,D,1,Germany x Tajikistan,Mixed,Control,1-BS_M_C,2,10/2/20,2.1,0,0,0,0,0,0,0,0,0,0,0,0,0
1,D,1,Germany x Tajikistan,Mixed,Control,1-BS_M_C,2,10/19/20,2.11,0,0,0,0,0,0,0,0,0,0,0,0,0
1,D,1,Germany x Tajikistan,Mixed,Control,1-BS_M_C,2,10/30/20,2.12,0,0,0,0,0,0,0,0,0,0,0,0,0
1,D,1,Germany x Tajikistan,Mixed,Control,1-BS_M_C,2,11/13/20,2.13,0,0,0,0,0,0,0,0,0,0,0,0,0
1,D,1,Germany x Tajikistan,Mixed,Control,1-BS_M_C,2,12/2/20,2.14,0,0,0,0,0,0,0,0,0,0,0,0,0
1,D,1,Germany x Tajikistan,Mixed,Control,1-BS_M_C,2,12/17/20,2.15,0,0,0,0,0,0,0,0,0,0,0,0,0
1,D,1,Germany x Tajikistan,Mixed,Control,1-BS_M_C,2,1/15/21,2.16,0,0,0,0,0,0,0,0,0,0,0,0,0
1,D,1,Germany x Tajikistan,Mixed,Control,1-BS_M_C,2,2/1/21,2.17,0,0,0,0,0,0,0,0,0,0,0,0,0
1,D,1,Germany x Tajikistan,Mixed,Control,1-BS_M_C,2,2/25/21,2.18,0,0,0,0,0,0,0,0,0,0,0,0,0
1,D,1,Germany x Tajikistan,Mixed,Control,1-BS_M_C,2,3/8/21,2.19,0,0,0,0,0,0,0,0,0,0,0,0,0
1,D,1,Germany x Tajikistan,Mixed,Control,1-BS_M_C,2,3/25/21,2.2,0,0,0,0,0,0,0,0,0,0,0,0,0
1,D,1,Germany x Tajikistan,Mixed,Control,1-BS_M_C,2,4/8/21,2.21,0,0,0,0,0,0,0,0,0,0,0,0,0
1,D,1,Germany x Tajikistan,Mixed,Control,1-BS_M_C,3,8/17/21,3.14,0,0,0,0,0,0,0,0,0,0,0,0,0
1,D,1,Germany x Tajikistan,Mixed,Control,1-BS_M_C,3,8/25/21,3.15,0,0,0,0,0,0,0,0,0,0,0,0,0
1,D,1,Germany x Tajikistan,Mixed,Control,1-BS_M_C,3,9/2/21,3.16,0,0,0,0,0,0,0,0,0,0,0,0,0
1,D,1,Germany x Tajikistan,Mixed,Control,1-BS_M_C,3,9/8/21,3.17,0,0,0,0,0,0,0,0,0,0,0,0,0
1,D,1,Germany x Tajikistan,Mixed,Control,1-BS_M_C,3,9/15/21,3.18,0,0,0,0,0,0,0,0,0,0,0,0,0
1,D,1,Germany x Tajikistan,Mixed,Control,1-BS_M_C,3,9/22/21,3.19,0,0,0,0,0,0,0,0,0,0,0,0,0
1,D,1,Germany x Tajikistan,Mixed,Control,1-BS_M_C,3,9/27/21,3.2,58,0,0,0,0,0,88,0,0,0,0,0,146
1,D,1,Germany x Tajikistan,Mixed,Control,1-BS_M_C,3,10/11/21,3.21,113,16,0,0,0,0,73,22,0,0,0,0,224
1,D,1,Germany x Tajikistan,Mixed,Control,1-BS_M_C,3,11/8/21,3.22,5,27,0,0,0,0,11,65,0,0,0,0,108
1,D,1,Germany x Tajikistan,Mixed,Control,1-BS_M_C,3,12/17/21,3.23,10,17,0,0,0,0,1,35,0,0,0,0,63
1,D,2,Italy x Sweden,Non-Dormant,Native Soil,1-IS-ND-Soil,1,6/12/19,1.01,0,0,0,0,0,0,NA,NA,NA,NA,NA,NA,0
1,D,2,Italy x Sweden,Non-Dormant,Native Soil,1-IS-ND-Soil,1,6/16/19,1.02,0,0,0,0,0,0,NA,NA,NA,NA,NA,NA,0
1,D,2,Italy x Sweden,Non-Dormant,Native Soil,1-IS-ND-Soil,1,6/26/19,1.03,0,0,0,0,0,0,NA,0,0,0,0,0,0
1,D,2,Italy x Sweden,Non-Dormant,Native Soil,1-IS-ND-Soil,1,7/3/19,1.04,0,0,0,0,0,0,NA,4,0,0,0,0,4
1,D,2,Italy x Sweden,Non-Dormant,Native Soil,1-IS-ND-Soil,1,7/10/19,1.05,NA,0,0,0,0,0,NA,4,0,0,0,0,4
1,D,2,Italy x Sweden,Non-Dormant,Native Soil,1-IS-ND-Soil,1,7/17/19,1.06,0,0,0,0,0,0,NA,4,0,0,0,0,4
1,D,2,Italy x Sweden,Non-Dormant,Native Soil,1-IS-ND-Soil,1,7/24/19,1.07,0,0,0,0,0,0,NA,2,0,0,0,0,2
1,D,2,Italy x Sweden,Non-Dormant,Native Soil,1-IS-ND-Soil,1,7/31/19,1.08,0,0,0,0,0,0,NA,0,0,0,0,0,0
1,D,2,Italy x Sweden,Non-Dormant,Native Soil,1-IS-ND-Soil,1,8/7/19,1.09,0,0,0,0,0,0,NA,0,0,0,0,0,0
1,D,2,Italy x Sweden,Non-Dormant,Native Soil,1-IS-ND-Soil,1,8/15/19,1.1,0,0,0,0,0,0,NA,0,0,0,0,0,0
1,D,2,Italy x Sweden,Non-Dormant,Native Soil,1-IS-ND-Soil,1,8/20/19,1.11,0,0,0,0,0,0,NA,0,0,0,0,0,0
1,D,2,Italy x Sweden,Non-Dormant,Native Soil,1-IS-ND-Soil,1,8/28/19,1.12,0,0,0,0,0,0,NA,0,0,0,0,0,0
1,D,2,Italy x Sweden,Non-Dormant,Native Soil,1-IS-ND-Soil,1,9/4/19,1.13,0,0,0,0,0,0,NA,0,0,0,0,0,0
1,D,2,Italy x Sweden,Non-Dormant,Native Soil,1-IS-ND-Soil,1,9/11/19,1.14,0,0,0,0,0,0,NA,0,0,0,0,0,0
1,D,2,Italy x Sweden,Non-Dormant,Native Soil,1-IS-ND-Soil,1,9/18/19,1.15,0,0,0,0,0,0,NA,0,0,0,0,0,0
1,D,2,Italy x Sweden,Non-Dormant,Native Soil,1-IS-ND-Soil,1,9/25/19,1.16,0,0,0,0,0,0,NA,0,0,0,0,0,0
1,D,2,Italy x Sweden,Non-Dormant,Native Soil,1-IS-ND-Soil,1,10/2/19,1.17,0,0,0,0,0,0,NA,0,0,0,0,0,0
1,D,2,Italy x Sweden,Non-Dormant,Native Soil,1-IS-ND-Soil,1,10/9/19,1.18,0,0,0,0,0,0,NA,0,0,0,0,0,0
1,D,2,Italy x Sweden,Non-Dormant,Native Soil,1-IS-ND-Soil,1,10/18/19,1.19,0,0,0,0,0,0,NA,NA,NA,NA,NA,0,0
1,D,2,Italy x Sweden,Non-Dormant,Native Soil,1-IS-ND-Soil,1,10/23/19,1.2,0,0,0,0,0,0,NA,NA,NA,NA,NA,0,0
1,D,2,Italy x Sweden,Non-Dormant,Native Soil,1-IS-ND-Soil,1,11/6/19,1.22,0,0,0,0,0,0,NA,NA,NA,NA,NA,0,0
1,D,2,Italy x Sweden,Non-Dormant,Native Soil,1-IS-ND-Soil,1,11/20/19,1.23,0,0,0,0,0,0,NA,NA,NA,NA,NA,0,0
1,D,2,Italy x Sweden,Non-Dormant,Native Soil,1-IS-ND-Soil,1,12/4/19,1.24,3,0,0,0,0,0,NA,NA,NA,NA,NA,0,3
1,D,2,Italy x Sweden,Non-Dormant,Native Soil,1-IS-ND-Soil,1,12/20/19,1.25,17,2,0,0,0,0,NA,5,0,0,0,0,24
1,D,2,Italy x Sweden,Non-Dormant,Native Soil,1-IS-ND-Soil,1,2/10/20,1.26,0,27,0,0,0,0,NA,NA,1,0,0,0,28
1,D,2,Italy x Sweden,Non-Dormant,Native Soil,1-IS-ND-Soil,1,3/2/20,1.27,24,0,0,0,0,0,NA,NA,0,1,2,0,27
1,D,2,Italy x Sweden,Non-Dormant,Native Soil,1-IS-ND-Soil,1,5/5/20,1.29,0,0,0,0,0,28,NA,0,0,0,0,27,55
1,D,2,Italy x Sweden,Non-Dormant,Native Soil,1-IS-ND-Soil,2,5/27/20,2.01,0,0,0,0,0,0,0,0,0,0,0,0,0
1,D,2,Italy x Sweden,Non-Dormant,Native Soil,1-IS-ND-Soil,2,6/4/20,2.02,0,0,0,0,0,0,0,0,0,0,0,0,0
1,D,2,Italy x Sweden,Non-Dormant,Native Soil,1-IS-ND-Soil,2,7/23/20,2.03,0,0,0,0,0,0,0,0,0,0,0,0,0
1,D,2,Italy x Sweden,Non-Dormant,Native Soil,1-IS-ND-Soil,2,8/7/20,2.04,0,0,0,0,0,0,0,0,0,0,0,0,0
1,D,2,Italy x Sweden,Non-Dormant,Native Soil,1-IS-ND-Soil,2,8/13/20,2.05,0,0,0,0,0,0,0,0,0,0,0,0,0
1,D,2,Italy x Sweden,Non-Dormant,Native Soil,1-IS-ND-Soil,2,8/18/20,2.06,0,0,0,0,0,0,0,0,0,0,0,0,0
1,D,2,Italy x Sweden,Non-Dormant,Native Soil,1-IS-ND-Soil,2,8/25/20,2.07,0,0,0,0,0,0,0,0,0,0,0,0,0
1,D,2,Italy x Sweden,Non-Dormant,Native Soil,1-IS-ND-Soil,2,9/10/20,2.08,0,0,0,0,0,0,0,0,0,0,0,0,0
1,D,2,Italy x Sweden,Non-Dormant,Native Soil,1-IS-ND-Soil,2,9/18/20,2.09,4,0,0,0,0,0,20,0,0,0,0,0,24
1,D,2,Italy x Sweden,Non-Dormant,Native Soil,1-IS-ND-Soil,2,10/2/20,2.1,0,0,0,0,0,0,0,5,0,0,0,0,5
1,D,2,Italy x Sweden,Non-Dormant,Native Soil,1-IS-ND-Soil,2,10/19/20,2.11,0,0,0,0,0,0,0,0,0,0,0,0,0
1,D,2,Italy x Sweden,Non-Dormant,Native Soil,1-IS-ND-Soil,2,10/30/20,2.12,0,0,0,0,0,0,0,0,0,0,0,0,0
1,D,2,Italy x Sweden,Non-Dormant,Native Soil,1-IS-ND-Soil,2,11/13/20,2.13,0,0,0,0,0,0,0,0,0,0,0,0,0
1,D,2,Italy x Sweden,Non-Dormant,Native Soil,1-IS-ND-Soil,2,12/2/20,2.14,0,3,0,0,0,0,0,4,0,0,0,0,7
1,D,2,Italy x Sweden,Non-Dormant,Native Soil,1-IS-ND-Soil,2,12/17/20,2.15,0,0,0,0,0,0,0,3,0,0,0,0,3
1,D,2,Italy x Sweden,Non-Dormant,Native Soil,1-IS-ND-Soil,2,1/15/21,2.16,0,0,0,0,0,0,0,0,0,0,0,0,0
1,D,2,Italy x Sweden,Non-Dormant,Native Soil,1-IS-ND-Soil,2,2/1/21,2.17,0,0,0,0,0,0,0,0,0,0,0,0,0
1,D,2,Italy x Sweden,Non-Dormant,Native Soil,1-IS-ND-Soil,2,2/25/21,2.18,0,1,0,0,0,0,0,12,0,0,0,0,13
1,D,2,Italy x Sweden,Non-Dormant,Native Soil,1-IS-ND-Soil,2,3/8/21,2.19,0,0,0,0,0,0,0,1,0,2,0,0,3
1,D,2,Italy x Sweden,Non-Dormant,Native Soil,1-IS-ND-Soil,2,3/25/21,2.2,0,0,0,0,0,0,0,0,0,1,12,0,13
1,D,2,Italy x Sweden,Non-Dormant,Native Soil,1-IS-ND-Soil,2,4/8/21,2.21,0,0,0,0,0,0,0,0,0,1,13,1,15
1,D,2,Italy x Sweden,Non-Dormant,Native Soil,1-IS-ND-Soil,3,8/17/21,3.14,0,0,0,0,0,0,0,0,0,0,0,0,0
1,D,2,Italy x Sweden,Non-Dormant,Native Soil,1-IS-ND-Soil,3,8/25/21,3.15,0,0,0,0,0,0,0,0,0,0,0,0,0
1,D,2,Italy x Sweden,Non-Dormant,Native Soil,1-IS-ND-Soil,3,9/2/21,3.16,0,0,0,0,0,0,0,0,0,0,0,0,0
1,D,2,Italy x Sweden,Non-Dormant,Native Soil,1-IS-ND-Soil,3,9/8/21,3.17,0,0,0,0,0,0,0,0,0,0,0,0,0
1,D,2,Italy x Sweden,Non-Dormant,Native Soil,1-IS-ND-Soil,3,9/15/21,3.18,0,0,0,0,0,0,0,0,0,0,0,0,0
1,D,2,Italy x Sweden,Non-Dormant,Native Soil,1-IS-ND-Soil,3,9/22/21,3.19,0,0,0,0,0,0,0,0,0,0,0,0,0
1,D,2,Italy x Sweden,Non-Dormant,Native Soil,1-IS-ND-Soil,3,9/27/21,3.2,0,0,0,0,0,0,5,0,0,0,0,0,5
1,D,2,Italy x Sweden,Non-Dormant,Native Soil,1-IS-ND-Soil,3,10/11/21,3.21,1,1,0,0,0,0,3,1,0,0,0,0,6
1,D,2,Italy x Sweden,Non-Dormant,Native Soil,1-IS-ND-Soil,3,11/8/21,3.22,0,0,0,0,0,0,0,0,0,0,0,0,0
1,D,2,Italy x Sweden,Non-Dormant,Native Soil,1-IS-ND-Soil,3,12/17/21,3.23,0,0,0,0,0,0,0,0,0,0,0,0,0
1,D,3,Italy x Sweden,Mixed,Native Soil,1-IS-M-Soil,1,6/12/19,1.01,1,0,0,0,0,0,NA,NA,NA,NA,NA,NA,1
1,D,3,Italy x Sweden,Mixed,Native Soil,1-IS-M-Soil,1,6/16/19,1.02,1,0,0,0,0,0,NA,NA,NA,NA,NA,NA,1
1,D,3,Italy x Sweden,Mixed,Native Soil,1-IS-M-Soil,1,6/26/19,1.03,0,0,0,0,0,0,NA,0,0,0,0,0,0
1,D,3,Italy x Sweden,Mixed,Native Soil,1-IS-M-Soil,1,7/3/19,1.04,0,0,0,0,0,0,NA,0,0,0,0,0,0
1,D,3,Italy x Sweden,Mixed,Native Soil,1-IS-M-Soil,1,7/10/19,1.05,NA,0,0,0,0,0,NA,0,0,0,0,0,0
1,D,3,Italy x Sweden,Mixed,Native Soil,1-IS-M-Soil,1,7/17/19,1.06,0,0,0,0,0,0,NA,0,0,0,0,0,0
1,D,3,Italy x Sweden,Mixed,Native Soil,1-IS-M-Soil,1,7/24/19,1.07,0,0,0,0,0,0,NA,0,0,0,0,0,0
1,D,3,Italy x Sweden,Mixed,Native Soil,1-IS-M-Soil,1,7/31/19,1.08,0,0,0,0,0,0,NA,0,0,0,0,0,0
1,D,3,Italy x Sweden,Mixed,Native Soil,1-IS-M-Soil,1,8/7/19,1.09,0,0,0,0,0,0,NA,0,0,0,0,0,0
1,D,3,Italy x Sweden,Mixed,Native Soil,1-IS-M-Soil,1,8/15/19,1.1,0,0,0,0,0,0,NA,0,0,0,0,0,0
1,D,3,Italy x Sweden,Mixed,Native Soil,1-IS-M-Soil,1,8/20/19,1.11,0,0,0,0,0,0,NA,0,0,0,0,0,0
1,D,3,Italy x Sweden,Mixed,Native Soil,1-IS-M-Soil,1,8/28/19,1.12,0,0,0,0,0,0,NA,0,0,0,0,0,0
1,D,3,Italy x Sweden,Mixed,Native Soil,1-IS-M-Soil,1,9/4/19,1.13,0,0,0,0,0,0,NA,0,0,0,0,0,0
1,D,3,Italy x Sweden,Mixed,Native Soil,1-IS-M-Soil,1,9/11/19,1.14,0,0,0,0,0,0,NA,0,0,0,0,0,0
1,D,3,Italy x Sweden,Mixed,Native Soil,1-IS-M-Soil,1,9/18/19,1.15,0,0,0,0,0,0,NA,0,0,0,0,0,0
1,D,3,Italy x Sweden,Mixed,Native Soil,1-IS-M-Soil,1,9/25/19,1.16,0,0,0,0,0,0,NA,0,0,0,0,0,0
1,D,3,Italy x Sweden,Mixed,Native Soil,1-IS-M-Soil,1,10/2/19,1.17,0,0,0,0,0,0,NA,0,0,0,0,0,0
1,D,3,Italy x Sweden,Mixed,Native Soil,1-IS-M-Soil,1,10/9/19,1.18,0,0,0,0,0,0,NA,0,0,0,0,0,0
1,D,3,Italy x Sweden,Mixed,Native Soil,1-IS-M-Soil,1,10/18/19,1.19,0,0,0,0,0,0,NA,NA,NA,NA,NA,0,0
1,D,3,Italy x Sweden,Mixed,Native Soil,1-IS-M-Soil,1,10/23/19,1.2,0,0,0,0,0,0,NA,NA,NA,NA,NA,0,0
1,D,3,Italy x Sweden,Mixed,Native Soil,1-IS-M-Soil,1,11/6/19,1.22,0,0,0,0,0,0,NA,NA,NA,NA,NA,0,0
1,D,3,Italy x Sweden,Mixed,Native Soil,1-IS-M-Soil,1,11/20/19,1.23,0,0,0,0,0,0,NA,NA,NA,NA,NA,0,0
1,D,3,Italy x Sweden,Mixed,Native Soil,1-IS-M-Soil,1,12/4/19,1.24,4,1,0,0,0,0,NA,NA,NA,NA,NA,0,5
1,D,3,Italy x Sweden,Mixed,Native Soil,1-IS-M-Soil,1,12/20/19,1.25,10,2,0,0,0,0,NA,10,0,0,0,0,22
1,D,3,Italy x Sweden,Mixed,Native Soil,1-IS-M-Soil,1,2/10/20,1.26,0,25,0,0,0,0,NA,NA,0,0,0,0,25
1,D,3,Italy x Sweden,Mixed,Native Soil,1-IS-M-Soil,1,3/2/20,1.27,0,17,6,1,0,0,NA,NA,2,2,5,0,33
1,D,3,Italy x Sweden,Mixed,Native Soil,1-IS-M-Soil,1,5/5/20,1.29,0,0,0,0,0,43,NA,0,0,0,0,39,82
1,D,3,Italy x Sweden,Mixed,Native Soil,1-IS-M-Soil,2,5/27/20,2.01,0,0,0,0,0,0,1,0,0,0,0,0,1
1,D,3,Italy x Sweden,Mixed,Native Soil,1-IS-M-Soil,2,6/4/20,2.02,0,0,0,0,0,0,0,0,0,0,0,0,0
1,D,3,Italy x Sweden,Mixed,Native Soil,1-IS-M-Soil,2,7/23/20,2.03,0,0,0,0,0,0,0,0,0,0,0,0,0
1,D,3,Italy x Sweden,Mixed,Native Soil,1-IS-M-Soil,2,8/7/20,2.04,0,0,0,0,0,0,0,0,0,0,0,0,0
1,D,3,Italy x Sweden,Mixed,Native Soil,1-IS-M-Soil,2,8/13/20,2.05,0,0,0,0,0,0,0,0,0,0,0,0,0
1,D,3,Italy x Sweden,Mixed,Native Soil,1-IS-M-Soil,2,8/18/20,2.06,0,0,0,0,0,0,0,0,0,0,0,0,0
1,D,3,Italy x Sweden,Mixed,Native Soil,1-IS-M-Soil,2,8/25/20,2.07,0,0,0,0,0,0,0,0,0,0,0,0,0
1,D,3,Italy x Sweden,Mixed,Native Soil,1-IS-M-Soil,2,9/10/20,2.08,2,0,0,0,0,0,0,0,0,0,0,0,2
1,D,3,Italy x Sweden,Mixed,Native Soil,1-IS-M-Soil,2,9/18/20,2.09,5,0,0,0,0,0,20,0,0,0,0,0,25
1,D,3,Italy x Sweden,Mixed,Native Soil,1-IS-M-Soil,2,10/2/20,2.1,0,0,0,0,0,0,0,0,0,0,0,0,0
1,D,3,Italy x Sweden,Mixed,Native Soil,1-IS-M-Soil,2,10/19/20,2.11,0,0,0,0,0,0,0,0,0,0,0,0,0
1,D,3,Italy x Sweden,Mixed,Native Soil,1-IS-M-Soil,2,10/30/20,2.12,0,0,0,0,0,0,0,0,0,0,0,0,0
1,D,3,Italy x Sweden,Mixed,Native Soil,1-IS-M-Soil,2,11/13/20,2.13,0,0,0,0,0,0,0,0,0,0,0,0,0
1,D,3,Italy x Sweden,Mixed,Native Soil,1-IS-M-Soil,2,12/2/20,2.14,0,0,0,0,0,0,0,1,0,0,0,0,1
1,D,3,Italy x Sweden,Mixed,Native Soil,1-IS-M-Soil,2,12/17/20,2.15,0,0,0,0,0,0,0,5,0,0,0,0,5
1,D,3,Italy x Sweden,Mixed,Native Soil,1-IS-M-Soil,2,1/15/21,2.16,0,2,0,0,0,0,0,4,0,0,0,0,6
1,D,3,Italy x Sweden,Mixed,Native Soil,1-IS-M-Soil,2,2/1/21,2.17,0,2,0,0,0,0,0,5,0,0,0,0,7
1,D,3,Italy x Sweden,Mixed,Native Soil,1-IS-M-Soil,2,2/25/21,2.18,0,2,0,0,0,0,0,8,0,0,0,0,10
1,D,3,Italy x Sweden,Mixed,Native Soil,1-IS-M-Soil,2,3/8/21,2.19,0,1,0,1,0,0,0,3,2,0,0,0,7
1,D,3,Italy x Sweden,Mixed,Native Soil,1-IS-M-Soil,2,3/25/21,2.2,0,0,0,0,2,0,0,0,0,10,13,0,25
1,D,3,Italy x Sweden,Mixed,Native Soil,1-IS-M-Soil,2,4/8/21,2.21,0,0,0,0,2,0,0,0,0,1,22,0,25
1,D,3,Italy x Sweden,Mixed,Native Soil,1-IS-M-Soil,3,8/17/21,3.14,0,0,0,0,0,0,0,0,0,0,0,0,0
1,D,3,Italy x Sweden,Mixed,Native Soil,1-IS-M-Soil,3,8/25/21,3.15,0,0,0,0,0,0,0,0,0,0,0,0,0
1,D,3,Italy x Sweden,Mixed,Native Soil,1-IS-M-Soil,3,9/2/21,3.16,0,0,0,0,0,0,0,0,0,0,0,0,0
1,D,3,Italy x Sweden,Mixed,Native Soil,1-IS-M-Soil,3,9/8/21,3.17,0,0,0,0,0,0,0,0,0,0,0,0,0
1,D,3,Italy x Sweden,Mixed,Native Soil,1-IS-M-Soil,3,9/15/21,3.18,0,0,0,0,0,0,0,0,0,0,0,0,0
1,D,3,Italy x Sweden,Mixed,Native Soil,1-IS-M-Soil,3,9/22/21,3.19,0,0,0,0,0,0,0,0,0,0,0,0,0
1,D,3,Italy x Sweden,Mixed,Native Soil,1-IS-M-Soil,3,9/27/21,3.2,0,0,0,0,0,0,0,0,0,0,0,0,0
1,D,3,Italy x Sweden,Mixed,Native Soil,1-IS-M-Soil,3,10/11/21,3.21,0,0,0,0,0,0,105,0,0,0,0,0,105
1,D,3,Italy x Sweden,Mixed,Native Soil,1-IS-M-Soil,3,11/8/21,3.22,0,0,0,0,0,0,2,13,0,0,0,0,15
1,D,3,Italy x Sweden,Mixed,Native Soil,1-IS-M-Soil,3,12/17/21,3.23,0,0,0,0,0,0,0,2,0,0,0,0,2
1,D,4,UK x USA,Non-Dormant,Control,1-TC_ND_C,1,6/12/19,1.01,NA,NA,NA,NA,NA,NA,NA,NA,NA,NA,NA,NA,NA
1,D,4,UK x USA,Non-Dormant,Control,1-TC_ND_C,1,6/16/19,1.02,NA,NA,NA,NA,NA,NA,NA,NA,NA,NA,NA,NA,NA
1,D,4,UK x USA,Non-Dormant,Control,1-TC_ND_C,1,6/26/19,1.03,NA,NA,NA,NA,NA,NA,NA,NA,NA,NA,NA,NA,NA
1,D,4,UK x USA,Non-Dormant,Control,1-TC_ND_C,1,7/3/19,1.04,NA,NA,NA,NA,NA,NA,NA,NA,NA,NA,NA,NA,NA
1,D,4,UK x USA,Non-Dormant,Control,1-TC_ND_C,1,7/10/19,1.05,NA,NA,NA,NA,NA,NA,NA,NA,NA,NA,NA,NA,NA
1,D,4,UK x USA,Non-Dormant,Control,1-TC_ND_C,1,7/17/19,1.06,0,0,0,0,0,0,NA,0,0,0,0,0,0
1,D,4,UK x USA,Non-Dormant,Control,1-TC_ND_C,1,7/24/19,1.07,0,0,0,0,0,0,NA,0,0,0,0,0,0
1,D,4,UK x USA,Non-Dormant,Control,1-TC_ND_C,1,7/31/19,1.08,0,0,0,0,0,0,NA,0,0,0,0,0,0
1,D,4,UK x USA,Non-Dormant,Control,1-TC_ND_C,1,8/7/19,1.09,0,0,0,0,0,0,NA,0,0,0,0,0,0
1,D,4,UK x USA,Non-Dormant,Control,1-TC_ND_C,1,8/15/19,1.1,0,0,0,0,0,0,NA,0,0,0,0,0,0
1,D,4,UK x USA,Non-Dormant,Control,1-TC_ND_C,1,8/20/19,1.11,0,0,0,0,0,0,NA,0,0,0,0,0,0
1,D,4,UK x USA,Non-Dormant,Control,1-TC_ND_C,1,8/28/19,1.12,0,0,0,0,0,0,NA,0,0,0,0,0,0
1,D,4,UK x USA,Non-Dormant,Control,1-TC_ND_C,1,9/4/19,1.13,0,0,0,0,0,0,NA,0,0,0,0,0,0
1,D,4,UK x USA,Non-Dormant,Control,1-TC_ND_C,1,9/11/19,1.14,0,0,0,0,0,0,NA,0,0,0,0,0,0
1,D,4,UK x USA,Non-Dormant,Control,1-TC_ND_C,1,9/18/19,1.15,0,0,0,0,0,0,NA,0,0,0,0,0,0
1,D,4,UK x USA,Non-Dormant,Control,1-TC_ND_C,1,9/25/19,1.16,0,0,0,0,0,0,NA,0,0,0,0,0,0
1,D,4,UK x USA,Non-Dormant,Control,1-TC_ND_C,1,10/2/19,1.17,0,0,0,0,0,0,NA,0,0,0,0,0,0
1,D,4,UK x USA,Non-Dormant,Control,1-TC_ND_C,1,10/9/19,1.18,0,0,0,0,0,0,NA,0,0,0,0,0,0
1,D,4,UK x USA,Non-Dormant,Control,1-TC_ND_C,1,10/18/19,1.19,0,0,0,0,0,0,NA,NA,NA,NA,NA,0,0
1,D,4,UK x USA,Non-Dormant,Control,1-TC_ND_C,1,10/23/19,1.2,6,0,0,0,0,0,NA,NA,NA,NA,NA,0,6
1,D,4,UK x USA,Non-Dormant,Control,1-TC_ND_C,1,11/6/19,1.22,0,0,0,0,0,0,NA,NA,NA,NA,NA,0,0
1,D,4,UK x USA,Non-Dormant,Control,1-TC_ND_C,1,11/20/19,1.23,0,0,0,0,0,0,NA,NA,NA,NA,NA,0,0
1,D,4,UK x USA,Non-Dormant,Control,1-TC_ND_C,1,12/4/19,1.24,0,0,0,0,0,0,NA,NA,NA,NA,NA,0,0
1,D,4,UK x USA,Non-Dormant,Control,1-TC_ND_C,1,12/20/19,1.25,0,0,0,0,0,0,NA,2,0,0,0,0,2
1,D,4,UK x USA,Non-Dormant,Control,1-TC_ND_C,1,2/10/20,1.26,0,0,0,0,0,0,NA,NA,0,0,1,0,1
1,D,4,UK x USA,Non-Dormant,Control,1-TC_ND_C,1,3/2/20,1.27,0,0,0,0,0,0,NA,NA,0,0,2,0,2
1,D,4,UK x USA,Non-Dormant,Control,1-TC_ND_C,1,5/5/20,1.29,0,0,0,0,0,0,NA,0,0,0,0,2,2
1,D,4,UK x USA,Non-Dormant,Control,1-TC_ND_C,2,5/27/20,2.01,3,0,0,0,0,0,2,0,0,0,0,0,5
1,D,4,UK x USA,Non-Dormant,Control,1-TC_ND_C,2,6/4/20,2.02,0,0,0,0,0,0,0,0,0,0,0,0,0
1,D,4,UK x USA,Non-Dormant,Control,1-TC_ND_C,2,7/23/20,2.03,0,0,0,0,0,0,0,0,0,0,0,0,0
1,D,4,UK x USA,Non-Dormant,Control,1-TC_ND_C,2,8/7/20,2.04,0,0,0,0,0,0,0,0,0,0,0,0,0
1,D,4,UK x USA,Non-Dormant,Control,1-TC_ND_C,2,8/13/20,2.05,0,0,0,0,0,0,0,0,0,0,0,0,0
1,D,4,UK x USA,Non-Dormant,Control,1-TC_ND_C,2,8/18/20,2.06,0,0,0,0,0,0,0,0,0,0,0,0,0
1,D,4,UK x USA,Non-Dormant,Control,1-TC_ND_C,2,8/25/20,2.07,0,0,0,0,0,0,0,0,0,0,0,0,0
1,D,4,UK x USA,Non-Dormant,Control,1-TC_ND_C,2,9/10/20,2.08,1,0,0,0,0,0,6,2,0,0,0,0,9
1,D,4,UK x USA,Non-Dormant,Control,1-TC_ND_C,2,9/18/20,2.09,14,0,0,0,0,0,20,0,0,0,0,0,34
1,D,4,UK x USA,Non-Dormant,Control,1-TC_ND_C,2,10/2/20,2.1,0,0,0,0,0,0,0,0,0,0,0,0,0
1,D,4,UK x USA,Non-Dormant,Control,1-TC_ND_C,2,10/19/20,2.11,0,0,0,0,0,0,0,0,0,0,0,0,0
1,D,4,UK x USA,Non-Dormant,Control,1-TC_ND_C,2,10/30/20,2.12,0,0,0,0,0,0,0,0,0,0,0,0,0
1,D,4,UK x USA,Non-Dormant,Control,1-TC_ND_C,2,11/13/20,2.13,0,0,0,0,0,0,0,0,0,0,0,0,0
1,D,4,UK x USA,Non-Dormant,Control,1-TC_ND_C,2,12/2/20,2.14,0,0,0,0,0,0,0,0,0,0,0,0,0
1,D,4,UK x USA,Non-Dormant,Control,1-TC_ND_C,2,12/17/20,2.15,0,0,0,0,0,0,0,0,0,0,0,0,0
1,D,4,UK x USA,Non-Dormant,Control,1-TC_ND_C,2,1/15/21,2.16,0,0,0,0,0,0,0,0,0,0,0,0,0
1,D,4,UK x USA,Non-Dormant,Control,1-TC_ND_C,2,2/1/21,2.17,0,0,0,0,0,0,0,0,0,0,0,0,0
1,D,4,UK x USA,Non-Dormant,Control,1-TC_ND_C,2,2/25/21,2.18,0,0,0,0,0,0,0,0,0,0,0,0,0
1,D,4,UK x USA,Non-Dormant,Control,1-TC_ND_C,2,3/8/21,2.19,0,0,0,0,0,0,0,0,0,0,0,0,0
1,D,4,UK x USA,Non-Dormant,Control,1-TC_ND_C,2,3/25/21,2.2,0,0,0,0,0,0,0,0,0,0,0,0,0
1,D,4,UK x USA,Non-Dormant,Control,1-TC_ND_C,2,4/8/21,2.21,0,0,0,0,0,0,0,0,0,0,0,0,0
1,D,4,UK x USA,Non-Dormant,Control,1-TC_ND_C,3,8/17/21,3.14,0,0,0,0,0,0,0,0,0,0,0,0,0
1,D,4,UK x USA,Non-Dormant,Control,1-TC_ND_C,3,8/25/21,3.15,0,0,0,0,0,0,17,0,0,0,0,0,17
1,D,4,UK x USA,Non-Dormant,Control,1-TC_ND_C,3,9/2/21,3.16,0,0,0,0,0,0,0,0,0,0,0,0,0
1,D,4,UK x USA,Non-Dormant,Control,1-TC_ND_C,3,9/8/21,3.17,0,0,0,0,0,0,0,0,0,0,0,0,0
1,D,4,UK x USA,Non-Dormant,Control,1-TC_ND_C,3,9/15/21,3.18,0,0,0,0,0,0,0,0,0,0,0,0,0
1,D,4,UK x USA,Non-Dormant,Control,1-TC_ND_C,3,9/22/21,3.19,0,0,0,0,0,0,0,0,0,0,0,0,0
1,D,4,UK x USA,Non-Dormant,Control,1-TC_ND_C,3,9/27/21,3.2,0,0,0,0,0,0,0,0,0,0,0,0,0
1,D,4,UK x USA,Non-Dormant,Control,1-TC_ND_C,3,10/11/21,3.21,0,0,0,0,0,0,0,0,0,0,0,0,0
1,D,4,UK x USA,Non-Dormant,Control,1-TC_ND_C,3,11/8/21,3.22,0,0,0,0,0,0,0,1,0,0,0,0,1
1,D,4,UK x USA,Non-Dormant,Control,1-TC_ND_C,3,12/17/21,3.23,0,0,0,0,0,0,0,0,0,0,1,0,1
2,D,5,Italy x Sweden,Mixed,High Humidity,2-IS_M_D,1,6/12/19,1.01,4,0,0,0,0,0,NA,NA,NA,NA,NA,NA,4
2,D,5,Italy x Sweden,Mixed,High Humidity,2-IS_M_D,1,6/16/19,1.02,2,0,0,0,0,0,NA,NA,NA,NA,NA,NA,2
2,D,5,Italy x Sweden,Mixed,High Humidity,2-IS_M_D,1,6/26/19,1.03,0,0,0,0,0,0,NA,0,0,0,0,0,0
2,D,5,Italy x Sweden,Mixed,High Humidity,2-IS_M_D,1,7/3/19,1.04,0,0,0,0,0,0,NA,0,0,0,0,0,0
2,D,5,Italy x Sweden,Mixed,High Humidity,2-IS_M_D,1,7/10/19,1.05,NA,0,0,0,0,0,NA,0,0,0,0,0,0
2,D,5,Italy x Sweden,Mixed,High Humidity,2-IS_M_D,1,7/17/19,1.06,0,0,0,0,0,0,NA,0,0,0,0,0,0
2,D,5,Italy x Sweden,Mixed,High Humidity,2-IS_M_D,1,7/24/19,1.07,0,0,0,0,0,0,NA,0,0,0,0,0,0
2,D,5,Italy x Sweden,Mixed,High Humidity,2-IS_M_D,1,7/31/19,1.08,0,0,0,0,0,0,NA,0,0,0,0,0,0
2,D,5,Italy x Sweden,Mixed,High Humidity,2-IS_M_D,1,8/7/19,1.09,0,0,0,0,0,0,NA,0,0,0,0,0,0
2,D,5,Italy x Sweden,Mixed,High Humidity,2-IS_M_D,1,8/15/19,1.1,0,0,0,0,0,0,NA,0,0,0,0,0,0
2,D,5,Italy x Sweden,Mixed,High Humidity,2-IS_M_D,1,8/20/19,1.11,0,0,0,0,0,0,NA,0,0,0,0,0,0
2,D,5,Italy x Sweden,Mixed,High Humidity,2-IS_M_D,1,8/28/19,1.12,0,0,0,0,0,0,NA,0,0,0,0,0,0
2,D,5,Italy x Sweden,Mixed,High Humidity,2-IS_M_D,1,9/4/19,1.13,0,0,0,0,0,0,NA,0,0,0,0,0,0
2,D,5,Italy x Sweden,Mixed,High Humidity,2-IS_M_D,1,9/11/19,1.14,0,0,0,0,0,0,NA,0,0,0,0,0,0
2,D,5,Italy x Sweden,Mixed,High Humidity,2-IS_M_D,1,9/18/19,1.15,0,0,0,0,0,0,NA,0,0,0,0,0,0
2,D,5,Italy x Sweden,Mixed,High Humidity,2-IS_M_D,1,9/25/19,1.16,0,0,0,0,0,0,NA,0,0,0,0,0,0
2,D,5,Italy x Sweden,Mixed,High Humidity,2-IS_M_D,1,10/2/19,1.17,0,0,0,0,0,0,NA,0,0,0,0,0,0
2,D,5,Italy x Sweden,Mixed,High Humidity,2-IS_M_D,1,10/9/19,1.18,0,0,0,0,0,0,NA,0,0,0,0,0,0
2,D,5,Italy x Sweden,Mixed,High Humidity,2-IS_M_D,1,10/18/19,1.19,0,0,0,0,0,0,NA,NA,NA,NA,NA,0,0
2,D,5,Italy x Sweden,Mixed,High Humidity,2-IS_M_D,1,10/23/19,1.2,11,0,0,0,0,0,NA,NA,NA,NA,NA,0,11
2,D,5,Italy x Sweden,Mixed,High Humidity,2-IS_M_D,1,11/6/19,1.22,10,1,0,0,0,0,NA,NA,NA,NA,NA,0,11
2,D,5,Italy x Sweden,Mixed,High Humidity,2-IS_M_D,1,11/20/19,1.23,7,21,0,0,0,0,NA,NA,NA,NA,NA,0,28
2,D,5,Italy x Sweden,Mixed,High Humidity,2-IS_M_D,1,12/4/19,1.24,22,23,0,0,0,0,NA,NA,NA,NA,NA,0,45
2,D,5,Italy x Sweden,Mixed,High Humidity,2-IS_M_D,1,12/20/19,1.25,8,24,0,0,0,0,NA,20,0,0,0,0,52
2,D,5,Italy x Sweden,Mixed,High Humidity,2-IS_M_D,1,2/10/20,1.26,0,5,3,8,0,0,NA,NA,8,0,0,0,24
2,D,5,Italy x Sweden,Mixed,High Humidity,2-IS_M_D,1,3/2/20,1.27,0,1,0,3,10,0,NA,NA,0,4,15,0,33
2,D,5,Italy x Sweden,Mixed,High Humidity,2-IS_M_D,1,5/5/20,1.29,0,0,0,0,0,18,NA,0,0,0,0,15,33
2,D,5,Italy x Sweden,Mixed,High Humidity,2-IS_M_D,2,5/27/20,2.01,3,0,0,0,0,0,0,0,0,0,0,0,3
2,D,5,Italy x Sweden,Mixed,High Humidity,2-IS_M_D,2,6/4/20,2.02,0,0,0,0,0,0,0,0,0,0,0,0,0
2,D,5,Italy x Sweden,Mixed,High Humidity,2-IS_M_D,2,7/23/20,2.03,0,0,0,0,0,0,0,0,0,0,0,0,0
2,D,5,Italy x Sweden,Mixed,High Humidity,2-IS_M_D,2,8/7/20,2.04,0,0,0,0,0,0,0,0,0,0,0,0,0
2,D,5,Italy x Sweden,Mixed,High Humidity,2-IS_M_D,2,8/13/20,2.05,0,0,0,0,0,0,0,0,0,0,0,0,0
2,D,5,Italy x Sweden,Mixed,High Humidity,2-IS_M_D,2,8/18/20,2.06,0,0,0,0,0,0,0,0,0,0,0,0,0
2,D,5,Italy x Sweden,Mixed,High Humidity,2-IS_M_D,2,8/25/20,2.07,0,0,0,0,0,0,0,0,0,0,0,0,0
2,D,5,Italy x Sweden,Mixed,High Humidity,2-IS_M_D,2,9/10/20,2.08,0,0,0,0,0,0,0,0,0,0,0,0,0
2,D,5,Italy x Sweden,Mixed,High Humidity,2-IS_M_D,2,9/18/20,2.09,11,0,0,0,0,0,20,0,0,0,0,0,31
2,D,5,Italy x Sweden,Mixed,High Humidity,2-IS_M_D,2,10/2/20,2.1,203,9,0,0,0,0,120,10,0,0,0,0,342
2,D,5,Italy x Sweden,Mixed,High Humidity,2-IS_M_D,2,10/19/20,2.11,92,73,0,0,0,0,20,20,0,0,0,0,205
2,D,5,Italy x Sweden,Mixed,High Humidity,2-IS_M_D,2,10/30/20,2.12,25,38,0,0,0,0,20,20,0,0,0,0,103
2,D,5,Italy x Sweden,Mixed,High Humidity,2-IS_M_D,2,11/13/20,2.13,21,54,0,0,0,0,15,30,0,0,0,0,120
2,D,5,Italy x Sweden,Mixed,High Humidity,2-IS_M_D,2,12/2/20,2.14,2,14,0,0,0,0,5,15,0,0,0,0,36
2,D,5,Italy x Sweden,Mixed,High Humidity,2-IS_M_D,2,12/17/20,2.15,3,24,0,0,0,0,0,28,0,0,0,0,55
2,D,5,Italy x Sweden,Mixed,High Humidity,2-IS_M_D,2,1/15/21,2.16,4,18,0,0,0,0,3,45,0,0,0,0,70
2,D,5,Italy x Sweden,Mixed,High Humidity,2-IS_M_D,2,2/1/21,2.17,0,6,0,0,0,0,0,10,0,0,0,0,16
2,D,5,Italy x Sweden,Mixed,High Humidity,2-IS_M_D,2,2/25/21,2.18,0,5,0,0,0,0,0,13,1,0,0,0,19
2,D,5,Italy x Sweden,Mixed,High Humidity,2-IS_M_D,2,3/8/21,2.19,0,1,0,1,0,0,0,5,8,6,1,0,22
2,D,5,Italy x Sweden,Mixed,High Humidity,2-IS_M_D,2,3/25/21,2.2,0,0,0,4,1,0,0,1,1,10,33,0,50
2,D,5,Italy x Sweden,Mixed,High Humidity,2-IS_M_D,2,4/8/21,2.21,0,0,0,0,2,0,0,0,0,0,34,0,36
2,D,5,Italy x Sweden,Mixed,High Humidity,2-IS_M_D,3,8/17/21,3.14,0,0,0,0,0,0,0,0,0,0,0,0,0
2,D,5,Italy x Sweden,Mixed,High Humidity,2-IS_M_D,3,8/25/21,3.15,0,0,0,0,0,0,0,0,0,0,0,0,0
2,D,5,Italy x Sweden,Mixed,High Humidity,2-IS_M_D,3,9/2/21,3.16,0,0,0,0,0,0,0,0,0,0,0,0,0
2,D,5,Italy x Sweden,Mixed,High Humidity,2-IS_M_D,3,9/8/21,3.17,0,0,0,0,0,0,0,0,0,0,0,0,0
2,D,5,Italy x Sweden,Mixed,High Humidity,2-IS_M_D,3,9/15/21,3.18,0,0,0,0,0,0,0,0,0,0,0,0,0
2,D,5,Italy x Sweden,Mixed,High Humidity,2-IS_M_D,3,9/22/21,3.19,0,0,0,0,0,0,0,0,0,0,0,0,0
2,D,5,Italy x Sweden,Mixed,High Humidity,2-IS_M_D,3,9/29/21,3.2,48,0,0,0,0,0,165,4,0,0,0,0,217
2,D,5,Italy x Sweden,Mixed,High Humidity,2-IS_M_D,3,10/12/21,3.21,85,34,0,0,0,0,284,241,0,0,0,0,644
2,D,5,Italy x Sweden,Mixed,High Humidity,2-IS_M_D,3,11/10/21,3.22,8,93,0,0,0,0,33,351,0,0,0,0,485
2,D,5,Italy x Sweden,Mixed,High Humidity,2-IS_M_D,3,12/17/21,3.23,1,17,0,0,0,0,2,105,0,0,0,0,125
2,D,6,Italy x Sweden,Dormant,High Humidity,2-IS_D_D,1,6/12/19,1.01,0,0,0,0,0,0,NA,NA,NA,NA,NA,NA,0
2,D,6,Italy x Sweden,Dormant,High Humidity,2-IS_D_D,1,6/16/19,1.02,0,0,0,0,0,0,NA,NA,NA,NA,NA,NA,0
2,D,6,Italy x Sweden,Dormant,High Humidity,2-IS_D_D,1,6/26/19,1.03,0,0,0,0,0,0,NA,0,0,0,0,0,0
2,D,6,Italy x Sweden,Dormant,High Humidity,2-IS_D_D,1,7/3/19,1.04,0,0,0,0,0,0,NA,0,0,0,0,0,0
2,D,6,Italy x Sweden,Dormant,High Humidity,2-IS_D_D,1,7/10/19,1.05,NA,0,0,0,0,0,NA,0,0,0,0,0,0
2,D,6,Italy x Sweden,Dormant,High Humidity,2-IS_D_D,1,7/17/19,1.06,0,0,0,0,0,0,NA,0,0,0,0,0,0
2,D,6,Italy x Sweden,Dormant,High Humidity,2-IS_D_D,1,7/24/19,1.07,0,0,0,0,0,0,NA,0,0,0,0,0,0
2,D,6,Italy x Sweden,Dormant,High Humidity,2-IS_D_D,1,7/31/19,1.08,0,0,0,0,0,0,NA,0,0,0,0,0,0
2,D,6,Italy x Sweden,Dormant,High Humidity,2-IS_D_D,1,8/7/19,1.09,0,0,0,0,0,0,NA,0,0,0,0,0,0
2,D,6,Italy x Sweden,Dormant,High Humidity,2-IS_D_D,1,8/15/19,1.1,0,0,0,0,0,0,NA,0,0,0,0,0,0
2,D,6,Italy x Sweden,Dormant,High Humidity,2-IS_D_D,1,8/20/19,1.11,0,0,0,0,0,0,NA,0,0,0,0,0,0
2,D,6,Italy x Sweden,Dormant,High Humidity,2-IS_D_D,1,8/28/19,1.12,0,0,0,0,0,0,NA,0,0,0,0,0,0
2,D,6,Italy x Sweden,Dormant,High Humidity,2-IS_D_D,1,9/4/19,1.13,0,0,0,0,0,0,NA,0,0,0,0,0,0
2,D,6,Italy x Sweden,Dormant,High Humidity,2-IS_D_D,1,9/11/19,1.14,0,0,0,0,0,0,NA,0,0,0,0,0,0
2,D,6,Italy x Sweden,Dormant,High Humidity,2-IS_D_D,1,9/18/19,1.15,0,0,0,0,0,0,NA,0,0,0,0,0,0
2,D,6,Italy x Sweden,Dormant,High Humidity,2-IS_D_D,1,9/25/19,1.16,0,0,0,0,0,0,NA,0,0,0,0,0,0
2,D,6,Italy x Sweden,Dormant,High Humidity,2-IS_D_D,1,10/2/19,1.17,0,0,0,0,0,0,NA,0,0,0,0,0,0
2,D,6,Italy x Sweden,Dormant,High Humidity,2-IS_D_D,1,10/9/19,1.18,0,0,0,0,0,0,NA,0,0,0,0,0,0
2,D,6,Italy x Sweden,Dormant,High Humidity,2-IS_D_D,1,10/18/19,1.19,0,0,0,0,0,0,NA,NA,NA,NA,NA,0,0
2,D,6,Italy x Sweden,Dormant,High Humidity,2-IS_D_D,1,10/23/19,1.2,11,0,0,0,0,0,NA,NA,NA,NA,NA,0,11
2,D,6,Italy x Sweden,Dormant,High Humidity,2-IS_D_D,1,11/6/19,1.22,10,0,0,0,0,0,NA,NA,NA,NA,NA,0,10
2,D,6,Italy x Sweden,Dormant,High Humidity,2-IS_D_D,1,11/20/19,1.23,1,18,0,0,0,0,NA,NA,NA,NA,NA,0,19
2,D,6,Italy x Sweden,Dormant,High Humidity,2-IS_D_D,1,12/4/19,1.24,5,13,0,0,0,0,NA,NA,NA,NA,NA,0,18
2,D,6,Italy x Sweden,Dormant,High Humidity,2-IS_D_D,1,12/20/19,1.25,5,17,0,0,0,0,NA,10,0,0,0,0,32
2,D,6,Italy x Sweden,Dormant,High Humidity,2-IS_D_D,1,2/10/20,1.26,0,2,0,7,0,0,NA,NA,0,0,0,0,9
2,D,6,Italy x Sweden,Dormant,High Humidity,2-IS_D_D,1,3/2/20,1.27,0,3,1,3,12,0,NA,NA,1,4,28,0,52
2,D,6,Italy x Sweden,Dormant,High Humidity,2-IS_D_D,1,5/5/20,1.29,0,0,0,0,0,18,NA,0,0,0,0,20,38
2,D,6,Italy x Sweden,Dormant,High Humidity,2-IS_D_D,2,5/27/20,2.01,8,0,0,0,0,0,19,0,0,0,0,0,27
2,D,6,Italy x Sweden,Dormant,High Humidity,2-IS_D_D,2,6/4/20,2.02,0,0,0,0,0,0,8,0,0,0,0,0,8
2,D,6,Italy x Sweden,Dormant,High Humidity,2-IS_D_D,2,7/23/20,2.03,0,0,0,0,0,0,0,0,0,0,0,0,0
2,D,6,Italy x Sweden,Dormant,High Humidity,2-IS_D_D,2,8/7/20,2.04,0,0,0,0,0,0,0,0,0,0,0,0,0
2,D,6,Italy x Sweden,Dormant,High Humidity,2-IS_D_D,2,8/13/20,2.05,0,0,0,0,0,0,0,0,0,0,0,0,0
2,D,6,Italy x Sweden,Dormant,High Humidity,2-IS_D_D,2,8/18/20,2.06,0,0,0,0,0,0,0,0,0,0,0,0,0
2,D,6,Italy x Sweden,Dormant,High Humidity,2-IS_D_D,2,8/25/20,2.07,0,0,0,0,0,0,0,0,0,0,0,0,0
2,D,6,Italy x Sweden,Dormant,High Humidity,2-IS_D_D,2,9/10/20,2.08,10,0,0,0,0,0,0,0,0,0,0,0,10
2,D,6,Italy x Sweden,Dormant,High Humidity,2-IS_D_D,2,9/18/20,2.09,12,0,0,0,0,0,40,0,0,0,0,0,52
2,D,6,Italy x Sweden,Dormant,High Humidity,2-IS_D_D,2,10/2/20,2.1,83,0,0,0,0,0,40,5,0,0,0,0,128
2,D,6,Italy x Sweden,Dormant,High Humidity,2-IS_D_D,2,10/19/20,2.11,0,0,0,0,0,0,0,0,0,0,0,0,0
2,D,6,Italy x Sweden,Dormant,High Humidity,2-IS_D_D,2,10/30/20,2.12,0,0,0,0,0,0,0,0,0,0,0,0,0
2,D,6,Italy x Sweden,Dormant,High Humidity,2-IS_D_D,2,11/13/20,2.13,6,0,0,0,0,0,15,20,0,0,0,0,41
2,D,6,Italy x Sweden,Dormant,High Humidity,2-IS_D_D,2,12/2/20,2.14,0,4,0,0,0,0,10,10,0,0,0,0,24
2,D,6,Italy x Sweden,Dormant,High Humidity,2-IS_D_D,2,12/17/20,2.15,1,0,0,0,0,0,1,13,0,0,0,0,15
2,D,6,Italy x Sweden,Dormant,High Humidity,2-IS_D_D,2,1/15/21,2.16,1,5,0,0,0,0,1,36,0,0,0,0,43
2,D,6,Italy x Sweden,Dormant,High Humidity,2-IS_D_D,2,2/1/21,2.17,0,1,0,0,0,0,0,10,0,0,0,0,11
2,D,6,Italy x Sweden,Dormant,High Humidity,2-IS_D_D,2,2/25/21,2.18,0,0,0,0,0,0,0,19,1,1,0,0,21
2,D,6,Italy x Sweden,Dormant,High Humidity,2-IS_D_D,2,3/8/21,2.19,0,0,0,0,0,0,0,5,8,11,1,0,25
2,D,6,Italy x Sweden,Dormant,High Humidity,2-IS_D_D,2,3/25/21,2.2,0,0,0,0,0,0,0,0,0,6,41,0,47
2,D,6,Italy x Sweden,Dormant,High Humidity,2-IS_D_D,2,4/8/21,2.21,0,0,0,0,0,0,0,0,0,0,18,3,21
2,D,6,Italy x Sweden,Dormant,High Humidity,2-IS_D_D,3,8/17/21,3.14,0,0,0,0,0,0,0,0,0,0,0,0,0
2,D,6,Italy x Sweden,Dormant,High Humidity,2-IS_D_D,3,8/25/21,3.15,0,0,0,0,0,0,0,0,0,0,0,0,0
2,D,6,Italy x Sweden,Dormant,High Humidity,2-IS_D_D,3,9/2/21,3.16,0,0,0,0,0,0,0,0,0,0,0,0,0
2,D,6,Italy x Sweden,Dormant,High Humidity,2-IS_D_D,3,9/8/21,3.17,0,0,0,0,0,0,0,0,0,0,0,0,0
2,D,6,Italy x Sweden,Dormant,High Humidity,2-IS_D_D,3,9/15/21,3.18,0,0,0,0,0,0,0,0,0,0,0,0,0
2,D,6,Italy x Sweden,Dormant,High Humidity,2-IS_D_D,3,9/22/21,3.19,0,0,0,0,0,0,0,0,0,0,0,0,0
2,D,6,Italy x Sweden,Dormant,High Humidity,2-IS_D_D,3,9/29/21,3.2,31,0,0,0,0,0,130,3,0,0,0,0,164
2,D,6,Italy x Sweden,Dormant,High Humidity,2-IS_D_D,3,10/12/21,3.21,90,77,0,0,0,0,549,201,0,0,0,0,917
2,D,6,Italy x Sweden,Dormant,High Humidity,2-IS_D_D,3,11/10/21,3.22,4,144,0,0,0,0,17,531,0,0,0,0,696
2,D,6,Italy x Sweden,Dormant,High Humidity,2-IS_D_D,3,12/17/21,3.23,0,148,0,0,0,0,0,500,0,0,0,0,648
2,D,8,Italy x Sweden,Non-Dormant,Litter,2-IS_ND_F,1,6/12/19,1.01,9,0,0,0,0,0,NA,NA,NA,NA,NA,NA,9
2,D,8,Italy x Sweden,Non-Dormant,Litter,2-IS_ND_F,1,6/16/19,1.02,0,0,0,0,0,0,NA,NA,NA,NA,NA,NA,0
2,D,8,Italy x Sweden,Non-Dormant,Litter,2-IS_ND_F,1,6/26/19,1.03,0,0,0,0,0,0,NA,0,0,0,0,0,0
2,D,8,Italy x Sweden,Non-Dormant,Litter,2-IS_ND_F,1,7/3/19,1.04,0,0,0,0,0,0,NA,0,0,0,0,0,0
2,D,8,Italy x Sweden,Non-Dormant,Litter,2-IS_ND_F,1,7/10/19,1.05,NA,0,0,0,0,0,NA,0,0,0,0,0,0
2,D,8,Italy x Sweden,Non-Dormant,Litter,2-IS_ND_F,1,7/17/19,1.06,0,0,0,0,0,0,NA,0,0,0,0,0,0
2,D,8,Italy x Sweden,Non-Dormant,Litter,2-IS_ND_F,1,7/24/19,1.07,0,0,0,0,0,0,NA,0,0,0,0,0,0
2,D,8,Italy x Sweden,Non-Dormant,Litter,2-IS_ND_F,1,7/31/19,1.08,0,0,0,0,0,0,NA,0,0,0,0,0,0
2,D,8,Italy x Sweden,Non-Dormant,Litter,2-IS_ND_F,1,8/7/19,1.09,0,0,0,0,0,0,NA,0,0,0,0,0,0
2,D,8,Italy x Sweden,Non-Dormant,Litter,2-IS_ND_F,1,8/15/19,1.1,0,0,0,0,0,0,NA,0,0,0,0,0,0
2,D,8,Italy x Sweden,Non-Dormant,Litter,2-IS_ND_F,1,8/20/19,1.11,0,0,0,0,0,0,NA,0,0,0,0,0,0
2,D,8,Italy x Sweden,Non-Dormant,Litter,2-IS_ND_F,1,8/28/19,1.12,0,0,0,0,0,0,NA,0,0,0,0,0,0
2,D,8,Italy x Sweden,Non-Dormant,Litter,2-IS_ND_F,1,9/4/19,1.13,0,0,0,0,0,0,NA,0,0,0,0,0,0
2,D,8,Italy x Sweden,Non-Dormant,Litter,2-IS_ND_F,1,9/11/19,1.14,0,0,0,0,0,0,NA,0,0,0,0,0,0
2,D,8,Italy x Sweden,Non-Dormant,Litter,2-IS_ND_F,1,9/18/19,1.15,0,0,0,0,0,0,NA,0,0,0,0,0,0
2,D,8,Italy x Sweden,Non-Dormant,Litter,2-IS_ND_F,1,9/25/19,1.16,0,0,0,0,0,0,NA,0,0,0,0,0,0
2,D,8,Italy x Sweden,Non-Dormant,Litter,2-IS_ND_F,1,10/2/19,1.17,0,0,0,0,0,0,NA,0,0,0,0,0,0
2,D,8,Italy x Sweden,Non-Dormant,Litter,2-IS_ND_F,1,10/9/19,1.18,0,0,0,0,0,0,NA,0,0,0,0,0,0
2,D,8,Italy x Sweden,Non-Dormant,Litter,2-IS_ND_F,1,10/18/19,1.19,0,0,0,0,0,0,NA,NA,NA,NA,NA,0,0
2,D,8,Italy x Sweden,Non-Dormant,Litter,2-IS_ND_F,1,10/23/19,1.2,1,0,0,0,0,0,NA,NA,NA,NA,NA,0,1
2,D,8,Italy x Sweden,Non-Dormant,Litter,2-IS_ND_F,1,11/6/19,1.22,1,0,0,0,0,0,NA,NA,NA,NA,NA,0,1
2,D,8,Italy x Sweden,Non-Dormant,Litter,2-IS_ND_F,1,11/20/19,1.23,0,1,0,0,0,0,NA,NA,NA,NA,NA,0,1
2,D,8,Italy x Sweden,Non-Dormant,Litter,2-IS_ND_F,1,12/4/19,1.24,1,1,0,0,0,0,NA,NA,NA,NA,NA,0,2
2,D,8,Italy x Sweden,Non-Dormant,Litter,2-IS_ND_F,1,12/20/19,1.25,0,2,0,0,0,0,NA,5,0,0,0,0,7
2,D,8,Italy x Sweden,Non-Dormant,Litter,2-IS_ND_F,1,2/10/20,1.26,0,2,0,0,0,0,NA,NA,0,0,0,0,2
2,D,8,Italy x Sweden,Non-Dormant,Litter,2-IS_ND_F,1,3/2/20,1.27,0,0,0,1,0,0,NA,NA,0,0,0,0,1
2,D,8,Italy x Sweden,Non-Dormant,Litter,2-IS_ND_F,1,5/5/20,1.29,0,0,0,0,0,3,NA,0,0,0,0,4,7
2,D,8,Italy x Sweden,Non-Dormant,Litter,2-IS_ND_F,2,5/27/20,2.01,0,0,0,0,0,0,0,0,0,0,0,0,0
2,D,8,Italy x Sweden,Non-Dormant,Litter,2-IS_ND_F,2,6/4/20,2.02,0,0,0,0,0,0,0,0,0,0,0,0,0
2,D,8,Italy x Sweden,Non-Dormant,Litter,2-IS_ND_F,2,7/23/20,2.03,0,0,0,0,0,0,0,0,0,0,0,0,0
2,D,8,Italy x Sweden,Non-Dormant,Litter,2-IS_ND_F,2,8/7/20,2.04,0,0,0,0,0,0,0,0,0,0,0,0,0
2,D,8,Italy x Sweden,Non-Dormant,Litter,2-IS_ND_F,2,8/13/20,2.05,0,0,0,0,0,0,0,0,0,0,0,0,0
2,D,8,Italy x Sweden,Non-Dormant,Litter,2-IS_ND_F,2,8/18/20,2.06,0,0,0,0,0,0,0,0,0,0,0,0,0
2,D,8,Italy x Sweden,Non-Dormant,Litter,2-IS_ND_F,2,8/25/20,2.07,0,0,0,0,0,0,0,0,0,0,0,0,0
2,D,8,Italy x Sweden,Non-Dormant,Litter,2-IS_ND_F,2,9/10/20,2.08,0,0,0,0,0,0,0,0,0,0,0,0,0
2,D,8,Italy x Sweden,Non-Dormant,Litter,2-IS_ND_F,2,9/18/20,2.09,1,0,0,0,0,0,10,0,0,0,0,0,11
2,D,8,Italy x Sweden,Non-Dormant,Litter,2-IS_ND_F,2,10/2/20,2.1,0,0,0,0,0,0,0,0,0,0,0,0,0
2,D,8,Italy x Sweden,Non-Dormant,Litter,2-IS_ND_F,2,10/19/20,2.11,13,0,0,0,0,0,0,1,0,0,0,0,14
2,D,8,Italy x Sweden,Non-Dormant,Litter,2-IS_ND_F,2,10/30/20,2.12,0,0,0,0,0,0,0,0,0,0,0,0,0
2,D,8,Italy x Sweden,Non-Dormant,Litter,2-IS_ND_F,2,11/13/20,2.13,39,4,0,0,0,0,5,15,0,0,0,0,63
2,D,8,Italy x Sweden,Non-Dormant,Litter,2-IS_ND_F,2,12/2/20,2.14,2,0,0,0,0,0,0,4,0,0,0,0,6
2,D,8,Italy x Sweden,Non-Dormant,Litter,2-IS_ND_F,2,12/17/20,2.15,0,0,0,0,0,0,0,17,0,0,0,0,17
2,D,8,Italy x Sweden,Non-Dormant,Litter,2-IS_ND_F,2,1/15/21,2.16,0,0,0,0,0,0,0,13,0,0,0,0,13
2,D,8,Italy x Sweden,Non-Dormant,Litter,2-IS_ND_F,2,2/1/21,2.17,0,0,0,0,0,0,0,10,0,0,0,0,10
2,D,8,Italy x Sweden,Non-Dormant,Litter,2-IS_ND_F,2,2/25/21,2.18,0,0,0,0,0,0,0,14,0,0,0,0,14
2,D,8,Italy x Sweden,Non-Dormant,Litter,2-IS_ND_F,2,3/8/21,2.19,0,0,0,0,0,0,0,10,2,0,0,0,12
2,D,8,Italy x Sweden,Non-Dormant,Litter,2-IS_ND_F,2,3/25/21,2.2,0,0,0,0,0,0,0,0,1,9,20,0,30
2,D,8,Italy x Sweden,Non-Dormant,Litter,2-IS_ND_F,2,4/8/21,2.21,0,0,0,0,0,0,0,0,0,0,16,1,17
2,D,8,Italy x Sweden,Non-Dormant,Litter,2-IS_ND_F,3,8/17/21,3.14,0,0,0,0,0,0,0,0,0,0,0,0,0
2,D,8,Italy x Sweden,Non-Dormant,Litter,2-IS_ND_F,3,8/25/21,3.15,0,0,0,0,0,0,0,0,0,0,0,0,0
2,D,8,Italy x Sweden,Non-Dormant,Litter,2-IS_ND_F,3,9/2/21,3.16,0,0,0,0,0,0,0,0,0,0,0,0,0
2,D,8,Italy x Sweden,Non-Dormant,Litter,2-IS_ND_F,3,9/8/21,3.17,0,0,0,0,0,0,0,0,0,0,0,0,0
2,D,8,Italy x Sweden,Non-Dormant,Litter,2-IS_ND_F,3,9/15/21,3.18,0,0,0,0,0,0,0,0,0,0,0,0,0
2,D,8,Italy x Sweden,Non-Dormant,Litter,2-IS_ND_F,3,9/22/21,3.19,0,0,0,0,0,0,0,0,0,0,0,0,0
2,D,8,Italy x Sweden,Non-Dormant,Litter,2-IS_ND_F,3,9/29/21,3.2,112,0,0,0,0,0,74,0,0,0,0,0,186
2,D,8,Italy x Sweden,Non-Dormant,Litter,2-IS_ND_F,3,10/12/21,3.21,81,68,0,0,0,0,79,115,0,0,0,0,343
2,D,8,Italy x Sweden,Non-Dormant,Litter,2-IS_ND_F,3,11/10/21,3.22,5,62,0,0,0,0,19,114,0,0,0,0,200
2,D,8,Italy x Sweden,Non-Dormant,Litter,2-IS_ND_F,3,12/17/21,3.23,0,48,0,0,0,0,1,115,0,0,0,0,164
3,D,9,Italy x Sweden,Non-Dormant,Control,3-IS_ND_C,1,6/12/19,1.01,5,0,0,0,0,0,NA,NA,NA,NA,NA,NA,5
3,D,9,Italy x Sweden,Non-Dormant,Control,3-IS_ND_C,1,6/16/19,1.02,0,0,0,0,0,0,NA,NA,NA,NA,NA,NA,0
3,D,9,Italy x Sweden,Non-Dormant,Control,3-IS_ND_C,1,6/26/19,1.03,0,0,0,0,0,0,NA,0,0,0,0,0,0
3,D,9,Italy x Sweden,Non-Dormant,Control,3-IS_ND_C,1,7/3/19,1.04,0,0,0,0,0,0,NA,0,0,0,0,0,0
3,D,9,Italy x Sweden,Non-Dormant,Control,3-IS_ND_C,1,7/10/19,1.05,NA,0,0,0,0,0,NA,0,0,0,0,0,0
3,D,9,Italy x Sweden,Non-Dormant,Control,3-IS_ND_C,1,7/17/19,1.06,0,0,0,0,0,0,NA,0,0,0,0,0,0
3,D,9,Italy x Sweden,Non-Dormant,Control,3-IS_ND_C,1,7/24/19,1.07,0,0,0,0,0,0,NA,0,0,0,0,0,0
3,D,9,Italy x Sweden,Non-Dormant,Control,3-IS_ND_C,1,7/31/19,1.08,0,0,0,0,0,0,NA,0,0,0,0,0,0
3,D,9,Italy x Sweden,Non-Dormant,Control,3-IS_ND_C,1,8/7/19,1.09,0,0,0,0,0,0,NA,0,0,0,0,0,0
3,D,9,Italy x Sweden,Non-Dormant,Control,3-IS_ND_C,1,8/15/19,1.1,0,0,0,0,0,0,NA,0,0,0,0,0,0
3,D,9,Italy x Sweden,Non-Dormant,Control,3-IS_ND_C,1,8/20/19,1.11,0,0,0,0,0,0,NA,0,0,0,0,0,0
3,D,9,Italy x Sweden,Non-Dormant,Control,3-IS_ND_C,1,8/28/19,1.12,0,0,0,0,0,0,NA,0,0,0,0,0,0
3,D,9,Italy x Sweden,Non-Dormant,Control,3-IS_ND_C,1,9/4/19,1.13,0,0,0,0,0,0,NA,0,0,0,0,0,0
3,D,9,Italy x Sweden,Non-Dormant,Control,3-IS_ND_C,1,9/11/19,1.14,0,0,0,0,0,0,NA,0,0,0,0,0,0
3,D,9,Italy x Sweden,Non-Dormant,Control,3-IS_ND_C,1,9/18/19,1.15,0,0,0,0,0,0,NA,0,0,0,0,0,0
3,D,9,Italy x Sweden,Non-Dormant,Control,3-IS_ND_C,1,9/25/19,1.16,0,0,0,0,0,0,NA,0,0,0,0,0,0
3,D,9,Italy x Sweden,Non-Dormant,Control,3-IS_ND_C,1,10/2/19,1.17,0,0,0,0,0,0,NA,0,0,0,0,0,0
3,D,9,Italy x Sweden,Non-Dormant,Control,3-IS_ND_C,1,10/9/19,1.18,0,0,0,0,0,0,NA,0,0,0,0,0,0
3,D,9,Italy x Sweden,Non-Dormant,Control,3-IS_ND_C,1,10/18/19,1.19,0,0,0,0,0,0,NA,NA,NA,NA,NA,0,0
3,D,9,Italy x Sweden,Non-Dormant,Control,3-IS_ND_C,1,10/23/19,1.2,2,0,0,0,0,0,NA,NA,NA,NA,NA,0,2
3,D,9,Italy x Sweden,Non-Dormant,Control,3-IS_ND_C,1,11/6/19,1.22,0,0,0,0,0,0,NA,NA,NA,NA,NA,0,0
3,D,9,Italy x Sweden,Non-Dormant,Control,3-IS_ND_C,1,11/20/19,1.23,0,0,0,0,0,0,NA,NA,NA,NA,NA,0,0
3,D,9,Italy x Sweden,Non-Dormant,Control,3-IS_ND_C,1,12/4/19,1.24,21,0,0,0,0,0,NA,NA,NA,NA,NA,0,21
3,D,9,Italy x Sweden,Non-Dormant,Control,3-IS_ND_C,1,12/20/19,1.25,2,0,0,0,0,0,NA,1,0,0,0,0,3
3,D,9,Italy x Sweden,Non-Dormant,Control,3-IS_ND_C,1,2/10/20,1.26,0,1,0,0,0,0,NA,NA,0,0,0,0,1
3,D,9,Italy x Sweden,Non-Dormant,Control,3-IS_ND_C,1,3/2/20,1.27,0,1,0,0,0,0,NA,NA,0,1,0,0,2
3,D,9,Italy x Sweden,Non-Dormant,Control,3-IS_ND_C,1,5/5/20,1.29,0,0,0,0,0,1,NA,0,0,0,0,6,7
3,D,9,Italy x Sweden,Non-Dormant,Control,3-IS_ND_C,2,5/27/20,2.01,0,0,0,0,0,0,1,0,0,0,0,0,1
3,D,9,Italy x Sweden,Non-Dormant,Control,3-IS_ND_C,2,6/4/20,2.02,0,0,0,0,0,0,0,0,0,0,0,0,0
3,D,9,Italy x Sweden,Non-Dormant,Control,3-IS_ND_C,2,7/23/20,2.03,0,0,0,0,0,0,0,0,0,0,0,0,0
3,D,9,Italy x Sweden,Non-Dormant,Control,3-IS_ND_C,2,8/7/20,2.04,0,0,0,0,0,0,0,0,0,0,0,0,0
3,D,9,Italy x Sweden,Non-Dormant,Control,3-IS_ND_C,2,8/13/20,2.05,0,0,0,0,0,0,0,0,0,0,0,0,0
3,D,9,Italy x Sweden,Non-Dormant,Control,3-IS_ND_C,2,8/18/20,2.06,0,0,0,0,0,0,0,0,0,0,0,0,0
3,D,9,Italy x Sweden,Non-Dormant,Control,3-IS_ND_C,2,8/25/20,2.07,0,0,0,0,0,0,0,0,0,0,0,0,0
3,D,9,Italy x Sweden,Non-Dormant,Control,3-IS_ND_C,2,9/10/20,2.08,0,0,0,0,0,0,0,0,0,0,0,0,0
3,D,9,Italy x Sweden,Non-Dormant,Control,3-IS_ND_C,2,9/18/20,2.09,2,0,0,0,0,0,30,0,0,0,0,0,32
3,D,9,Italy x Sweden,Non-Dormant,Control,3-IS_ND_C,2,10/2/20,2.1,0,0,0,0,0,0,20,5,0,0,0,0,25
3,D,9,Italy x Sweden,Non-Dormant,Control,3-IS_ND_C,2,10/19/20,2.11,0,0,0,0,0,0,0,0,0,0,0,0,0
3,D,9,Italy x Sweden,Non-Dormant,Control,3-IS_ND_C,2,10/30/20,2.12,0,0,0,0,0,0,0,0,0,0,0,0,0
3,D,9,Italy x Sweden,Non-Dormant,Control,3-IS_ND_C,2,11/13/20,2.13,0,0,0,0,0,0,0,0,0,0,0,0,0
3,D,9,Italy x Sweden,Non-Dormant,Control,3-IS_ND_C,2,12/2/20,2.14,0,0,0,0,0,0,0,10,0,0,0,0,10
3,D,9,Italy x Sweden,Non-Dormant,Control,3-IS_ND_C,2,12/17/20,2.15,0,0,0,0,0,0,0,4,0,0,0,0,4
3,D,9,Italy x Sweden,Non-Dormant,Control,3-IS_ND_C,2,1/15/21,2.16,0,0,0,0,0,0,0,14,0,0,0,0,14
3,D,9,Italy x Sweden,Non-Dormant,Control,3-IS_ND_C,2,2/1/21,2.17,0,0,0,0,0,0,0,10,0,0,0,0,10
3,D,9,Italy x Sweden,Non-Dormant,Control,3-IS_ND_C,2,2/25/21,2.18,0,0,0,0,0,0,0,11,0,0,0,0,11
3,D,9,Italy x Sweden,Non-Dormant,Control,3-IS_ND_C,2,3/8/21,2.19,0,0,0,0,0,0,0,4,3,5,0,0,12
3,D,9,Italy x Sweden,Non-Dormant,Control,3-IS_ND_C,2,3/25/21,2.2,0,0,0,0,0,0,0,0,0,3,12,0,15
3,D,9,Italy x Sweden,Non-Dormant,Control,3-IS_ND_C,2,4/8/21,2.21,0,0,0,0,0,0,0,0,0,0,14,0,14
3,D,9,Italy x Sweden,Non-Dormant,Control,3-IS_ND_C,3,8/17/21,3.14,0,0,0,0,0,0,0,0,0,0,0,0,0
3,D,9,Italy x Sweden,Non-Dormant,Control,3-IS_ND_C,3,8/25/21,3.15,0,0,0,0,0,0,0,0,0,0,0,0,0
3,D,9,Italy x Sweden,Non-Dormant,Control,3-IS_ND_C,3,9/2/21,3.16,0,0,0,0,0,0,0,0,0,0,0,0,0
3,D,9,Italy x Sweden,Non-Dormant,Control,3-IS_ND_C,3,9/8/21,3.17,0,0,0,0,0,0,0,0,0,0,0,0,0
3,D,9,Italy x Sweden,Non-Dormant,Control,3-IS_ND_C,3,9/15/21,3.18,0,0,0,0,0,0,0,0,0,0,0,0,0
3,D,9,Italy x Sweden,Non-Dormant,Control,3-IS_ND_C,3,9/22/21,3.19,0,0,0,0,0,0,0,0,0,0,0,0,0
3,D,9,Italy x Sweden,Non-Dormant,Control,3-IS_ND_C,3,9/29/21,3.2,3,0,0,0,0,0,77,0,0,0,0,0,80
3,D,9,Italy x Sweden,Non-Dormant,Control,3-IS_ND_C,3,10/13/21,3.21,6,3,0,0,0,0,126,30,0,0,0,0,165
3,D,9,Italy x Sweden,Non-Dormant,Control,3-IS_ND_C,3,11/10/21,3.22,0,2,0,0,0,0,9,35,0,0,0,0,46
3,D,9,Italy x Sweden,Non-Dormant,Control,3-IS_ND_C,3,12/17/21,3.23,0,4,0,0,0,0,17,50,0,0,0,0,71
3,D,10,Italy x Sweden,Mixed,Litter,3-IS_M_F,1,6/12/19,1.01,2,0,0,0,0,0,NA,NA,NA,NA,NA,NA,2
3,D,10,Italy x Sweden,Mixed,Litter,3-IS_M_F,1,6/16/19,1.02,0,0,0,0,0,0,NA,NA,NA,NA,NA,NA,0
3,D,10,Italy x Sweden,Mixed,Litter,3-IS_M_F,1,6/26/19,1.03,0,0,0,0,0,0,NA,0,0,0,0,0,0
3,D,10,Italy x Sweden,Mixed,Litter,3-IS_M_F,1,7/3/19,1.04,0,0,0,0,0,0,NA,0,0,0,0,0,0
3,D,10,Italy x Sweden,Mixed,Litter,3-IS_M_F,1,7/10/19,1.05,NA,0,0,0,0,0,NA,0,0,0,0,0,0
3,D,10,Italy x Sweden,Mixed,Litter,3-IS_M_F,1,7/17/19,1.06,0,0,0,0,0,0,NA,0,0,0,0,0,0
3,D,10,Italy x Sweden,Mixed,Litter,3-IS_M_F,1,7/24/19,1.07,0,0,0,0,0,0,NA,0,0,0,0,0,0
3,D,10,Italy x Sweden,Mixed,Litter,3-IS_M_F,1,7/31/19,1.08,0,0,0,0,0,0,NA,0,0,0,0,0,0
3,D,10,Italy x Sweden,Mixed,Litter,3-IS_M_F,1,8/7/19,1.09,0,0,0,0,0,0,NA,0,0,0,0,0,0
3,D,10,Italy x Sweden,Mixed,Litter,3-IS_M_F,1,8/15/19,1.1,0,0,0,0,0,0,NA,0,0,0,0,0,0
3,D,10,Italy x Sweden,Mixed,Litter,3-IS_M_F,1,8/20/19,1.11,0,0,0,0,0,0,NA,0,0,0,0,0,0
3,D,10,Italy x Sweden,Mixed,Litter,3-IS_M_F,1,8/28/19,1.12,0,0,0,0,0,0,NA,0,0,0,0,0,0
3,D,10,Italy x Sweden,Mixed,Litter,3-IS_M_F,1,9/4/19,1.13,0,0,0,0,0,0,NA,0,0,0,0,0,0
3,D,10,Italy x Sweden,Mixed,Litter,3-IS_M_F,1,9/11/19,1.14,0,0,0,0,0,0,NA,0,0,0,0,0,0
3,D,10,Italy x Sweden,Mixed,Litter,3-IS_M_F,1,9/18/19,1.15,0,0,0,0,0,0,NA,0,0,0,0,0,0
3,D,10,Italy x Sweden,Mixed,Litter,3-IS_M_F,1,9/25/19,1.16,0,0,0,0,0,0,NA,0,0,0,0,0,0
3,D,10,Italy x Sweden,Mixed,Litter,3-IS_M_F,1,10/2/19,1.17,0,0,0,0,0,0,NA,0,0,0,0,0,0
3,D,10,Italy x Sweden,Mixed,Litter,3-IS_M_F,1,10/9/19,1.18,0,0,0,0,0,0,NA,0,0,0,0,0,0
3,D,10,Italy x Sweden,Mixed,Litter,3-IS_M_F,1,10/18/19,1.19,0,0,0,0,0,0,NA,NA,NA,NA,NA,0,0
3,D,10,Italy x Sweden,Mixed,Litter,3-IS_M_F,1,10/23/19,1.2,4,0,0,0,0,0,NA,NA,NA,NA,NA,0,4
3,D,10,Italy x Sweden,Mixed,Litter,3-IS_M_F,1,11/6/19,1.22,0,0,0,0,0,0,NA,NA,NA,NA,NA,0,0
3,D,10,Italy x Sweden,Mixed,Litter,3-IS_M_F,1,11/20/19,1.23,1,0,0,0,0,0,NA,NA,NA,NA,NA,0,1
3,D,10,Italy x Sweden,Mixed,Litter,3-IS_M_F,1,12/4/19,1.24,2,0,0,0,0,0,NA,NA,NA,NA,NA,0,2
3,D,10,Italy x Sweden,Mixed,Litter,3-IS_M_F,1,12/20/19,1.25,0,0,0,0,0,0,NA,0,0,0,0,0,0
3,D,10,Italy x Sweden,Mixed,Litter,3-IS_M_F,1,2/10/20,1.26,0,0,0,0,0,0,NA,NA,0,0,0,0,0
3,D,10,Italy x Sweden,Mixed,Litter,3-IS_M_F,1,3/2/20,1.27,0,0,0,0,0,0,NA,NA,0,0,2,0,2
3,D,10,Italy x Sweden,Mixed,Litter,3-IS_M_F,1,5/5/20,1.29,0,0,0,0,0,0,NA,0,0,0,0,0,0
3,D,10,Italy x Sweden,Mixed,Litter,3-IS_M_F,2,5/27/20,2.01,0,0,0,0,0,0,0,0,0,0,0,0,0
3,D,10,Italy x Sweden,Mixed,Litter,3-IS_M_F,2,6/4/20,2.02,0,0,0,0,0,0,0,0,0,0,0,0,0
3,D,10,Italy x Sweden,Mixed,Litter,3-IS_M_F,2,7/23/20,2.03,0,0,0,0,0,0,0,0,0,0,0,0,0
3,D,10,Italy x Sweden,Mixed,Litter,3-IS_M_F,2,8/7/20,2.04,0,0,0,0,0,0,0,0,0,0,0,0,0
3,D,10,Italy x Sweden,Mixed,Litter,3-IS_M_F,2,8/13/20,2.05,0,0,0,0,0,0,0,0,0,0,0,0,0
3,D,10,Italy x Sweden,Mixed,Litter,3-IS_M_F,2,8/18/20,2.06,0,0,0,0,0,0,0,0,0,0,0,0,0
3,D,10,Italy x Sweden,Mixed,Litter,3-IS_M_F,2,8/25/20,2.07,0,0,0,0,0,0,0,0,0,0,0,0,0
3,D,10,Italy x Sweden,Mixed,Litter,3-IS_M_F,2,9/10/20,2.08,0,0,0,0,0,0,0,0,0,0,0,0,0
3,D,10,Italy x Sweden,Mixed,Litter,3-IS_M_F,2,9/18/20,2.09,41,0,0,0,0,0,40,0,0,0,0,0,81
3,D,10,Italy x Sweden,Mixed,Litter,3-IS_M_F,2,10/2/20,2.1,0,0,0,0,0,0,0,0,0,0,0,0,0
3,D,10,Italy x Sweden,Mixed,Litter,3-IS_M_F,2,10/19/20,2.11,0,0,0,0,0,0,0,0,0,0,0,0,0
3,D,10,Italy x Sweden,Mixed,Litter,3-IS_M_F,2,10/30/20,2.12,0,0,0,0,0,0,0,0,0,0,0,0,0
3,D,10,Italy x Sweden,Mixed,Litter,3-IS_M_F,2,11/13/20,2.13,0,0,0,0,0,0,0,0,0,0,0,0,0
3,D,10,Italy x Sweden,Mixed,Litter,3-IS_M_F,2,12/2/20,2.14,0,0,0,0,0,0,0,0,0,0,0,0,0
3,D,10,Italy x Sweden,Mixed,Litter,3-IS_M_F,2,12/17/20,2.15,0,0,0,0,0,0,0,0,0,0,0,0,0
3,D,10,Italy x Sweden,Mixed,Litter,3-IS_M_F,2,1/15/21,2.16,0,0,0,0,0,0,0,0,0,0,0,0,0
3,D,10,Italy x Sweden,Mixed,Litter,3-IS_M_F,2,2/1/21,2.17,0,0,0,0,0,0,0,0,0,0,0,0,0
3,D,10,Italy x Sweden,Mixed,Litter,3-IS_M_F,2,2/25/21,2.18,0,0,0,0,0,0,0,0,0,0,0,0,0
3,D,10,Italy x Sweden,Mixed,Litter,3-IS_M_F,2,3/8/21,2.19,0,0,0,0,0,0,0,0,0,0,0,0,0
3,D,10,Italy x Sweden,Mixed,Litter,3-IS_M_F,2,3/25/21,2.2,0,0,0,0,0,0,0,0,0,0,0,0,0
3,D,10,Italy x Sweden,Mixed,Litter,3-IS_M_F,2,4/8/21,2.21,0,0,0,0,0,0,0,0,0,0,0,0,0
3,D,10,Italy x Sweden,Mixed,Litter,3-IS_M_F,3,8/17/21,3.14,0,0,0,0,0,0,0,0,0,0,0,0,0
3,D,10,Italy x Sweden,Mixed,Litter,3-IS_M_F,3,8/25/21,3.15,0,0,0,0,0,0,0,0,0,0,0,0,0
3,D,10,Italy x Sweden,Mixed,Litter,3-IS_M_F,3,9/2/21,3.16,0,0,0,0,0,0,0,0,0,0,0,0,0
3,D,10,Italy x Sweden,Mixed,Litter,3-IS_M_F,3,9/8/21,3.17,0,0,0,0,0,0,0,0,0,0,0,0,0
3,D,10,Italy x Sweden,Mixed,Litter,3-IS_M_F,3,9/15/21,3.18,0,0,0,0,0,0,0,0,0,0,0,0,0
3,D,10,Italy x Sweden,Mixed,Litter,3-IS_M_F,3,9/22/21,3.19,0,0,0,0,0,0,0,0,0,0,0,0,0
3,D,10,Italy x Sweden,Mixed,Litter,3-IS_M_F,3,9/29/21,3.2,2,0,0,0,0,0,1,0,0,0,0,0,3
3,D,10,Italy x Sweden,Mixed,Litter,3-IS_M_F,3,10/13/21,3.21,4,3,0,0,0,0,11,4,0,0,0,0,22
3,D,10,Italy x Sweden,Mixed,Litter,3-IS_M_F,3,11/10/21,3.22,0,0,0,0,0,0,0,4,0,0,0,0,4
3,D,10,Italy x Sweden,Mixed,Litter,3-IS_M_F,3,12/17/21,3.23,0,0,0,0,0,0,0,1,0,0,0,0,1
3,D,11,Germany x Tajikistan,Non-Dormant,Control,3-BS_ND_C,1,6/12/19,1.01,NA,NA,NA,NA,NA,NA,NA,NA,NA,NA,NA,NA,NA
3,D,11,Germany x Tajikistan,Non-Dormant,Control,3-BS_ND_C,1,6/16/19,1.02,NA,NA,NA,NA,NA,NA,NA,NA,NA,NA,NA,NA,NA
3,D,11,Germany x Tajikistan,Non-Dormant,Control,3-BS_ND_C,1,6/26/19,1.03,NA,NA,NA,NA,NA,NA,NA,NA,NA,NA,NA,NA,NA
3,D,11,Germany x Tajikistan,Non-Dormant,Control,3-BS_ND_C,1,7/3/19,1.04,NA,NA,NA,NA,NA,NA,NA,NA,NA,NA,NA,NA,NA
3,D,11,Germany x Tajikistan,Non-Dormant,Control,3-BS_ND_C,1,7/10/19,1.05,NA,NA,NA,NA,NA,NA,NA,NA,NA,NA,NA,NA,NA
3,D,11,Germany x Tajikistan,Non-Dormant,Control,3-BS_ND_C,1,7/17/19,1.06,0,0,0,0,0,0,NA,0,0,0,0,0,0
3,D,11,Germany x Tajikistan,Non-Dormant,Control,3-BS_ND_C,1,7/24/19,1.07,0,0,0,0,0,0,NA,0,0,0,0,0,0
3,D,11,Germany x Tajikistan,Non-Dormant,Control,3-BS_ND_C,1,7/31/19,1.08,0,0,0,0,0,0,NA,0,0,0,0,0,0
3,D,11,Germany x Tajikistan,Non-Dormant,Control,3-BS_ND_C,1,8/7/19,1.09,0,0,0,0,0,0,NA,0,0,0,0,0,0
3,D,11,Germany x Tajikistan,Non-Dormant,Control,3-BS_ND_C,1,8/15/19,1.1,0,0,0,0,0,0,NA,0,0,0,0,0,0
3,D,11,Germany x Tajikistan,Non-Dormant,Control,3-BS_ND_C,1,8/20/19,1.11,0,0,0,0,0,0,NA,0,0,0,0,0,0
3,D,11,Germany x Tajikistan,Non-Dormant,Control,3-BS_ND_C,1,8/28/19,1.12,0,0,0,0,0,0,NA,0,0,0,0,0,0
3,D,11,Germany x Tajikistan,Non-Dormant,Control,3-BS_ND_C,1,9/4/19,1.13,0,0,0,0,0,0,NA,0,0,0,0,0,0
3,D,11,Germany x Tajikistan,Non-Dormant,Control,3-BS_ND_C,1,9/11/19,1.14,0,0,0,0,0,0,NA,0,0,0,0,0,0
3,D,11,Germany x Tajikistan,Non-Dormant,Control,3-BS_ND_C,1,9/18/19,1.15,0,0,0,0,0,0,NA,0,0,0,0,0,0
3,D,11,Germany x Tajikistan,Non-Dormant,Control,3-BS_ND_C,1,9/25/19,1.16,0,0,0,0,0,0,NA,0,0,0,0,0,0
3,D,11,Germany x Tajikistan,Non-Dormant,Control,3-BS_ND_C,1,10/2/19,1.17,0,0,0,0,0,0,NA,0,0,0,0,0,0
3,D,11,Germany x Tajikistan,Non-Dormant,Control,3-BS_ND_C,1,10/9/19,1.18,0,0,0,0,0,0,NA,0,0,0,0,0,0
3,D,11,Germany x Tajikistan,Non-Dormant,Control,3-BS_ND_C,1,10/18/19,1.19,0,0,0,0,0,0,NA,NA,NA,NA,NA,0,0
3,D,11,Germany x Tajikistan,Non-Dormant,Control,3-BS_ND_C,1,10/23/19,1.2,4,0,0,0,0,0,NA,NA,NA,NA,NA,0,4
3,D,11,Germany x Tajikistan,Non-Dormant,Control,3-BS_ND_C,1,11/6/19,1.22,0,0,0,0,0,0,NA,NA,NA,NA,NA,0,0
3,D,11,Germany x Tajikistan,Non-Dormant,Control,3-BS_ND_C,1,11/20/19,1.23,0,0,0,0,0,0,NA,NA,NA,NA,NA,0,0
3,D,11,Germany x Tajikistan,Non-Dormant,Control,3-BS_ND_C,1,12/4/19,1.24,0,0,0,0,0,0,NA,NA,NA,NA,NA,0,0
3,D,11,Germany x Tajikistan,Non-Dormant,Control,3-BS_ND_C,1,12/20/19,1.25,0,0,0,0,0,0,NA,0,0,0,0,0,0
3,D,11,Germany x Tajikistan,Non-Dormant,Control,3-BS_ND_C,1,2/10/20,1.26,0,0,0,0,0,0,NA,NA,0,0,0,0,0
3,D,11,Germany x Tajikistan,Non-Dormant,Control,3-BS_ND_C,1,3/2/20,1.27,0,0,0,0,0,0,NA,NA,0,1,0,0,1
3,D,11,Germany x Tajikistan,Non-Dormant,Control,3-BS_ND_C,1,5/5/20,1.29,0,0,0,0,0,0,NA,0,0,0,0,3,3
3,D,11,Germany x Tajikistan,Non-Dormant,Control,3-BS_ND_C,2,5/27/20,2.01,4,0,0,0,0,0,60,0,0,0,0,0,64
3,D,11,Germany x Tajikistan,Non-Dormant,Control,3-BS_ND_C,2,6/4/20,2.02,2,0,0,0,0,0,152,0,0,0,0,0,154
3,D,11,Germany x Tajikistan,Non-Dormant,Control,3-BS_ND_C,2,7/23/20,2.03,0,0,0,0,0,0,0,0,0,0,0,0,0
3,D,11,Germany x Tajikistan,Non-Dormant,Control,3-BS_ND_C,2,8/7/20,2.04,0,0,0,0,0,0,0,0,0,0,0,0,0
3,D,11,Germany x Tajikistan,Non-Dormant,Control,3-BS_ND_C,2,8/13/20,2.05,0,0,0,0,0,0,0,0,0,0,0,0,0
3,D,11,Germany x Tajikistan,Non-Dormant,Control,3-BS_ND_C,2,8/18/20,2.06,0,0,0,0,0,0,0,0,0,0,0,0,0
3,D,11,Germany x Tajikistan,Non-Dormant,Control,3-BS_ND_C,2,8/25/20,2.07,0,0,0,0,0,0,0,0,0,0,0,0,0
3,D,11,Germany x Tajikistan,Non-Dormant,Control,3-BS_ND_C,2,9/10/20,2.08,4,0,0,0,0,0,0,0,0,0,0,0,4
3,D,11,Germany x Tajikistan,Non-Dormant,Control,3-BS_ND_C,2,9/18/20,2.09,7,0,0,0,0,0,10,0,0,0,0,0,17
3,D,11,Germany x Tajikistan,Non-Dormant,Control,3-BS_ND_C,2,10/2/20,2.1,0,0,0,0,0,0,0,0,0,0,0,0,0
3,D,11,Germany x Tajikistan,Non-Dormant,Control,3-BS_ND_C,2,10/19/20,2.11,0,0,0,0,0,0,0,0,0,0,0,0,0
3,D,11,Germany x Tajikistan,Non-Dormant,Control,3-BS_ND_C,2,10/30/20,2.12,0,0,0,0,0,0,0,0,0,0,0,0,0
3,D,11,Germany x Tajikistan,Non-Dormant,Control,3-BS_ND_C,2,11/13/20,2.13,0,0,0,0,0,0,0,0,0,0,0,0,0
3,D,11,Germany x Tajikistan,Non-Dormant,Control,3-BS_ND_C,2,12/2/20,2.14,0,0,0,0,0,0,0,0,0,0,0,0,0
3,D,11,Germany x Tajikistan,Non-Dormant,Control,3-BS_ND_C,2,12/17/20,2.15,0,0,0,0,0,0,0,0,0,0,0,0,0
3,D,11,Germany x Tajikistan,Non-Dormant,Control,3-BS_ND_C,2,1/15/21,2.16,0,0,0,0,0,0,0,0,0,0,0,0,0
3,D,11,Germany x Tajikistan,Non-Dormant,Control,3-BS_ND_C,2,2/1/21,2.17,0,0,0,0,0,0,0,0,0,0,0,0,0
3,D,11,Germany x Tajikistan,Non-Dormant,Control,3-BS_ND_C,2,2/25/21,2.18,0,0,0,0,0,0,0,0,0,0,0,0,0
3,D,11,Germany x Tajikistan,Non-Dormant,Control,3-BS_ND_C,2,3/8/21,2.19,0,0,0,0,0,0,0,0,0,0,0,0,0
3,D,11,Germany x Tajikistan,Non-Dormant,Control,3-BS_ND_C,2,3/25/21,2.2,0,0,0,0,0,0,0,0,0,0,0,0,0
3,D,11,Germany x Tajikistan,Non-Dormant,Control,3-BS_ND_C,2,4/8/21,2.21,0,0,0,0,0,0,0,0,0,0,0,0,0
3,D,11,Germany x Tajikistan,Non-Dormant,Control,3-BS_ND_C,3,8/17/21,3.14,0,0,0,0,0,0,0,0,0,0,0,0,0
3,D,11,Germany x Tajikistan,Non-Dormant,Control,3-BS_ND_C,3,8/25/21,3.15,0,0,0,0,0,0,0,0,0,0,0,0,0
3,D,11,Germany x Tajikistan,Non-Dormant,Control,3-BS_ND_C,3,9/2/21,3.16,0,0,0,0,0,0,0,0,0,0,0,0,0
3,D,11,Germany x Tajikistan,Non-Dormant,Control,3-BS_ND_C,3,9/8/21,3.17,0,0,0,0,0,0,0,0,0,0,0,0,0
3,D,11,Germany x Tajikistan,Non-Dormant,Control,3-BS_ND_C,3,9/15/21,3.18,0,0,0,0,0,0,0,0,0,0,0,0,0
3,D,11,Germany x Tajikistan,Non-Dormant,Control,3-BS_ND_C,3,9/22/21,3.19,0,0,0,0,0,0,0,0,0,0,0,0,0
3,D,11,Germany x Tajikistan,Non-Dormant,Control,3-BS_ND_C,3,9/29/21,3.2,0,0,0,0,0,0,0,0,0,0,0,0,0
3,D,11,Germany x Tajikistan,Non-Dormant,Control,3-BS_ND_C,3,10/13/21,3.21,0,0,0,0,0,0,5,3,0,0,0,0,8
3,D,11,Germany x Tajikistan,Non-Dormant,Control,3-BS_ND_C,3,11/10/21,3.22,0,0,0,0,0,0,0,0,0,0,0,0,0
3,D,11,Germany x Tajikistan,Non-Dormant,Control,3-BS_ND_C,3,12/17/21,3.23,0,0,0,0,0,0,0,0,0,0,0,0,0
3,D,12,Germany x Tajikistan,Dormant,Litter,3-BS_D_F,1,6/12/19,1.01,NA,NA,NA,NA,NA,NA,NA,NA,NA,NA,NA,NA,NA
3,D,12,Germany x Tajikistan,Dormant,Litter,3-BS_D_F,1,6/16/19,1.02,NA,NA,NA,NA,NA,NA,NA,NA,NA,NA,NA,NA,NA
3,D,12,Germany x Tajikistan,Dormant,Litter,3-BS_D_F,1,6/26/19,1.03,NA,NA,NA,NA,NA,NA,NA,NA,NA,NA,NA,NA,NA
3,D,12,Germany x Tajikistan,Dormant,Litter,3-BS_D_F,1,7/3/19,1.04,NA,NA,NA,NA,NA,NA,NA,NA,NA,NA,NA,NA,NA
3,D,12,Germany x Tajikistan,Dormant,Litter,3-BS_D_F,1,7/10/19,1.05,NA,NA,NA,NA,NA,NA,NA,NA,NA,NA,NA,NA,NA
3,D,12,Germany x Tajikistan,Dormant,Litter,3-BS_D_F,1,7/17/19,1.06,0,0,0,0,0,0,NA,0,0,0,0,0,0
3,D,12,Germany x Tajikistan,Dormant,Litter,3-BS_D_F,1,7/24/19,1.07,0,0,0,0,0,0,NA,0,0,0,0,0,0
3,D,12,Germany x Tajikistan,Dormant,Litter,3-BS_D_F,1,7/31/19,1.08,0,0,0,0,0,0,NA,0,0,0,0,0,0
3,D,12,Germany x Tajikistan,Dormant,Litter,3-BS_D_F,1,8/7/19,1.09,0,0,0,0,0,0,NA,0,0,0,0,0,0
3,D,12,Germany x Tajikistan,Dormant,Litter,3-BS_D_F,1,8/15/19,1.1,0,0,0,0,0,0,NA,0,0,0,0,0,0
3,D,12,Germany x Tajikistan,Dormant,Litter,3-BS_D_F,1,8/20/19,1.11,0,0,0,0,0,0,NA,0,0,0,0,0,0
3,D,12,Germany x Tajikistan,Dormant,Litter,3-BS_D_F,1,8/28/19,1.12,0,0,0,0,0,0,NA,0,0,0,0,0,0
3,D,12,Germany x Tajikistan,Dormant,Litter,3-BS_D_F,1,9/4/19,1.13,0,0,0,0,0,0,NA,0,0,0,0,0,0
3,D,12,Germany x Tajikistan,Dormant,Litter,3-BS_D_F,1,9/11/19,1.14,0,0,0,0,0,0,NA,0,0,0,0,0,0
3,D,12,Germany x Tajikistan,Dormant,Litter,3-BS_D_F,1,9/18/19,1.15,0,0,0,0,0,0,NA,0,0,0,0,0,0
3,D,12,Germany x Tajikistan,Dormant,Litter,3-BS_D_F,1,9/25/19,1.16,0,0,0,0,0,0,NA,0,0,0,0,0,0
3,D,12,Germany x Tajikistan,Dormant,Litter,3-BS_D_F,1,10/2/19,1.17,0,0,0,0,0,0,NA,0,0,0,0,0,0
3,D,12,Germany x Tajikistan,Dormant,Litter,3-BS_D_F,1,10/9/19,1.18,0,0,0,0,0,0,NA,0,0,0,0,0,0
3,D,12,Germany x Tajikistan,Dormant,Litter,3-BS_D_F,1,10/18/19,1.19,0,0,0,0,0,0,NA,NA,NA,NA,NA,0,0
3,D,12,Germany x Tajikistan,Dormant,Litter,3-BS_D_F,1,10/23/19,1.2,0,0,0,0,0,0,NA,NA,NA,NA,NA,0,0
3,D,12,Germany x Tajikistan,Dormant,Litter,3-BS_D_F,1,11/6/19,1.22,0,0,0,0,0,0,NA,NA,NA,NA,NA,0,0
3,D,12,Germany x Tajikistan,Dormant,Litter,3-BS_D_F,1,11/20/19,1.23,0,0,0,0,0,0,NA,NA,NA,NA,NA,0,0
3,D,12,Germany x Tajikistan,Dormant,Litter,3-BS_D_F,1,12/4/19,1.24,0,0,0,0,0,0,NA,NA,NA,NA,NA,0,0
3,D,12,Germany x Tajikistan,Dormant,Litter,3-BS_D_F,1,12/20/19,1.25,0,0,0,0,0,0,NA,0,0,0,0,0,0
3,D,12,Germany x Tajikistan,Dormant,Litter,3-BS_D_F,1,2/10/20,1.26,0,0,0,0,0,0,NA,NA,0,0,0,0,0
3,D,12,Germany x Tajikistan,Dormant,Litter,3-BS_D_F,1,3/2/20,1.27,0,0,0,0,0,0,NA,NA,0,0,0,0,0
3,D,12,Germany x Tajikistan,Dormant,Litter,3-BS_D_F,1,5/5/20,1.29,0,0,0,0,0,0,NA,0,0,0,0,1,1
3,D,12,Germany x Tajikistan,Dormant,Litter,3-BS_D_F,2,5/27/20,2.01,0,0,0,0,0,0,0,0,0,0,0,0,0
3,D,12,Germany x Tajikistan,Dormant,Litter,3-BS_D_F,2,6/4/20,2.02,0,0,0,0,0,0,0,0,0,0,0,0,0
3,D,12,Germany x Tajikistan,Dormant,Litter,3-BS_D_F,2,9/10/20,2.08,0,0,0,0,0,0,0,0,0,0,0,0,0
3,D,12,Germany x Tajikistan,Dormant,Litter,3-BS_D_F,2,9/18/20,2.09,0,0,0,0,0,0,3,0,0,0,0,0,3
3,D,12,Germany x Tajikistan,Dormant,Litter,3-BS_D_F,2,10/2/20,2.1,0,0,0,0,0,0,0,0,0,0,0,0,0
3,D,12,Germany x Tajikistan,Dormant,Litter,3-BS_D_F,2,10/19/20,2.11,0,0,0,0,0,0,0,0,0,0,0,0,0
3,D,12,Germany x Tajikistan,Dormant,Litter,3-BS_D_F,2,10/30/20,2.12,0,0,0,0,0,0,0,0,0,0,0,0,0
3,D,12,Germany x Tajikistan,Dormant,Litter,3-BS_D_F,2,11/13/20,2.13,0,0,0,0,0,0,0,0,0,0,0,0,0
3,D,12,Germany x Tajikistan,Dormant,Litter,3-BS_D_F,2,12/2/20,2.14,0,0,0,0,0,0,0,0,0,0,0,0,0
3,D,12,Germany x Tajikistan,Dormant,Litter,3-BS_D_F,2,12/17/20,2.15,0,0,0,0,0,0,0,0,0,0,0,0,0
3,D,12,Germany x Tajikistan,Dormant,Litter,3-BS_D_F,2,1/15/21,2.16,0,0,0,0,0,0,0,0,0,0,0,0,0
3,D,12,Germany x Tajikistan,Dormant,Litter,3-BS_D_F,2,2/1/21,2.17,0,0,0,0,0,0,0,0,0,0,0,0,0
3,D,12,Germany x Tajikistan,Dormant,Litter,3-BS_D_F,2,2/25/21,2.18,0,0,0,0,0,0,0,0,0,0,0,0,0
3,D,12,Germany x Tajikistan,Dormant,Litter,3-BS_D_F,2,3/8/21,2.19,0,0,0,0,0,0,0,0,0,0,0,0,0
3,D,12,Germany x Tajikistan,Dormant,Litter,3-BS_D_F,2,3/25/21,2.2,0,0,0,0,0,0,0,0,0,0,0,0,0
3,D,12,Germany x Tajikistan,Dormant,Litter,3-BS_D_F,2,4/8/21,2.21,0,0,0,0,0,0,0,0,0,0,0,0,0
3,D,13,Italy x Sweden,Dormant,Control,3-IS_D_C,1,6/12/19,1.01,2,0,0,0,0,0,NA,NA,NA,NA,NA,NA,2
3,D,13,Italy x Sweden,Dormant,Control,3-IS_D_C,1,6/16/19,1.02,1,0,0,0,0,0,NA,NA,NA,NA,NA,NA,1
3,D,13,Italy x Sweden,Dormant,Control,3-IS_D_C,1,6/26/19,1.03,0,1,0,0,0,0,NA,0,0,0,0,0,1
3,D,13,Italy x Sweden,Dormant,Control,3-IS_D_C,1,7/3/19,1.04,0,0,0,0,0,0,NA,0,0,0,0,0,0
3,D,13,Italy x Sweden,Dormant,Control,3-IS_D_C,1,7/10/19,1.05,NA,0,0,0,0,0,NA,0,0,0,0,0,0
3,D,13,Italy x Sweden,Dormant,Control,3-IS_D_C,1,7/17/19,1.06,0,0,0,0,0,0,NA,0,0,0,0,0,0
3,D,13,Italy x Sweden,Dormant,Control,3-IS_D_C,1,7/24/19,1.07,0,0,0,0,0,0,NA,0,0,0,0,0,0
3,D,13,Italy x Sweden,Dormant,Control,3-IS_D_C,1,7/31/19,1.08,0,0,0,0,0,0,NA,0,0,0,0,0,0
3,D,13,Italy x Sweden,Dormant,Control,3-IS_D_C,1,8/7/19,1.09,0,0,0,0,0,0,NA,0,0,0,0,0,0
3,D,13,Italy x Sweden,Dormant,Control,3-IS_D_C,1,8/15/19,1.1,0,0,0,0,0,0,NA,0,0,0,0,0,0
3,D,13,Italy x Sweden,Dormant,Control,3-IS_D_C,1,8/20/19,1.11,0,0,0,0,0,0,NA,0,0,0,0,0,0
3,D,13,Italy x Sweden,Dormant,Control,3-IS_D_C,1,8/28/19,1.12,0,0,0,0,0,0,NA,0,0,0,0,0,0
3,D,13,Italy x Sweden,Dormant,Control,3-IS_D_C,1,9/4/19,1.13,0,0,0,0,0,0,NA,0,0,0,0,0,0
3,D,13,Italy x Sweden,Dormant,Control,3-IS_D_C,1,9/11/19,1.14,0,0,0,0,0,0,NA,0,0,0,0,0,0
3,D,13,Italy x Sweden,Dormant,Control,3-IS_D_C,1,9/18/19,1.15,0,0,0,0,0,0,NA,0,0,0,0,0,0
3,D,13,Italy x Sweden,Dormant,Control,3-IS_D_C,1,9/25/19,1.16,0,0,0,0,0,0,NA,0,0,0,0,0,0
3,D,13,Italy x Sweden,Dormant,Control,3-IS_D_C,1,10/2/19,1.17,0,0,0,0,0,0,NA,0,0,0,0,0,0
3,D,13,Italy x Sweden,Dormant,Control,3-IS_D_C,1,10/9/19,1.18,0,0,0,0,0,0,NA,0,0,0,0,0,0
3,D,13,Italy x Sweden,Dormant,Control,3-IS_D_C,1,10/18/19,1.19,0,0,0,0,0,0,NA,NA,NA,NA,NA,0,0
3,D,13,Italy x Sweden,Dormant,Control,3-IS_D_C,1,10/23/19,1.2,0,0,0,0,0,0,NA,NA,NA,NA,NA,0,0
3,D,13,Italy x Sweden,Dormant,Control,3-IS_D_C,1,11/6/19,1.22,0,0,0,0,0,0,NA,NA,NA,NA,NA,0,0
3,D,13,Italy x Sweden,Dormant,Control,3-IS_D_C,1,11/20/19,1.23,0,2,0,0,0,0,NA,NA,NA,NA,NA,0,2
3,D,13,Italy x Sweden,Dormant,Control,3-IS_D_C,1,12/4/19,1.24,0,1,0,0,0,0,NA,NA,NA,NA,NA,0,1
3,D,13,Italy x Sweden,Dormant,Control,3-IS_D_C,1,12/20/19,1.25,0,0,0,0,0,0,NA,0,0,0,0,0,0
3,D,13,Italy x Sweden,Dormant,Control,3-IS_D_C,1,2/10/20,1.26,0,1,0,0,0,0,NA,NA,0,0,0,0,1
3,D,13,Italy x Sweden,Dormant,Control,3-IS_D_C,1,3/2/20,1.27,0,0,0,0,1,0,NA,NA,0,0,6,0,7
3,D,13,Italy x Sweden,Dormant,Control,3-IS_D_C,1,5/5/20,1.29,0,0,0,0,0,0,NA,0,0,0,0,5,5
3,D,13,Italy x Sweden,Dormant,Control,3-IS_D_C,2,5/27/20,2.01,0,0,0,0,0,0,1,0,0,0,0,0,1
3,D,13,Italy x Sweden,Dormant,Control,3-IS_D_C,2,6/4/20,2.02,0,0,0,0,0,0,0,0,0,0,0,0,0
3,D,13,Italy x Sweden,Dormant,Control,3-IS_D_C,2,7/23/20,2.03,0,0,0,0,0,0,0,0,0,0,0,0,0
3,D,13,Italy x Sweden,Dormant,Control,3-IS_D_C,2,8/7/20,2.04,0,0,0,0,0,0,0,0,0,0,0,0,0
3,D,13,Italy x Sweden,Dormant,Control,3-IS_D_C,2,8/13/20,2.05,0,0,0,0,0,0,0,0,0,0,0,0,0
3,D,13,Italy x Sweden,Dormant,Control,3-IS_D_C,2,8/18/20,2.06,0,0,0,0,0,0,0,0,0,0,0,0,0
3,D,13,Italy x Sweden,Dormant,Control,3-IS_D_C,2,8/25/20,2.07,0,0,0,0,0,0,0,0,0,0,0,0,0
3,D,13,Italy x Sweden,Dormant,Control,3-IS_D_C,2,9/10/20,2.08,0,0,0,0,0,0,0,0,0,0,0,0,0
3,D,13,Italy x Sweden,Dormant,Control,3-IS_D_C,2,9/18/20,2.09,2,0,0,0,0,0,5,0,0,0,0,0,7
3,D,13,Italy x Sweden,Dormant,Control,3-IS_D_C,2,10/2/20,2.1,0,0,0,0,0,0,0,0,0,0,0,0,0
3,D,13,Italy x Sweden,Dormant,Control,3-IS_D_C,2,10/19/20,2.11,0,0,0,0,0,0,0,0,0,0,0,0,0
3,D,13,Italy x Sweden,Dormant,Control,3-IS_D_C,2,10/30/20,2.12,0,0,0,0,0,0,0,0,0,0,0,0,0
3,D,13,Italy x Sweden,Dormant,Control,3-IS_D_C,2,11/13/20,2.13,0,0,0,0,0,0,0,0,0,0,0,0,0
3,D,13,Italy x Sweden,Dormant,Control,3-IS_D_C,2,12/2/20,2.14,0,0,0,0,0,0,0,0,0,0,0,0,0
3,D,13,Italy x Sweden,Dormant,Control,3-IS_D_C,2,12/17/20,2.15,0,0,0,0,0,0,0,0,0,0,0,0,0
3,D,13,Italy x Sweden,Dormant,Control,3-IS_D_C,2,1/15/21,2.16,0,0,0,0,0,0,0,0,0,0,0,0,0
3,D,13,Italy x Sweden,Dormant,Control,3-IS_D_C,2,2/1/21,2.17,0,0,0,0,0,0,0,0,0,0,0,0,0
3,D,13,Italy x Sweden,Dormant,Control,3-IS_D_C,2,2/25/21,2.18,0,0,0,0,0,0,0,0,0,0,0,0,0
3,D,13,Italy x Sweden,Dormant,Control,3-IS_D_C,2,3/8/21,2.19,0,0,0,0,0,0,0,0,0,0,0,0,0
3,D,13,Italy x Sweden,Dormant,Control,3-IS_D_C,2,3/25/21,2.2,0,0,0,0,0,0,0,0,0,0,0,0,0
3,D,13,Italy x Sweden,Dormant,Control,3-IS_D_C,2,4/8/21,2.21,0,0,0,0,0,0,0,0,0,0,0,0,0
3,D,13,Italy x Sweden,Dormant,Control,3-IS_D_C,3,8/17/21,3.14,0,0,0,0,0,0,0,0,0,0,0,0,0
3,D,13,Italy x Sweden,Dormant,Control,3-IS_D_C,3,8/25/21,3.15,0,0,0,0,0,0,0,0,0,0,0,0,0
3,D,13,Italy x Sweden,Dormant,Control,3-IS_D_C,3,9/2/21,3.16,0,0,0,0,0,0,0,0,0,0,0,0,0
3,D,13,Italy x Sweden,Dormant,Control,3-IS_D_C,3,9/8/21,3.17,0,0,0,0,0,0,0,0,0,0,0,0,0
3,D,13,Italy x Sweden,Dormant,Control,3-IS_D_C,3,9/15/21,3.18,0,0,0,0,0,0,0,0,0,0,0,0,0
3,D,13,Italy x Sweden,Dormant,Control,3-IS_D_C,3,9/22/21,3.19,0,0,0,0,0,0,0,0,0,0,0,0,0
3,D,13,Italy x Sweden,Dormant,Control,3-IS_D_C,3,9/29/21,3.2,24,0,0,0,0,0,69,1,0,0,0,0,94
3,D,13,Italy x Sweden,Dormant,Control,3-IS_D_C,3,10/13/21,3.21,16,26,0,0,0,0,126,130,0,0,0,0,298
3,D,13,Italy x Sweden,Dormant,Control,3-IS_D_C,3,11/10/21,3.22,0,0,0,0,0,0,7,15,0,0,0,0,22
3,D,13,Italy x Sweden,Dormant,Control,3-IS_D_C,3,12/17/21,3.23,0,0,0,0,0,0,0,0,0,0,0,0,0
4,E,1,Italy x Sweden,Non-Dormant,Native Soil,4-IS-ND-Soil,1,6/12/19,1.01,5,0,0,0,0,0,NA,NA,NA,NA,NA,NA,5
4,E,1,Italy x Sweden,Non-Dormant,Native Soil,4-IS-ND-Soil,1,6/16/19,1.02,1,0,0,0,0,0,NA,NA,NA,NA,NA,NA,1
4,E,1,Italy x Sweden,Non-Dormant,Native Soil,4-IS-ND-Soil,1,6/26/19,1.03,0,0,0,0,0,0,NA,0,0,0,0,0,0
4,E,1,Italy x Sweden,Non-Dormant,Native Soil,4-IS-ND-Soil,1,7/3/19,1.04,0,0,0,0,0,0,NA,2,0,0,0,0,2
4,E,1,Italy x Sweden,Non-Dormant,Native Soil,4-IS-ND-Soil,1,7/10/19,1.05,NA,0,0,0,0,0,NA,2,0,0,0,0,2
4,E,1,Italy x Sweden,Non-Dormant,Native Soil,4-IS-ND-Soil,1,7/17/19,1.06,0,0,0,0,0,0,NA,2,0,0,0,0,2
4,E,1,Italy x Sweden,Non-Dormant,Native Soil,4-IS-ND-Soil,1,7/24/19,1.07,0,0,0,0,0,0,NA,2,0,0,0,0,2
4,E,1,Italy x Sweden,Non-Dormant,Native Soil,4-IS-ND-Soil,1,7/31/19,1.08,0,0,0,0,0,0,NA,1,0,0,0,0,1
4,E,1,Italy x Sweden,Non-Dormant,Native Soil,4-IS-ND-Soil,1,8/7/19,1.09,0,0,0,0,0,0,NA,4,0,0,0,0,4
4,E,1,Italy x Sweden,Non-Dormant,Native Soil,4-IS-ND-Soil,1,8/15/19,1.1,0,0,0,0,0,0,NA,2,0,0,0,0,2
4,E,1,Italy x Sweden,Non-Dormant,Native Soil,4-IS-ND-Soil,1,8/20/19,1.11,0,0,0,0,0,0,NA,2,0,0,0,0,2
4,E,1,Italy x Sweden,Non-Dormant,Native Soil,4-IS-ND-Soil,1,8/28/19,1.12,0,0,0,0,0,0,NA,1,0,0,0,0,1
4,E,1,Italy x Sweden,Non-Dormant,Native Soil,4-IS-ND-Soil,1,9/4/19,1.13,0,0,0,0,0,0,NA,0,0,0,0,0,0
4,E,1,Italy x Sweden,Non-Dormant,Native Soil,4-IS-ND-Soil,1,9/11/19,1.14,0,0,0,0,0,0,NA,0,0,0,0,0,0
4,E,1,Italy x Sweden,Non-Dormant,Native Soil,4-IS-ND-Soil,1,9/18/19,1.15,0,0,0,0,0,0,NA,0,0,0,0,0,0
4,E,1,Italy x Sweden,Non-Dormant,Native Soil,4-IS-ND-Soil,1,9/25/19,1.16,0,0,0,0,0,0,NA,0,0,0,0,0,0
4,E,1,Italy x Sweden,Non-Dormant,Native Soil,4-IS-ND-Soil,1,10/2/19,1.17,0,0,0,0,0,0,NA,0,0,0,0,0,0
4,E,1,Italy x Sweden,Non-Dormant,Native Soil,4-IS-ND-Soil,1,10/9/19,1.18,0,0,0,0,0,0,NA,0,0,0,0,0,0
4,E,1,Italy x Sweden,Non-Dormant,Native Soil,4-IS-ND-Soil,1,10/18/19,1.19,0,0,0,0,0,0,NA,NA,NA,NA,NA,0,0
4,E,1,Italy x Sweden,Non-Dormant,Native Soil,4-IS-ND-Soil,1,10/23/19,1.2,0,0,0,0,0,0,NA,NA,NA,NA,NA,0,0
4,E,1,Italy x Sweden,Non-Dormant,Native Soil,4-IS-ND-Soil,1,11/6/19,1.22,0,0,0,0,0,0,NA,NA,NA,NA,NA,0,0
4,E,1,Italy x Sweden,Non-Dormant,Native Soil,4-IS-ND-Soil,1,11/20/19,1.23,0,0,0,0,0,0,NA,NA,NA,NA,NA,0,0
4,E,1,Italy x Sweden,Non-Dormant,Native Soil,4-IS-ND-Soil,1,12/4/19,1.24,20,0,0,0,0,0,NA,NA,NA,NA,NA,0,20
4,E,1,Italy x Sweden,Non-Dormant,Native Soil,4-IS-ND-Soil,1,12/20/19,1.25,26,4,0,0,0,0,NA,25,0,0,0,0,55
4,E,1,Italy x Sweden,Non-Dormant,Native Soil,4-IS-ND-Soil,1,2/10/20,1.26,0,28,0,0,0,0,NA,NA,0,0,0,0,28
4,E,1,Italy x Sweden,Non-Dormant,Native Soil,4-IS-ND-Soil,1,3/2/20,1.27,0,28,3,0,0,0,NA,NA,0,0,1,0,32
4,E,1,Italy x Sweden,Non-Dormant,Native Soil,4-IS-ND-Soil,1,5/5/20,1.29,0,0,0,0,0,44,NA,0,0,0,0,27,71
4,E,1,Italy x Sweden,Non-Dormant,Native Soil,4-IS-ND-Soil,2,5/27/20,2.01,2,0,0,0,0,0,1,0,0,0,0,0,3
4,E,1,Italy x Sweden,Non-Dormant,Native Soil,4-IS-ND-Soil,2,6/4/20,2.02,0,0,0,0,0,0,0,0,0,0,0,0,0
4,E,1,Italy x Sweden,Non-Dormant,Native Soil,4-IS-ND-Soil,2,7/23/20,2.03,0,0,0,0,0,0,0,0,0,0,0,0,0
4,E,1,Italy x Sweden,Non-Dormant,Native Soil,4-IS-ND-Soil,2,8/7/20,2.04,0,0,0,0,0,0,0,0,0,0,0,0,0
4,E,1,Italy x Sweden,Non-Dormant,Native Soil,4-IS-ND-Soil,2,8/13/20,2.05,0,0,0,0,0,0,0,0,0,0,0,0,0
4,E,1,Italy x Sweden,Non-Dormant,Native Soil,4-IS-ND-Soil,2,8/18/20,2.06,0,0,0,0,0,0,0,0,0,0,0,0,0
4,E,1,Italy x Sweden,Non-Dormant,Native Soil,4-IS-ND-Soil,2,8/25/20,2.07,0,0,0,0,0,0,0,0,0,0,0,0,0
4,E,1,Italy x Sweden,Non-Dormant,Native Soil,4-IS-ND-Soil,2,9/10/20,2.08,0,0,0,0,0,0,0,0,0,0,0,0,0
4,E,1,Italy x Sweden,Non-Dormant,Native Soil,4-IS-ND-Soil,2,9/18/20,2.09,1,0,0,0,0,0,10,0,0,0,0,0,11
4,E,1,Italy x Sweden,Non-Dormant,Native Soil,4-IS-ND-Soil,2,10/2/20,2.1,0,0,0,0,0,0,0,0,0,0,0,0,0
4,E,1,Italy x Sweden,Non-Dormant,Native Soil,4-IS-ND-Soil,2,10/19/20,2.11,0,0,0,0,0,0,0,0,0,0,0,0,0
4,E,1,Italy x Sweden,Non-Dormant,Native Soil,4-IS-ND-Soil,2,10/30/20,2.12,0,0,0,0,0,0,0,0,0,0,0,0,0
4,E,1,Italy x Sweden,Non-Dormant,Native Soil,4-IS-ND-Soil,2,11/13/20,2.13,0,0,0,0,0,0,0,0,0,0,0,0,0
4,E,1,Italy x Sweden,Non-Dormant,Native Soil,4-IS-ND-Soil,2,12/4/20,2.14,0,0,0,0,0,0,0,0,0,0,0,0,0
4,E,1,Italy x Sweden,Non-Dormant,Native Soil,4-IS-ND-Soil,2,12/17/20,2.15,0,0,0,0,0,0,0,0,0,0,0,0,0
4,E,1,Italy x Sweden,Non-Dormant,Native Soil,4-IS-ND-Soil,2,1/15/21,2.16,0,0,0,0,0,0,0,0,0,0,0,0,0
4,E,1,Italy x Sweden,Non-Dormant,Native Soil,4-IS-ND-Soil,2,2/1/21,2.17,0,0,0,0,0,0,0,0,0,0,0,0,0
4,E,1,Italy x Sweden,Non-Dormant,Native Soil,4-IS-ND-Soil,2,2/25/21,2.18,0,0,0,0,0,0,0,0,0,0,0,0,0
4,E,1,Italy x Sweden,Non-Dormant,Native Soil,4-IS-ND-Soil,2,3/8/21,2.19,0,0,0,0,0,0,0,0,0,0,0,0,0
4,E,1,Italy x Sweden,Non-Dormant,Native Soil,4-IS-ND-Soil,2,3/25/21,2.2,0,0,0,0,0,0,0,0,1,3,2,0,6
4,E,1,Italy x Sweden,Non-Dormant,Native Soil,4-IS-ND-Soil,2,4/8/21,2.21,0,0,0,0,0,0,0,0,0,0,1,0,1
4,E,1,Italy x Sweden,Non-Dormant,Native Soil,4-IS-ND-Soil,3,8/17/21,3.14,0,0,0,0,0,0,0,0,0,0,0,0,0
4,E,1,Italy x Sweden,Non-Dormant,Native Soil,4-IS-ND-Soil,3,8/25/21,3.15,0,0,0,0,0,0,0,0,0,0,0,0,0
4,E,1,Italy x Sweden,Non-Dormant,Native Soil,4-IS-ND-Soil,3,9/2/21,3.16,0,0,0,0,0,0,0,0,0,0,0,0,0
4,E,1,Italy x Sweden,Non-Dormant,Native Soil,4-IS-ND-Soil,3,9/8/21,3.17,0,0,0,0,0,0,0,0,0,0,0,0,0
4,E,1,Italy x Sweden,Non-Dormant,Native Soil,4-IS-ND-Soil,3,9/15/21,3.18,0,0,0,0,0,0,0,0,0,0,0,0,0
4,E,1,Italy x Sweden,Non-Dormant,Native Soil,4-IS-ND-Soil,3,9/22/21,3.19,0,0,0,0,0,0,0,0,0,0,0,0,0
4,E,1,Italy x Sweden,Non-Dormant,Native Soil,4-IS-ND-Soil,3,10/1/21,3.2,0,0,0,0,0,0,0,0,0,0,0,0,0
4,E,1,Italy x Sweden,Non-Dormant,Native Soil,4-IS-ND-Soil,3,10/13/21,3.21,3,0,0,0,0,0,35,14,0,0,0,0,52
4,E,1,Italy x Sweden,Non-Dormant,Native Soil,4-IS-ND-Soil,3,11/12/21,3.22,0,0,0,0,0,0,5,11,0,0,0,0,16
4,E,1,Italy x Sweden,Non-Dormant,Native Soil,4-IS-ND-Soil,3,12/17/21,3.23,0,0,0,0,0,0,0,0,0,0,0,0,0
4,E,2,Italy x Sweden,Mixed,Control,4-IS_M_C,1,6/12/19,1.01,6,0,0,0,0,0,NA,NA,NA,NA,NA,NA,6
4,E,2,Italy x Sweden,Mixed,Control,4-IS_M_C,1,6/16/19,1.02,1,0,0,0,0,0,NA,NA,NA,NA,NA,NA,1
4,E,2,Italy x Sweden,Mixed,Control,4-IS_M_C,1,6/26/19,1.03,0,0,0,0,0,0,NA,1,0,0,0,0,1
4,E,2,Italy x Sweden,Mixed,Control,4-IS_M_C,1,7/3/19,1.04,0,0,0,0,0,0,NA,1,0,0,0,0,1
4,E,2,Italy x Sweden,Mixed,Control,4-IS_M_C,1,7/10/19,1.05,NA,0,0,0,0,0,NA,0,0,0,0,0,0
4,E,2,Italy x Sweden,Mixed,Control,4-IS_M_C,1,7/17/19,1.06,0,0,0,0,0,0,NA,0,0,0,0,0,0
4,E,2,Italy x Sweden,Mixed,Control,4-IS_M_C,1,7/24/19,1.07,0,0,0,0,0,0,NA,0,0,0,0,0,0
4,E,2,Italy x Sweden,Mixed,Control,4-IS_M_C,1,7/31/19,1.08,0,0,0,0,0,0,NA,0,0,0,0,0,0
4,E,2,Italy x Sweden,Mixed,Control,4-IS_M_C,1,8/7/19,1.09,0,0,0,0,0,0,NA,0,0,0,0,0,0
4,E,2,Italy x Sweden,Mixed,Control,4-IS_M_C,1,8/15/19,1.1,0,0,0,0,0,0,NA,0,0,0,0,0,0
4,E,2,Italy x Sweden,Mixed,Control,4-IS_M_C,1,8/20/19,1.11,0,0,0,0,0,0,NA,0,0,0,0,0,0
4,E,2,Italy x Sweden,Mixed,Control,4-IS_M_C,1,8/28/19,1.12,0,0,0,0,0,0,NA,0,0,0,0,0,0
4,E,2,Italy x Sweden,Mixed,Control,4-IS_M_C,1,9/4/19,1.13,0,0,0,0,0,0,NA,0,0,0,0,0,0
4,E,2,Italy x Sweden,Mixed,Control,4-IS_M_C,1,9/11/19,1.14,0,0,0,0,0,0,NA,0,0,0,0,0,0
4,E,2,Italy x Sweden,Mixed,Control,4-IS_M_C,1,9/18/19,1.15,0,0,0,0,0,0,NA,0,0,0,0,0,0
4,E,2,Italy x Sweden,Mixed,Control,4-IS_M_C,1,9/25/19,1.16,0,0,0,0,0,0,NA,0,0,0,0,0,0
4,E,2,Italy x Sweden,Mixed,Control,4-IS_M_C,1,10/2/19,1.17,0,0,0,0,0,0,NA,0,0,0,0,0,0
4,E,2,Italy x Sweden,Mixed,Control,4-IS_M_C,1,10/9/19,1.18,0,0,0,0,0,0,NA,0,0,0,0,0,0
4,E,2,Italy x Sweden,Mixed,Control,4-IS_M_C,1,10/18/19,1.19,0,0,0,0,0,0,NA,NA,NA,NA,NA,0,0
4,E,2,Italy x Sweden,Mixed,Control,4-IS_M_C,1,10/23/19,1.2,10,0,0,0,0,0,NA,NA,NA,NA,NA,0,10
4,E,2,Italy x Sweden,Mixed,Control,4-IS_M_C,1,11/6/19,1.22,4,0,0,0,0,0,NA,NA,NA,NA,NA,0,4
4,E,2,Italy x Sweden,Mixed,Control,4-IS_M_C,1,11/20/19,1.23,0,0,0,0,0,0,NA,NA,NA,NA,NA,0,0
4,E,2,Italy x Sweden,Mixed,Control,4-IS_M_C,1,12/4/19,1.24,0,0,0,0,0,0,NA,NA,NA,NA,NA,0,0
4,E,2,Italy x Sweden,Mixed,Control,4-IS_M_C,1,12/20/19,1.25,9,13,0,0,0,0,NA,5,0,0,0,0,27
4,E,2,Italy x Sweden,Mixed,Control,4-IS_M_C,1,2/10/20,1.26,0,1,0,0,0,0,NA,NA,0,0,0,0,1
4,E,2,Italy x Sweden,Mixed,Control,4-IS_M_C,1,3/2/20,1.27,0,0,0,1,0,0,NA,NA,0,3,4,0,8
4,E,2,Italy x Sweden,Mixed,Control,4-IS_M_C,1,5/5/20,1.29,0,0,0,0,0,5,NA,0,0,0,0,6,11
4,E,2,Italy x Sweden,Mixed,Control,4-IS_M_C,2,5/27/20,2.01,1,0,0,0,0,0,2,0,0,0,0,0,3
4,E,2,Italy x Sweden,Mixed,Control,4-IS_M_C,2,6/4/20,2.02,0,0,0,0,0,0,0,0,0,0,0,0,0
4,E,2,Italy x Sweden,Mixed,Control,4-IS_M_C,2,7/23/20,2.03,0,0,0,0,0,0,0,0,0,0,0,0,0
4,E,2,Italy x Sweden,Mixed,Control,4-IS_M_C,2,8/7/20,2.04,0,0,0,0,0,0,0,0,0,0,0,0,0
4,E,2,Italy x Sweden,Mixed,Control,4-IS_M_C,2,8/13/20,2.05,0,0,0,0,0,0,0,0,0,0,0,0,0
4,E,2,Italy x Sweden,Mixed,Control,4-IS_M_C,2,8/18/20,2.06,0,0,0,0,0,0,0,0,0,0,0,0,0
4,E,2,Italy x Sweden,Mixed,Control,4-IS_M_C,2,8/25/20,2.07,0,0,0,0,0,0,0,0,0,0,0,0,0
4,E,2,Italy x Sweden,Mixed,Control,4-IS_M_C,2,9/10/20,2.08,0,0,0,0,0,0,0,0,0,0,0,0,0
4,E,2,Italy x Sweden,Mixed,Control,4-IS_M_C,2,9/18/20,2.09,53,0,0,0,0,0,175,0,0,0,0,0,228
4,E,2,Italy x Sweden,Mixed,Control,4-IS_M_C,2,10/2/20,2.1,0,0,0,0,0,0,0,0,0,0,0,0,0
4,E,2,Italy x Sweden,Mixed,Control,4-IS_M_C,2,10/19/20,2.11,0,0,0,0,0,0,0,0,0,0,0,0,0
4,E,2,Italy x Sweden,Mixed,Control,4-IS_M_C,2,10/30/20,2.12,0,0,0,0,0,0,0,0,0,0,0,0,0
4,E,2,Italy x Sweden,Mixed,Control,4-IS_M_C,2,11/13/20,2.13,0,0,0,0,0,0,0,0,0,0,0,0,0
4,E,2,Italy x Sweden,Mixed,Control,4-IS_M_C,2,12/4/20,2.14,0,0,0,0,0,0,0,0,0,0,0,0,0
4,E,2,Italy x Sweden,Mixed,Control,4-IS_M_C,2,12/17/20,2.15,0,0,0,0,0,0,0,0,0,0,0,0,0
4,E,2,Italy x Sweden,Mixed,Control,4-IS_M_C,2,1/15/21,2.16,0,0,0,0,0,0,0,0,0,0,0,0,0
4,E,2,Italy x Sweden,Mixed,Control,4-IS_M_C,2,2/1/21,2.17,0,0,0,0,0,0,0,0,0,0,0,0,0
4,E,2,Italy x Sweden,Mixed,Control,4-IS_M_C,2,2/25/21,2.18,0,0,0,0,0,0,0,0,0,0,0,0,0
4,E,2,Italy x Sweden,Mixed,Control,4-IS_M_C,2,3/8/21,2.19,0,0,0,0,0,0,0,0,0,0,0,0,0
4,E,2,Italy x Sweden,Mixed,Control,4-IS_M_C,2,3/25/21,2.2,0,0,0,0,0,0,0,0,0,1,0,0,1
4,E,2,Italy x Sweden,Mixed,Control,4-IS_M_C,2,4/8/21,2.21,0,0,0,0,0,0,0,0,0,0,1,0,1
4,E,2,Italy x Sweden,Mixed,Control,4-IS_M_C,3,8/17/21,3.14,0,0,0,0,0,0,0,0,0,0,0,0,0
4,E,2,Italy x Sweden,Mixed,Control,4-IS_M_C,3,8/25/21,3.15,0,0,0,0,0,0,0,0,0,0,0,0,0
4,E,2,Italy x Sweden,Mixed,Control,4-IS_M_C,3,9/2/21,3.16,0,0,0,0,0,0,0,0,0,0,0,0,0
4,E,2,Italy x Sweden,Mixed,Control,4-IS_M_C,3,9/8/21,3.17,0,0,0,0,0,0,0,0,0,0,0,0,0
4,E,2,Italy x Sweden,Mixed,Control,4-IS_M_C,3,9/15/21,3.18,0,0,0,0,0,0,0,0,0,0,0,0,0
4,E,2,Italy x Sweden,Mixed,Control,4-IS_M_C,3,9/22/21,3.19,0,0,0,0,0,0,0,0,0,0,0,0,0
4,E,2,Italy x Sweden,Mixed,Control,4-IS_M_C,3,10/1/21,3.2,201,2,0,0,0,0,597,0,0,0,0,0,800
4,E,2,Italy x Sweden,Mixed,Control,4-IS_M_C,3,10/13/21,3.21,120,134,0,0,0,0,225,250,0,0,0,0,729
4,E,2,Italy x Sweden,Mixed,Control,4-IS_M_C,3,11/12/21,3.22,17,186,0,0,0,0,163,350,0,0,0,0,716
4,E,2,Italy x Sweden,Mixed,Control,4-IS_M_C,3,12/17/21,3.23,1,135,0,0,0,0,12,280,0,0,0,0,428
4,E,3,Italy x Sweden,Non-Dormant,Control,4-IS_ND_C,1,6/12/19,1.01,3,0,0,0,0,0,NA,NA,NA,NA,NA,NA,3
4,E,3,Italy x Sweden,Non-Dormant,Control,4-IS_ND_C,1,6/16/19,1.02,2,0,0,0,0,0,NA,NA,NA,NA,NA,NA,2
4,E,3,Italy x Sweden,Non-Dormant,Control,4-IS_ND_C,1,6/26/19,1.03,0,0,0,0,0,0,NA,6,0,0,0,0,6
4,E,3,Italy x Sweden,Non-Dormant,Control,4-IS_ND_C,1,7/3/19,1.04,0,0,0,0,0,0,NA,1,0,0,0,0,1
4,E,3,Italy x Sweden,Non-Dormant,Control,4-IS_ND_C,1,7/10/19,1.05,NA,0,0,0,0,0,NA,0,0,0,0,0,0
4,E,3,Italy x Sweden,Non-Dormant,Control,4-IS_ND_C,1,7/17/19,1.06,0,0,0,0,0,0,NA,0,0,0,0,0,0
4,E,3,Italy x Sweden,Non-Dormant,Control,4-IS_ND_C,1,7/24/19,1.07,0,0,0,0,0,0,NA,0,0,0,0,0,0
4,E,3,Italy x Sweden,Non-Dormant,Control,4-IS_ND_C,1,7/31/19,1.08,0,0,0,0,0,0,NA,0,0,0,0,0,0
4,E,3,Italy x Sweden,Non-Dormant,Control,4-IS_ND_C,1,8/7/19,1.09,0,0,0,0,0,0,NA,0,0,0,0,0,0
4,E,3,Italy x Sweden,Non-Dormant,Control,4-IS_ND_C,1,8/15/19,1.1,0,0,0,0,0,0,NA,0,0,0,0,0,0
4,E,3,Italy x Sweden,Non-Dormant,Control,4-IS_ND_C,1,8/20/19,1.11,0,0,0,0,0,0,NA,0,0,0,0,0,0
4,E,3,Italy x Sweden,Non-Dormant,Control,4-IS_ND_C,1,8/28/19,1.12,0,0,0,0,0,0,NA,0,0,0,0,0,0
4,E,3,Italy x Sweden,Non-Dormant,Control,4-IS_ND_C,1,9/4/19,1.13,0,0,0,0,0,0,NA,0,0,0,0,0,0
4,E,3,Italy x Sweden,Non-Dormant,Control,4-IS_ND_C,1,9/11/19,1.14,0,0,0,0,0,0,NA,0,0,0,0,0,0
4,E,3,Italy x Sweden,Non-Dormant,Control,4-IS_ND_C,1,9/18/19,1.15,0,0,0,0,0,0,NA,0,0,0,0,0,0
4,E,3,Italy x Sweden,Non-Dormant,Control,4-IS_ND_C,1,9/25/19,1.16,0,0,0,0,0,0,NA,0,0,0,0,0,0
4,E,3,Italy x Sweden,Non-Dormant,Control,4-IS_ND_C,1,10/2/19,1.17,0,0,0,0,0,0,NA,0,0,0,0,0,0
4,E,3,Italy x Sweden,Non-Dormant,Control,4-IS_ND_C,1,10/9/19,1.18,0,0,0,0,0,0,NA,0,0,0,0,0,0
4,E,3,Italy x Sweden,Non-Dormant,Control,4-IS_ND_C,1,10/18/19,1.19,0,0,0,0,0,0,NA,NA,NA,NA,NA,0,0
4,E,3,Italy x Sweden,Non-Dormant,Control,4-IS_ND_C,1,10/23/19,1.2,1,0,0,0,0,0,NA,NA,NA,NA,NA,0,1
4,E,3,Italy x Sweden,Non-Dormant,Control,4-IS_ND_C,1,11/6/19,1.22,0,0,0,0,0,0,NA,NA,NA,NA,NA,0,0
4,E,3,Italy x Sweden,Non-Dormant,Control,4-IS_ND_C,1,11/20/19,1.23,0,1,0,0,0,0,NA,NA,NA,NA,NA,0,1
4,E,3,Italy x Sweden,Non-Dormant,Control,4-IS_ND_C,1,12/4/19,1.24,12,0,0,0,0,0,NA,NA,NA,NA,NA,0,12
4,E,3,Italy x Sweden,Non-Dormant,Control,4-IS_ND_C,1,12/20/19,1.25,14,2,0,0,0,0,NA,0,0,0,0,0,16
4,E,3,Italy x Sweden,Non-Dormant,Control,4-IS_ND_C,1,2/10/20,1.26,0,0,0,0,0,0,NA,NA,0,0,0,0,0
4,E,3,Italy x Sweden,Non-Dormant,Control,4-IS_ND_C,1,3/2/20,1.27,0,0,0,0,1,0,NA,NA,0,0,0,0,1
4,E,3,Italy x Sweden,Non-Dormant,Control,4-IS_ND_C,1,5/5/20,1.29,0,0,0,0,0,1,NA,0,0,0,0,0,1
4,E,3,Italy x Sweden,Non-Dormant,Control,4-IS_ND_C,2,5/27/20,2.01,17,0,0,0,0,0,4,0,0,0,0,0,21
4,E,3,Italy x Sweden,Non-Dormant,Control,4-IS_ND_C,2,6/4/20,2.02,0,0,0,0,0,0,0,0,0,0,0,0,0
4,E,3,Italy x Sweden,Non-Dormant,Control,4-IS_ND_C,2,7/23/20,2.03,0,0,0,0,0,0,0,0,0,0,0,0,0
4,E,3,Italy x Sweden,Non-Dormant,Control,4-IS_ND_C,2,8/7/20,2.04,0,0,0,0,0,0,0,0,0,0,0,0,0
4,E,3,Italy x Sweden,Non-Dormant,Control,4-IS_ND_C,2,8/13/20,2.05,0,0,0,0,0,0,0,0,0,0,0,0,0
4,E,3,Italy x Sweden,Non-Dormant,Control,4-IS_ND_C,2,8/18/20,2.06,0,0,0,0,0,0,0,0,0,0,0,0,0
4,E,3,Italy x Sweden,Non-Dormant,Control,4-IS_ND_C,2,8/25/20,2.07,0,0,0,0,0,0,0,0,0,0,0,0,0
4,E,3,Italy x Sweden,Non-Dormant,Control,4-IS_ND_C,2,9/10/20,2.08,30,0,0,0,0,0,11,0,0,0,0,0,41
4,E,3,Italy x Sweden,Non-Dormant,Control,4-IS_ND_C,2,9/18/20,2.09,44,0,0,0,0,0,80,0,0,0,0,0,124
4,E,3,Italy x Sweden,Non-Dormant,Control,4-IS_ND_C,2,10/2/20,2.1,0,0,0,0,0,0,0,0,0,0,0,0,0
4,E,3,Italy x Sweden,Non-Dormant,Control,4-IS_ND_C,2,10/19/20,2.11,0,0,0,0,0,0,0,0,0,0,0,0,0
4,E,3,Italy x Sweden,Non-Dormant,Control,4-IS_ND_C,2,10/30/20,2.12,0,0,0,0,0,0,0,0,0,0,0,0,0
4,E,3,Italy x Sweden,Non-Dormant,Control,4-IS_ND_C,2,11/13/20,2.13,0,0,0,0,0,0,0,0,0,0,0,0,0
4,E,3,Italy x Sweden,Non-Dormant,Control,4-IS_ND_C,2,12/4/20,2.14,0,0,0,0,0,0,0,0,0,0,0,0,0
4,E,3,Italy x Sweden,Non-Dormant,Control,4-IS_ND_C,2,12/17/20,2.15,0,0,0,0,0,0,0,0,0,0,0,0,0
4,E,3,Italy x Sweden,Non-Dormant,Control,4-IS_ND_C,2,1/15/21,2.16,0,0,0,0,0,0,0,0,0,0,0,0,0
4,E,3,Italy x Sweden,Non-Dormant,Control,4-IS_ND_C,2,2/1/21,2.17,0,0,0,0,0,0,0,0,0,0,0,0,0
4,E,3,Italy x Sweden,Non-Dormant,Control,4-IS_ND_C,2,2/25/21,2.18,0,0,0,0,0,0,0,0,0,0,0,0,0
4,E,3,Italy x Sweden,Non-Dormant,Control,4-IS_ND_C,2,3/8/21,2.19,0,0,0,0,0,0,0,0,0,0,0,0,0
4,E,3,Italy x Sweden,Non-Dormant,Control,4-IS_ND_C,2,3/25/21,2.2,0,0,0,0,0,0,0,0,0,0,0,0,0
4,E,3,Italy x Sweden,Non-Dormant,Control,4-IS_ND_C,2,4/8/21,2.21,0,0,0,0,0,0,0,0,0,0,0,0,0
4,E,3,Italy x Sweden,Non-Dormant,Control,4-IS_ND_C,3,8/17/21,3.14,0,0,0,0,0,0,0,0,0,0,0,0,0
4,E,3,Italy x Sweden,Non-Dormant,Control,4-IS_ND_C,3,8/25/21,3.15,0,0,0,0,0,0,0,0,0,0,0,0,0
4,E,3,Italy x Sweden,Non-Dormant,Control,4-IS_ND_C,3,9/2/21,3.16,0,0,0,0,0,0,0,0,0,0,0,0,0
4,E,3,Italy x Sweden,Non-Dormant,Control,4-IS_ND_C,3,9/8/21,3.17,0,0,0,0,0,0,0,0,0,0,0,0,0
4,E,3,Italy x Sweden,Non-Dormant,Control,4-IS_ND_C,3,9/15/21,3.18,0,0,0,0,0,0,0,0,0,0,0,0,0
4,E,3,Italy x Sweden,Non-Dormant,Control,4-IS_ND_C,3,9/22/21,3.19,0,0,0,0,0,0,0,0,0,0,0,0,0
4,E,3,Italy x Sweden,Non-Dormant,Control,4-IS_ND_C,3,10/1/21,3.2,60,3,0,0,0,0,79,1,0,0,0,0,143
4,E,3,Italy x Sweden,Non-Dormant,Control,4-IS_ND_C,3,10/13/21,3.21,8,44,0,0,0,0,7,63,0,0,0,0,122
4,E,3,Italy x Sweden,Non-Dormant,Control,4-IS_ND_C,3,11/12/21,3.22,1,33,0,0,0,0,0,33,0,0,0,0,67
4,E,3,Italy x Sweden,Non-Dormant,Control,4-IS_ND_C,3,12/17/21,3.23,2,18,0,0,0,0,0,15,0, ,0,0,35
4,E,4,Germany x Tajikistan,Non-Dormant,Litter,4-BS_ND_F,1,6/12/19,1.01,NA,NA,NA,NA,NA,NA,NA,NA,NA,NA,NA,NA,NA
4,E,4,Germany x Tajikistan,Non-Dormant,Litter,4-BS_ND_F,1,6/16/19,1.02,NA,NA,NA,NA,NA,NA,NA,NA,NA,NA,NA,NA,NA
4,E,4,Germany x Tajikistan,Non-Dormant,Litter,4-BS_ND_F,1,6/26/19,1.03,NA,NA,NA,NA,NA,NA,NA,NA,NA,NA,NA,NA,NA
4,E,4,Germany x Tajikistan,Non-Dormant,Litter,4-BS_ND_F,1,7/3/19,1.04,NA,NA,NA,NA,NA,NA,NA,NA,NA,NA,NA,NA,NA
4,E,4,Germany x Tajikistan,Non-Dormant,Litter,4-BS_ND_F,1,7/10/19,1.05,NA,NA,NA,NA,NA,NA,NA,NA,NA,NA,NA,NA,NA
4,E,4,Germany x Tajikistan,Non-Dormant,Litter,4-BS_ND_F,1,7/17/19,1.06,0,0,0,0,0,0,NA,0,0,0,0,0,0
4,E,4,Germany x Tajikistan,Non-Dormant,Litter,4-BS_ND_F,1,7/24/19,1.07,0,0,0,0,0,0,NA,0,0,0,0,0,0
4,E,4,Germany x Tajikistan,Non-Dormant,Litter,4-BS_ND_F,1,7/31/19,1.08,0,0,0,0,0,0,NA,0,0,0,0,0,0
4,E,4,Germany x Tajikistan,Non-Dormant,Litter,4-BS_ND_F,1,8/7/19,1.09,0,0,0,0,0,0,NA,0,0,0,0,0,0
4,E,4,Germany x Tajikistan,Non-Dormant,Litter,4-BS_ND_F,1,8/15/19,1.1,0,0,0,0,0,0,NA,0,0,0,0,0,0
4,E,4,Germany x Tajikistan,Non-Dormant,Litter,4-BS_ND_F,1,8/20/19,1.11,0,0,0,0,0,0,NA,0,0,0,0,0,0
4,E,4,Germany x Tajikistan,Non-Dormant,Litter,4-BS_ND_F,1,8/28/19,1.12,0,0,0,0,0,0,NA,0,0,0,0,0,0
4,E,4,Germany x Tajikistan,Non-Dormant,Litter,4-BS_ND_F,1,9/4/19,1.13,0,0,0,0,0,0,NA,0,0,0,0,0,0
4,E,4,Germany x Tajikistan,Non-Dormant,Litter,4-BS_ND_F,1,9/11/19,1.14,0,0,0,0,0,0,NA,0,0,0,0,0,0
4,E,4,Germany x Tajikistan,Non-Dormant,Litter,4-BS_ND_F,1,9/18/19,1.15,0,0,0,0,0,0,NA,0,0,0,0,0,0
4,E,4,Germany x Tajikistan,Non-Dormant,Litter,4-BS_ND_F,1,9/25/19,1.16,0,0,0,0,0,0,NA,0,0,0,0,0,0
4,E,4,Germany x Tajikistan,Non-Dormant,Litter,4-BS_ND_F,1,10/2/19,1.17,0,0,0,0,0,0,NA,0,0,0,0,0,0
4,E,4,Germany x Tajikistan,Non-Dormant,Litter,4-BS_ND_F,1,10/9/19,1.18,0,0,0,0,0,0,NA,0,0,0,0,0,0
4,E,4,Germany x Tajikistan,Non-Dormant,Litter,4-BS_ND_F,1,10/18/19,1.19,0,0,0,0,0,0,NA,NA,NA,NA,NA,0,0
4,E,4,Germany x Tajikistan,Non-Dormant,Litter,4-BS_ND_F,1,10/23/19,1.2,8,0,0,0,0,0,NA,NA,NA,NA,NA,0,8
4,E,4,Germany x Tajikistan,Non-Dormant,Litter,4-BS_ND_F,1,11/6/19,1.22,0,0,0,0,0,0,NA,NA,NA,NA,NA,0,0
4,E,4,Germany x Tajikistan,Non-Dormant,Litter,4-BS_ND_F,1,11/20/19,1.23,0,0,0,0,0,0,NA,NA,NA,NA,NA,0,0
4,E,4,Germany x Tajikistan,Non-Dormant,Litter,4-BS_ND_F,1,12/4/19,1.24,0,0,0,0,0,0,NA,NA,NA,NA,NA,0,0
4,E,4,Germany x Tajikistan,Non-Dormant,Litter,4-BS_ND_F,1,12/20/19,1.25,0,0,0,0,0,0,NA,0,0,0,0,0,0
4,E,4,Germany x Tajikistan,Non-Dormant,Litter,4-BS_ND_F,1,2/10/20,1.26,0,0,0,0,0,0,NA,NA,0,0,0,0,0
4,E,4,Germany x Tajikistan,Non-Dormant,Litter,4-BS_ND_F,1,3/2/20,1.27,0,0,0,0,0,0,NA,NA,0,0,0,0,0
4,E,4,Germany x Tajikistan,Non-Dormant,Litter,4-BS_ND_F,1,5/5/20,1.29,0,0,0,0,0,0,NA,0,0,0,0,0,0
4,E,4,Germany x Tajikistan,Non-Dormant,Litter,4-BS_ND_F,2,5/27/20,2.01,0,0,0,0,0,0,0,0,0,0,0,0,0
4,E,4,Germany x Tajikistan,Non-Dormant,Litter,4-BS_ND_F,2,6/4/20,2.02,0,0,0,0,0,0,0,0,0,0,0,0,0
4,E,4,Germany x Tajikistan,Non-Dormant,Litter,4-BS_ND_F,2,9/10/20,2.08,0,0,0,0,0,0,3,0,0,0,0,0,3
4,E,4,Germany x Tajikistan,Non-Dormant,Litter,4-BS_ND_F,2,9/18/20,2.09,13,0,0,0,0,0,40,0,0,0,0,0,53
4,E,4,Germany x Tajikistan,Non-Dormant,Litter,4-BS_ND_F,2,10/2/20,2.1,0,0,0,0,0,0,0,0,0,0,0,0,0
4,E,4,Germany x Tajikistan,Non-Dormant,Litter,4-BS_ND_F,2,10/19/20,2.11,0,0,0,0,0,0,0,0,0,0,0,0,0
4,E,4,Germany x Tajikistan,Non-Dormant,Litter,4-BS_ND_F,2,10/30/20,2.12,0,0,0,0,0,0,0,0,0,0,0,0,0
4,E,4,Germany x Tajikistan,Non-Dormant,Litter,4-BS_ND_F,2,11/13/20,2.13,0,0,0,0,0,0,0,0,0,0,0,0,0
4,E,4,Germany x Tajikistan,Non-Dormant,Litter,4-BS_ND_F,2,12/4/20,2.14,0,0,0,0,0,0,0,0,0,0,0,0,0
4,E,4,Germany x Tajikistan,Non-Dormant,Litter,4-BS_ND_F,2,12/17/20,2.15,0,0,0,0,0,0,0,0,0,0,0,0,0
4,E,4,Germany x Tajikistan,Non-Dormant,Litter,4-BS_ND_F,2,1/15/21,2.16,0,0,0,0,0,0,0,0,0,0,0,0,0
4,E,4,Germany x Tajikistan,Non-Dormant,Litter,4-BS_ND_F,2,2/1/21,2.17,0,0,0,0,0,0,0,0,0,0,0,0,0
4,E,4,Germany x Tajikistan,Non-Dormant,Litter,4-BS_ND_F,2,2/25/21,2.18,0,0,0,0,0,0,0,0,0,0,0,0,0
4,E,4,Germany x Tajikistan,Non-Dormant,Litter,4-BS_ND_F,2,3/8/21,2.19,0,0,0,0,0,0,0,0,0,0,0,0,0
4,E,4,Germany x Tajikistan,Non-Dormant,Litter,4-BS_ND_F,2,3/25/21,2.2,0,0,0,0,0,0,0,0,0,0,0,0,0
4,E,4,Germany x Tajikistan,Non-Dormant,Litter,4-BS_ND_F,2,4/8/21,2.21,0,0,0,0,0,0,0,0,0,0,0,0,0
2,E,5,Germany x Tajikistan,Non-Dormant,Litter,2-BS_ND_F,1,6/12/19,1.01,NA,NA,NA,NA,NA,NA,NA,NA,NA,NA,NA,NA,NA
2,E,5,Germany x Tajikistan,Non-Dormant,Litter,2-BS_ND_F,1,6/16/19,1.02,NA,NA,NA,NA,NA,NA,NA,NA,NA,NA,NA,NA,NA
2,E,5,Germany x Tajikistan,Non-Dormant,Litter,2-BS_ND_F,1,6/26/19,1.03,NA,NA,NA,NA,NA,NA,NA,NA,NA,NA,NA,NA,NA
2,E,5,Germany x Tajikistan,Non-Dormant,Litter,2-BS_ND_F,1,7/3/19,1.04,NA,NA,NA,NA,NA,NA,NA,NA,NA,NA,NA,NA,NA
2,E,5,Germany x Tajikistan,Non-Dormant,Litter,2-BS_ND_F,1,7/10/19,1.05,NA,NA,NA,NA,NA,NA,NA,NA,NA,NA,NA,NA,NA
2,E,5,Germany x Tajikistan,Non-Dormant,Litter,2-BS_ND_F,1,7/17/19,1.06,0,0,0,0,0,0,NA,0,0,0,0,0,0
2,E,5,Germany x Tajikistan,Non-Dormant,Litter,2-BS_ND_F,1,7/24/19,1.07,0,0,0,0,0,0,NA,0,0,0,0,0,0
2,E,5,Germany x Tajikistan,Non-Dormant,Litter,2-BS_ND_F,1,7/31/19,1.08,0,0,0,0,0,0,NA,0,0,0,0,0,0
2,E,5,Germany x Tajikistan,Non-Dormant,Litter,2-BS_ND_F,1,8/7/19,1.09,0,0,0,0,0,0,NA,0,0,0,0,0,0
2,E,5,Germany x Tajikistan,Non-Dormant,Litter,2-BS_ND_F,1,8/15/19,1.1,0,0,0,0,0,0,NA,0,0,0,0,0,0
2,E,5,Germany x Tajikistan,Non-Dormant,Litter,2-BS_ND_F,1,8/20/19,1.11,0,0,0,0,0,0,NA,0,0,0,0,0,0
2,E,5,Germany x Tajikistan,Non-Dormant,Litter,2-BS_ND_F,1,8/28/19,1.12,0,0,0,0,0,0,NA,0,0,0,0,0,0
2,E,5,Germany x Tajikistan,Non-Dormant,Litter,2-BS_ND_F,1,9/4/19,1.13,0,0,0,0,0,0,NA,0,0,0,0,0,0
2,E,5,Germany x Tajikistan,Non-Dormant,Litter,2-BS_ND_F,1,9/11/19,1.14,0,0,0,0,0,0,NA,0,0,0,0,0,0
2,E,5,Germany x Tajikistan,Non-Dormant,Litter,2-BS_ND_F,1,9/18/19,1.15,0,0,0,0,0,0,NA,0,0,0,0,0,0
2,E,5,Germany x Tajikistan,Non-Dormant,Litter,2-BS_ND_F,1,9/25/19,1.16,0,0,0,0,0,0,NA,0,0,0,0,0,0
2,E,5,Germany x Tajikistan,Non-Dormant,Litter,2-BS_ND_F,1,10/2/19,1.17,0,0,0,0,0,0,NA,0,0,0,0,0,0
2,E,5,Germany x Tajikistan,Non-Dormant,Litter,2-BS_ND_F,1,10/9/19,1.18,0,0,0,0,0,0,NA,0,0,0,0,0,0
2,E,5,Germany x Tajikistan,Non-Dormant,Litter,2-BS_ND_F,1,10/18/19,1.19,0,0,0,0,0,0,NA,NA,NA,NA,NA,0,0
2,E,5,Germany x Tajikistan,Non-Dormant,Litter,2-BS_ND_F,1,10/23/19,1.2,1,0,0,0,0,0,NA,NA,NA,NA,NA,0,1
2,E,5,Germany x Tajikistan,Non-Dormant,Litter,2-BS_ND_F,1,11/6/19,1.22,0,0,0,0,0,0,NA,NA,NA,NA,NA,0,0
2,E,5,Germany x Tajikistan,Non-Dormant,Litter,2-BS_ND_F,1,11/20/19,1.23,0,0,0,0,0,0,NA,NA,NA,NA,NA,0,0
2,E,5,Germany x Tajikistan,Non-Dormant,Litter,2-BS_ND_F,1,12/4/19,1.24,0,0,0,0,0,0,NA,NA,NA,NA,NA,0,0
2,E,5,Germany x Tajikistan,Non-Dormant,Litter,2-BS_ND_F,1,12/20/19,1.25,0,0,0,0,0,0,NA,0,0,0,0,0,0
2,E,5,Germany x Tajikistan,Non-Dormant,Litter,2-BS_ND_F,1,2/10/20,1.26,0,0,0,0,0,0,NA,NA,0,0,0,0,0
2,E,5,Germany x Tajikistan,Non-Dormant,Litter,2-BS_ND_F,1,3/2/20,1.27,0,0,0,0,0,0,NA,NA,0,0,0,0,0
2,E,5,Germany x Tajikistan,Non-Dormant,Litter,2-BS_ND_F,1,5/5/20,1.29,0,0,0,0,0,0,NA,0,0,0,0,0,0
2,E,5,Germany x Tajikistan,Non-Dormant,Litter,2-BS_ND_F,2,5/27/20,2.01,0,0,0,0,0,0,0,0,0,0,0,0,0
2,E,5,Germany x Tajikistan,Non-Dormant,Litter,2-BS_ND_F,2,6/4/20,2.02,0,0,0,0,0,0,0,0,0,0,0,0,0
2,E,5,Germany x Tajikistan,Non-Dormant,Litter,2-BS_ND_F,2,9/10/20,2.08,22,0,0,0,0,0,10,0,0,0,0,0,32
2,E,5,Germany x Tajikistan,Non-Dormant,Litter,2-BS_ND_F,2,9/18/20,2.09,47,0,0,0,0,0,80,0,0,0,0,0,127
2,E,5,Germany x Tajikistan,Non-Dormant,Litter,2-BS_ND_F,2,10/2/20,2.1,0,0,0,0,0,0,0,0,0,0,0,0,0
2,E,5,Germany x Tajikistan,Non-Dormant,Litter,2-BS_ND_F,2,10/19/20,2.11,0,0,0,0,0,0,0,0,0,0,0,0,0
2,E,5,Germany x Tajikistan,Non-Dormant,Litter,2-BS_ND_F,2,10/30/20,2.12,0,0,0,0,0,0,0,0,0,0,0,0,0
2,E,5,Germany x Tajikistan,Non-Dormant,Litter,2-BS_ND_F,2,11/13/20,2.13,0,0,0,0,0,0,0,0,0,0,0,0,0
2,E,5,Germany x Tajikistan,Non-Dormant,Litter,2-BS_ND_F,2,12/2/20,2.14,0,0,0,0,0,0,0,0,0,0,0,0,0
2,E,5,Germany x Tajikistan,Non-Dormant,Litter,2-BS_ND_F,2,12/17/20,2.15,0,0,0,0,0,0,0,0,0,0,0,0,0
2,E,5,Germany x Tajikistan,Non-Dormant,Litter,2-BS_ND_F,2,1/15/21,2.16,0,0,0,0,0,0,0,0,0,0,0,0,0
2,E,5,Germany x Tajikistan,Non-Dormant,Litter,2-BS_ND_F,2,2/1/21,2.17,0,0,0,0,0,0,0,0,0,0,0,0,0
2,E,5,Germany x Tajikistan,Non-Dormant,Litter,2-BS_ND_F,2,2/25/21,2.18,0,0,0,0,0,0,0,0,0,0,0,0,0
2,E,5,Germany x Tajikistan,Non-Dormant,Litter,2-BS_ND_F,2,3/8/21,2.19,0,0,0,0,0,0,0,0,0,0,0,0,0
2,E,5,Germany x Tajikistan,Non-Dormant,Litter,2-BS_ND_F,2,3/25/21,2.2,0,0,0,0,0,0,0,0,0,0,0,0,0
2,E,5,Germany x Tajikistan,Non-Dormant,Litter,2-BS_ND_F,2,4/8/21,2.21,0,0,0,0,0,0,0,0,0,0,0,0,0
2,E,7,Italy x Sweden,Dormant,Litter,2-IS_D_F,1,6/12/19,1.01,1,0,0,0,0,0,NA,NA,NA,NA,NA,NA,1
2,E,7,Italy x Sweden,Dormant,Litter,2-IS_D_F,1,6/16/19,1.02,1,0,0,0,0,0,NA,NA,NA,NA,NA,NA,1
2,E,7,Italy x Sweden,Dormant,Litter,2-IS_D_F,1,6/26/19,1.03,0,0,0,0,0,0,NA,0,0,0,0,0,0
2,E,7,Italy x Sweden,Dormant,Litter,2-IS_D_F,1,7/3/19,1.04,0,0,0,0,0,0,NA,0,0,0,0,0,0
2,E,7,Italy x Sweden,Dormant,Litter,2-IS_D_F,1,7/10/19,1.05,NA,0,0,0,0,0,NA,0,0,0,0,0,0
2,E,7,Italy x Sweden,Dormant,Litter,2-IS_D_F,1,7/17/19,1.06,0,0,0,0,0,0,NA,0,0,0,0,0,0
2,E,7,Italy x Sweden,Dormant,Litter,2-IS_D_F,1,7/24/19,1.07,0,0,0,0,0,0,NA,0,0,0,0,0,0
2,E,7,Italy x Sweden,Dormant,Litter,2-IS_D_F,1,7/31/19,1.08,0,0,0,0,0,0,NA,0,0,0,0,0,0
2,E,7,Italy x Sweden,Dormant,Litter,2-IS_D_F,1,8/7/19,1.09,0,0,0,0,0,0,NA,0,0,0,0,0,0
2,E,7,Italy x Sweden,Dormant,Litter,2-IS_D_F,1,8/15/19,1.1,0,0,0,0,0,0,NA,0,0,0,0,0,0
2,E,7,Italy x Sweden,Dormant,Litter,2-IS_D_F,1,8/20/19,1.11,0,0,0,0,0,0,NA,0,0,0,0,0,0
2,E,7,Italy x Sweden,Dormant,Litter,2-IS_D_F,1,8/28/19,1.12,0,0,0,0,0,0,NA,0,0,0,0,0,0
2,E,7,Italy x Sweden,Dormant,Litter,2-IS_D_F,1,9/4/19,1.13,0,0,0,0,0,0,NA,0,0,0,0,0,0
2,E,7,Italy x Sweden,Dormant,Litter,2-IS_D_F,1,9/11/19,1.14,0,0,0,0,0,0,NA,0,0,0,0,0,0
2,E,7,Italy x Sweden,Dormant,Litter,2-IS_D_F,1,9/18/19,1.15,0,0,0,0,0,0,NA,0,0,0,0,0,0
2,E,7,Italy x Sweden,Dormant,Litter,2-IS_D_F,1,9/25/19,1.16,0,0,0,0,0,0,NA,0,0,0,0,0,0
2,E,7,Italy x Sweden,Dormant,Litter,2-IS_D_F,1,10/2/19,1.17,0,0,0,0,0,0,NA,0,0,0,0,0,0
2,E,7,Italy x Sweden,Dormant,Litter,2-IS_D_F,1,10/9/19,1.18,0,0,0,0,0,0,NA,0,0,0,0,0,0
2,E,7,Italy x Sweden,Dormant,Litter,2-IS_D_F,1,10/18/19,1.19,0,0,0,0,0,0,NA,NA,NA,NA,NA,0,0
2,E,7,Italy x Sweden,Dormant,Litter,2-IS_D_F,1,10/23/19,1.2,13,0,0,0,0,0,NA,NA,NA,NA,NA,0,13
2,E,7,Italy x Sweden,Dormant,Litter,2-IS_D_F,1,11/6/19,1.22,0,0,0,0,0,0,NA,NA,NA,NA,NA,0,0
2,E,7,Italy x Sweden,Dormant,Litter,2-IS_D_F,1,11/20/19,1.23,0,0,0,0,0,0,NA,NA,NA,NA,NA,0,0
2,E,7,Italy x Sweden,Dormant,Litter,2-IS_D_F,1,12/4/19,1.24,1,0,0,0,0,0,NA,NA,NA,NA,NA,0,1
2,E,7,Italy x Sweden,Dormant,Litter,2-IS_D_F,1,12/20/19,1.25,1,1,0,0,0,0,NA,2,0,0,0,0,4
2,E,7,Italy x Sweden,Dormant,Litter,2-IS_D_F,1,2/10/20,1.26,0,0,0,0,0,0,NA,NA,0,0,0,0,0
2,E,7,Italy x Sweden,Dormant,Litter,2-IS_D_F,1,3/2/20,1.27,0,0,0,0,0,0,NA,NA,0,3,3,0,6
2,E,7,Italy x Sweden,Dormant,Litter,2-IS_D_F,1,5/5/20,1.29,0,0,0,0,0,0,NA,0,0,0,0,3,3
2,E,7,Italy x Sweden,Dormant,Litter,2-IS_D_F,2,5/27/20,2.01,0,0,0,0,0,0,0,0,0,0,0,0,0
2,E,7,Italy x Sweden,Dormant,Litter,2-IS_D_F,2,6/4/20,2.02,0,0,0,0,0,0,0,0,0,0,0,0,0
2,E,7,Italy x Sweden,Dormant,Litter,2-IS_D_F,2,7/23/20,2.03,0,0,0,0,0,0,0,0,0,0,0,0,0
2,E,7,Italy x Sweden,Dormant,Litter,2-IS_D_F,2,8/7/20,2.04,0,0,0,0,0,0,0,0,0,0,0,0,0
2,E,7,Italy x Sweden,Dormant,Litter,2-IS_D_F,2,8/13/20,2.05,0,0,0,0,0,0,0,0,0,0,0,0,0
2,E,7,Italy x Sweden,Dormant,Litter,2-IS_D_F,2,8/18/20,2.06,0,0,0,0,0,0,0,0,0,0,0,0,0
2,E,7,Italy x Sweden,Dormant,Litter,2-IS_D_F,2,8/25/20,2.07,0,0,0,0,0,0,0,0,0,0,0,0,0
2,E,7,Italy x Sweden,Dormant,Litter,2-IS_D_F,2,9/10/20,2.08,6,0,0,0,0,0,0,0,0,0,0,0,6
2,E,7,Italy x Sweden,Dormant,Litter,2-IS_D_F,2,9/18/20,2.09,23,0,0,0,0,0,50,0,0,0,0,0,73
2,E,7,Italy x Sweden,Dormant,Litter,2-IS_D_F,2,10/2/20,2.1,0,0,0,0,0,0,0,0,0,0,0,0,0
2,E,7,Italy x Sweden,Dormant,Litter,2-IS_D_F,2,10/19/20,2.11,0,0,0,0,0,0,0,0,0,0,0,0,0
2,E,7,Italy x Sweden,Dormant,Litter,2-IS_D_F,2,10/30/20,2.12,0,0,0,0,0,0,0,0,0,0,0,0,0
2,E,7,Italy x Sweden,Dormant,Litter,2-IS_D_F,2,11/13/20,2.13,0,0,0,0,0,0,0,0,0,0,0,0,0
2,E,7,Italy x Sweden,Dormant,Litter,2-IS_D_F,2,12/2/20,2.14,0,0,0,0,0,0,0,0,0,0,0,0,0
2,E,7,Italy x Sweden,Dormant,Litter,2-IS_D_F,2,12/17/20,2.15,0,0,0,0,0,0,0,0,0,0,0,0,0
2,E,7,Italy x Sweden,Dormant,Litter,2-IS_D_F,2,1/15/21,2.16,0,0,0,0,0,0,0,0,0,0,0,0,0
2,E,7,Italy x Sweden,Dormant,Litter,2-IS_D_F,2,2/1/21,2.17,0,0,0,0,0,0,0,0,0,0,0,0,0
2,E,7,Italy x Sweden,Dormant,Litter,2-IS_D_F,2,2/25/21,2.18,0,0,0,0,0,0,0,0,0,0,0,0,0
2,E,7,Italy x Sweden,Dormant,Litter,2-IS_D_F,2,3/8/21,2.19,0,0,0,0,0,0,0,0,0,0,0,0,0
2,E,7,Italy x Sweden,Dormant,Litter,2-IS_D_F,2,3/25/21,2.2,0,0,0,0,0,0,0,0,0,0,0,0,0
2,E,7,Italy x Sweden,Dormant,Litter,2-IS_D_F,2,4/8/21,2.21,0,0,0,0,0,0,0,0,0,0,0,0,0
2,E,7,Italy x Sweden,Dormant,Litter,2-IS_D_F,3,8/17/21,3.14,0,0,0,0,0,0,0,0,0,0,0,0,0
2,E,7,Italy x Sweden,Dormant,Litter,2-IS_D_F,3,8/25/21,3.15,0,0,0,0,0,0,0,0,0,0,0,0,0
2,E,7,Italy x Sweden,Dormant,Litter,2-IS_D_F,3,9/2/21,3.16,0,0,0,0,0,0,0,0,0,0,0,0,0
2,E,7,Italy x Sweden,Dormant,Litter,2-IS_D_F,3,9/8/21,3.17,0,0,0,0,0,0,0,0,0,0,0,0,0
2,E,7,Italy x Sweden,Dormant,Litter,2-IS_D_F,3,9/15/21,3.18,0,0,0,0,0,0,0,0,0,0,0,0,0
2,E,7,Italy x Sweden,Dormant,Litter,2-IS_D_F,3,9/22/21,3.19,0,0,0,0,0,0,0,0,0,0,0,0,0
2,E,7,Italy x Sweden,Dormant,Litter,2-IS_D_F,3,9/29/21,3.2,13,0,0,0,0,0,1,0,0,0,0,0,14
2,E,7,Italy x Sweden,Dormant,Litter,2-IS_D_F,3,10/12/21,3.21,0,14,0,0,0,0,0,14,0,0,0,0,28
2,E,7,Italy x Sweden,Dormant,Litter,2-IS_D_F,3,11/10/21,3.22,0,3,0,0,0,0,0,3,0,0,0,0,6
2,E,7,Italy x Sweden,Dormant,Litter,2-IS_D_F,3,12/17/21,3.23,0,0,0,0,0,0,0,0,0,0,0,0,0
2,E,8,Italy x Sweden,Non-Dormant,Control,2-IS_ND_C,1,6/12/19,1.01,1,0,0,0,0,0,NA,NA,NA,NA,NA,NA,1
2,E,8,Italy x Sweden,Non-Dormant,Control,2-IS_ND_C,1,6/16/19,1.02,1,0,0,0,0,0,NA,NA,NA,NA,NA,NA,1
2,E,8,Italy x Sweden,Non-Dormant,Control,2-IS_ND_C,1,6/26/19,1.03,0,0,0,0,0,0,NA,1,0,0,0,0,1
2,E,8,Italy x Sweden,Non-Dormant,Control,2-IS_ND_C,1,7/3/19,1.04,0,0,0,0,0,0,NA,0,0,0,0,0,0
2,E,8,Italy x Sweden,Non-Dormant,Control,2-IS_ND_C,1,7/10/19,1.05,NA,0,0,0,0,0,NA,0,0,0,0,0,0
2,E,8,Italy x Sweden,Non-Dormant,Control,2-IS_ND_C,1,7/17/19,1.06,0,0,0,0,0,0,NA,0,0,0,0,0,0
2,E,8,Italy x Sweden,Non-Dormant,Control,2-IS_ND_C,1,7/24/19,1.07,0,0,0,0,0,0,NA,0,0,0,0,0,0
2,E,8,Italy x Sweden,Non-Dormant,Control,2-IS_ND_C,1,7/31/19,1.08,0,0,0,0,0,0,NA,0,0,0,0,0,0
2,E,8,Italy x Sweden,Non-Dormant,Control,2-IS_ND_C,1,8/7/19,1.09,0,0,0,0,0,0,NA,0,0,0,0,0,0
2,E,8,Italy x Sweden,Non-Dormant,Control,2-IS_ND_C,1,8/15/19,1.1,0,0,0,0,0,0,NA,0,0,0,0,0,0
2,E,8,Italy x Sweden,Non-Dormant,Control,2-IS_ND_C,1,8/20/19,1.11,0,0,0,0,0,0,NA,0,0,0,0,0,0
2,E,8,Italy x Sweden,Non-Dormant,Control,2-IS_ND_C,1,8/28/19,1.12,0,0,0,0,0,0,NA,0,0,0,0,0,0
2,E,8,Italy x Sweden,Non-Dormant,Control,2-IS_ND_C,1,9/4/19,1.13,0,0,0,0,0,0,NA,0,0,0,0,0,0
2,E,8,Italy x Sweden,Non-Dormant,Control,2-IS_ND_C,1,9/11/19,1.14,0,0,0,0,0,0,NA,0,0,0,0,0,0
2,E,8,Italy x Sweden,Non-Dormant,Control,2-IS_ND_C,1,9/18/19,1.15,0,0,0,0,0,0,NA,0,0,0,0,0,0
2,E,8,Italy x Sweden,Non-Dormant,Control,2-IS_ND_C,1,9/25/19,1.16,0,0,0,0,0,0,NA,0,0,0,0,0,0
2,E,8,Italy x Sweden,Non-Dormant,Control,2-IS_ND_C,1,10/2/19,1.17,0,0,0,0,0,0,NA,0,0,0,0,0,0
2,E,8,Italy x Sweden,Non-Dormant,Control,2-IS_ND_C,1,10/9/19,1.18,0,0,0,0,0,0,NA,0,0,0,0,0,0
2,E,8,Italy x Sweden,Non-Dormant,Control,2-IS_ND_C,1,10/18/19,1.19,0,0,0,0,0,0,NA,NA,NA,NA,NA,0,0
2,E,8,Italy x Sweden,Non-Dormant,Control,2-IS_ND_C,1,10/23/19,1.2,0,0,0,0,0,0,NA,NA,NA,NA,NA,0,0
2,E,8,Italy x Sweden,Non-Dormant,Control,2-IS_ND_C,1,11/6/19,1.22,0,0,0,0,0,0,NA,NA,NA,NA,NA,0,0
2,E,8,Italy x Sweden,Non-Dormant,Control,2-IS_ND_C,1,11/20/19,1.23,0,0,0,0,0,0,NA,NA,NA,NA,NA,0,0
2,E,8,Italy x Sweden,Non-Dormant,Control,2-IS_ND_C,1,12/4/19,1.24,3,0,0,0,0,0,NA,NA,NA,NA,NA,0,3
2,E,8,Italy x Sweden,Non-Dormant,Control,2-IS_ND_C,1,12/20/19,1.25,1,0,0,0,0,0,NA,0,0,0,0,0,1
2,E,8,Italy x Sweden,Non-Dormant,Control,2-IS_ND_C,1,2/10/20,1.26,0,0,0,0,0,0,NA,NA,0,0,0,0,0
2,E,8,Italy x Sweden,Non-Dormant,Control,2-IS_ND_C,1,3/2/20,1.27,0,0,0,0,0,0,NA,NA,0,0,0,0,0
2,E,8,Italy x Sweden,Non-Dormant,Control,2-IS_ND_C,1,5/5/20,1.29,0,0,0,0,0,0,NA,0,0,0,0,0,0
2,E,8,Italy x Sweden,Non-Dormant,Control,2-IS_ND_C,2,5/27/20,2.01,0,0,0,0,0,0,0,0,0,0,0,0,0
2,E,8,Italy x Sweden,Non-Dormant,Control,2-IS_ND_C,2,6/4/20,2.02,0,0,0,0,0,0,0,0,0,0,0,0,0
2,E,8,Italy x Sweden,Non-Dormant,Control,2-IS_ND_C,2,7/23/20,2.03,0,0,0,0,0,0,0,0,0,0,0,0,0
2,E,8,Italy x Sweden,Non-Dormant,Control,2-IS_ND_C,2,8/7/20,2.04,0,0,0,0,0,0,0,0,0,0,0,0,0
2,E,8,Italy x Sweden,Non-Dormant,Control,2-IS_ND_C,2,8/13/20,2.05,0,0,0,0,0,0,0,0,0,0,0,0,0
2,E,8,Italy x Sweden,Non-Dormant,Control,2-IS_ND_C,2,8/18/20,2.06,0,0,0,0,0,0,0,0,0,0,0,0,0
2,E,8,Italy x Sweden,Non-Dormant,Control,2-IS_ND_C,2,8/25/20,2.07,0,0,0,0,0,0,0,0,0,0,0,0,0
2,E,8,Italy x Sweden,Non-Dormant,Control,2-IS_ND_C,2,9/10/20,2.08,1,0,0,0,0,0,4,0,0,0,0,0,5
2,E,8,Italy x Sweden,Non-Dormant,Control,2-IS_ND_C,2,9/18/20,2.09,11,0,0,0,0,0,10,0,0,0,0,0,21
2,E,8,Italy x Sweden,Non-Dormant,Control,2-IS_ND_C,2,10/2/20,2.1,0,0,0,0,0,0,0,0,0,0,0,0,0
2,E,8,Italy x Sweden,Non-Dormant,Control,2-IS_ND_C,2,10/19/20,2.11,0,0,0,0,0,0,0,0,0,0,0,0,0
2,E,8,Italy x Sweden,Non-Dormant,Control,2-IS_ND_C,2,10/30/20,2.12,0,0,0,0,0,0,0,0,0,0,0,0,0
2,E,8,Italy x Sweden,Non-Dormant,Control,2-IS_ND_C,2,11/13/20,2.13,0,0,0,0,0,0,0,0,0,0,0,0,0
2,E,8,Italy x Sweden,Non-Dormant,Control,2-IS_ND_C,2,12/2/20,2.14,0,0,0,0,0,0,0,0,0,0,0,0,0
2,E,8,Italy x Sweden,Non-Dormant,Control,2-IS_ND_C,2,12/17/20,2.15,0,0,0,0,0,0,0,0,0,0,0,0,0
2,E,8,Italy x Sweden,Non-Dormant,Control,2-IS_ND_C,2,1/15/21,2.16,0,0,0,0,0,0,0,0,0,0,0,0,0
2,E,8,Italy x Sweden,Non-Dormant,Control,2-IS_ND_C,2,2/1/21,2.17,0,0,0,0,0,0,0,0,0,0,0,0,0
2,E,8,Italy x Sweden,Non-Dormant,Control,2-IS_ND_C,2,2/25/21,2.18,0,0,0,0,0,0,0,0,0,0,0,0,0
2,E,8,Italy x Sweden,Non-Dormant,Control,2-IS_ND_C,2,3/8/21,2.19,0,0,0,0,0,0,0,0,0,0,0,0,0
2,E,8,Italy x Sweden,Non-Dormant,Control,2-IS_ND_C,2,3/25/21,2.2,0,0,0,0,0,0,0,0,0,0,0,0,0
2,E,8,Italy x Sweden,Non-Dormant,Control,2-IS_ND_C,2,4/8/21,2.21,0,0,0,0,0,0,0,0,0,0,0,0,0
2,E,8,Italy x Sweden,Non-Dormant,Control,2-IS_ND_C,3,8/17/21,3.14,0,0,0,0,0,0,0,0,0,0,0,0,0
2,E,8,Italy x Sweden,Non-Dormant,Control,2-IS_ND_C,3,8/25/21,3.15,0,0,0,0,0,0,0,0,0,0,0,0,0
2,E,8,Italy x Sweden,Non-Dormant,Control,2-IS_ND_C,3,9/2/21,3.16,0,0,0,0,0,0,0,0,0,0,0,0,0
2,E,8,Italy x Sweden,Non-Dormant,Control,2-IS_ND_C,3,9/8/21,3.17,0,0,0,0,0,0,0,0,0,0,0,0,0
2,E,8,Italy x Sweden,Non-Dormant,Control,2-IS_ND_C,3,9/15/21,3.18,0,0,0,0,0,0,0,0,0,0,0,0,0
2,E,8,Italy x Sweden,Non-Dormant,Control,2-IS_ND_C,3,9/22/21,3.19,0,0,0,0,0,0,0,0,0,0,0,0,0
2,E,8,Italy x Sweden,Non-Dormant,Control,2-IS_ND_C,3,9/29/21,3.2,0,0,0,0,0,0,0,0,0,0,0,0,0
2,E,8,Italy x Sweden,Non-Dormant,Control,2-IS_ND_C,3,10/12/21,3.21,0,0,0,0,0,0,0,1,0,0,0,0,1
2,E,8,Italy x Sweden,Non-Dormant,Control,2-IS_ND_C,3,11/10/21,3.22,0,0,0,0,0,0,0,2,0,0,0,0,2
2,E,8,Italy x Sweden,Non-Dormant,Control,2-IS_ND_C,3,12/17/21,3.23,0,0,0,0,0,0,0,0,0,0,0,0,0
6,E,9,Italy x Sweden,Dormant,Native Soil,6-IS-D-Soil,1,6/12/19,1.01,0,0,0,0,0,0,NA,NA,NA,NA,NA,NA,0
6,E,9,Italy x Sweden,Dormant,Native Soil,6-IS-D-Soil,1,6/16/19,1.02,0,0,0,0,0,0,NA,NA,NA,NA,NA,NA,0
6,E,9,Italy x Sweden,Dormant,Native Soil,6-IS-D-Soil,1,6/26/19,1.03,0,0,0,0,0,0,NA,0,0,0,0,0,0
6,E,9,Italy x Sweden,Dormant,Native Soil,6-IS-D-Soil,1,7/3/19,1.04,0,0,0,0,0,0,NA,0,0,0,0,0,0
6,E,9,Italy x Sweden,Dormant,Native Soil,6-IS-D-Soil,1,7/10/19,1.05,NA,0,0,0,0,0,NA,0,0,0,0,0,0
6,E,9,Italy x Sweden,Dormant,Native Soil,6-IS-D-Soil,1,7/17/19,1.06,0,0,0,0,0,0,NA,0,0,0,0,0,0
6,E,9,Italy x Sweden,Dormant,Native Soil,6-IS-D-Soil,1,7/24/19,1.07,0,0,0,0,0,0,NA,0,0,0,0,0,0
6,E,9,Italy x Sweden,Dormant,Native Soil,6-IS-D-Soil,1,7/31/19,1.08,0,0,0,0,0,0,NA,0,0,0,0,0,0
6,E,9,Italy x Sweden,Dormant,Native Soil,6-IS-D-Soil,1,8/7/19,1.09,0,0,0,0,0,0,NA,0,0,0,0,0,0
6,E,9,Italy x Sweden,Dormant,Native Soil,6-IS-D-Soil,1,8/15/19,1.1,0,0,0,0,0,0,NA,0,0,0,0,0,0
6,E,9,Italy x Sweden,Dormant,Native Soil,6-IS-D-Soil,1,8/20/19,1.11,0,0,0,0,0,0,NA,0,0,0,0,0,0
6,E,9,Italy x Sweden,Dormant,Native Soil,6-IS-D-Soil,1,8/28/19,1.12,0,0,0,0,0,0,NA,0,0,0,0,0,0
6,E,9,Italy x Sweden,Dormant,Native Soil,6-IS-D-Soil,1,9/4/19,1.13,0,0,0,0,0,0,NA,0,0,0,0,0,0
6,E,9,Italy x Sweden,Dormant,Native Soil,6-IS-D-Soil,1,9/11/19,1.14,0,0,0,0,0,0,NA,0,0,0,0,0,0
6,E,9,Italy x Sweden,Dormant,Native Soil,6-IS-D-Soil,1,9/18/19,1.15,0,0,0,0,0,0,NA,0,0,0,0,0,0
6,E,9,Italy x Sweden,Dormant,Native Soil,6-IS-D-Soil,1,9/25/19,1.16,0,0,0,0,0,0,NA,0,0,0,0,0,0
6,E,9,Italy x Sweden,Dormant,Native Soil,6-IS-D-Soil,1,10/2/19,1.17,0,0,0,0,0,0,NA,0,0,0,0,0,0
6,E,9,Italy x Sweden,Dormant,Native Soil,6-IS-D-Soil,1,10/9/19,1.18,0,0,0,0,0,0,NA,0,0,0,0,0,0
6,E,9,Italy x Sweden,Dormant,Native Soil,6-IS-D-Soil,1,10/18/19,1.19,0,0,0,0,0,0,NA,NA,NA,NA,NA,0,0
6,E,9,Italy x Sweden,Dormant,Native Soil,6-IS-D-Soil,1,10/23/19,1.2,1,0,0,0,0,0,NA,NA,NA,NA,NA,0,1
6,E,9,Italy x Sweden,Dormant,Native Soil,6-IS-D-Soil,1,11/6/19,1.22,0,3,0,0,0,0,NA,NA,NA,NA,NA,0,3
6,E,9,Italy x Sweden,Dormant,Native Soil,6-IS-D-Soil,1,11/20/19,1.23,0,4,0,0,0,0,NA,NA,NA,NA,NA,0,4
6,E,9,Italy x Sweden,Dormant,Native Soil,6-IS-D-Soil,1,12/4/19,1.24,0,8,0,0,0,0,NA,NA,NA,NA,NA,0,8
6,E,9,Italy x Sweden,Dormant,Native Soil,6-IS-D-Soil,1,12/20/19,1.25,0,8,0,0,0,0,NA,25,0,0,0,0,33
6,E,9,Italy x Sweden,Dormant,Native Soil,6-IS-D-Soil,1,2/10/20,1.26,0,2,2,2,0,0,NA,NA,3,7,5,0,21
6,E,9,Italy x Sweden,Dormant,Native Soil,6-IS-D-Soil,1,3/2/20,1.27,0,0,0,1,5,0,NA,NA,3,1,17,0,27
6,E,9,Italy x Sweden,Dormant,Native Soil,6-IS-D-Soil,1,5/5/20,1.29,0,0,0,0,0,9,NA,0,0,0,0,16,25
6,E,9,Italy x Sweden,Dormant,Native Soil,6-IS-D-Soil,2,5/27/20,2.01,1,0,0,0,0,0,1,0,0,0,0,0,2
6,E,9,Italy x Sweden,Dormant,Native Soil,6-IS-D-Soil,2,6/4/20,2.02,0,0,0,0,0,0,0,0,0,0,0,0,0
6,E,9,Italy x Sweden,Dormant,Native Soil,6-IS-D-Soil,2,7/23/20,2.03,0,0,0,0,0,0,0,0,0,0,0,0,0
6,E,9,Italy x Sweden,Dormant,Native Soil,6-IS-D-Soil,2,8/7/20,2.04,0,0,0,0,0,0,0,0,0,0,0,0,0
6,E,9,Italy x Sweden,Dormant,Native Soil,6-IS-D-Soil,2,8/13/20,2.05,0,0,0,0,0,0,0,0,0,0,0,0,0
6,E,9,Italy x Sweden,Dormant,Native Soil,6-IS-D-Soil,2,8/18/20,2.06,0,0,0,0,0,0,0,0,0,0,0,0,0
6,E,9,Italy x Sweden,Dormant,Native Soil,6-IS-D-Soil,2,8/25/20,2.07,0,0,0,0,0,0,0,0,0,0,0,0,0
6,E,9,Italy x Sweden,Dormant,Native Soil,6-IS-D-Soil,2,9/10/20,2.08,0,0,0,0,0,0,NA,NA,0,0,0,NA,0
6,E,9,Italy x Sweden,Dormant,Native Soil,6-IS-D-Soil,2,9/18/20,2.09,0,0,0,0,0,0,0,0,0,0,0,0,0
6,E,9,Italy x Sweden,Dormant,Native Soil,6-IS-D-Soil,2,10/2/20,2.1,0,0,0,0,0,0,0,0,0,0,0,0,0
6,E,9,Italy x Sweden,Dormant,Native Soil,6-IS-D-Soil,2,10/19/20,2.11,0,0,0,0,0,0,0,0,0,0,0,0,0
6,E,9,Italy x Sweden,Dormant,Native Soil,6-IS-D-Soil,2,11/6/20,2.12,23,7,0,0,0,0,40,10,0,0,0,0,80
6,E,9,Italy x Sweden,Dormant,Native Soil,6-IS-D-Soil,2,11/19/20,2.13,0,0,0,0,0,0,5,20,0,0,0,0,25
6,E,9,Italy x Sweden,Dormant,Native Soil,6-IS-D-Soil,2,12/4/20,2.14,0,0,0,0,0,0,0,0,0,0,0,0,0
6,E,9,Italy x Sweden,Dormant,Native Soil,6-IS-D-Soil,2,12/15/20,2.15,3,0,0,0,0,0,42,111,0,0,0,0,156
6,E,9,Italy x Sweden,Dormant,Native Soil,6-IS-D-Soil,2,1/14/21,2.16,7,1,0,0,0,0,12,115,0,0,0,0,135
6,E,9,Italy x Sweden,Dormant,Native Soil,6-IS-D-Soil,2,2/1/21,2.17,0,0,0,0,0,0,0,5,0,0,0,0,5
6,E,9,Italy x Sweden,Dormant,Native Soil,6-IS-D-Soil,2,2/25/21,2.18,0,0,0,0,0,0,0,0,0,0,0,0,0
6,E,9,Italy x Sweden,Dormant,Native Soil,6-IS-D-Soil,2,3/8/21,2.19,0,0,0,0,0,0,0,10,4,7,0,0,21
6,E,9,Italy x Sweden,Dormant,Native Soil,6-IS-D-Soil,2,3/26/21,2.2,0,0,0,0,0,0,0,0,0,11,46,0,57
6,E,9,Italy x Sweden,Dormant,Native Soil,6-IS-D-Soil,2,4/8/21,2.21,0,0,0,0,0,0,0,0,0,0,22,7,29
6,E,9,Italy x Sweden,Dormant,Native Soil,6-IS-D-Soil,3,8/17/21,3.14,0,0,0,0,0,0,0,0,0,0,0,0,0
6,E,9,Italy x Sweden,Dormant,Native Soil,6-IS-D-Soil,3,8/25/21,3.15,0,0,0,0,0,0,0,0,0,0,0,0,0
6,E,9,Italy x Sweden,Dormant,Native Soil,6-IS-D-Soil,3,9/2/21,3.16,0,0,0,0,0,0,0,0,0,0,0,0,0
6,E,9,Italy x Sweden,Dormant,Native Soil,6-IS-D-Soil,3,9/8/21,3.17,0,0,0,0,0,0,0,0,0,0,0,0,0
6,E,9,Italy x Sweden,Dormant,Native Soil,6-IS-D-Soil,3,9/15/21,3.18,0,0,0,0,0,0,0,0,0,0,0,0,0
6,E,9,Italy x Sweden,Dormant,Native Soil,6-IS-D-Soil,3,9/22/21,3.19,0,0,0,0,0,0,0,0,0,0,0,0,0
6,E,9,Italy x Sweden,Dormant,Native Soil,6-IS-D-Soil,3,10/3/21,3.2,63,0,0,0,0,0,330,0,0,0,0,0,393
6,E,9,Italy x Sweden,Dormant,Native Soil,6-IS-D-Soil,3,10/15/21,3.21,48,51,0,0,0,0,302,105,0,0,0,0,506
6,E,9,Italy x Sweden,Dormant,Native Soil,6-IS-D-Soil,3,11/15/21,3.22,15,9,0,0,0,0,11,69,0,0,0,0,104
6,E,9,Italy x Sweden,Dormant,Native Soil,6-IS-D-Soil,3,12/17/21,3.23,1,0,0,0,0,0,0,25,0,0,0,0,26
6,E,10,Germany x Tajikistan,Mixed,Control,6-BS_M_C,1,6/12/19,1.01,NA,NA,NA,NA,NA,NA,NA,NA,NA,NA,NA,NA,NA
6,E,10,Germany x Tajikistan,Mixed,Control,6-BS_M_C,1,6/16/19,1.02,NA,NA,NA,NA,NA,NA,NA,NA,NA,NA,NA,NA,NA
6,E,10,Germany x Tajikistan,Mixed,Control,6-BS_M_C,1,6/26/19,1.03,NA,NA,NA,NA,NA,NA,NA,NA,NA,NA,NA,NA,NA
6,E,10,Germany x Tajikistan,Mixed,Control,6-BS_M_C,1,7/3/19,1.04,NA,NA,NA,NA,NA,NA,NA,NA,NA,NA,NA,NA,NA
6,E,10,Germany x Tajikistan,Mixed,Control,6-BS_M_C,1,7/10/19,1.05,NA,NA,NA,NA,NA,NA,NA,NA,NA,NA,NA,NA,NA
6,E,10,Germany x Tajikistan,Mixed,Control,6-BS_M_C,1,7/17/19,1.06,0,0,0,0,0,0,NA,0,0,0,0,0,0
6,E,10,Germany x Tajikistan,Mixed,Control,6-BS_M_C,1,7/24/19,1.07,0,0,0,0,0,0,NA,0,0,0,0,0,0
6,E,10,Germany x Tajikistan,Mixed,Control,6-BS_M_C,1,7/31/19,1.08,0,0,0,0,0,0,NA,0,0,0,0,0,0
6,E,10,Germany x Tajikistan,Mixed,Control,6-BS_M_C,1,8/7/19,1.09,0,0,0,0,0,0,NA,0,0,0,0,0,0
6,E,10,Germany x Tajikistan,Mixed,Control,6-BS_M_C,1,8/15/19,1.1,0,0,0,0,0,0,NA,0,0,0,0,0,0
6,E,10,Germany x Tajikistan,Mixed,Control,6-BS_M_C,1,8/20/19,1.11,0,0,0,0,0,0,NA,0,0,0,0,0,0
6,E,10,Germany x Tajikistan,Mixed,Control,6-BS_M_C,1,8/28/19,1.12,0,0,0,0,0,0,NA,0,0,0,0,0,0
6,E,10,Germany x Tajikistan,Mixed,Control,6-BS_M_C,1,9/4/19,1.13,0,0,0,0,0,0,NA,0,0,0,0,0,0
6,E,10,Germany x Tajikistan,Mixed,Control,6-BS_M_C,1,9/11/19,1.14,0,0,0,0,0,0,NA,0,0,0,0,0,0
6,E,10,Germany x Tajikistan,Mixed,Control,6-BS_M_C,1,9/18/19,1.15,0,0,0,0,0,0,NA,0,0,0,0,0,0
6,E,10,Germany x Tajikistan,Mixed,Control,6-BS_M_C,1,9/25/19,1.16,0,0,0,0,0,0,NA,0,0,0,0,0,0
6,E,10,Germany x Tajikistan,Mixed,Control,6-BS_M_C,1,10/2/19,1.17,0,0,0,0,0,0,NA,0,0,0,0,0,0
6,E,10,Germany x Tajikistan,Mixed,Control,6-BS_M_C,1,10/9/19,1.18,0,0,0,0,0,0,NA,0,0,0,0,0,0
6,E,10,Germany x Tajikistan,Mixed,Control,6-BS_M_C,1,10/18/19,1.19,0,0,0,0,0,0,NA,NA,NA,NA,NA,0,0
6,E,10,Germany x Tajikistan,Mixed,Control,6-BS_M_C,1,10/23/19,1.2,0,0,0,0,0,0,NA,NA,NA,NA,NA,0,0
6,E,10,Germany x Tajikistan,Mixed,Control,6-BS_M_C,1,11/6/19,1.22,0,0,0,0,0,0,NA,NA,NA,NA,NA,0,0
6,E,10,Germany x Tajikistan,Mixed,Control,6-BS_M_C,1,11/20/19,1.23,0,0,0,0,0,0,NA,NA,NA,NA,NA,0,0
6,E,10,Germany x Tajikistan,Mixed,Control,6-BS_M_C,1,12/4/19,1.24,0,0,0,0,0,0,NA,NA,NA,NA,NA,0,0
6,E,10,Germany x Tajikistan,Mixed,Control,6-BS_M_C,1,12/20/19,1.25,0,0,0,0,0,0,NA,2,0,0,0,0,2
6,E,10,Germany x Tajikistan,Mixed,Control,6-BS_M_C,1,2/10/20,1.26,0,0,0,0,0,0,NA,NA,3,0,0,0,3
6,E,10,Germany x Tajikistan,Mixed,Control,6-BS_M_C,1,3/2/20,1.27,0,0,0,0,0,0,NA,NA,0,0,3,0,3
6,E,10,Germany x Tajikistan,Mixed,Control,6-BS_M_C,1,5/5/20,1.29,0,0,0,0,0,0,NA,0,0,0,0,3,3
6,E,10,Germany x Tajikistan,Mixed,Control,6-BS_M_C,2,5/27/20,2.01,16,0,0,0,0,0,21,0,0,0,0,0,37
6,E,10,Germany x Tajikistan,Mixed,Control,6-BS_M_C,2,6/4/20,2.02,0,0,0,0,0,0,0,0,0,0,0,0,0
6,E,10,Germany x Tajikistan,Mixed,Control,6-BS_M_C,2,7/23/20,2.03,0,0,0,0,0,0,0,0,0,0,0,0,0
6,E,10,Germany x Tajikistan,Mixed,Control,6-BS_M_C,2,8/7/20,2.04,0,0,0,0,0,0,0,0,0,0,0,0,0
6,E,10,Germany x Tajikistan,Mixed,Control,6-BS_M_C,2,8/13/20,2.05,0,0,0,0,0,0,0,0,0,0,0,0,0
6,E,10,Germany x Tajikistan,Mixed,Control,6-BS_M_C,2,8/18/20,2.06,0,0,0,0,0,0,0,0,0,0,0,0,0
6,E,10,Germany x Tajikistan,Mixed,Control,6-BS_M_C,2,8/25/20,2.07,0,0,0,0,0,0,0,0,0,0,0,0,0
6,E,10,Germany x Tajikistan,Mixed,Control,6-BS_M_C,2,9/10/20,2.08,0,0,0,0,0,0,0,0,0,0,0,0,0
6,E,10,Germany x Tajikistan,Mixed,Control,6-BS_M_C,2,9/18/20,2.09,0,0,0,0,0,0,0,0,0,0,0,0,0
6,E,10,Germany x Tajikistan,Mixed,Control,6-BS_M_C,2,10/2/20,2.1,0,0,0,0,0,0,0,0,0,0,0,0,0
6,E,10,Germany x Tajikistan,Mixed,Control,6-BS_M_C,2,10/19/20,2.11,0,0,0,0,0,0,0,0,0,0,0,0,0
6,E,10,Germany x Tajikistan,Mixed,Control,6-BS_M_C,2,11/6/20,2.12,0,0,0,0,0,0,0,0,0,0,0,0,0
6,E,10,Germany x Tajikistan,Mixed,Control,6-BS_M_C,2,11/19/20,2.13,0,0,0,0,0,0,0,0,0,0,0,0,0
6,E,10,Germany x Tajikistan,Mixed,Control,6-BS_M_C,2,12/4/20,2.14,0,0,0,0,0,0,0,0,0,0,0,0,0
6,E,10,Germany x Tajikistan,Mixed,Control,6-BS_M_C,2,12/15/20,2.15,0,0,0,0,0,0,0,0,0,0,0,0,0
6,E,10,Germany x Tajikistan,Mixed,Control,6-BS_M_C,2,1/14/21,2.16,0,0,0,0,0,0,0,0,0,0,0,0,0
6,E,10,Germany x Tajikistan,Mixed,Control,6-BS_M_C,2,2/1/21,2.17,0,0,0,0,0,0,0,0,0,0,0,0,0
6,E,10,Germany x Tajikistan,Mixed,Control,6-BS_M_C,2,2/25/21,2.18,0,0,0,0,0,0,0,0,0,0,0,0,0
6,E,10,Germany x Tajikistan,Mixed,Control,6-BS_M_C,2,3/8/21,2.19,0,0,0,0,0,0,0,0,0,0,0,0,0
6,E,10,Germany x Tajikistan,Mixed,Control,6-BS_M_C,2,3/26/21,2.2,0,0,0,0,0,0,0,0,0,0,0,0,0
6,E,10,Germany x Tajikistan,Mixed,Control,6-BS_M_C,2,4/8/21,2.21,0,0,0,0,0,0,0,0,0,0,0,0,0
6,E,10,Germany x Tajikistan,Mixed,Control,6-BS_M_C,3,8/17/21,3.14,0,0,0,0,0,0,0,0,0,0,0,0,0
6,E,10,Germany x Tajikistan,Mixed,Control,6-BS_M_C,3,8/25/21,3.15,0,0,0,0,0,0,0,0,0,0,0,0,0
6,E,10,Germany x Tajikistan,Mixed,Control,6-BS_M_C,3,9/2/21,3.16,0,0,0,0,0,0,0,0,0,0,0,0,0
6,E,10,Germany x Tajikistan,Mixed,Control,6-BS_M_C,3,9/8/21,3.17,0,0,0,0,0,0,0,0,0,0,0,0,0
6,E,10,Germany x Tajikistan,Mixed,Control,6-BS_M_C,3,9/15/21,3.18,0,0,0,0,0,0,0,0,0,0,0,0,0
6,E,10,Germany x Tajikistan,Mixed,Control,6-BS_M_C,3,9/22/21,3.19,0,0,0,0,0,0,0,0,0,0,0,0,0
6,E,10,Germany x Tajikistan,Mixed,Control,6-BS_M_C,3,10/3/21,3.2,1,0,0,0,0,0,49,0,0,0,0,0,50
6,E,10,Germany x Tajikistan,Mixed,Control,6-BS_M_C,3,10/15/21,3.21,3,7,0,0,0,0,19,46,0,0,0,0,75
6,E,10,Germany x Tajikistan,Mixed,Control,6-BS_M_C,3,11/15/21,3.22,0,0,0,0,0,0,0,8,0,0,0,0,8
6,E,10,Germany x Tajikistan,Mixed,Control,6-BS_M_C,3,12/17/21,3.23,0,0,0,0,0,0,0,0,0,0,0,0,0
6,E,11,Italy x Sweden,Dormant,Control,6-IS_D_C,1,6/12/19,1.01,0,0,0,0,0,0,NA,NA,NA,NA,NA,NA,0
6,E,11,Italy x Sweden,Dormant,Control,6-IS_D_C,1,6/16/19,1.02,0,0,0,0,0,0,NA,NA,NA,NA,NA,NA,0
6,E,11,Italy x Sweden,Dormant,Control,6-IS_D_C,1,6/26/19,1.03,0,0,0,0,0,0,NA,0,0,0,0,0,0
6,E,11,Italy x Sweden,Dormant,Control,6-IS_D_C,1,7/3/19,1.04,0,0,0,0,0,0,NA,0,0,0,0,0,0
6,E,11,Italy x Sweden,Dormant,Control,6-IS_D_C,1,7/10/19,1.05,NA,0,0,0,0,0,NA,0,0,0,0,0,0
6,E,11,Italy x Sweden,Dormant,Control,6-IS_D_C,1,7/17/19,1.06,0,0,0,0,0,0,NA,0,0,0,0,0,0
6,E,11,Italy x Sweden,Dormant,Control,6-IS_D_C,1,7/24/19,1.07,0,0,0,0,0,0,NA,0,0,0,0,0,0
6,E,11,Italy x Sweden,Dormant,Control,6-IS_D_C,1,7/31/19,1.08,0,0,0,0,0,0,NA,0,0,0,0,0,0
6,E,11,Italy x Sweden,Dormant,Control,6-IS_D_C,1,8/7/19,1.09,0,0,0,0,0,0,NA,0,0,0,0,0,0
6,E,11,Italy x Sweden,Dormant,Control,6-IS_D_C,1,8/15/19,1.1,0,0,0,0,0,0,NA,0,0,0,0,0,0
6,E,11,Italy x Sweden,Dormant,Control,6-IS_D_C,1,8/20/19,1.11,0,0,0,0,0,0,NA,0,0,0,0,0,0
6,E,11,Italy x Sweden,Dormant,Control,6-IS_D_C,1,8/28/19,1.12,0,0,0,0,0,0,NA,0,0,0,0,0,0
6,E,11,Italy x Sweden,Dormant,Control,6-IS_D_C,1,9/4/19,1.13,0,0,0,0,0,0,NA,0,0,0,0,0,0
6,E,11,Italy x Sweden,Dormant,Control,6-IS_D_C,1,9/11/19,1.14,0,0,0,0,0,0,NA,0,0,0,0,0,0
6,E,11,Italy x Sweden,Dormant,Control,6-IS_D_C,1,9/18/19,1.15,0,0,0,0,0,0,NA,0,0,0,0,0,0
6,E,11,Italy x Sweden,Dormant,Control,6-IS_D_C,1,9/25/19,1.16,0,0,0,0,0,0,NA,0,0,0,0,0,0
6,E,11,Italy x Sweden,Dormant,Control,6-IS_D_C,1,10/2/19,1.17,0,0,0,0,0,0,NA,0,0,0,0,0,0
6,E,11,Italy x Sweden,Dormant,Control,6-IS_D_C,1,10/9/19,1.18,0,0,0,0,0,0,NA,0,0,0,0,0,0
6,E,11,Italy x Sweden,Dormant,Control,6-IS_D_C,1,10/18/19,1.19,0,0,0,0,0,0,NA,NA,NA,NA,NA,0,0
6,E,11,Italy x Sweden,Dormant,Control,6-IS_D_C,1,10/23/19,1.2,0,0,0,0,0,0,NA,NA,NA,NA,NA,0,0
6,E,11,Italy x Sweden,Dormant,Control,6-IS_D_C,1,11/6/19,1.22,0,0,0,0,0,0,NA,NA,NA,NA,NA,0,0
6,E,11,Italy x Sweden,Dormant,Control,6-IS_D_C,1,11/20/19,1.23,0,0,0,0,0,0,NA,NA,NA,NA,NA,0,0
6,E,11,Italy x Sweden,Dormant,Control,6-IS_D_C,1,12/4/19,1.24,0,0,0,0,0,0,NA,NA,NA,NA,NA,0,0
6,E,11,Italy x Sweden,Dormant,Control,6-IS_D_C,1,12/20/19,1.25,0,0,0,0,0,0,NA,0,0,0,0,0,0
6,E,11,Italy x Sweden,Dormant,Control,6-IS_D_C,1,2/10/20,1.26,0,0,0,0,0,0,NA,NA,0,1,0,0,1
6,E,11,Italy x Sweden,Dormant,Control,6-IS_D_C,1,3/2/20,1.27,0,0,0,0,0,0,NA,NA,0,0,1,0,1
6,E,11,Italy x Sweden,Dormant,Control,6-IS_D_C,1,5/5/20,1.29,0,0,0,0,0,0,NA,0,0,0,0,0,0
6,E,11,Italy x Sweden,Dormant,Control,6-IS_D_C,2,5/27/20,2.01,1,0,0,0,0,0,0,0,0,0,0,0,1
6,E,11,Italy x Sweden,Dormant,Control,6-IS_D_C,2,6/4/20,2.02,0,0,0,0,0,0,0,0,0,0,0,0,0
6,E,11,Italy x Sweden,Dormant,Control,6-IS_D_C,2,7/23/20,2.03,0,0,0,0,0,0,0,0,0,0,0,0,0
6,E,11,Italy x Sweden,Dormant,Control,6-IS_D_C,2,8/7/20,2.04,0,0,0,0,0,0,0,0,0,0,0,0,0
6,E,11,Italy x Sweden,Dormant,Control,6-IS_D_C,2,8/13/20,2.05,0,0,0,0,0,0,0,0,0,0,0,0,0
6,E,11,Italy x Sweden,Dormant,Control,6-IS_D_C,2,8/18/20,2.06,0,0,0,0,0,0,0,0,0,0,0,0,0
6,E,11,Italy x Sweden,Dormant,Control,6-IS_D_C,2,8/25/20,2.07,0,0,0,0,0,0,0,0,0,0,0,0,0
6,E,11,Italy x Sweden,Dormant,Control,6-IS_D_C,2,9/10/20,2.08,0,0,0,0,0,0,0,0,0,0,0,0,0
6,E,11,Italy x Sweden,Dormant,Control,6-IS_D_C,2,9/18/20,2.09,0,0,0,0,0,0,0,0,0,0,0,0,0
6,E,11,Italy x Sweden,Dormant,Control,6-IS_D_C,2,10/2/20,2.1,0,0,0,0,0,0,0,0,0,0,0,0,0
6,E,11,Italy x Sweden,Dormant,Control,6-IS_D_C,2,10/19/20,2.11,0,0,0,0,0,0,0,0,0,0,0,0,0
6,E,11,Italy x Sweden,Dormant,Control,6-IS_D_C,2,11/6/20,2.12,0,0,0,0,0,0,0,0,0,0,0,0,0
6,E,11,Italy x Sweden,Dormant,Control,6-IS_D_C,2,11/19/20,2.13,0,0,0,0,0,0,0,0,0,0,0,0,0
6,E,11,Italy x Sweden,Dormant,Control,6-IS_D_C,2,12/4/20,2.14,0,0,0,0,0,0,0,0,0,0,0,0,0
6,E,11,Italy x Sweden,Dormant,Control,6-IS_D_C,2,12/15/20,2.15,0,0,0,0,0,0,0,0,0,0,0,0,0
6,E,11,Italy x Sweden,Dormant,Control,6-IS_D_C,2,1/14/21,2.16,0,0,0,0,0,0,0,0,0,0,0,0,0
6,E,11,Italy x Sweden,Dormant,Control,6-IS_D_C,2,2/1/21,2.17,0,0,0,0,0,0,0,1,0,0,0,0,1
6,E,11,Italy x Sweden,Dormant,Control,6-IS_D_C,2,2/25/21,2.18,0,0,0,0,0,0,0,0,0,0,0,0,0
6,E,11,Italy x Sweden,Dormant,Control,6-IS_D_C,2,3/8/21,2.19,0,0,0,0,0,0,0,0,0,0,0,0,0
6,E,11,Italy x Sweden,Dormant,Control,6-IS_D_C,2,3/26/21,2.2,0,0,0,0,0,0,0,0,0,0,0,0,0
6,E,11,Italy x Sweden,Dormant,Control,6-IS_D_C,2,4/8/21,2.21,0,0,0,0,0,0,0,0,0,0,0,0,0
6,E,11,Italy x Sweden,Dormant,Control,6-IS_D_C,3,8/17/21,3.14,0,0,0,0,0,0,0,0,0,0,0,0,0
6,E,11,Italy x Sweden,Dormant,Control,6-IS_D_C,3,8/25/21,3.15,0,0,0,0,0,0,0,0,0,0,0,0,0
6,E,11,Italy x Sweden,Dormant,Control,6-IS_D_C,3,9/2/21,3.16,0,0,0,0,0,0,0,0,0,0,0,0,0
6,E,11,Italy x Sweden,Dormant,Control,6-IS_D_C,3,9/8/21,3.17,0,0,0,0,0,0,0,0,0,0,0,0,0
6,E,11,Italy x Sweden,Dormant,Control,6-IS_D_C,3,9/15/21,3.18,0,0,0,0,0,0,0,0,0,0,0,0,0
6,E,11,Italy x Sweden,Dormant,Control,6-IS_D_C,3,9/22/21,3.19,0,0,0,0,0,0,0,0,0,0,0,0,0
6,E,11,Italy x Sweden,Dormant,Control,6-IS_D_C,3,10/3/21,3.2,2,0,0,0,0,0,14,0,0,0,0,0,16
6,E,11,Italy x Sweden,Dormant,Control,6-IS_D_C,3,10/15/21,3.21,0,0,0,0,0,0,13,17,0,0,0,0,30
6,E,11,Italy x Sweden,Dormant,Control,6-IS_D_C,3,11/15/21,3.22,0,0,0,0,0,0,0,1,0,0,0,0,1
6,E,11,Italy x Sweden,Dormant,Control,6-IS_D_C,3,12/17/21,3.23,0,0,0,0,0,0,0,0,0,0,0,0,0
6,E,12,Italy x Sweden,Mixed,Control,6-IS_M_C,1,6/12/19,1.01,0,0,0,0,0,0,NA,NA,NA,NA,NA,NA,0
6,E,12,Italy x Sweden,Mixed,Control,6-IS_M_C,1,6/16/19,1.02,1,0,0,0,0,0,NA,NA,NA,NA,NA,NA,1
6,E,12,Italy x Sweden,Mixed,Control,6-IS_M_C,1,6/26/19,1.03,0,0,0,0,0,0,NA,0,0,0,0,0,0
6,E,12,Italy x Sweden,Mixed,Control,6-IS_M_C,1,7/3/19,1.04,0,0,0,0,0,0,NA,0,0,0,0,0,0
6,E,12,Italy x Sweden,Mixed,Control,6-IS_M_C,1,7/10/19,1.05,NA,0,0,0,0,0,NA,0,0,0,0,0,0
6,E,12,Italy x Sweden,Mixed,Control,6-IS_M_C,1,7/17/19,1.06,0,0,0,0,0,0,NA,0,0,0,0,0,0
6,E,12,Italy x Sweden,Mixed,Control,6-IS_M_C,1,7/24/19,1.07,0,0,0,0,0,0,NA,0,0,0,0,0,0
6,E,12,Italy x Sweden,Mixed,Control,6-IS_M_C,1,7/31/19,1.08,0,0,0,0,0,0,NA,0,0,0,0,0,0
6,E,12,Italy x Sweden,Mixed,Control,6-IS_M_C,1,8/7/19,1.09,0,0,0,0,0,0,NA,0,0,0,0,0,0
6,E,12,Italy x Sweden,Mixed,Control,6-IS_M_C,1,8/15/19,1.1,0,0,0,0,0,0,NA,0,0,0,0,0,0
6,E,12,Italy x Sweden,Mixed,Control,6-IS_M_C,1,8/20/19,1.11,0,0,0,0,0,0,NA,0,0,0,0,0,0
6,E,12,Italy x Sweden,Mixed,Control,6-IS_M_C,1,8/28/19,1.12,0,0,0,0,0,0,NA,0,0,0,0,0,0
6,E,12,Italy x Sweden,Mixed,Control,6-IS_M_C,1,9/4/19,1.13,0,0,0,0,0,0,NA,0,0,0,0,0,0
6,E,12,Italy x Sweden,Mixed,Control,6-IS_M_C,1,9/11/19,1.14,0,0,0,0,0,0,NA,0,0,0,0,0,0
6,E,12,Italy x Sweden,Mixed,Control,6-IS_M_C,1,9/18/19,1.15,0,0,0,0,0,0,NA,0,0,0,0,0,0
6,E,12,Italy x Sweden,Mixed,Control,6-IS_M_C,1,9/25/19,1.16,0,0,0,0,0,0,NA,0,0,0,0,0,0
6,E,12,Italy x Sweden,Mixed,Control,6-IS_M_C,1,10/2/19,1.17,0,0,0,0,0,0,NA,0,0,0,0,0,0
6,E,12,Italy x Sweden,Mixed,Control,6-IS_M_C,1,10/9/19,1.18,0,0,0,0,0,0,NA,0,0,0,0,0,0
6,E,12,Italy x Sweden,Mixed,Control,6-IS_M_C,1,10/18/19,1.19,0,0,0,0,0,0,NA,NA,NA,NA,NA,0,0
6,E,12,Italy x Sweden,Mixed,Control,6-IS_M_C,1,10/23/19,1.2,0,0,0,0,0,0,NA,NA,NA,NA,NA,0,0
6,E,12,Italy x Sweden,Mixed,Control,6-IS_M_C,1,11/6/19,1.22,0,0,0,0,0,0,NA,NA,NA,NA,NA,0,0
6,E,12,Italy x Sweden,Mixed,Control,6-IS_M_C,1,11/20/19,1.23,0,0,0,0,0,0,NA,NA,NA,NA,NA,0,0
6,E,12,Italy x Sweden,Mixed,Control,6-IS_M_C,1,12/4/19,1.24,0,0,0,0,0,0,NA,NA,NA,NA,NA,0,0
6,E,12,Italy x Sweden,Mixed,Control,6-IS_M_C,1,12/20/19,1.25,2,0,0,0,0,0,NA,5,0,0,0,0,7
6,E,12,Italy x Sweden,Mixed,Control,6-IS_M_C,1,2/10/20,1.26,0,0,0,0,0,0,NA,NA,0,0,0,0,0
6,E,12,Italy x Sweden,Mixed,Control,6-IS_M_C,1,3/2/20,1.27,0,0,0,0,0,0,NA,NA,0,0,2,0,2
6,E,12,Italy x Sweden,Mixed,Control,6-IS_M_C,1,5/5/20,1.29,0,0,0,0,0,0,NA,0,0,0,0,2,2
6,E,12,Italy x Sweden,Mixed,Control,6-IS_M_C,2,5/27/20,2.01,0,0,0,0,0,0,0,0,0,0,0,0,0
6,E,12,Italy x Sweden,Mixed,Control,6-IS_M_C,2,6/4/20,2.02,0,0,0,0,0,0,0,0,0,0,0,0,0
6,E,12,Italy x Sweden,Mixed,Control,6-IS_M_C,2,7/23/20,2.03,0,0,0,0,0,0,0,0,0,0,0,0,0
6,E,12,Italy x Sweden,Mixed,Control,6-IS_M_C,2,8/7/20,2.04,0,0,0,0,0,0,0,0,0,0,0,0,0
6,E,12,Italy x Sweden,Mixed,Control,6-IS_M_C,2,8/13/20,2.05,0,0,0,0,0,0,0,0,0,0,0,0,0
6,E,12,Italy x Sweden,Mixed,Control,6-IS_M_C,2,8/18/20,2.06,0,0,0,0,0,0,0,0,0,0,0,0,0
6,E,12,Italy x Sweden,Mixed,Control,6-IS_M_C,2,8/25/20,2.07,0,0,0,0,0,0,0,0,0,0,0,0,0
6,E,12,Italy x Sweden,Mixed,Control,6-IS_M_C,2,9/10/20,2.08,7,0,0,0,0,0,10,0,0,0,0,0,17
6,E,12,Italy x Sweden,Mixed,Control,6-IS_M_C,2,9/18/20,2.09,0,0,0,0,0,0,0,0,0,0,0,0,0
6,E,12,Italy x Sweden,Mixed,Control,6-IS_M_C,2,10/2/20,2.1,0,0,0,0,0,0,0,0,0,0,0,0,0
6,E,12,Italy x Sweden,Mixed,Control,6-IS_M_C,2,10/19/20,2.11,0,0,0,0,0,0,0,0,0,0,0,0,0
6,E,12,Italy x Sweden,Mixed,Control,6-IS_M_C,2,11/6/20,2.12,0,0,0,0,0,0,0,0,0,0,0,0,0
6,E,12,Italy x Sweden,Mixed,Control,6-IS_M_C,2,11/19/20,2.13,0,0,0,0,0,0,0,0,0,0,0,0,0
6,E,12,Italy x Sweden,Mixed,Control,6-IS_M_C,2,12/4/20,2.14,0,0,0,0,0,0,0,0,0,0,0,0,0
6,E,12,Italy x Sweden,Mixed,Control,6-IS_M_C,2,12/15/20,2.15,0,0,0,0,0,0,0,0,0,0,0,0,0
6,E,12,Italy x Sweden,Mixed,Control,6-IS_M_C,2,1/14/21,2.16,0,0,0,0,0,0,0,0,0,0,0,0,0
6,E,12,Italy x Sweden,Mixed,Control,6-IS_M_C,2,2/1/21,2.17,0,0,0,0,0,0,0,0,0,0,0,0,0
6,E,12,Italy x Sweden,Mixed,Control,6-IS_M_C,2,2/25/21,2.18,0,0,0,0,0,0,0,0,0,0,0,0,0
6,E,12,Italy x Sweden,Mixed,Control,6-IS_M_C,2,3/8/21,2.19,0,0,0,0,0,0,0,0,0,0,0,0,0
6,E,12,Italy x Sweden,Mixed,Control,6-IS_M_C,2,3/26/21,2.2,0,0,0,0,0,0,0,0,0,0,2,0,2
6,E,12,Italy x Sweden,Mixed,Control,6-IS_M_C,2,4/8/21,2.21,0,0,0,0,0,0,0,0,0,0,0,0,0
6,E,12,Italy x Sweden,Mixed,Control,6-IS_M_C,3,8/17/21,3.14,0,0,0,0,0,0,0,0,0,0,0,0,0
6,E,12,Italy x Sweden,Mixed,Control,6-IS_M_C,3,8/25/21,3.15,0,0,0,0,0,0,0,0,0,0,0,0,0
6,E,12,Italy x Sweden,Mixed,Control,6-IS_M_C,3,9/2/21,3.16,0,0,0,0,0,0,0,0,0,0,0,0,0
6,E,12,Italy x Sweden,Mixed,Control,6-IS_M_C,3,9/8/21,3.17,0,0,0,0,0,0,0,0,0,0,0,0,0
6,E,12,Italy x Sweden,Mixed,Control,6-IS_M_C,3,9/15/21,3.18,0,0,0,0,0,0,0,0,0,0,0,0,0
6,E,12,Italy x Sweden,Mixed,Control,6-IS_M_C,3,9/22/21,3.19,0,0,0,0,0,0,0,0,0,0,0,0,0
6,E,12,Italy x Sweden,Mixed,Control,6-IS_M_C,3,10/3/21,3.2,10,0,0,0,0,0,8,1,0,0,0,0,19
6,E,12,Italy x Sweden,Mixed,Control,6-IS_M_C,3,10/15/21,3.21,10,22,0,0,0,0,12,74,0,0,0,0,118
6,E,12,Italy x Sweden,Mixed,Control,6-IS_M_C,3,11/15/21,3.22,0,10,0,0,0,0,0,15,0,0,0,0,25
6,E,12,Italy x Sweden,Mixed,Control,6-IS_M_C,3,12/17/21,3.23,0,1,0,0,0,0,0,6,0,0,0,0,7
3,E,13,Italy x Sweden,Non-Dormant,High Humidity,3-IS-ND-D,1,6/12/19,1.01,13,0,0,0,0,0,NA,NA,NA,NA,NA,NA,13
3,E,13,Italy x Sweden,Non-Dormant,High Humidity,3-IS-ND-D,1,6/16/19,1.02,12,0,0,0,0,0,NA,NA,NA,NA,NA,NA,12
3,E,13,Italy x Sweden,Non-Dormant,High Humidity,3-IS-ND-D,1,6/26/19,1.03,0,2,0,0,0,0,NA,0,0,0,0,0,2
3,E,13,Italy x Sweden,Non-Dormant,High Humidity,3-IS-ND-D,1,7/3/19,1.04,0,2,0,0,0,0,NA,0,0,0,0,0,2
3,E,13,Italy x Sweden,Non-Dormant,High Humidity,3-IS-ND-D,1,7/10/19,1.05,NA,1,0,0,0,0,NA,0,0,0,0,0,1
3,E,13,Italy x Sweden,Non-Dormant,High Humidity,3-IS-ND-D,1,7/17/19,1.06,0,1,0,0,0,0,NA,0,0,0,0,0,1
3,E,13,Italy x Sweden,Non-Dormant,High Humidity,3-IS-ND-D,1,7/24/19,1.07,0,1,0,0,0,0,NA,0,0,0,0,0,1
3,E,13,Italy x Sweden,Non-Dormant,High Humidity,3-IS-ND-D,1,7/31/19,1.08,0,0,0,0,0,0,NA,0,0,0,0,0,0
3,E,13,Italy x Sweden,Non-Dormant,High Humidity,3-IS-ND-D,1,8/7/19,1.09,0,0,0,0,0,0,NA,0,0,0,0,0,0
3,E,13,Italy x Sweden,Non-Dormant,High Humidity,3-IS-ND-D,1,8/15/19,1.1,0,0,0,0,0,0,NA,0,0,0,0,0,0
3,E,13,Italy x Sweden,Non-Dormant,High Humidity,3-IS-ND-D,1,8/20/19,1.11,0,0,0,0,0,0,NA,0,0,0,0,0,0
3,E,13,Italy x Sweden,Non-Dormant,High Humidity,3-IS-ND-D,1,8/28/19,1.12,0,0,0,0,0,0,NA,0,0,0,0,0,0
3,E,13,Italy x Sweden,Non-Dormant,High Humidity,3-IS-ND-D,1,9/4/19,1.13,0,0,0,0,0,0,NA,0,0,0,0,0,0
3,E,13,Italy x Sweden,Non-Dormant,High Humidity,3-IS-ND-D,1,9/11/19,1.14,0,0,0,0,0,0,NA,0,0,0,0,0,0
3,E,13,Italy x Sweden,Non-Dormant,High Humidity,3-IS-ND-D,1,9/18/19,1.15,0,0,0,0,0,0,NA,0,0,0,0,0,0
3,E,13,Italy x Sweden,Non-Dormant,High Humidity,3-IS-ND-D,1,9/25/19,1.16,0,0,0,0,0,0,NA,0,0,0,0,0,0
3,E,13,Italy x Sweden,Non-Dormant,High Humidity,3-IS-ND-D,1,10/2/19,1.17,0,0,0,0,0,0,NA,0,0,0,0,0,0
3,E,13,Italy x Sweden,Non-Dormant,High Humidity,3-IS-ND-D,1,10/9/19,1.18,0,0,0,0,0,0,NA,0,0,0,0,0,0
3,E,13,Italy x Sweden,Non-Dormant,High Humidity,3-IS-ND-D,1,10/18/19,1.19,0,0,0,0,0,0,NA,NA,NA,NA,NA,0,0
3,E,13,Italy x Sweden,Non-Dormant,High Humidity,3-IS-ND-D,1,10/23/19,1.2,0,0,0,0,0,0,NA,NA,NA,NA,NA,0,0
3,E,13,Italy x Sweden,Non-Dormant,High Humidity,3-IS-ND-D,1,11/6/19,1.22,1,0,0,0,0,0,NA,NA,NA,NA,NA,0,1
3,E,13,Italy x Sweden,Non-Dormant,High Humidity,3-IS-ND-D,1,11/20/19,1.23,0,0,0,0,0,0,NA,NA,NA,NA,NA,0,0
3,E,13,Italy x Sweden,Non-Dormant,High Humidity,3-IS-ND-D,1,12/4/19,1.24,1,0,0,0,0,0,NA,NA,NA,NA,NA,0,1
3,E,13,Italy x Sweden,Non-Dormant,High Humidity,3-IS-ND-D,1,12/20/19,1.25,0,0,0,0,0,0,NA,0,0,0,0,0,0
3,E,13,Italy x Sweden,Non-Dormant,High Humidity,3-IS-ND-D,1,2/10/20,1.26,0,0,0,0,0,0,NA,NA,0,0,0,0,0
3,E,13,Italy x Sweden,Non-Dormant,High Humidity,3-IS-ND-D,1,3/2/20,1.27,0,0,0,0,0,0,NA,NA,0,0,0,0,0
3,E,13,Italy x Sweden,Non-Dormant,High Humidity,3-IS-ND-D,1,5/5/20,1.29,0,0,0,0,0,0,NA,0,0,0,0,0,0
3,E,13,Italy x Sweden,Non-Dormant,High Humidity,3-IS-ND-D,2,5/27/20,2.01,0,0,0,0,0,0,0,0,0,0,0,0,0
3,E,13,Italy x Sweden,Non-Dormant,High Humidity,3-IS-ND-D,2,6/4/20,2.02,0,0,0,0,0,0,0,0,0,0,0,0,0
3,E,13,Italy x Sweden,Non-Dormant,High Humidity,3-IS-ND-D,2,7/23/20,2.03,0,0,0,0,0,0,0,0,0,0,0,0,0
3,E,13,Italy x Sweden,Non-Dormant,High Humidity,3-IS-ND-D,2,8/7/20,2.04,0,0,0,0,0,0,0,0,0,0,0,0,0
3,E,13,Italy x Sweden,Non-Dormant,High Humidity,3-IS-ND-D,2,8/13/20,2.05,0,0,0,0,0,0,0,0,0,0,0,0,0
3,E,13,Italy x Sweden,Non-Dormant,High Humidity,3-IS-ND-D,2,8/18/20,2.06,0,0,0,0,0,0,0,0,0,0,0,0,0
3,E,13,Italy x Sweden,Non-Dormant,High Humidity,3-IS-ND-D,2,8/25/20,2.07,0,0,0,0,0,0,0,0,0,0,0,0,0
3,E,13,Italy x Sweden,Non-Dormant,High Humidity,3-IS-ND-D,2,9/10/20,2.08,0,0,0,0,0,0,20,0,0,0,0,0,20
3,E,13,Italy x Sweden,Non-Dormant,High Humidity,3-IS-ND-D,2,9/18/20,2.09,89,0,0,0,0,0,50,0,0,0,0,0,139
3,E,13,Italy x Sweden,Non-Dormant,High Humidity,3-IS-ND-D,2,10/2/20,2.1,0,0,0,0,0,0,0,0,0,0,0,0,0
3,E,13,Italy x Sweden,Non-Dormant,High Humidity,3-IS-ND-D,2,10/19/20,2.11,0,0,0,0,0,0,0,0,0,0,0,0,0
3,E,13,Italy x Sweden,Non-Dormant,High Humidity,3-IS-ND-D,2,10/30/20,2.12,0,0,0,0,0,0,0,0,0,0,0,0,0
3,E,13,Italy x Sweden,Non-Dormant,High Humidity,3-IS-ND-D,2,11/13/20,2.13,0,0,0,0,0,0,0,0,0,0,0,0,0
3,E,13,Italy x Sweden,Non-Dormant,High Humidity,3-IS-ND-D,2,12/2/20,2.14,0,0,0,0,0,0,0,0,0,0,0,0,0
3,E,13,Italy x Sweden,Non-Dormant,High Humidity,3-IS-ND-D,2,12/17/20,2.15,0,0,0,0,0,0,0,0,0,0,0,0,0
3,E,13,Italy x Sweden,Non-Dormant,High Humidity,3-IS-ND-D,2,1/15/21,2.16,0,0,0,0,0,0,0,0,0,0,0,0,0
3,E,13,Italy x Sweden,Non-Dormant,High Humidity,3-IS-ND-D,2,2/1/21,2.17,0,0,0,0,0,0,0,0,0,0,0,0,0
3,E,13,Italy x Sweden,Non-Dormant,High Humidity,3-IS-ND-D,2,2/25/21,2.18,0,0,0,0,0,0,0,0,0,0,0,0,0
3,E,13,Italy x Sweden,Non-Dormant,High Humidity,3-IS-ND-D,2,3/8/21,2.19,0,0,0,0,0,0,0,0,0,0,0,0,0
3,E,13,Italy x Sweden,Non-Dormant,High Humidity,3-IS-ND-D,2,3/25/21,2.2,0,0,0,0,0,0,0,0,0,0,0,0,0
3,E,13,Italy x Sweden,Non-Dormant,High Humidity,3-IS-ND-D,2,4/8/21,2.21,0,0,0,0,0,0,0,0,0,0,0,0,0
3,E,13,Italy x Sweden,Non-Dormant,High Humidity,3-IS-ND-D,3,8/17/21,3.14,0,0,0,0,0,0,0,0,0,0,0,0,0
3,E,13,Italy x Sweden,Non-Dormant,High Humidity,3-IS-ND-D,3,8/25/21,3.15,0,0,0,0,0,0,0,0,0,0,0,0,0
3,E,13,Italy x Sweden,Non-Dormant,High Humidity,3-IS-ND-D,3,9/2/21,3.16,0,0,0,0,0,0,0,0,0,0,0,0,0
3,E,13,Italy x Sweden,Non-Dormant,High Humidity,3-IS-ND-D,3,9/8/21,3.17,0,0,0,0,0,0,0,0,0,0,0,0,0
3,E,13,Italy x Sweden,Non-Dormant,High Humidity,3-IS-ND-D,3,9/15/21,3.18,0,0,0,0,0,0,0,0,0,0,0,0,0
3,E,13,Italy x Sweden,Non-Dormant,High Humidity,3-IS-ND-D,3,9/22/21,3.19,0,0,0,0,0,0,0,0,0,0,0,0,0
3,E,13,Italy x Sweden,Non-Dormant,High Humidity,3-IS-ND-D,3,9/29/21,3.2,0,0,0,0,0,0,0,0,0,0,0,0,0
3,E,13,Italy x Sweden,Non-Dormant,High Humidity,3-IS-ND-D,3,10/13/21,3.21,0,3,0,0,0,0,0,0,0,0,0,0,3
3,E,13,Italy x Sweden,Non-Dormant,High Humidity,3-IS-ND-D,3,11/10/21,3.22,0,0,0,0,0,0,0,0,0,0,0,0,0
3,E,13,Italy x Sweden,Non-Dormant,High Humidity,3-IS-ND-D,3,12/17/21,3.23,0,0,0,0,0,0,0,0,0,0,0,0,0
4,F,1,Germany x Tajikistan,Dormant,Control,4-BS_D_C,1,6/12/19,1.01,NA,NA,NA,NA,NA,NA,NA,NA,NA,NA,NA,NA,NA
4,F,1,Germany x Tajikistan,Dormant,Control,4-BS_D_C,1,6/16/19,1.02,NA,NA,NA,NA,NA,NA,NA,NA,NA,NA,NA,NA,NA
4,F,1,Germany x Tajikistan,Dormant,Control,4-BS_D_C,1,6/26/19,1.03,NA,NA,NA,NA,NA,NA,NA,NA,NA,NA,NA,NA,NA
4,F,1,Germany x Tajikistan,Dormant,Control,4-BS_D_C,1,7/3/19,1.04,NA,NA,NA,NA,NA,NA,NA,NA,NA,NA,NA,NA,NA
4,F,1,Germany x Tajikistan,Dormant,Control,4-BS_D_C,1,7/10/19,1.05,NA,NA,NA,NA,NA,NA,NA,NA,NA,NA,NA,NA,NA
4,F,1,Germany x Tajikistan,Dormant,Control,4-BS_D_C,1,7/17/19,1.06,0,0,0,0,0,0,NA,0,0,0,0,0,0
4,F,1,Germany x Tajikistan,Dormant,Control,4-BS_D_C,1,7/24/19,1.07,0,0,0,0,0,0,NA,0,0,0,0,0,0
4,F,1,Germany x Tajikistan,Dormant,Control,4-BS_D_C,1,7/31/19,1.08,0,0,0,0,0,0,NA,0,0,0,0,0,0
4,F,1,Germany x Tajikistan,Dormant,Control,4-BS_D_C,1,8/7/19,1.09,0,0,0,0,0,0,NA,0,0,0,0,0,0
4,F,1,Germany x Tajikistan,Dormant,Control,4-BS_D_C,1,8/15/19,1.1,0,0,0,0,0,0,NA,0,0,0,0,0,0
4,F,1,Germany x Tajikistan,Dormant,Control,4-BS_D_C,1,8/20/19,1.11,0,0,0,0,0,0,NA,0,0,0,0,0,0
4,F,1,Germany x Tajikistan,Dormant,Control,4-BS_D_C,1,8/28/19,1.12,0,0,0,0,0,0,NA,0,0,0,0,0,0
4,F,1,Germany x Tajikistan,Dormant,Control,4-BS_D_C,1,9/4/19,1.13,0,0,0,0,0,0,NA,0,0,0,0,0,0
4,F,1,Germany x Tajikistan,Dormant,Control,4-BS_D_C,1,9/11/19,1.14,0,0,0,0,0,0,NA,0,0,0,0,0,0
4,F,1,Germany x Tajikistan,Dormant,Control,4-BS_D_C,1,9/18/19,1.15,0,0,0,0,0,0,NA,0,0,0,0,0,0
4,F,1,Germany x Tajikistan,Dormant,Control,4-BS_D_C,1,9/25/19,1.16,0,0,0,0,0,0,NA,0,0,0,0,0,0
4,F,1,Germany x Tajikistan,Dormant,Control,4-BS_D_C,1,10/2/19,1.17,0,0,0,0,0,0,NA,0,0,0,0,0,0
4,F,1,Germany x Tajikistan,Dormant,Control,4-BS_D_C,1,10/9/19,1.18,0,0,0,0,0,0,NA,0,0,0,0,0,0
4,F,1,Germany x Tajikistan,Dormant,Control,4-BS_D_C,1,10/18/19,1.19,0,0,0,0,0,0,NA,NA,NA,NA,NA,0,0
4,F,1,Germany x Tajikistan,Dormant,Control,4-BS_D_C,1,10/23/19,1.2,6,0,0,0,0,0,NA,NA,NA,NA,NA,0,6
4,F,1,Germany x Tajikistan,Dormant,Control,4-BS_D_C,1,11/6/19,1.22,6,0,0,0,0,0,NA,NA,NA,NA,NA,0,6
4,F,1,Germany x Tajikistan,Dormant,Control,4-BS_D_C,1,11/20/19,1.23,0,3,0,0,0,0,NA,NA,NA,NA,NA,0,3
4,F,1,Germany x Tajikistan,Dormant,Control,4-BS_D_C,1,12/4/19,1.24,0,3,0,0,0,0,NA,NA,NA,NA,NA,0,3
4,F,1,Germany x Tajikistan,Dormant,Control,4-BS_D_C,1,12/20/19,1.25,0,4,1,0,0,0,NA,4,0,0,0,0,9
4,F,1,Germany x Tajikistan,Dormant,Control,4-BS_D_C,1,2/10/20,1.26,0,0,0,0,0,0,NA,NA,0,0,0,0,0
4,F,1,Germany x Tajikistan,Dormant,Control,4-BS_D_C,1,3/2/20,1.27,0,0,0,0,0,0,NA,NA,0,0,0,0,0
4,F,1,Germany x Tajikistan,Dormant,Control,4-BS_D_C,1,5/5/20,1.29,0,0,0,0,0,0,NA,0,0,0,0,0,0
4,F,1,Germany x Tajikistan,Dormant,Control,4-BS_D_C,2,5/27/20,2.01,13,0,0,0,0,0,36,0,0,0,0,0,49
4,F,1,Germany x Tajikistan,Dormant,Control,4-BS_D_C,2,6/4/20,2.02,16,0,0,0,0,0,85,0,0,0,0,0,101
4,F,1,Germany x Tajikistan,Dormant,Control,4-BS_D_C,2,7/23/20,2.03,0,0,0,0,0,0,0,0,0,0,0,0,0
4,F,1,Germany x Tajikistan,Dormant,Control,4-BS_D_C,2,8/7/20,2.04,0,0,0,0,0,0,0,0,0,0,0,0,0
4,F,1,Germany x Tajikistan,Dormant,Control,4-BS_D_C,2,8/13/20,2.05,0,0,0,0,0,0,0,0,0,0,0,0,0
4,F,1,Germany x Tajikistan,Dormant,Control,4-BS_D_C,2,8/18/20,2.06,0,0,0,0,0,0,0,0,0,0,0,0,0
4,F,1,Germany x Tajikistan,Dormant,Control,4-BS_D_C,2,8/25/20,2.07,0,0,0,0,0,0,0,0,0,0,0,0,0
4,F,1,Germany x Tajikistan,Dormant,Control,4-BS_D_C,2,9/10/20,2.08,26,0,0,0,0,0,10,0,0,0,0,0,36
4,F,1,Germany x Tajikistan,Dormant,Control,4-BS_D_C,2,9/18/20,2.09,16,0,0,0,0,0,10,0,0,0,0,0,26
4,F,1,Germany x Tajikistan,Dormant,Control,4-BS_D_C,2,10/2/20,2.1,0,0,0,0,0,0,0,0,0,0,0,0,0
4,F,1,Germany x Tajikistan,Dormant,Control,4-BS_D_C,2,10/16/20,2.11,0,0,0,0,0,0,0,0,0,0,0,0,0
4,F,1,Germany x Tajikistan,Dormant,Control,4-BS_D_C,2,10/30/20,2.12,0,0,0,0,0,0,0,0,0,0,0,0,0
4,F,1,Germany x Tajikistan,Dormant,Control,4-BS_D_C,2,11/13/20,2.13,0,0,0,0,0,0,0,0,0,0,0,0,0
4,F,1,Germany x Tajikistan,Dormant,Control,4-BS_D_C,2,12/4/20,2.14,0,0,0,0,0,0,0,0,0,0,0,0,0
4,F,1,Germany x Tajikistan,Dormant,Control,4-BS_D_C,2,12/17/20,2.15,0,0,0,0,0,0,0,0,0,0,0,0,0
4,F,1,Germany x Tajikistan,Dormant,Control,4-BS_D_C,2,1/15/21,2.16,0,0,0,0,0,0,0,0,0,0,0,0,0
4,F,1,Germany x Tajikistan,Dormant,Control,4-BS_D_C,2,2/1/21,2.17,0,0,0,0,0,0,0,0,0,0,0,0,0
4,F,1,Germany x Tajikistan,Dormant,Control,4-BS_D_C,2,2/25/21,2.18,0,0,0,0,0,0,0,0,0,0,0,0,0
4,F,1,Germany x Tajikistan,Dormant,Control,4-BS_D_C,2,3/8/21,2.19,0,0,0,0,0,0,0,0,0,0,0,0,0
4,F,1,Germany x Tajikistan,Dormant,Control,4-BS_D_C,2,3/25/21,2.2,0,0,0,0,0,0,0,0,0,0,0,0,0
4,F,1,Germany x Tajikistan,Dormant,Control,4-BS_D_C,2,4/8/21,2.21,0,0,0,0,0,0,0,0,0,0,0,0,0
4,F,1,Germany x Tajikistan,Dormant,Control,4-BS_D_C,3,8/17/21,3.14,0,0,0,0,0,0,0,0,0,0,0,0,0
4,F,1,Germany x Tajikistan,Dormant,Control,4-BS_D_C,3,8/25/21,3.15,0,0,0,0,0,0,0,0,0,0,0,0,0
4,F,1,Germany x Tajikistan,Dormant,Control,4-BS_D_C,3,9/2/21,3.16,0,0,0,0,0,0,0,0,0,0,0,0,0
4,F,1,Germany x Tajikistan,Dormant,Control,4-BS_D_C,3,9/8/21,3.17,0,0,0,0,0,0,0,0,0,0,0,0,0
4,F,1,Germany x Tajikistan,Dormant,Control,4-BS_D_C,3,9/15/21,3.18,0,0,0,0,0,0,0,0,0,0,0,0,0
4,F,1,Germany x Tajikistan,Dormant,Control,4-BS_D_C,3,9/22/21,3.19,0,0,0,0,0,0,0,0,0,0,0,0,0
4,F,1,Germany x Tajikistan,Dormant,Control,4-BS_D_C,3,10/1/21,3.2,0,0,0,0,0,0,0,0,0,0,0,0,0
4,F,1,Germany x Tajikistan,Dormant,Control,4-BS_D_C,3,10/13/21,3.21,4,3,0,0,0,0,2,3,0,0,0,0,12
4,F,1,Germany x Tajikistan,Dormant,Control,4-BS_D_C,3,11/12/21,3.22,0,0,0,0,0,0,0,3,0,0,0,0,3
4,F,1,Germany x Tajikistan,Dormant,Control,4-BS_D_C,3,12/17/21,3.23,0,0,0,0,0,0,0,0,0,0,0,0,0
4,F,2,UK x USA,Non-Dormant,Control,4-TC_ND_C,1,6/12/19,1.01,NA,NA,NA,NA,NA,NA,NA,NA,NA,NA,NA,NA,NA
4,F,2,UK x USA,Non-Dormant,Control,4-TC_ND_C,1,6/16/19,1.02,NA,NA,NA,NA,NA,NA,NA,NA,NA,NA,NA,NA,NA
4,F,2,UK x USA,Non-Dormant,Control,4-TC_ND_C,1,6/26/19,1.03,NA,NA,NA,NA,NA,NA,NA,NA,NA,NA,NA,NA,NA
4,F,2,UK x USA,Non-Dormant,Control,4-TC_ND_C,1,7/3/19,1.04,NA,NA,NA,NA,NA,NA,NA,NA,NA,NA,NA,NA,NA
4,F,2,UK x USA,Non-Dormant,Control,4-TC_ND_C,1,7/10/19,1.05,NA,NA,NA,NA,NA,NA,NA,NA,NA,NA,NA,NA,NA
4,F,2,UK x USA,Non-Dormant,Control,4-TC_ND_C,1,7/17/19,1.06,0,0,0,0,0,0,NA,0,0,0,0,0,0
4,F,2,UK x USA,Non-Dormant,Control,4-TC_ND_C,1,7/24/19,1.07,0,0,0,0,0,0,NA,0,0,0,0,0,0
4,F,2,UK x USA,Non-Dormant,Control,4-TC_ND_C,1,7/31/19,1.08,0,0,0,0,0,0,NA,0,0,0,0,0,0
4,F,2,UK x USA,Non-Dormant,Control,4-TC_ND_C,1,8/7/19,1.09,0,0,0,0,0,0,NA,0,0,0,0,0,0
4,F,2,UK x USA,Non-Dormant,Control,4-TC_ND_C,1,8/15/19,1.1,0,0,0,0,0,0,NA,0,0,0,0,0,0
4,F,2,UK x USA,Non-Dormant,Control,4-TC_ND_C,1,8/20/19,1.11,0,0,0,0,0,0,NA,0,0,0,0,0,0
4,F,2,UK x USA,Non-Dormant,Control,4-TC_ND_C,1,8/28/19,1.12,0,0,0,0,0,0,NA,0,0,0,0,0,0
4,F,2,UK x USA,Non-Dormant,Control,4-TC_ND_C,1,9/4/19,1.13,0,0,0,0,0,0,NA,0,0,0,0,0,0
4,F,2,UK x USA,Non-Dormant,Control,4-TC_ND_C,1,9/11/19,1.14,0,0,0,0,0,0,NA,0,0,0,0,0,0
4,F,2,UK x USA,Non-Dormant,Control,4-TC_ND_C,1,9/18/19,1.15,0,0,0,0,0,0,NA,0,0,0,0,0,0
4,F,2,UK x USA,Non-Dormant,Control,4-TC_ND_C,1,9/25/19,1.16,0,0,0,0,0,0,NA,0,0,0,0,0,0
4,F,2,UK x USA,Non-Dormant,Control,4-TC_ND_C,1,10/2/19,1.17,0,0,0,0,0,0,NA,0,0,0,0,0,0
4,F,2,UK x USA,Non-Dormant,Control,4-TC_ND_C,1,10/9/19,1.18,0,0,0,0,0,0,NA,0,0,0,0,0,0
4,F,2,UK x USA,Non-Dormant,Control,4-TC_ND_C,1,10/18/19,1.19,0,0,0,0,0,0,NA,NA,NA,NA,NA,0,0
4,F,2,UK x USA,Non-Dormant,Control,4-TC_ND_C,1,10/23/19,1.2,4,0,0,0,0,0,NA,NA,NA,NA,NA,0,4
4,F,2,UK x USA,Non-Dormant,Control,4-TC_ND_C,1,11/6/19,1.22,0,0,0,0,0,0,NA,NA,NA,NA,NA,0,0
4,F,2,UK x USA,Non-Dormant,Control,4-TC_ND_C,1,11/20/19,1.23,0,0,0,0,0,0,NA,NA,NA,NA,NA,0,0
4,F,2,UK x USA,Non-Dormant,Control,4-TC_ND_C,1,12/4/19,1.24,0,1,0,0,0,0,NA,NA,NA,NA,NA,0,1
4,F,2,UK x USA,Non-Dormant,Control,4-TC_ND_C,1,12/20/19,1.25,2,2,0,0,0,0,NA,1,0,0,0,0,5
4,F,2,UK x USA,Non-Dormant,Control,4-TC_ND_C,1,2/10/20,1.26,1,0,0,0,0,0,NA,NA,0,0,0,0,1
4,F,2,UK x USA,Non-Dormant,Control,4-TC_ND_C,1,3/2/20,1.27,0,1,0,0,0,0,NA,NA,0,1,0,0,2
4,F,2,UK x USA,Non-Dormant,Control,4-TC_ND_C,1,5/5/20,1.29,0,0,0,0,0,1,NA,0,0,0,0,1,2
4,F,2,UK x USA,Non-Dormant,Control,4-TC_ND_C,2,5/27/20,2.01,1,0,0,0,0,0,0,0,0,0,0,0,1
4,F,2,UK x USA,Non-Dormant,Control,4-TC_ND_C,2,6/4/20,2.02,0,0,0,0,0,0,0,0,0,0,0,0,0
4,F,2,UK x USA,Non-Dormant,Control,4-TC_ND_C,2,7/23/20,2.03,0,0,0,0,0,0,0,0,0,0,0,0,0
4,F,2,UK x USA,Non-Dormant,Control,4-TC_ND_C,2,8/7/20,2.04,0,0,0,0,0,0,0,0,0,0,0,0,0
4,F,2,UK x USA,Non-Dormant,Control,4-TC_ND_C,2,8/13/20,2.05,0,0,0,0,0,0,0,0,0,0,0,0,0
4,F,2,UK x USA,Non-Dormant,Control,4-TC_ND_C,2,8/18/20,2.06,0,0,0,0,0,0,0,0,0,0,0,0,0
4,F,2,UK x USA,Non-Dormant,Control,4-TC_ND_C,2,8/25/20,2.07,0,0,0,0,0,0,0,0,0,0,0,0,0
4,F,2,UK x USA,Non-Dormant,Control,4-TC_ND_C,2,9/10/20,2.08,18,0,0,0,0,0,0,0,0,0,0,0,18
4,F,2,UK x USA,Non-Dormant,Control,4-TC_ND_C,2,9/18/20,2.09,35,0,0,0,0,0,35,0,0,0,0,0,70
4,F,2,UK x USA,Non-Dormant,Control,4-TC_ND_C,2,10/2/20,2.1,0,0,0,0,0,0,0,0,0,0,0,0,0
4,F,2,UK x USA,Non-Dormant,Control,4-TC_ND_C,2,10/16/20,2.11,0,0,0,0,0,0,0,0,0,0,0,0,0
4,F,2,UK x USA,Non-Dormant,Control,4-TC_ND_C,2,10/30/20,2.12,0,0,0,0,0,0,0,0,0,0,0,0,0
4,F,2,UK x USA,Non-Dormant,Control,4-TC_ND_C,2,11/13/20,2.13,0,0,0,0,0,0,0,0,0,0,0,0,0
4,F,2,UK x USA,Non-Dormant,Control,4-TC_ND_C,2,12/4/20,2.14,0,0,0,0,0,0,0,0,0,0,0,0,0
4,F,2,UK x USA,Non-Dormant,Control,4-TC_ND_C,2,12/17/20,2.15,0,0,0,0,0,0,0,0,0,0,0,0,0
4,F,2,UK x USA,Non-Dormant,Control,4-TC_ND_C,2,1/15/21,2.16,0,0,0,0,0,0,0,0,0,0,0,0,0
4,F,2,UK x USA,Non-Dormant,Control,4-TC_ND_C,2,2/1/21,2.17,0,0,0,0,0,0,0,0,0,0,0,0,0
4,F,2,UK x USA,Non-Dormant,Control,4-TC_ND_C,2,2/25/21,2.18,0,0,0,0,0,0,0,0,0,0,0,0,0
4,F,2,UK x USA,Non-Dormant,Control,4-TC_ND_C,2,3/8/21,2.19,0,0,0,0,0,0,0,0,0,0,0,0,0
4,F,2,UK x USA,Non-Dormant,Control,4-TC_ND_C,2,3/25/21,2.2,0,0,0,0,0,0,0,0,0,0,0,0,0
4,F,2,UK x USA,Non-Dormant,Control,4-TC_ND_C,2,4/8/21,2.21,0,0,0,0,0,0,0,0,0,0,0,0,0
4,F,2,UK x USA,Non-Dormant,Control,4-TC_ND_C,3,8/17/21,3.14,0,0,0,0,0,0,0,0,0,0,0,0,0
4,F,2,UK x USA,Non-Dormant,Control,4-TC_ND_C,3,8/25/21,3.15,0,0,0,0,0,0,0,0,0,0,0,0,0
4,F,2,UK x USA,Non-Dormant,Control,4-TC_ND_C,3,9/2/21,3.16,0,0,0,0,0,0,0,0,0,0,0,0,0
4,F,2,UK x USA,Non-Dormant,Control,4-TC_ND_C,3,9/8/21,3.17,0,0,0,0,0,0,0,0,0,0,0,0,0
4,F,2,UK x USA,Non-Dormant,Control,4-TC_ND_C,3,9/15/21,3.18,0,0,0,0,0,0,0,0,0,0,0,0,0
4,F,2,UK x USA,Non-Dormant,Control,4-TC_ND_C,3,9/22/21,3.19,0,0,0,0,0,0,0,0,0,0,0,0,0
4,F,2,UK x USA,Non-Dormant,Control,4-TC_ND_C,3,10/1/21,3.2,1,0,0,0,0,0,0,0,0,0,0,0,1
4,F,2,UK x USA,Non-Dormant,Control,4-TC_ND_C,3,10/13/21,3.21,0,0,0,0,0,0,0,0,0,0,0,0,0
4,F,2,UK x USA,Non-Dormant,Control,4-TC_ND_C,3,11/12/21,3.22,0,0,0,0,0,0,0,0,0,0,0,0,0
4,F,2,UK x USA,Non-Dormant,Control,4-TC_ND_C,3,12/17/21,3.23,0,0,0,0,0,0,0,0,0,0,0,0,0
4,F,3,Italy x Sweden,Dormant,High Humidity,4-IS_D_D,1,6/12/19,1.01,0,0,0,0,0,0,NA,NA,NA,NA,NA,NA,0
4,F,3,Italy x Sweden,Dormant,High Humidity,4-IS_D_D,1,6/16/19,1.02,0,0,0,0,0,0,NA,NA,NA,NA,NA,NA,0
4,F,3,Italy x Sweden,Dormant,High Humidity,4-IS_D_D,1,6/26/19,1.03,0,0,0,0,0,0,NA,0,0,0,0,0,0
4,F,3,Italy x Sweden,Dormant,High Humidity,4-IS_D_D,1,7/3/19,1.04,0,0,0,0,0,0,NA,0,0,0,0,0,0
4,F,3,Italy x Sweden,Dormant,High Humidity,4-IS_D_D,1,7/10/19,1.05,NA,0,0,0,0,0,NA,0,0,0,0,0,0
4,F,3,Italy x Sweden,Dormant,High Humidity,4-IS_D_D,1,7/17/19,1.06,0,0,0,0,0,0,NA,0,0,0,0,0,0
4,F,3,Italy x Sweden,Dormant,High Humidity,4-IS_D_D,1,7/24/19,1.07,0,0,0,0,0,0,NA,0,0,0,0,0,0
4,F,3,Italy x Sweden,Dormant,High Humidity,4-IS_D_D,1,7/31/19,1.08,0,0,0,0,0,0,NA,0,0,0,0,0,0
4,F,3,Italy x Sweden,Dormant,High Humidity,4-IS_D_D,1,8/7/19,1.09,0,0,0,0,0,0,NA,0,0,0,0,0,0
4,F,3,Italy x Sweden,Dormant,High Humidity,4-IS_D_D,1,8/15/19,1.1,0,0,0,0,0,0,NA,0,0,0,0,0,0
4,F,3,Italy x Sweden,Dormant,High Humidity,4-IS_D_D,1,8/20/19,1.11,0,0,0,0,0,0,NA,0,0,0,0,0,0
4,F,3,Italy x Sweden,Dormant,High Humidity,4-IS_D_D,1,8/28/19,1.12,0,0,0,0,0,0,NA,0,0,0,0,0,0
4,F,3,Italy x Sweden,Dormant,High Humidity,4-IS_D_D,1,9/4/19,1.13,0,0,0,0,0,0,NA,0,0,0,0,0,0
4,F,3,Italy x Sweden,Dormant,High Humidity,4-IS_D_D,1,9/11/19,1.14,0,0,0,0,0,0,NA,0,0,0,0,0,0
4,F,3,Italy x Sweden,Dormant,High Humidity,4-IS_D_D,1,9/18/19,1.15,0,0,0,0,0,0,NA,0,0,0,0,0,0
4,F,3,Italy x Sweden,Dormant,High Humidity,4-IS_D_D,1,9/25/19,1.16,0,0,0,0,0,0,NA,0,0,0,0,0,0
4,F,3,Italy x Sweden,Dormant,High Humidity,4-IS_D_D,1,10/2/19,1.17,0,0,0,0,0,0,NA,0,0,0,0,0,0
4,F,3,Italy x Sweden,Dormant,High Humidity,4-IS_D_D,1,10/9/19,1.18,0,0,0,0,0,0,NA,0,0,0,0,0,0
4,F,3,Italy x Sweden,Dormant,High Humidity,4-IS_D_D,1,10/18/19,1.19,0,0,0,0,0,0,NA,NA,NA,NA,NA,0,0
4,F,3,Italy x Sweden,Dormant,High Humidity,4-IS_D_D,1,10/23/19,1.2,27,2,0,0,0,0,NA,NA,NA,NA,NA,0,29
4,F,3,Italy x Sweden,Dormant,High Humidity,4-IS_D_D,1,11/6/19,1.22,1,4,0,0,0,0,NA,NA,NA,NA,NA,0,5
4,F,3,Italy x Sweden,Dormant,High Humidity,4-IS_D_D,1,11/20/19,1.23,4,19,0,0,0,0,NA,NA,NA,NA,NA,0,23
4,F,3,Italy x Sweden,Dormant,High Humidity,4-IS_D_D,1,12/4/19,1.24,4,28,0,0,0,0,NA,NA,NA,NA,NA,0,32
4,F,3,Italy x Sweden,Dormant,High Humidity,4-IS_D_D,1,12/20/19,1.25,1,38,0,0,0,0,NA,50,0,0,0,0,89
4,F,3,Italy x Sweden,Dormant,High Humidity,4-IS_D_D,1,2/10/20,1.26,0,0,0,6,6,0,NA,NA,0,6,8,0,26
4,F,3,Italy x Sweden,Dormant,High Humidity,4-IS_D_D,1,3/2/20,1.27,0,0,2,4,19,0,NA,NA,0,2,49,0,76
4,F,3,Italy x Sweden,Dormant,High Humidity,4-IS_D_D,1,5/5/20,1.29,0,0,0,0,0,19,NA,0,0,0,0,16,35
4,F,3,Italy x Sweden,Dormant,High Humidity,4-IS_D_D,2,5/27/20,2.01,2,0,0,0,0,0,1,0,0,0,0,0,3
4,F,3,Italy x Sweden,Dormant,High Humidity,4-IS_D_D,2,6/4/20,2.02,0,0,0,0,0,0,0,0,0,0,0,0,0
4,F,3,Italy x Sweden,Dormant,High Humidity,4-IS_D_D,2,7/23/20,2.03,0,0,0,0,0,0,0,0,0,0,0,0,0
4,F,3,Italy x Sweden,Dormant,High Humidity,4-IS_D_D,2,8/7/20,2.04,0,0,0,0,0,0,0,0,0,0,0,0,0
4,F,3,Italy x Sweden,Dormant,High Humidity,4-IS_D_D,2,8/13/20,2.05,0,0,0,0,0,0,0,0,0,0,0,0,0
4,F,3,Italy x Sweden,Dormant,High Humidity,4-IS_D_D,2,8/18/20,2.06,0,0,0,0,0,0,0,0,0,0,0,0,0
4,F,3,Italy x Sweden,Dormant,High Humidity,4-IS_D_D,2,8/25/20,2.07,0,0,0,0,0,0,0,0,0,0,0,0,0
4,F,3,Italy x Sweden,Dormant,High Humidity,4-IS_D_D,2,9/10/20,2.08,0,0,0,0,0,0,0,0,0,0,0,0,0
4,F,3,Italy x Sweden,Dormant,High Humidity,4-IS_D_D,2,9/18/20,2.09,15,0,0,0,0,0,40,0,0,0,0,0,55
4,F,3,Italy x Sweden,Dormant,High Humidity,4-IS_D_D,2,10/2/20,2.1,131,0,0,0,0,0,30,0,0,0,0,0,161
4,F,3,Italy x Sweden,Dormant,High Humidity,4-IS_D_D,2,10/16/20,2.11,168,0,0,0,0,0,10,1,0,0,0,0,179
4,F,3,Italy x Sweden,Dormant,High Humidity,4-IS_D_D,2,10/30/20,2.12,44,0,0,0,0,0,10,15,0,0,0,0,69
4,F,3,Italy x Sweden,Dormant,High Humidity,4-IS_D_D,2,11/13/20,2.13,0,0,0,0,0,0,10,5,0,0,0,0,15
4,F,3,Italy x Sweden,Dormant,High Humidity,4-IS_D_D,2,12/4/20,2.14,4,0,0,0,0,0,10,5,0,0,0,0,19
4,F,3,Italy x Sweden,Dormant,High Humidity,4-IS_D_D,2,12/17/20,2.15,36,0,0,0,0,0,0,8,0,0,0,0,44
4,F,3,Italy x Sweden,Dormant,High Humidity,4-IS_D_D,2,1/15/21,2.16,0,0,0,0,0,0,2,20,0,0,0,0,22
4,F,3,Italy x Sweden,Dormant,High Humidity,4-IS_D_D,2,2/1/21,2.17,0,0,0,0,0,0,0,5,0,0,0,0,5
4,F,3,Italy x Sweden,Dormant,High Humidity,4-IS_D_D,2,2/25/21,2.18,0,0,0,0,0,0,0,5,0,0,0,0,5
4,F,3,Italy x Sweden,Dormant,High Humidity,4-IS_D_D,2,3/8/21,2.19,0,0,0,0,0,0,0,0,1,5,2,0,8
4,F,3,Italy x Sweden,Dormant,High Humidity,4-IS_D_D,2,3/25/21,2.2,0,0,0,0,0,0,0,0,0,1,12,0,13
4,F,3,Italy x Sweden,Dormant,High Humidity,4-IS_D_D,2,4/8/21,2.21,0,0,0,0,0,0,0,0,0,0,9,0,9
4,F,3,Italy x Sweden,Dormant,High Humidity,4-IS_D_D,3,8/17/21,3.14,0,0,0,0,0,0,0,0,0,0,0,0,0
4,F,3,Italy x Sweden,Dormant,High Humidity,4-IS_D_D,3,8/25/21,3.15,0,0,0,0,0,0,0,0,0,0,0,0,0
4,F,3,Italy x Sweden,Dormant,High Humidity,4-IS_D_D,3,9/2/21,3.16,0,0,0,0,0,0,0,0,0,0,0,0,0
4,F,3,Italy x Sweden,Dormant,High Humidity,4-IS_D_D,3,9/8/21,3.17,0,0,0,0,0,0,0,0,0,0,0,0,0
4,F,3,Italy x Sweden,Dormant,High Humidity,4-IS_D_D,3,9/15/21,3.18,0,0,0,0,0,0,0,0,0,0,0,0,0
4,F,3,Italy x Sweden,Dormant,High Humidity,4-IS_D_D,3,9/22/21,3.19,0,0,0,0,0,0,0,0,0,0,0,0,0
4,F,3,Italy x Sweden,Dormant,High Humidity,4-IS_D_D,3,10/1/21,3.2,267,0,0,0,0,0,886,6,0,0,0,0,1159
4,F,3,Italy x Sweden,Dormant,High Humidity,4-IS_D_D,3,10/13/21,3.21,294,344,0,0,0,0,509,755,0,0,0,0,1902
4,F,3,Italy x Sweden,Dormant,High Humidity,4-IS_D_D,3,11/12/21,3.22,99,352,0,0,0,0,122,694,0,0,0,0,1267
4,F,3,Italy x Sweden,Dormant,High Humidity,4-IS_D_D,3,12/17/21,3.23,18,291,0,0,0,0,4,490,0,0,0,0,803
4,F,4,Italy x Sweden,Mixed,High Humidity,4-IS_M_D,1,6/12/19,1.01,3,0,0,0,0,0,NA,NA,NA,NA,NA,NA,3
4,F,4,Italy x Sweden,Mixed,High Humidity,4-IS_M_D,1,6/16/19,1.02,3,0,0,0,0,0,NA,NA,NA,NA,NA,NA,3
4,F,4,Italy x Sweden,Mixed,High Humidity,4-IS_M_D,1,6/26/19,1.03,0,0,0,0,0,0,NA,0,0,0,0,0,0
4,F,4,Italy x Sweden,Mixed,High Humidity,4-IS_M_D,1,7/3/19,1.04,0,0,0,0,0,0,NA,0,0,0,0,0,0
4,F,4,Italy x Sweden,Mixed,High Humidity,4-IS_M_D,1,7/10/19,1.05,NA,0,0,0,0,0,NA,0,0,0,0,0,0
4,F,4,Italy x Sweden,Mixed,High Humidity,4-IS_M_D,1,7/17/19,1.06,0,0,0,0,0,0,NA,0,0,0,0,0,0
4,F,4,Italy x Sweden,Mixed,High Humidity,4-IS_M_D,1,7/24/19,1.07,0,0,0,0,0,0,NA,0,0,0,0,0,0
4,F,4,Italy x Sweden,Mixed,High Humidity,4-IS_M_D,1,7/31/19,1.08,0,0,0,0,0,0,NA,0,0,0,0,0,0
4,F,4,Italy x Sweden,Mixed,High Humidity,4-IS_M_D,1,8/7/19,1.09,0,0,0,0,0,0,NA,0,0,0,0,0,0
4,F,4,Italy x Sweden,Mixed,High Humidity,4-IS_M_D,1,8/15/19,1.1,0,0,0,0,0,0,NA,0,0,0,0,0,0
4,F,4,Italy x Sweden,Mixed,High Humidity,4-IS_M_D,1,8/20/19,1.11,0,0,0,0,0,0,NA,0,0,0,0,0,0
4,F,4,Italy x Sweden,Mixed,High Humidity,4-IS_M_D,1,8/28/19,1.12,0,0,0,0,0,0,NA,0,0,0,0,0,0
4,F,4,Italy x Sweden,Mixed,High Humidity,4-IS_M_D,1,9/4/19,1.13,0,0,0,0,0,0,NA,0,0,0,0,0,0
4,F,4,Italy x Sweden,Mixed,High Humidity,4-IS_M_D,1,9/11/19,1.14,0,0,0,0,0,0,NA,0,0,0,0,0,0
4,F,4,Italy x Sweden,Mixed,High Humidity,4-IS_M_D,1,9/18/19,1.15,0,0,0,0,0,0,NA,0,0,0,0,0,0
4,F,4,Italy x Sweden,Mixed,High Humidity,4-IS_M_D,1,9/25/19,1.16,0,0,0,0,0,0,NA,0,0,0,0,0,0
4,F,4,Italy x Sweden,Mixed,High Humidity,4-IS_M_D,1,10/2/19,1.17,0,0,0,0,0,0,NA,0,0,0,0,0,0
4,F,4,Italy x Sweden,Mixed,High Humidity,4-IS_M_D,1,10/9/19,1.18,0,0,0,0,0,0,NA,0,0,0,0,0,0
4,F,4,Italy x Sweden,Mixed,High Humidity,4-IS_M_D,1,10/18/19,1.19,0,0,0,0,0,0,NA,NA,NA,NA,NA,0,0
4,F,4,Italy x Sweden,Mixed,High Humidity,4-IS_M_D,1,10/23/19,1.2,10,0,0,0,0,0,NA,NA,NA,NA,NA,0,10
4,F,4,Italy x Sweden,Mixed,High Humidity,4-IS_M_D,1,11/6/19,1.22,0,3,0,0,0,0,NA,NA,NA,NA,NA,0,3
4,F,4,Italy x Sweden,Mixed,High Humidity,4-IS_M_D,1,11/20/19,1.23,1,15,0,0,0,0,NA,NA,NA,NA,NA,0,16
4,F,4,Italy x Sweden,Mixed,High Humidity,4-IS_M_D,1,12/4/19,1.24,1,15,0,0,0,0,NA,NA,NA,NA,NA,0,16
4,F,4,Italy x Sweden,Mixed,High Humidity,4-IS_M_D,1,12/20/19,1.25,0,27,0,0,0,0,NA,20,0,0,0,0,47
4,F,4,Italy x Sweden,Mixed,High Humidity,4-IS_M_D,1,2/10/20,1.26,0,13,6,6,1,0,NA,NA,1,7,1,0,35
4,F,4,Italy x Sweden,Mixed,High Humidity,4-IS_M_D,1,3/2/20,1.27,0,0,0,5,11,0,NA,NA,0,7,11,0,34
4,F,4,Italy x Sweden,Mixed,High Humidity,4-IS_M_D,1,5/5/20,1.29,0,0,0,0,0,9,NA,0,0,0,0,17,26
4,F,4,Italy x Sweden,Mixed,High Humidity,4-IS_M_D,2,5/27/20,2.01,2,0,0,0,0,0,4,0,0,0,0,0,6
4,F,4,Italy x Sweden,Mixed,High Humidity,4-IS_M_D,2,6/4/20,2.02,0,0,0,0,0,0,0,0,0,0,0,0,0
4,F,4,Italy x Sweden,Mixed,High Humidity,4-IS_M_D,2,7/23/20,2.03,0,0,0,0,0,0,0,0,0,0,0,0,0
4,F,4,Italy x Sweden,Mixed,High Humidity,4-IS_M_D,2,8/7/20,2.04,0,0,0,0,0,0,0,0,0,0,0,0,0
4,F,4,Italy x Sweden,Mixed,High Humidity,4-IS_M_D,2,8/13/20,2.05,0,0,0,0,0,0,0,0,0,0,0,0,0
4,F,4,Italy x Sweden,Mixed,High Humidity,4-IS_M_D,2,8/18/20,2.06,0,0,0,0,0,0,0,0,0,0,0,0,0
4,F,4,Italy x Sweden,Mixed,High Humidity,4-IS_M_D,2,8/25/20,2.07,0,0,0,0,0,0,0,0,0,0,0,0,0
4,F,4,Italy x Sweden,Mixed,High Humidity,4-IS_M_D,2,9/10/20,2.08,NA,NA,0,0,0,NA,NA,NA,0,0,0,NA,0
4,F,4,Italy x Sweden,Mixed,High Humidity,4-IS_M_D,2,9/18/20,2.09,0,0,0,0,0,0,20,0,0,0,0,0,20
4,F,4,Italy x Sweden,Mixed,High Humidity,4-IS_M_D,2,10/2/20,2.1,167,1,0,0,0,0,30,0,0,0,0,0,198
4,F,4,Italy x Sweden,Mixed,High Humidity,4-IS_M_D,2,10/16/20,2.11,228,0,0,0,0,0,55,5,0,0,0,0,288
4,F,4,Italy x Sweden,Mixed,High Humidity,4-IS_M_D,2,10/30/20,2.12,41,5,0,0,0,0,15,10,0,0,0,0,71
4,F,4,Italy x Sweden,Mixed,High Humidity,4-IS_M_D,2,11/13/20,2.13,75,6,0,0,0,0,15,5,0,0,0,0,101
4,F,4,Italy x Sweden,Mixed,High Humidity,4-IS_M_D,2,12/4/20,2.14,12,4,0,0,0,0,5,15,0,0,0,0,36
4,F,4,Italy x Sweden,Mixed,High Humidity,4-IS_M_D,2,12/17/20,2.15,26,2,0,0,0,0,12,16,0,0,0,0,56
4,F,4,Italy x Sweden,Mixed,High Humidity,4-IS_M_D,2,1/15/21,2.16,0,0,0,0,0,0,1,15,0,0,0,0,16
4,F,4,Italy x Sweden,Mixed,High Humidity,4-IS_M_D,2,2/1/21,2.17,0,0,0,0,0,0,0,5,0,0,0,0,5
4,F,4,Italy x Sweden,Mixed,High Humidity,4-IS_M_D,2,2/25/21,2.18,0,0,0,0,0,0,0,11,3,1,0,0,15
4,F,4,Italy x Sweden,Mixed,High Humidity,4-IS_M_D,2,3/8/21,2.19,0,0,0,0,0,0,0,2,1,11,1,0,15
4,F,4,Italy x Sweden,Mixed,High Humidity,4-IS_M_D,2,3/25/21,2.2,0,0,0,0,0,0,0,0,0,5,25,0,30
4,F,4,Italy x Sweden,Mixed,High Humidity,4-IS_M_D,2,4/8/21,2.21,0,0,0,0,0,0,0,0,0,0,10,0,10
4,F,4,Italy x Sweden,Mixed,High Humidity,4-IS_M_D,3,8/17/21,3.14,0,0,0,0,0,0,0,0,0,0,0,0,0
4,F,4,Italy x Sweden,Mixed,High Humidity,4-IS_M_D,3,8/25/21,3.15,0,0,0,0,0,0,0,0,0,0,0,0,0
4,F,4,Italy x Sweden,Mixed,High Humidity,4-IS_M_D,3,9/2/21,3.16,0,0,0,0,0,0,0,0,0,0,0,0,0
4,F,4,Italy x Sweden,Mixed,High Humidity,4-IS_M_D,3,9/8/21,3.17,0,0,0,0,0,0,0,0,0,0,0,0,0
4,F,4,Italy x Sweden,Mixed,High Humidity,4-IS_M_D,3,9/15/21,3.18,0,0,0,0,0,0,0,0,0,0,0,0,0
4,F,4,Italy x Sweden,Mixed,High Humidity,4-IS_M_D,3,9/22/21,3.19,0,0,0,0,0,0,0,0,0,0,0,0,0
4,F,4,Italy x Sweden,Mixed,High Humidity,4-IS_M_D,3,10/1/21,3.2,163,0,0,0,0,0,364,3,0,0,0,0,530
4,F,4,Italy x Sweden,Mixed,High Humidity,4-IS_M_D,3,10/13/21,3.21,166,241,0,0,0,0,531,530,0,0,0,0,1468
4,F,4,Italy x Sweden,Mixed,High Humidity,4-IS_M_D,3,11/12/21,3.22,37,326,0,0,0,0,157,719,0,0,0,0,1239
4,F,4,Italy x Sweden,Mixed,High Humidity,4-IS_M_D,3,12/17/21,3.23,2,283,0,0,0,0,6,535,0,0,0,0,826
2,F,6,Italy x Sweden,Dormant,Native Soil,2-IS-D-Soil,1,6/12/19,1.01,0,0,0,0,0,0,NA,NA,NA,NA,NA,NA,0
2,F,6,Italy x Sweden,Dormant,Native Soil,2-IS-D-Soil,1,6/16/19,1.02,0,0,0,0,0,0,NA,NA,NA,NA,NA,NA,0
2,F,6,Italy x Sweden,Dormant,Native Soil,2-IS-D-Soil,1,6/26/19,1.03,0,0,0,0,0,0,NA,0,0,0,0,0,0
2,F,6,Italy x Sweden,Dormant,Native Soil,2-IS-D-Soil,1,7/3/19,1.04,0,0,0,0,0,0,NA,0,0,0,0,0,0
2,F,6,Italy x Sweden,Dormant,Native Soil,2-IS-D-Soil,1,7/10/19,1.05,NA,0,0,0,0,0,NA,0,0,0,0,0,0
2,F,6,Italy x Sweden,Dormant,Native Soil,2-IS-D-Soil,1,7/17/19,1.06,0,0,0,0,0,0,NA,0,0,0,0,0,0
2,F,6,Italy x Sweden,Dormant,Native Soil,2-IS-D-Soil,1,7/24/19,1.07,0,0,0,0,0,0,NA,0,0,0,0,0,0
2,F,6,Italy x Sweden,Dormant,Native Soil,2-IS-D-Soil,1,7/31/19,1.08,0,0,0,0,0,0,NA,0,0,0,0,0,0
2,F,6,Italy x Sweden,Dormant,Native Soil,2-IS-D-Soil,1,8/7/19,1.09,0,0,0,0,0,0,NA,0,0,0,0,0,0
2,F,6,Italy x Sweden,Dormant,Native Soil,2-IS-D-Soil,1,8/15/19,1.1,0,0,0,0,0,0,NA,0,0,0,0,0,0
2,F,6,Italy x Sweden,Dormant,Native Soil,2-IS-D-Soil,1,8/20/19,1.11,0,0,0,0,0,0,NA,0,0,0,0,0,0
2,F,6,Italy x Sweden,Dormant,Native Soil,2-IS-D-Soil,1,8/28/19,1.12,0,0,0,0,0,0,NA,0,0,0,0,0,0
2,F,6,Italy x Sweden,Dormant,Native Soil,2-IS-D-Soil,1,9/4/19,1.13,0,0,0,0,0,0,NA,0,0,0,0,0,0
2,F,6,Italy x Sweden,Dormant,Native Soil,2-IS-D-Soil,1,9/11/19,1.14,0,0,0,0,0,0,NA,0,0,0,0,0,0
2,F,6,Italy x Sweden,Dormant,Native Soil,2-IS-D-Soil,1,9/18/19,1.15,0,0,0,0,0,0,NA,0,0,0,0,0,0
2,F,6,Italy x Sweden,Dormant,Native Soil,2-IS-D-Soil,1,9/25/19,1.16,0,0,0,0,0,0,NA,0,0,0,0,0,0
2,F,6,Italy x Sweden,Dormant,Native Soil,2-IS-D-Soil,1,10/2/19,1.17,0,0,0,0,0,0,NA,0,0,0,0,0,0
2,F,6,Italy x Sweden,Dormant,Native Soil,2-IS-D-Soil,1,10/9/19,1.18,0,0,0,0,0,0,NA,0,0,0,0,0,0
2,F,6,Italy x Sweden,Dormant,Native Soil,2-IS-D-Soil,1,10/18/19,1.19,0,0,0,0,0,0,NA,NA,NA,NA,NA,0,0
2,F,6,Italy x Sweden,Dormant,Native Soil,2-IS-D-Soil,1,10/23/19,1.2,2,0,0,0,0,0,NA,NA,NA,NA,NA,0,2
2,F,6,Italy x Sweden,Dormant,Native Soil,2-IS-D-Soil,1,11/6/19,1.22,1,5,0,0,0,0,NA,NA,NA,NA,NA,0,6
2,F,6,Italy x Sweden,Dormant,Native Soil,2-IS-D-Soil,1,11/20/19,1.23,0,9,0,0,0,0,NA,NA,NA,NA,NA,0,9
2,F,6,Italy x Sweden,Dormant,Native Soil,2-IS-D-Soil,1,12/4/19,1.24,6,11,0,0,0,0,NA,NA,NA,NA,NA,0,17
2,F,6,Italy x Sweden,Dormant,Native Soil,2-IS-D-Soil,1,12/20/19,1.25,16,12,0,0,0,0,NA,15,0,0,0,0,43
2,F,6,Italy x Sweden,Dormant,Native Soil,2-IS-D-Soil,1,2/10/20,1.26,0,15,4,3,0,0,NA,NA,4,0,0,0,26
2,F,6,Italy x Sweden,Dormant,Native Soil,2-IS-D-Soil,1,3/2/20,1.27,0,3,0,7,7,0,NA,NA,0,2,8,0,27
2,F,6,Italy x Sweden,Dormant,Native Soil,2-IS-D-Soil,1,5/5/20,1.29,0,0,0,0,0,21,NA,0,0,0,0,14,35
2,F,6,Italy x Sweden,Dormant,Native Soil,2-IS-D-Soil,2,5/27/20,2.01,1,0,0,0,0,0,1,0,0,0,0,0,2
2,F,6,Italy x Sweden,Dormant,Native Soil,2-IS-D-Soil,2,6/4/20,2.02,0,0,0,0,0,0,0,0,0,0,0,0,0
2,F,6,Italy x Sweden,Dormant,Native Soil,2-IS-D-Soil,2,7/23/20,2.03,0,0,0,0,0,0,0,0,0,0,0,0,0
2,F,6,Italy x Sweden,Dormant,Native Soil,2-IS-D-Soil,2,8/7/20,2.04,0,0,0,0,0,0,0,0,0,0,0,0,0
2,F,6,Italy x Sweden,Dormant,Native Soil,2-IS-D-Soil,2,8/13/20,2.05,0,0,0,0,0,0,0,0,0,0,0,0,0
2,F,6,Italy x Sweden,Dormant,Native Soil,2-IS-D-Soil,2,8/18/20,2.06,0,0,0,0,0,0,0,0,0,0,0,0,0
2,F,6,Italy x Sweden,Dormant,Native Soil,2-IS-D-Soil,2,8/25/20,2.07,0,0,0,0,0,0,0,0,0,0,0,0,0
2,F,6,Italy x Sweden,Dormant,Native Soil,2-IS-D-Soil,2,9/10/20,2.08,0,0,0,0,0,0,0,0,0,0,0,0,0
2,F,6,Italy x Sweden,Dormant,Native Soil,2-IS-D-Soil,2,9/18/20,2.09,7,0,0,0,0,0,10,0,0,0,0,0,17
2,F,6,Italy x Sweden,Dormant,Native Soil,2-IS-D-Soil,2,10/2/20,2.1,0,0,0,0,0,0,0,0,0,0,0,0,0
2,F,6,Italy x Sweden,Dormant,Native Soil,2-IS-D-Soil,2,10/16/20,2.11,16,0,0,0,0,0,0,0,0,0,0,0,16
2,F,6,Italy x Sweden,Dormant,Native Soil,2-IS-D-Soil,2,10/30/20,2.12,0,0,0,0,0,0,0,0,0,0,0,0,0
2,F,6,Italy x Sweden,Dormant,Native Soil,2-IS-D-Soil,2,11/13/20,2.13,9,0,0,0,0,0,0,0,0,0,0,0,9
2,F,6,Italy x Sweden,Dormant,Native Soil,2-IS-D-Soil,2,12/2/20,2.14,0,0,0,0,0,0,0,0,0,0,0,0,0
2,F,6,Italy x Sweden,Dormant,Native Soil,2-IS-D-Soil,2,12/17/20,2.15,6,15,0,0,0,0,5,31,0,0,0,0,57
2,F,6,Italy x Sweden,Dormant,Native Soil,2-IS-D-Soil,2,1/15/21,2.16,0,0,0,0,0,0,0,0,0,0,0,0,0
2,F,6,Italy x Sweden,Dormant,Native Soil,2-IS-D-Soil,2,2/1/21,2.17,0,0,0,0,0,0,0,0,0,0,0,0,0
2,F,6,Italy x Sweden,Dormant,Native Soil,2-IS-D-Soil,2,2/25/21,2.18,0,0,0,0,0,0,0,5,0,0,0,0,5
2,F,6,Italy x Sweden,Dormant,Native Soil,2-IS-D-Soil,2,3/8/21,2.19,0,0,0,0,0,0,0,4,2,0,0,0,6
2,F,6,Italy x Sweden,Dormant,Native Soil,2-IS-D-Soil,2,3/25/21,2.2,0,0,0,0,0,0,0,0,0,5,6,0,11
2,F,6,Italy x Sweden,Dormant,Native Soil,2-IS-D-Soil,2,4/8/21,2.21,0,0,0,0,0,0,0,0,0,1,3,0,4
2,F,6,Italy x Sweden,Dormant,Native Soil,2-IS-D-Soil,3,8/17/21,3.14,0,0,0,0,0,0,0,0,0,0,0,0,0
2,F,6,Italy x Sweden,Dormant,Native Soil,2-IS-D-Soil,3,8/25/21,3.15,0,0,0,0,0,0,0,0,0,0,0,0,0
2,F,6,Italy x Sweden,Dormant,Native Soil,2-IS-D-Soil,3,9/2/21,3.16,0,0,0,0,0,0,0,0,0,0,0,0,0
2,F,6,Italy x Sweden,Dormant,Native Soil,2-IS-D-Soil,3,9/8/21,3.17,0,0,0,0,0,0,0,0,0,0,0,0,0
2,F,6,Italy x Sweden,Dormant,Native Soil,2-IS-D-Soil,3,9/15/21,3.18,0,0,0,0,0,0,0,0,0,0,0,0,0
2,F,6,Italy x Sweden,Dormant,Native Soil,2-IS-D-Soil,3,9/22/21,3.19,0,0,0,0,0,0,0,0,0,0,0,0,0
2,F,6,Italy x Sweden,Dormant,Native Soil,2-IS-D-Soil,3,9/29/21,3.2,7,0,0,0,0,0,116,0,0,0,0,0,123
2,F,6,Italy x Sweden,Dormant,Native Soil,2-IS-D-Soil,3,10/12/21,3.21,20,16,0,0,0,0,146,72,0,0,0,0,254
2,F,6,Italy x Sweden,Dormant,Native Soil,2-IS-D-Soil,3,11/10/21,3.22,15,13,0,0,0,0,14,110,0,0,0,0,152
2,F,6,Italy x Sweden,Dormant,Native Soil,2-IS-D-Soil,3,12/17/21,3.23,0,22,0,0,0,0,0,70,0,0,0,0,92
2,F,7,Germany x Tajikistan,Mixed,Control,2-BS_M_C,1,6/12/19,1.01,NA,NA,NA,NA,NA,NA,NA,NA,NA,NA,NA,NA,NA
2,F,7,Germany x Tajikistan,Mixed,Control,2-BS_M_C,1,6/16/19,1.02,NA,NA,NA,NA,NA,NA,NA,NA,NA,NA,NA,NA,NA
2,F,7,Germany x Tajikistan,Mixed,Control,2-BS_M_C,1,6/26/19,1.03,NA,NA,NA,NA,NA,NA,NA,NA,NA,NA,NA,NA,NA
2,F,7,Germany x Tajikistan,Mixed,Control,2-BS_M_C,1,7/3/19,1.04,NA,NA,NA,NA,NA,NA,NA,NA,NA,NA,NA,NA,NA
2,F,7,Germany x Tajikistan,Mixed,Control,2-BS_M_C,1,7/10/19,1.05,NA,NA,NA,NA,NA,NA,NA,NA,NA,NA,NA,NA,NA
2,F,7,Germany x Tajikistan,Mixed,Control,2-BS_M_C,1,7/17/19,1.06,0,0,0,0,0,0,NA,0,0,0,0,0,0
2,F,7,Germany x Tajikistan,Mixed,Control,2-BS_M_C,1,7/24/19,1.07,0,0,0,0,0,0,NA,0,0,0,0,0,0
2,F,7,Germany x Tajikistan,Mixed,Control,2-BS_M_C,1,7/31/19,1.08,0,0,0,0,0,0,NA,0,0,0,0,0,0
2,F,7,Germany x Tajikistan,Mixed,Control,2-BS_M_C,1,8/7/19,1.09,0,0,0,0,0,0,NA,0,0,0,0,0,0
2,F,7,Germany x Tajikistan,Mixed,Control,2-BS_M_C,1,8/15/19,1.1,0,0,0,0,0,0,NA,0,0,0,0,0,0
2,F,7,Germany x Tajikistan,Mixed,Control,2-BS_M_C,1,8/20/19,1.11,0,0,0,0,0,0,NA,0,0,0,0,0,0
2,F,7,Germany x Tajikistan,Mixed,Control,2-BS_M_C,1,8/28/19,1.12,0,0,0,0,0,0,NA,0,0,0,0,0,0
2,F,7,Germany x Tajikistan,Mixed,Control,2-BS_M_C,1,9/4/19,1.13,0,0,0,0,0,0,NA,0,0,0,0,0,0
2,F,7,Germany x Tajikistan,Mixed,Control,2-BS_M_C,1,9/11/19,1.14,0,0,0,0,0,0,NA,0,0,0,0,0,0
2,F,7,Germany x Tajikistan,Mixed,Control,2-BS_M_C,1,9/18/19,1.15,0,0,0,0,0,0,NA,0,0,0,0,0,0
2,F,7,Germany x Tajikistan,Mixed,Control,2-BS_M_C,1,9/25/19,1.16,0,0,0,0,0,0,NA,0,0,0,0,0,0
2,F,7,Germany x Tajikistan,Mixed,Control,2-BS_M_C,1,10/2/19,1.17,0,0,0,0,0,0,NA,0,0,0,0,0,0
2,F,7,Germany x Tajikistan,Mixed,Control,2-BS_M_C,1,10/9/19,1.18,0,0,0,0,0,0,NA,0,0,0,0,0,0
2,F,7,Germany x Tajikistan,Mixed,Control,2-BS_M_C,1,10/18/19,1.19,0,0,0,0,0,0,NA,NA,NA,NA,NA,0,0
2,F,7,Germany x Tajikistan,Mixed,Control,2-BS_M_C,1,10/23/19,1.2,7,0,0,0,0,0,NA,NA,NA,NA,NA,0,7
2,F,7,Germany x Tajikistan,Mixed,Control,2-BS_M_C,1,11/6/19,1.22,0,0,0,0,0,0,NA,NA,NA,NA,NA,0,0
2,F,7,Germany x Tajikistan,Mixed,Control,2-BS_M_C,1,11/20/19,1.23,0,0,0,0,0,0,NA,NA,NA,NA,NA,0,0
2,F,7,Germany x Tajikistan,Mixed,Control,2-BS_M_C,1,12/4/19,1.24,0,0,0,0,0,0,NA,NA,NA,NA,NA,0,0
2,F,7,Germany x Tajikistan,Mixed,Control,2-BS_M_C,1,12/20/19,1.25,0,0,0,0,0,0,NA,0,0,0,0,0,0
2,F,7,Germany x Tajikistan,Mixed,Control,2-BS_M_C,1,2/10/20,1.26,0,0,0,0,0,0,NA,NA,0,0,0,0,0
2,F,7,Germany x Tajikistan,Mixed,Control,2-BS_M_C,1,3/2/20,1.27,0,0,0,0,0,0,NA,NA,0,0,1,0,1
2,F,7,Germany x Tajikistan,Mixed,Control,2-BS_M_C,1,5/5/20,1.29,0,0,0,0,0,0,NA,0,0,0,0,1,1
2,F,7,Germany x Tajikistan,Mixed,Control,2-BS_M_C,2,5/27/20,2.01,4,0,0,0,0,0,20,0,0,0,0,0,24
2,F,7,Germany x Tajikistan,Mixed,Control,2-BS_M_C,2,6/4/20,2.02,0,0,0,0,0,0,0,0,0,0,0,0,0
2,F,7,Germany x Tajikistan,Mixed,Control,2-BS_M_C,2,7/23/20,2.03,0,0,0,0,0,0,0,0,0,0,0,0,0
2,F,7,Germany x Tajikistan,Mixed,Control,2-BS_M_C,2,8/7/20,2.04,0,0,0,0,0,0,0,0,0,0,0,0,0
2,F,7,Germany x Tajikistan,Mixed,Control,2-BS_M_C,2,8/13/20,2.05,0,0,0,0,0,0,0,0,0,0,0,0,0
2,F,7,Germany x Tajikistan,Mixed,Control,2-BS_M_C,2,8/18/20,2.06,0,0,0,0,0,0,0,0,0,0,0,0,0
2,F,7,Germany x Tajikistan,Mixed,Control,2-BS_M_C,2,8/25/20,2.07,0,0,0,0,0,0,0,0,0,0,0,0,0
2,F,7,Germany x Tajikistan,Mixed,Control,2-BS_M_C,2,9/10/20,2.08,36,0,0,0,0,0,20,0,0,0,0,0,56
2,F,7,Germany x Tajikistan,Mixed,Control,2-BS_M_C,2,9/18/20,2.09,147,0,0,0,0,0,150,0,0,0,0,0,297
2,F,7,Germany x Tajikistan,Mixed,Control,2-BS_M_C,2,10/2/20,2.1,0,0,0,0,0,0,0,0,0,0,0,0,0
2,F,7,Germany x Tajikistan,Mixed,Control,2-BS_M_C,2,10/16/20,2.11,0,0,0,0,0,0,0,0,0,0,0,0,0
2,F,7,Germany x Tajikistan,Mixed,Control,2-BS_M_C,2,10/30/20,2.12,0,0,0,0,0,0,0,0,0,0,0,0,0
2,F,7,Germany x Tajikistan,Mixed,Control,2-BS_M_C,2,11/13/20,2.13,0,0,0,0,0,0,0,0,0,0,0,0,0
2,F,7,Germany x Tajikistan,Mixed,Control,2-BS_M_C,2,12/2/20,2.14,0,0,0,0,0,0,0,0,0,0,0,0,0
2,F,7,Germany x Tajikistan,Mixed,Control,2-BS_M_C,2,12/17/20,2.15,0,0,0,0,0,0,0,0,0,0,0,0,0
2,F,7,Germany x Tajikistan,Mixed,Control,2-BS_M_C,2,1/15/21,2.16,0,0,0,0,0,0,0,0,0,0,0,0,0
2,F,7,Germany x Tajikistan,Mixed,Control,2-BS_M_C,2,2/1/21,2.17,0,0,0,0,0,0,0,0,0,0,0,0,0
2,F,7,Germany x Tajikistan,Mixed,Control,2-BS_M_C,2,2/25/21,2.18,0,0,0,0,0,0,0,0,0,0,0,0,0
2,F,7,Germany x Tajikistan,Mixed,Control,2-BS_M_C,2,3/8/21,2.19,0,0,0,0,0,0,0,0,0,0,0,0,0
2,F,7,Germany x Tajikistan,Mixed,Control,2-BS_M_C,2,3/25/21,2.2,0,0,0,0,0,0,0,0,0,0,0,0,0
2,F,7,Germany x Tajikistan,Mixed,Control,2-BS_M_C,2,4/8/21,2.21,0,0,0,0,0,0,0,0,0,0,0,0,0
2,F,7,Germany x Tajikistan,Mixed,Control,2-BS_M_C,3,8/17/21,3.14,0,0,0,0,0,0,0,0,0,0,0,0,0
2,F,7,Germany x Tajikistan,Mixed,Control,2-BS_M_C,3,8/25/21,3.15,0,0,0,0,0,0,0,0,0,0,0,0,0
2,F,7,Germany x Tajikistan,Mixed,Control,2-BS_M_C,3,9/2/21,3.16,0,0,0,0,0,0,0,0,0,0,0,0,0
2,F,7,Germany x Tajikistan,Mixed,Control,2-BS_M_C,3,9/8/21,3.17,0,0,0,0,0,0,0,0,0,0,0,0,0
2,F,7,Germany x Tajikistan,Mixed,Control,2-BS_M_C,3,9/15/21,3.18,0,0,0,0,0,0,0,0,0,0,0,0,0
2,F,7,Germany x Tajikistan,Mixed,Control,2-BS_M_C,3,9/22/21,3.19,0,0,0,0,0,0,0,0,0,0,0,0,0
2,F,7,Germany x Tajikistan,Mixed,Control,2-BS_M_C,3,9/29/21,3.2,0,0,0,0,0,0,0,0,0,0,0,0,0
2,F,7,Germany x Tajikistan,Mixed,Control,2-BS_M_C,3,10/12/21,3.21,0,0,0,0,0,0,0,1,0,0,0,0,1
2,F,7,Germany x Tajikistan,Mixed,Control,2-BS_M_C,3,11/10/21,3.22,0,0,0,0,0,0,1,1,0,0,0,0,2
2,F,7,Germany x Tajikistan,Mixed,Control,2-BS_M_C,3,12/17/21,3.23,0,0,0,0,0,0,0,0,0,0,0,0,0
2,F,8,Italy x Sweden,Non-Dormant,Native Soil,2-IS-ND-Soil,1,6/12/19,1.01,1,0,0,0,0,0,NA,NA,NA,NA,NA,NA,1
2,F,8,Italy x Sweden,Non-Dormant,Native Soil,2-IS-ND-Soil,1,6/16/19,1.02,0,0,0,0,0,0,NA,NA,NA,NA,NA,NA,0
2,F,8,Italy x Sweden,Non-Dormant,Native Soil,2-IS-ND-Soil,1,6/26/19,1.03,0,0,0,0,0,0,NA,0,0,0,0,0,0
2,F,8,Italy x Sweden,Non-Dormant,Native Soil,2-IS-ND-Soil,1,7/3/19,1.04,0,0,0,0,0,0,NA,0,0,0,0,0,0
2,F,8,Italy x Sweden,Non-Dormant,Native Soil,2-IS-ND-Soil,1,7/10/19,1.05,NA,0,0,0,0,0,NA,0,0,0,0,0,0
2,F,8,Italy x Sweden,Non-Dormant,Native Soil,2-IS-ND-Soil,1,7/17/19,1.06,0,0,0,0,0,0,NA,0,0,0,0,0,0
2,F,8,Italy x Sweden,Non-Dormant,Native Soil,2-IS-ND-Soil,1,7/24/19,1.07,0,0,0,0,0,0,NA,0,0,0,0,0,0
2,F,8,Italy x Sweden,Non-Dormant,Native Soil,2-IS-ND-Soil,1,7/31/19,1.08,0,0,0,0,0,0,NA,0,0,0,0,0,0
2,F,8,Italy x Sweden,Non-Dormant,Native Soil,2-IS-ND-Soil,1,8/7/19,1.09,0,0,0,0,0,0,NA,0,0,0,0,0,0
2,F,8,Italy x Sweden,Non-Dormant,Native Soil,2-IS-ND-Soil,1,8/15/19,1.1,0,0,0,0,0,0,NA,0,0,0,0,0,0
2,F,8,Italy x Sweden,Non-Dormant,Native Soil,2-IS-ND-Soil,1,8/20/19,1.11,0,0,0,0,0,0,NA,0,0,0,0,0,0
2,F,8,Italy x Sweden,Non-Dormant,Native Soil,2-IS-ND-Soil,1,8/28/19,1.12,0,0,0,0,0,0,NA,0,0,0,0,0,0
2,F,8,Italy x Sweden,Non-Dormant,Native Soil,2-IS-ND-Soil,1,9/4/19,1.13,0,0,0,0,0,0,NA,0,0,0,0,0,0
2,F,8,Italy x Sweden,Non-Dormant,Native Soil,2-IS-ND-Soil,1,9/11/19,1.14,0,0,0,0,0,0,NA,0,0,0,0,0,0
2,F,8,Italy x Sweden,Non-Dormant,Native Soil,2-IS-ND-Soil,1,9/18/19,1.15,0,0,0,0,0,0,NA,0,0,0,0,0,0
2,F,8,Italy x Sweden,Non-Dormant,Native Soil,2-IS-ND-Soil,1,9/25/19,1.16,0,0,0,0,0,0,NA,0,0,0,0,0,0
2,F,8,Italy x Sweden,Non-Dormant,Native Soil,2-IS-ND-Soil,1,10/2/19,1.17,0,0,0,0,0,0,NA,0,0,0,0,0,0
2,F,8,Italy x Sweden,Non-Dormant,Native Soil,2-IS-ND-Soil,1,10/9/19,1.18,0,0,0,0,0,0,NA,0,0,0,0,0,0
2,F,8,Italy x Sweden,Non-Dormant,Native Soil,2-IS-ND-Soil,1,10/18/19,1.19,0,0,0,0,0,0,NA,NA,NA,NA,NA,0,0
2,F,8,Italy x Sweden,Non-Dormant,Native Soil,2-IS-ND-Soil,1,10/23/19,1.2,2,0,0,0,0,0,NA,NA,NA,NA,NA,0,2
2,F,8,Italy x Sweden,Non-Dormant,Native Soil,2-IS-ND-Soil,1,11/6/19,1.22,5,11,0,0,0,0,NA,NA,NA,NA,NA,0,16
2,F,8,Italy x Sweden,Non-Dormant,Native Soil,2-IS-ND-Soil,1,11/20/19,1.23,0,15,0,0,0,0,NA,NA,NA,NA,NA,0,15
2,F,8,Italy x Sweden,Non-Dormant,Native Soil,2-IS-ND-Soil,1,12/4/19,1.24,0,16,0,0,0,0,NA,NA,NA,NA,NA,0,16
2,F,8,Italy x Sweden,Non-Dormant,Native Soil,2-IS-ND-Soil,1,12/20/19,1.25,2,16,0,0,0,0,NA,15,0,0,0,0,33
2,F,8,Italy x Sweden,Non-Dormant,Native Soil,2-IS-ND-Soil,1,2/10/20,1.26,0,3,5,0,2,0,NA,NA,0,0,0,0,10
2,F,8,Italy x Sweden,Non-Dormant,Native Soil,2-IS-ND-Soil,1,3/2/20,1.27,0,2,1,1,12,0,NA,NA,1,1,0,0,18
2,F,8,Italy x Sweden,Non-Dormant,Native Soil,2-IS-ND-Soil,1,5/5/20,1.29,0,0,0,0,0,14,NA,0,0,0,0,23,37
2,F,8,Italy x Sweden,Non-Dormant,Native Soil,2-IS-ND-Soil,2,5/27/20,2.01,54,0,0,0,0,0,81,0,0,0,0,0,135
2,F,8,Italy x Sweden,Non-Dormant,Native Soil,2-IS-ND-Soil,2,6/4/20,2.02,0,0,0,0,0,0,0,0,0,0,0,0,0
2,F,8,Italy x Sweden,Non-Dormant,Native Soil,2-IS-ND-Soil,2,7/23/20,2.03,0,0,0,0,0,0,0,0,0,0,0,0,0
2,F,8,Italy x Sweden,Non-Dormant,Native Soil,2-IS-ND-Soil,2,8/7/20,2.04,0,0,0,0,0,0,0,0,0,0,0,0,0
2,F,8,Italy x Sweden,Non-Dormant,Native Soil,2-IS-ND-Soil,2,8/13/20,2.05,0,0,0,0,0,0,0,0,0,0,0,0,0
2,F,8,Italy x Sweden,Non-Dormant,Native Soil,2-IS-ND-Soil,2,8/18/20,2.06,0,0,0,0,0,0,0,0,0,0,0,0,0
2,F,8,Italy x Sweden,Non-Dormant,Native Soil,2-IS-ND-Soil,2,8/25/20,2.07,0,0,0,0,0,0,0,0,0,0,0,0,0
2,F,8,Italy x Sweden,Non-Dormant,Native Soil,2-IS-ND-Soil,2,9/10/20,2.08,0,0,0,0,0,0,0,0,0,0,0,0,0
2,F,8,Italy x Sweden,Non-Dormant,Native Soil,2-IS-ND-Soil,2,9/18/20,2.09,2,0,0,0,0,0,25,0,0,0,0,0,27
2,F,8,Italy x Sweden,Non-Dormant,Native Soil,2-IS-ND-Soil,2,10/2/20,2.1,0,0,0,0,0,0,0,0,0,0,0,0,0
2,F,8,Italy x Sweden,Non-Dormant,Native Soil,2-IS-ND-Soil,2,10/16/20,2.11,0,0,0,0,0,0,0,0,0,0,0,0,0
2,F,8,Italy x Sweden,Non-Dormant,Native Soil,2-IS-ND-Soil,2,10/30/20,2.12,0,0,0,0,0,0,0,0,0,0,0,0,0
2,F,8,Italy x Sweden,Non-Dormant,Native Soil,2-IS-ND-Soil,2,11/13/20,2.13,0,0,0,0,0,0,0,0,0,0,0,0,0
2,F,8,Italy x Sweden,Non-Dormant,Native Soil,2-IS-ND-Soil,2,12/2/20,2.14,0,0,0,0,0,0,0,0,0,0,0,0,0
2,F,8,Italy x Sweden,Non-Dormant,Native Soil,2-IS-ND-Soil,2,12/17/20,2.15,0,0,0,0,0,0,0,0,0,0,0,0,0
2,F,8,Italy x Sweden,Non-Dormant,Native Soil,2-IS-ND-Soil,2,1/15/21,2.16,0,0,0,0,0,0,0,0,0,0,0,0,0
2,F,8,Italy x Sweden,Non-Dormant,Native Soil,2-IS-ND-Soil,2,2/1/21,2.17,0,0,0,0,0,0,0,0,0,0,0,0,0
2,F,8,Italy x Sweden,Non-Dormant,Native Soil,2-IS-ND-Soil,2,2/25/21,2.18,0,0,0,0,0,0,0,0,0,0,0,0,0
2,F,8,Italy x Sweden,Non-Dormant,Native Soil,2-IS-ND-Soil,2,3/8/21,2.19,0,0,0,0,0,0,0,0,0,0,0,0,0
2,F,8,Italy x Sweden,Non-Dormant,Native Soil,2-IS-ND-Soil,2,3/25/21,2.2,0,0,0,0,0,0,0,0,0,1,0,0,1
2,F,8,Italy x Sweden,Non-Dormant,Native Soil,2-IS-ND-Soil,2,4/8/21,2.21,0,0,0,0,1,0,0,0,0,1,0,0,2
2,F,8,Italy x Sweden,Non-Dormant,Native Soil,2-IS-ND-Soil,3,8/17/21,3.14,0,0,0,0,0,0,0,0,0,0,0,0,0
2,F,8,Italy x Sweden,Non-Dormant,Native Soil,2-IS-ND-Soil,3,8/25/21,3.15,0,0,0,0,0,0,0,0,0,0,0,0,0
2,F,8,Italy x Sweden,Non-Dormant,Native Soil,2-IS-ND-Soil,3,9/2/21,3.16,0,0,0,0,0,0,0,0,0,0,0,0,0
2,F,8,Italy x Sweden,Non-Dormant,Native Soil,2-IS-ND-Soil,3,9/8/21,3.17,0,0,0,0,0,0,0,0,0,0,0,0,0
2,F,8,Italy x Sweden,Non-Dormant,Native Soil,2-IS-ND-Soil,3,9/15/21,3.18,0,0,0,0,0,0,0,0,0,0,0,0,0
2,F,8,Italy x Sweden,Non-Dormant,Native Soil,2-IS-ND-Soil,3,9/22/21,3.19,0,0,0,0,0,0,0,0,0,0,0,0,0
2,F,8,Italy x Sweden,Non-Dormant,Native Soil,2-IS-ND-Soil,3,9/29/21,3.2,0,0,0,0,0,0,17,0,0,0,0,0,17
2,F,8,Italy x Sweden,Non-Dormant,Native Soil,2-IS-ND-Soil,3,10/12/21,3.21,10,0,0,0,0,0,30,37,0,0,0,0,77
2,F,8,Italy x Sweden,Non-Dormant,Native Soil,2-IS-ND-Soil,3,11/10/21,3.22,0,2,0,0,0,0,5,11,0,0,0,0,18
2,F,8,Italy x Sweden,Non-Dormant,Native Soil,2-IS-ND-Soil,3,12/17/21,3.23,0,1,0,0,0,0,1,10,0,0,0,0,12
6,F,9,Italy x Sweden,Non-Dormant,Control,6-IS_ND_C,1,6/12/19,1.01,3,0,0,0,0,0,NA,NA,NA,NA,NA,NA,3
6,F,9,Italy x Sweden,Non-Dormant,Control,6-IS_ND_C,1,6/16/19,1.02,2,0,0,0,0,0,NA,NA,NA,NA,NA,NA,2
6,F,9,Italy x Sweden,Non-Dormant,Control,6-IS_ND_C,1,6/26/19,1.03,0,1,0,0,0,0,NA,0,0,0,0,0,1
6,F,9,Italy x Sweden,Non-Dormant,Control,6-IS_ND_C,1,7/3/19,1.04,0,0,0,0,0,0,NA,0,0,0,0,0,0
6,F,9,Italy x Sweden,Non-Dormant,Control,6-IS_ND_C,1,7/10/19,1.05,NA,0,0,0,0,0,NA,0,0,0,0,0,0
6,F,9,Italy x Sweden,Non-Dormant,Control,6-IS_ND_C,1,7/17/19,1.06,0,0,0,0,0,0,NA,0,0,0,0,0,0
6,F,9,Italy x Sweden,Non-Dormant,Control,6-IS_ND_C,1,7/24/19,1.07,0,0,0,0,0,0,NA,0,0,0,0,0,0
6,F,9,Italy x Sweden,Non-Dormant,Control,6-IS_ND_C,1,7/31/19,1.08,0,0,0,0,0,0,NA,0,0,0,0,0,0
6,F,9,Italy x Sweden,Non-Dormant,Control,6-IS_ND_C,1,8/7/19,1.09,0,0,0,0,0,0,NA,0,0,0,0,0,0
6,F,9,Italy x Sweden,Non-Dormant,Control,6-IS_ND_C,1,8/15/19,1.1,0,0,0,0,0,0,NA,0,0,0,0,0,0
6,F,9,Italy x Sweden,Non-Dormant,Control,6-IS_ND_C,1,8/20/19,1.11,0,0,0,0,0,0,NA,0,0,0,0,0,0
6,F,9,Italy x Sweden,Non-Dormant,Control,6-IS_ND_C,1,8/28/19,1.12,0,0,0,0,0,0,NA,0,0,0,0,0,0
6,F,9,Italy x Sweden,Non-Dormant,Control,6-IS_ND_C,1,9/4/19,1.13,0,0,0,0,0,0,NA,0,0,0,0,0,0
6,F,9,Italy x Sweden,Non-Dormant,Control,6-IS_ND_C,1,9/11/19,1.14,0,0,0,0,0,0,NA,0,0,0,0,0,0
6,F,9,Italy x Sweden,Non-Dormant,Control,6-IS_ND_C,1,9/18/19,1.15,0,0,0,0,0,0,NA,0,0,0,0,0,0
6,F,9,Italy x Sweden,Non-Dormant,Control,6-IS_ND_C,1,9/25/19,1.16,0,0,0,0,0,0,NA,0,0,0,0,0,0
6,F,9,Italy x Sweden,Non-Dormant,Control,6-IS_ND_C,1,10/2/19,1.17,0,0,0,0,0,0,NA,0,0,0,0,0,0
6,F,9,Italy x Sweden,Non-Dormant,Control,6-IS_ND_C,1,10/9/19,1.18,0,0,0,0,0,0,NA,0,0,0,0,0,0
6,F,9,Italy x Sweden,Non-Dormant,Control,6-IS_ND_C,1,10/18/19,1.19,0,0,0,0,0,0,NA,NA,NA,NA,NA,0,0
6,F,9,Italy x Sweden,Non-Dormant,Control,6-IS_ND_C,1,10/23/19,1.2,0,0,0,0,0,0,NA,NA,NA,NA,NA,0,0
6,F,9,Italy x Sweden,Non-Dormant,Control,6-IS_ND_C,1,11/6/19,1.22,0,0,0,0,0,0,NA,NA,NA,NA,NA,0,0
6,F,9,Italy x Sweden,Non-Dormant,Control,6-IS_ND_C,1,11/20/19,1.23,0,0,0,0,0,0,NA,NA,NA,NA,NA,0,0
6,F,9,Italy x Sweden,Non-Dormant,Control,6-IS_ND_C,1,12/4/19,1.24,0,0,0,0,0,0,NA,NA,NA,NA,NA,0,0
6,F,9,Italy x Sweden,Non-Dormant,Control,6-IS_ND_C,1,12/20/19,1.25,0,0,0,0,0,0,NA,0,0,0,0,0,0
6,F,9,Italy x Sweden,Non-Dormant,Control,6-IS_ND_C,1,2/10/20,1.26,0,0,0,0,0,0,NA,NA,0,0,0,0,0
6,F,9,Italy x Sweden,Non-Dormant,Control,6-IS_ND_C,1,3/2/20,1.27,0,0,0,0,0,0,NA,NA,1,0,0,0,1
6,F,9,Italy x Sweden,Non-Dormant,Control,6-IS_ND_C,1,5/5/20,1.29,0,0,0,0,0,0,NA,0,0,0,0,1,1
6,F,9,Italy x Sweden,Non-Dormant,Control,6-IS_ND_C,2,5/27/20,2.01,0,0,0,0,0,0,0,0,0,0,0,0,0
6,F,9,Italy x Sweden,Non-Dormant,Control,6-IS_ND_C,2,6/4/20,2.02,0,0,0,0,0,0,0,0,0,0,0,0,0
6,F,9,Italy x Sweden,Non-Dormant,Control,6-IS_ND_C,2,7/23/20,2.03,0,0,0,0,0,0,0,0,0,0,0,0,0
6,F,9,Italy x Sweden,Non-Dormant,Control,6-IS_ND_C,2,8/7/20,2.04,0,0,0,0,0,0,0,0,0,0,0,0,0
6,F,9,Italy x Sweden,Non-Dormant,Control,6-IS_ND_C,2,8/13/20,2.05,0,0,0,0,0,0,0,0,0,0,0,0,0
6,F,9,Italy x Sweden,Non-Dormant,Control,6-IS_ND_C,2,8/18/20,2.06,0,0,0,0,0,0,0,0,0,0,0,0,0
6,F,9,Italy x Sweden,Non-Dormant,Control,6-IS_ND_C,2,8/25/20,2.07,0,0,0,0,0,0,0,0,0,0,0,0,0
6,F,9,Italy x Sweden,Non-Dormant,Control,6-IS_ND_C,2,9/10/20,2.08,0,0,0,0,0,0,0,0,0,0,0,0,0
6,F,9,Italy x Sweden,Non-Dormant,Control,6-IS_ND_C,2,9/18/20,2.09,0,0,0,0,0,0,0,0,0,0,0,0,0
6,F,9,Italy x Sweden,Non-Dormant,Control,6-IS_ND_C,2,10/2/20,2.1,0,0,0,0,0,0,0,0,0,0,0,0,0
6,F,9,Italy x Sweden,Non-Dormant,Control,6-IS_ND_C,2,10/19/20,2.11,0,0,0,0,0,0,0,0,0,0,0,0,0
6,F,9,Italy x Sweden,Non-Dormant,Control,6-IS_ND_C,2,11/6/20,2.12,0,0,0,0,0,0,0,0,0,0,0,0,0
6,F,9,Italy x Sweden,Non-Dormant,Control,6-IS_ND_C,2,11/19/20,2.13,0,0,0,0,0,0,0,0,0,0,0,0,0
6,F,9,Italy x Sweden,Non-Dormant,Control,6-IS_ND_C,2,12/4/20,2.14,0,0,0,0,0,0,0,0,0,0,0,0,0
6,F,9,Italy x Sweden,Non-Dormant,Control,6-IS_ND_C,2,12/15/20,2.15,0,0,0,0,0,0,0,0,0,0,0,0,0
6,F,9,Italy x Sweden,Non-Dormant,Control,6-IS_ND_C,2,1/14/21,2.16,0,0,0,0,0,0,0,0,0,0,0,0,0
6,F,9,Italy x Sweden,Non-Dormant,Control,6-IS_ND_C,2,2/1/21,2.17,0,0,0,0,0,0,0,0,0,0,0,0,0
6,F,9,Italy x Sweden,Non-Dormant,Control,6-IS_ND_C,2,2/25/21,2.18,0,0,0,0,0,0,0,0,0,0,0,0,0
6,F,9,Italy x Sweden,Non-Dormant,Control,6-IS_ND_C,2,3/8/21,2.19,0,0,0,0,0,0,0,0,0,0,0,0,0
6,F,9,Italy x Sweden,Non-Dormant,Control,6-IS_ND_C,2,3/26/21,2.2,0,0,0,0,0,0,0,0,0,0,0,0,0
6,F,9,Italy x Sweden,Non-Dormant,Control,6-IS_ND_C,2,4/8/21,2.21,0,0,0,0,0,0,0,0,0,0,0,0,0
6,F,9,Italy x Sweden,Non-Dormant,Control,6-IS_ND_C,3,8/17/21,3.14,0,0,0,0,0,0,0,0,0,0,0,0,0
6,F,9,Italy x Sweden,Non-Dormant,Control,6-IS_ND_C,3,8/25/21,3.15,0,0,0,0,0,0,0,0,0,0,0,0,0
6,F,9,Italy x Sweden,Non-Dormant,Control,6-IS_ND_C,3,9/2/21,3.16,0,0,0,0,0,0,0,0,0,0,0,0,0
6,F,9,Italy x Sweden,Non-Dormant,Control,6-IS_ND_C,3,9/8/21,3.17,0,0,0,0,0,0,0,0,0,0,0,0,0
6,F,9,Italy x Sweden,Non-Dormant,Control,6-IS_ND_C,3,9/15/21,3.18,0,0,0,0,0,0,0,0,0,0,0,0,0
6,F,9,Italy x Sweden,Non-Dormant,Control,6-IS_ND_C,3,9/22/21,3.19,0,0,0,0,0,0,0,0,0,0,0,0,0
6,F,9,Italy x Sweden,Non-Dormant,Control,6-IS_ND_C,3,10/3/21,3.2,0,0,0,0,0,0,0,0,0,0,0,0,0
6,F,9,Italy x Sweden,Non-Dormant,Control,6-IS_ND_C,3,10/15/21,3.21,1,4,0,0,0,0,2,11,0,0,0,0,18
6,F,9,Italy x Sweden,Non-Dormant,Control,6-IS_ND_C,3,11/15/21,3.22,0,0,0,0,0,0,0,1,0,0,0,0,1
6,F,9,Italy x Sweden,Non-Dormant,Control,6-IS_ND_C,3,12/17/21,3.23,0,0,0,0,0,0,0,0,0,0,0,0,0
6,F,10,Germany x Tajikistan,Dormant,Control,6-BS_D_C,1,6/12/19,1.01,NA,NA,NA,NA,NA,NA,NA,NA,NA,NA,NA,NA,NA
6,F,10,Germany x Tajikistan,Dormant,Control,6-BS_D_C,1,6/16/19,1.02,NA,NA,NA,NA,NA,NA,NA,NA,NA,NA,NA,NA,NA
6,F,10,Germany x Tajikistan,Dormant,Control,6-BS_D_C,1,6/26/19,1.03,NA,NA,NA,NA,NA,NA,NA,NA,NA,NA,NA,NA,NA
6,F,10,Germany x Tajikistan,Dormant,Control,6-BS_D_C,1,7/3/19,1.04,NA,NA,NA,NA,NA,NA,NA,NA,NA,NA,NA,NA,NA
6,F,10,Germany x Tajikistan,Dormant,Control,6-BS_D_C,1,7/10/19,1.05,NA,NA,NA,NA,NA,NA,NA,NA,NA,NA,NA,NA,NA
6,F,10,Germany x Tajikistan,Dormant,Control,6-BS_D_C,1,7/17/19,1.06,0,0,0,0,0,0,NA,0,0,0,0,0,0
6,F,10,Germany x Tajikistan,Dormant,Control,6-BS_D_C,1,7/24/19,1.07,0,0,0,0,0,0,NA,0,0,0,0,0,0
6,F,10,Germany x Tajikistan,Dormant,Control,6-BS_D_C,1,7/31/19,1.08,0,0,0,0,0,0,NA,0,0,0,0,0,0
6,F,10,Germany x Tajikistan,Dormant,Control,6-BS_D_C,1,8/7/19,1.09,0,0,0,0,0,0,NA,0,0,0,0,0,0
6,F,10,Germany x Tajikistan,Dormant,Control,6-BS_D_C,1,8/15/19,1.1,0,0,0,0,0,0,NA,0,0,0,0,0,0
6,F,10,Germany x Tajikistan,Dormant,Control,6-BS_D_C,1,8/20/19,1.11,0,0,0,0,0,0,NA,0,0,0,0,0,0
6,F,10,Germany x Tajikistan,Dormant,Control,6-BS_D_C,1,8/28/19,1.12,0,0,0,0,0,0,NA,0,0,0,0,0,0
6,F,10,Germany x Tajikistan,Dormant,Control,6-BS_D_C,1,9/4/19,1.13,0,0,0,0,0,0,NA,0,0,0,0,0,0
6,F,10,Germany x Tajikistan,Dormant,Control,6-BS_D_C,1,9/11/19,1.14,0,0,0,0,0,0,NA,0,0,0,0,0,0
6,F,10,Germany x Tajikistan,Dormant,Control,6-BS_D_C,1,9/18/19,1.15,0,0,0,0,0,0,NA,0,0,0,0,0,0
6,F,10,Germany x Tajikistan,Dormant,Control,6-BS_D_C,1,9/25/19,1.16,0,0,0,0,0,0,NA,0,0,0,0,0,0
6,F,10,Germany x Tajikistan,Dormant,Control,6-BS_D_C,1,10/2/19,1.17,0,0,0,0,0,0,NA,0,0,0,0,0,0
6,F,10,Germany x Tajikistan,Dormant,Control,6-BS_D_C,1,10/9/19,1.18,0,0,0,0,0,0,NA,0,0,0,0,0,0
6,F,10,Germany x Tajikistan,Dormant,Control,6-BS_D_C,1,10/18/19,1.19,0,0,0,0,0,0,NA,NA,NA,NA,NA,0,0
6,F,10,Germany x Tajikistan,Dormant,Control,6-BS_D_C,1,10/23/19,1.2,7,0,0,0,0,0,NA,NA,NA,NA,NA,0,7
6,F,10,Germany x Tajikistan,Dormant,Control,6-BS_D_C,1,11/6/19,1.22,1,0,0,0,0,0,NA,NA,NA,NA,NA,0,1
6,F,10,Germany x Tajikistan,Dormant,Control,6-BS_D_C,1,11/20/19,1.23,0,1,0,0,0,0,NA,NA,NA,NA,NA,0,1
6,F,10,Germany x Tajikistan,Dormant,Control,6-BS_D_C,1,12/4/19,1.24,0,2,0,0,0,0,NA,NA,NA,NA,NA,0,2
6,F,10,Germany x Tajikistan,Dormant,Control,6-BS_D_C,1,12/20/19,1.25,0,2,0,0,0,0,NA,0,0,0,0,0,2
6,F,10,Germany x Tajikistan,Dormant,Control,6-BS_D_C,1,2/10/20,1.26,0,0,0,0,0,0,NA,NA,0,0,0,0,0
6,F,10,Germany x Tajikistan,Dormant,Control,6-BS_D_C,1,3/2/20,1.27,0,0,0,0,0,0,NA,NA,0,0,0,0,0
6,F,10,Germany x Tajikistan,Dormant,Control,6-BS_D_C,1,5/5/20,1.29,0,0,0,0,0,0,NA,0,0,0,0,1,1
6,F,10,Germany x Tajikistan,Dormant,Control,6-BS_D_C,2,5/27/20,2.01,12,0,0,0,0,0,44,0,0,0,0,0,56
6,F,10,Germany x Tajikistan,Dormant,Control,6-BS_D_C,2,6/4/20,2.02,0,0,0,0,0,0,8,0,0,0,0,0,8
6,F,10,Germany x Tajikistan,Dormant,Control,6-BS_D_C,2,7/23/20,2.03,0,0,0,0,0,0,0,0,0,0,0,0,0
6,F,10,Germany x Tajikistan,Dormant,Control,6-BS_D_C,2,8/7/20,2.04,0,0,0,0,0,0,0,0,0,0,0,0,0
6,F,10,Germany x Tajikistan,Dormant,Control,6-BS_D_C,2,8/13/20,2.05,0,0,0,0,0,0,0,0,0,0,0,0,0
6,F,10,Germany x Tajikistan,Dormant,Control,6-BS_D_C,2,8/18/20,2.06,0,0,0,0,0,0,0,0,0,0,0,0,0
6,F,10,Germany x Tajikistan,Dormant,Control,6-BS_D_C,2,8/25/20,2.07,0,0,0,0,0,0,0,0,0,0,0,0,0
6,F,10,Germany x Tajikistan,Dormant,Control,6-BS_D_C,2,9/10/20,2.08,0,0,0,0,0,0,0,0,0,0,0,0,0
6,F,10,Germany x Tajikistan,Dormant,Control,6-BS_D_C,2,9/18/20,2.09,0,0,0,0,0,0,0,0,0,0,0,0,0
6,F,10,Germany x Tajikistan,Dormant,Control,6-BS_D_C,2,10/2/20,2.1,0,0,0,0,0,0,0,0,0,0,0,0,0
6,F,10,Germany x Tajikistan,Dormant,Control,6-BS_D_C,2,10/19/20,2.11,0,0,0,0,0,0,0,0,0,0,0,0,0
6,F,10,Germany x Tajikistan,Dormant,Control,6-BS_D_C,2,11/6/20,2.12,0,0,0,0,0,0,0,0,0,0,0,0,0
6,F,10,Germany x Tajikistan,Dormant,Control,6-BS_D_C,2,11/19/20,2.13,0,0,0,0,0,0,0,0,0,0,0,0,0
6,F,10,Germany x Tajikistan,Dormant,Control,6-BS_D_C,2,12/4/20,2.14,0,0,0,0,0,0,0,0,0,0,0,0,0
6,F,10,Germany x Tajikistan,Dormant,Control,6-BS_D_C,2,12/15/20,2.15,0,0,0,0,0,0,0,0,0,0,0,0,0
6,F,10,Germany x Tajikistan,Dormant,Control,6-BS_D_C,2,1/14/21,2.16,0,0,0,0,0,0,0,0,0,0,0,0,0
6,F,10,Germany x Tajikistan,Dormant,Control,6-BS_D_C,2,2/1/21,2.17,0,0,0,0,0,0,0,0,0,0,0,0,0
6,F,10,Germany x Tajikistan,Dormant,Control,6-BS_D_C,2,2/25/21,2.18,0,0,0,0,0,0,0,0,0,0,0,0,0
6,F,10,Germany x Tajikistan,Dormant,Control,6-BS_D_C,2,3/8/21,2.19,0,0,0,0,0,0,0,0,0,0,0,0,0
6,F,10,Germany x Tajikistan,Dormant,Control,6-BS_D_C,2,3/26/21,2.2,0,0,0,0,0,0,0,0,0,0,0,0,0
6,F,10,Germany x Tajikistan,Dormant,Control,6-BS_D_C,2,4/8/21,2.21,0,0,0,0,0,0,0,0,0,0,0,0,0
6,F,10,Germany x Tajikistan,Dormant,Control,6-BS_D_C,3,8/17/21,3.14,0,0,0,0,0,0,0,0,0,0,0,0,0
6,F,10,Germany x Tajikistan,Dormant,Control,6-BS_D_C,3,8/25/21,3.15,0,0,0,0,0,0,0,0,0,0,0,0,0
6,F,10,Germany x Tajikistan,Dormant,Control,6-BS_D_C,3,9/2/21,3.16,0,0,0,0,0,0,0,0,0,0,0,0,0
6,F,10,Germany x Tajikistan,Dormant,Control,6-BS_D_C,3,9/8/21,3.17,0,0,0,0,0,0,0,0,0,0,0,0,0
6,F,10,Germany x Tajikistan,Dormant,Control,6-BS_D_C,3,9/15/21,3.18,0,0,0,0,0,0,0,0,0,0,0,0,0
6,F,10,Germany x Tajikistan,Dormant,Control,6-BS_D_C,3,9/22/21,3.19,0,0,0,0,0,0,0,0,0,0,0,0,0
6,F,10,Germany x Tajikistan,Dormant,Control,6-BS_D_C,3,10/3/21,3.2,0,0,0,0,0,0,0,0,0,0,0,0,0
6,F,10,Germany x Tajikistan,Dormant,Control,6-BS_D_C,3,10/15/21,3.21,0,0,0,0,0,0,0,0,0,0,0,0,0
6,F,10,Germany x Tajikistan,Dormant,Control,6-BS_D_C,3,11/15/21,3.22,0,0,0,0,0,0,0,2,0,0,0,0,2
6,F,10,Germany x Tajikistan,Dormant,Control,6-BS_D_C,3,12/17/21,3.23,0,0,0,0,0,0,0,0,0,0,0,0,0
6,F,11,UK x USA,Mixed,Control,6-TC_M_C,1,6/12/19,1.01,NA,NA,NA,NA,NA,NA,NA,NA,NA,NA,NA,NA,NA
6,F,11,UK x USA,Mixed,Control,6-TC_M_C,1,6/16/19,1.02,NA,NA,NA,NA,NA,NA,NA,NA,NA,NA,NA,NA,NA
6,F,11,UK x USA,Mixed,Control,6-TC_M_C,1,6/26/19,1.03,NA,NA,NA,NA,NA,NA,NA,NA,NA,NA,NA,NA,NA
6,F,11,UK x USA,Mixed,Control,6-TC_M_C,1,7/3/19,1.04,NA,NA,NA,NA,NA,NA,NA,NA,NA,NA,NA,NA,NA
6,F,11,UK x USA,Mixed,Control,6-TC_M_C,1,7/10/19,1.05,NA,NA,NA,NA,NA,NA,NA,NA,NA,NA,NA,NA,NA
6,F,11,UK x USA,Mixed,Control,6-TC_M_C,1,7/17/19,1.06,0,0,0,0,0,0,NA,0,0,0,0,0,0
6,F,11,UK x USA,Mixed,Control,6-TC_M_C,1,7/24/19,1.07,0,0,0,0,0,0,NA,0,0,0,0,0,0
6,F,11,UK x USA,Mixed,Control,6-TC_M_C,1,7/31/19,1.08,0,0,0,0,0,0,NA,0,0,0,0,0,0
6,F,11,UK x USA,Mixed,Control,6-TC_M_C,1,8/7/19,1.09,0,0,0,0,0,0,NA,0,0,0,0,0,0
6,F,11,UK x USA,Mixed,Control,6-TC_M_C,1,8/15/19,1.1,0,0,0,0,0,0,NA,0,0,0,0,0,0
6,F,11,UK x USA,Mixed,Control,6-TC_M_C,1,8/20/19,1.11,0,0,0,0,0,0,NA,0,0,0,0,0,0
6,F,11,UK x USA,Mixed,Control,6-TC_M_C,1,8/28/19,1.12,0,0,0,0,0,0,NA,0,0,0,0,0,0
6,F,11,UK x USA,Mixed,Control,6-TC_M_C,1,9/4/19,1.13,0,0,0,0,0,0,NA,0,0,0,0,0,0
6,F,11,UK x USA,Mixed,Control,6-TC_M_C,1,9/11/19,1.14,0,0,0,0,0,0,NA,0,0,0,0,0,0
6,F,11,UK x USA,Mixed,Control,6-TC_M_C,1,9/18/19,1.15,0,0,0,0,0,0,NA,0,0,0,0,0,0
6,F,11,UK x USA,Mixed,Control,6-TC_M_C,1,9/25/19,1.16,0,0,0,0,0,0,NA,0,0,0,0,0,0
6,F,11,UK x USA,Mixed,Control,6-TC_M_C,1,10/2/19,1.17,0,0,0,0,0,0,NA,0,0,0,0,0,0
6,F,11,UK x USA,Mixed,Control,6-TC_M_C,1,10/9/19,1.18,0,0,0,0,0,0,NA,0,0,0,0,0,0
6,F,11,UK x USA,Mixed,Control,6-TC_M_C,1,10/18/19,1.19,0,0,0,0,0,0,NA,NA,NA,NA,NA,0,0
6,F,11,UK x USA,Mixed,Control,6-TC_M_C,1,10/23/19,1.2,0,0,0,0,0,0,NA,NA,NA,NA,NA,0,0
6,F,11,UK x USA,Mixed,Control,6-TC_M_C,1,11/6/19,1.22,0,0,0,0,0,0,NA,NA,NA,NA,NA,0,0
6,F,11,UK x USA,Mixed,Control,6-TC_M_C,1,11/20/19,1.23,0,0,0,0,0,0,NA,NA,NA,NA,NA,0,0
6,F,11,UK x USA,Mixed,Control,6-TC_M_C,1,12/4/19,1.24,0,0,0,0,0,0,NA,NA,NA,NA,NA,0,0
6,F,11,UK x USA,Mixed,Control,6-TC_M_C,1,12/20/19,1.25,0,0,0,0,0,0,NA,1,0,0,0,0,1
6,F,11,UK x USA,Mixed,Control,6-TC_M_C,1,2/10/20,1.26,0,0,0,0,0,0,NA,NA,0,0,0,0,0
6,F,11,UK x USA,Mixed,Control,6-TC_M_C,1,3/2/20,1.27,0,0,0,0,0,0,NA,NA,0,0,3,0,3
6,F,11,UK x USA,Mixed,Control,6-TC_M_C,1,5/5/20,1.29,0,0,0,0,0,0,NA,0,0,0,0,3,3
6,F,11,UK x USA,Mixed,Control,6-TC_M_C,2,5/27/20,2.01,1,0,0,0,0,0,0,0,0,0,0,0,1
6,F,11,UK x USA,Mixed,Control,6-TC_M_C,2,6/4/20,2.02,0,0,0,0,0,0,0,0,0,0,0,0,0
6,F,11,UK x USA,Mixed,Control,6-TC_M_C,2,7/23/20,2.03,0,0,0,0,0,0,0,0,0,0,0,0,0
6,F,11,UK x USA,Mixed,Control,6-TC_M_C,2,8/7/20,2.04,0,0,0,0,0,0,0,0,0,0,0,0,0
6,F,11,UK x USA,Mixed,Control,6-TC_M_C,2,8/13/20,2.05,0,0,0,0,0,0,0,0,0,0,0,0,0
6,F,11,UK x USA,Mixed,Control,6-TC_M_C,2,8/18/20,2.06,0,0,0,0,0,0,0,0,0,0,0,0,0
6,F,11,UK x USA,Mixed,Control,6-TC_M_C,2,8/25/20,2.07,0,0,0,0,0,0,0,0,0,0,0,0,0
6,F,11,UK x USA,Mixed,Control,6-TC_M_C,2,9/10/20,2.08,0,0,0,0,0,0,0,0,0,0,0,0,0
6,F,11,UK x USA,Mixed,Control,6-TC_M_C,2,9/18/20,2.09,0,0,0,0,0,0,0,0,0,0,0,0,0
6,F,11,UK x USA,Mixed,Control,6-TC_M_C,2,10/2/20,2.1,0,0,0,0,0,0,0,0,0,0,0,0,0
6,F,11,UK x USA,Mixed,Control,6-TC_M_C,2,10/19/20,2.11,0,0,0,0,0,0,0,0,0,0,0,0,0
6,F,11,UK x USA,Mixed,Control,6-TC_M_C,2,11/6/20,2.12,0,0,0,0,0,0,0,0,0,0,0,0,0
6,F,11,UK x USA,Mixed,Control,6-TC_M_C,2,11/19/20,2.13,0,0,0,0,0,0,0,0,0,0,0,0,0
6,F,11,UK x USA,Mixed,Control,6-TC_M_C,2,12/4/20,2.14,0,0,0,0,0,0,0,0,0,0,0,0,0
6,F,11,UK x USA,Mixed,Control,6-TC_M_C,2,12/15/20,2.15,0,0,0,0,0,0,0,0,0,0,0,0,0
6,F,11,UK x USA,Mixed,Control,6-TC_M_C,2,1/14/21,2.16,0,0,0,0,0,0,0,0,0,0,0,0,0
6,F,11,UK x USA,Mixed,Control,6-TC_M_C,2,2/1/21,2.17,0,0,0,0,0,0,0,0,0,0,0,0,0
6,F,11,UK x USA,Mixed,Control,6-TC_M_C,2,2/25/21,2.18,0,0,0,0,0,0,0,0,0,0,0,0,0
6,F,11,UK x USA,Mixed,Control,6-TC_M_C,2,3/8/21,2.19,0,0,0,0,0,0,0,0,0,0,0,0,0
6,F,11,UK x USA,Mixed,Control,6-TC_M_C,2,3/26/21,2.2,0,0,0,0,0,0,0,0,0,1,0,0,1
6,F,11,UK x USA,Mixed,Control,6-TC_M_C,2,4/8/21,2.21,0,0,0,0,0,0,0,0,0,0,0,0,0
6,F,11,UK x USA,Mixed,Control,6-TC_M_C,3,8/17/21,3.14,0,0,0,0,0,0,0,0,0,0,0,0,0
6,F,11,UK x USA,Mixed,Control,6-TC_M_C,3,8/25/21,3.15,0,0,0,0,0,0,0,0,0,0,0,0,0
6,F,11,UK x USA,Mixed,Control,6-TC_M_C,3,9/2/21,3.16,0,0,0,0,0,0,0,0,0,0,0,0,0
6,F,11,UK x USA,Mixed,Control,6-TC_M_C,3,9/8/21,3.17,0,0,0,0,0,0,0,0,0,0,0,0,0
6,F,11,UK x USA,Mixed,Control,6-TC_M_C,3,9/15/21,3.18,0,0,0,0,0,0,0,0,0,0,0,0,0
6,F,11,UK x USA,Mixed,Control,6-TC_M_C,3,9/22/21,3.19,0,0,0,0,0,0,0,0,0,0,0,0,0
6,F,11,UK x USA,Mixed,Control,6-TC_M_C,3,10/3/21,3.2,37,0,0,0,0,0,152,0,0,0,0,0,189
6,F,11,UK x USA,Mixed,Control,6-TC_M_C,3,10/15/21,3.21,34,14,0,0,0,0,205,82,0,0,0,0,335
6,F,11,UK x USA,Mixed,Control,6-TC_M_C,3,11/15/21,3.22,3,4,0,0,0,0,38,156,2,2,0,0,205
6,F,11,UK x USA,Mixed,Control,6-TC_M_C,3,12/17/21,3.23,4,5,0,0,0,0,4,60,0,0,6,0,79
6,F,12,Italy x Sweden,Non-Dormant,Native Soil,6-IS-ND-Soil,1,6/12/19,1.01,3,0,0,0,0,0,NA,NA,NA,NA,NA,NA,3
6,F,12,Italy x Sweden,Non-Dormant,Native Soil,6-IS-ND-Soil,1,6/16/19,1.02,0,0,0,0,0,0,NA,NA,NA,NA,NA,NA,0
6,F,12,Italy x Sweden,Non-Dormant,Native Soil,6-IS-ND-Soil,1,6/26/19,1.03,0,0,0,0,0,0,NA,0,0,0,0,0,0
6,F,12,Italy x Sweden,Non-Dormant,Native Soil,6-IS-ND-Soil,1,7/3/19,1.04,0,0,0,0,0,0,NA,0,0,0,0,0,0
6,F,12,Italy x Sweden,Non-Dormant,Native Soil,6-IS-ND-Soil,1,7/10/19,1.05,NA,0,0,0,0,0,NA,0,0,0,0,0,0
6,F,12,Italy x Sweden,Non-Dormant,Native Soil,6-IS-ND-Soil,1,7/17/19,1.06,0,0,0,0,0,0,NA,0,0,0,0,0,0
6,F,12,Italy x Sweden,Non-Dormant,Native Soil,6-IS-ND-Soil,1,7/24/19,1.07,0,0,0,0,0,0,NA,0,0,0,0,0,0
6,F,12,Italy x Sweden,Non-Dormant,Native Soil,6-IS-ND-Soil,1,7/31/19,1.08,0,0,0,0,0,0,NA,0,0,0,0,0,0
6,F,12,Italy x Sweden,Non-Dormant,Native Soil,6-IS-ND-Soil,1,8/7/19,1.09,0,0,0,0,0,0,NA,0,0,0,0,0,0
6,F,12,Italy x Sweden,Non-Dormant,Native Soil,6-IS-ND-Soil,1,8/15/19,1.1,0,0,0,0,0,0,NA,0,0,0,0,0,0
6,F,12,Italy x Sweden,Non-Dormant,Native Soil,6-IS-ND-Soil,1,8/20/19,1.11,0,0,0,0,0,0,NA,0,0,0,0,0,0
6,F,12,Italy x Sweden,Non-Dormant,Native Soil,6-IS-ND-Soil,1,8/28/19,1.12,0,0,0,0,0,0,NA,0,0,0,0,0,0
6,F,12,Italy x Sweden,Non-Dormant,Native Soil,6-IS-ND-Soil,1,9/4/19,1.13,0,0,0,0,0,0,NA,0,0,0,0,0,0
6,F,12,Italy x Sweden,Non-Dormant,Native Soil,6-IS-ND-Soil,1,9/11/19,1.14,0,0,0,0,0,0,NA,0,0,0,0,0,0
6,F,12,Italy x Sweden,Non-Dormant,Native Soil,6-IS-ND-Soil,1,9/18/19,1.15,0,0,0,0,0,0,NA,0,0,0,0,0,0
6,F,12,Italy x Sweden,Non-Dormant,Native Soil,6-IS-ND-Soil,1,9/25/19,1.16,0,0,0,0,0,0,NA,0,0,0,0,0,0
6,F,12,Italy x Sweden,Non-Dormant,Native Soil,6-IS-ND-Soil,1,10/2/19,1.17,0,0,0,0,0,0,NA,0,0,0,0,0,0
6,F,12,Italy x Sweden,Non-Dormant,Native Soil,6-IS-ND-Soil,1,10/9/19,1.18,0,0,0,0,0,0,NA,0,0,0,0,0,0
6,F,12,Italy x Sweden,Non-Dormant,Native Soil,6-IS-ND-Soil,1,10/18/19,1.19,0,0,0,0,0,0,NA,NA,NA,NA,NA,0,0
6,F,12,Italy x Sweden,Non-Dormant,Native Soil,6-IS-ND-Soil,1,10/23/19,1.2,4,0,0,0,0,0,NA,NA,NA,NA,NA,0,4
6,F,12,Italy x Sweden,Non-Dormant,Native Soil,6-IS-ND-Soil,1,11/6/19,1.22,0,4,0,0,0,0,NA,NA,NA,NA,NA,0,4
6,F,12,Italy x Sweden,Non-Dormant,Native Soil,6-IS-ND-Soil,1,11/20/19,1.23,0,3,0,0,0,0,NA,NA,NA,NA,NA,0,3
6,F,12,Italy x Sweden,Non-Dormant,Native Soil,6-IS-ND-Soil,1,12/4/19,1.24,1,4,0,0,0,0,NA,NA,NA,NA,NA,0,5
6,F,12,Italy x Sweden,Non-Dormant,Native Soil,6-IS-ND-Soil,1,12/20/19,1.25,3,5,0,0,0,0,NA,10,0,0,0,0,18
6,F,12,Italy x Sweden,Non-Dormant,Native Soil,6-IS-ND-Soil,1,2/10/20,1.26,0,6,0,2,1,0,NA,NA,2,1,0,0,12
6,F,12,Italy x Sweden,Non-Dormant,Native Soil,6-IS-ND-Soil,1,3/2/20,1.27,0,4,0,0,5,0,NA,NA,2,1,7,0,19
6,F,12,Italy x Sweden,Non-Dormant,Native Soil,6-IS-ND-Soil,1,5/5/20,1.29,0,0,0,0,0,15,NA,0,0,0,0,23,38
6,F,12,Italy x Sweden,Non-Dormant,Native Soil,6-IS-ND-Soil,2,5/27/20,2.01,65,0,0,0,0,0,100,0,0,0,0,0,165
6,F,12,Italy x Sweden,Non-Dormant,Native Soil,6-IS-ND-Soil,2,6/4/20,2.02,0,0,0,0,0,0,0,0,0,0,0,0,0
6,F,12,Italy x Sweden,Non-Dormant,Native Soil,6-IS-ND-Soil,2,7/23/20,2.03,0,0,0,0,0,0,0,0,0,0,0,0,0
6,F,12,Italy x Sweden,Non-Dormant,Native Soil,6-IS-ND-Soil,2,8/7/20,2.04,0,0,0,0,0,0,0,0,0,0,0,0,0
6,F,12,Italy x Sweden,Non-Dormant,Native Soil,6-IS-ND-Soil,2,8/13/20,2.05,0,0,0,0,0,0,0,0,0,0,0,0,0
6,F,12,Italy x Sweden,Non-Dormant,Native Soil,6-IS-ND-Soil,2,8/18/20,2.06,0,0,0,0,0,0,0,0,0,0,0,0,0
6,F,12,Italy x Sweden,Non-Dormant,Native Soil,6-IS-ND-Soil,2,8/25/20,2.07,0,0,0,0,0,0,0,0,0,0,0,0,0
6,F,12,Italy x Sweden,Non-Dormant,Native Soil,6-IS-ND-Soil,2,9/10/20,2.08,0,0,0,0,0,0,0,0,0,0,0,0,0
6,F,12,Italy x Sweden,Non-Dormant,Native Soil,6-IS-ND-Soil,2,9/18/20,2.09,0,0,0,0,0,0,0,0,0,0,0,0,0
6,F,12,Italy x Sweden,Non-Dormant,Native Soil,6-IS-ND-Soil,2,10/2/20,2.1,0,0,0,0,0,0,0,0,0,0,0,0,0
6,F,12,Italy x Sweden,Non-Dormant,Native Soil,6-IS-ND-Soil,2,10/19/20,2.11,0,0,0,0,0,0,0,0,0,0,0,0,0
6,F,12,Italy x Sweden,Non-Dormant,Native Soil,6-IS-ND-Soil,2,11/6/20,2.12,0,0,0,0,0,0,0,0,0,0,0,0,0
6,F,12,Italy x Sweden,Non-Dormant,Native Soil,6-IS-ND-Soil,2,11/19/20,2.13,0,0,0,0,0,0,0,0,0,0,0,0,0
6,F,12,Italy x Sweden,Non-Dormant,Native Soil,6-IS-ND-Soil,2,12/4/20,2.14,2,0,0,0,0,0,0,1,0,0,0,0,3
6,F,12,Italy x Sweden,Non-Dormant,Native Soil,6-IS-ND-Soil,2,12/15/20,2.15,0,0,0,0,0,0,0,0,0,0,0,0,0
6,F,12,Italy x Sweden,Non-Dormant,Native Soil,6-IS-ND-Soil,2,1/14/21,2.16,0,0,0,0,0,0,0,0,0,0,0,0,0
6,F,12,Italy x Sweden,Non-Dormant,Native Soil,6-IS-ND-Soil,2,2/1/21,2.17,0,0,0,0,0,0,0,0,0,0,0,0,0
6,F,12,Italy x Sweden,Non-Dormant,Native Soil,6-IS-ND-Soil,2,2/25/21,2.18,0,0,0,0,0,0,0,0,0,0,0,0,0
6,F,12,Italy x Sweden,Non-Dormant,Native Soil,6-IS-ND-Soil,2,3/8/21,2.19,0,0,0,0,0,0,0,0,0,0,0,0,0
6,F,12,Italy x Sweden,Non-Dormant,Native Soil,6-IS-ND-Soil,2,3/26/21,2.2,0,0,1,1,2,0,0,0,0,3,9,0,16
6,F,12,Italy x Sweden,Non-Dormant,Native Soil,6-IS-ND-Soil,2,4/8/21,2.21,0,0,0,0,0,0,0,0,0,0,2,0,2
6,F,12,Italy x Sweden,Non-Dormant,Native Soil,6-IS-ND-Soil,3,8/17/21,3.14,0,0,0,0,0,0,0,0,0,0,0,0,0
6,F,12,Italy x Sweden,Non-Dormant,Native Soil,6-IS-ND-Soil,3,8/25/21,3.15,0,0,0,0,0,0,0,0,0,0,0,0,0
6,F,12,Italy x Sweden,Non-Dormant,Native Soil,6-IS-ND-Soil,3,9/2/21,3.16,0,0,0,0,0,0,0,0,0,0,0,0,0
6,F,12,Italy x Sweden,Non-Dormant,Native Soil,6-IS-ND-Soil,3,9/8/21,3.17,0,0,0,0,0,0,0,0,0,0,0,0,0
6,F,12,Italy x Sweden,Non-Dormant,Native Soil,6-IS-ND-Soil,3,9/15/21,3.18,0,0,0,0,0,0,0,0,0,0,0,0,0
6,F,12,Italy x Sweden,Non-Dormant,Native Soil,6-IS-ND-Soil,3,9/22/21,3.19,0,0,0,0,0,0,0,0,0,0,0,0,0
6,F,12,Italy x Sweden,Non-Dormant,Native Soil,6-IS-ND-Soil,3,10/3/21,3.2,0,0,0,0,0,0,18,0,0,0,0,0,18
6,F,12,Italy x Sweden,Non-Dormant,Native Soil,6-IS-ND-Soil,3,10/15/21,3.21,0,3,0,0,0,0,10,10,0,0,0,0,23
6,F,12,Italy x Sweden,Non-Dormant,Native Soil,6-IS-ND-Soil,3,11/15/21,3.22,0,2,0,0,0,0,0,8,0,0,0,0,10
6,F,12,Italy x Sweden,Non-Dormant,Native Soil,6-IS-ND-Soil,3,12/17/21,3.23,0,1,0,0,0,0,0,5,0,0,0,0,6
6,F,13,Germany x Tajikistan,Dormant,Litter,6-BS_D_F,1,6/12/19,1.01,NA,NA,NA,NA,NA,NA,NA,NA,NA,NA,NA,NA,NA
6,F,13,Germany x Tajikistan,Dormant,Litter,6-BS_D_F,1,6/16/19,1.02,NA,NA,NA,NA,NA,NA,NA,NA,NA,NA,NA,NA,NA
6,F,13,Germany x Tajikistan,Dormant,Litter,6-BS_D_F,1,6/26/19,1.03,NA,NA,NA,NA,NA,NA,NA,NA,NA,NA,NA,NA,NA
6,F,13,Germany x Tajikistan,Dormant,Litter,6-BS_D_F,1,7/3/19,1.04,NA,NA,NA,NA,NA,NA,NA,NA,NA,NA,NA,NA,NA
6,F,13,Germany x Tajikistan,Dormant,Litter,6-BS_D_F,1,7/10/19,1.05,NA,NA,NA,NA,NA,NA,NA,NA,NA,NA,NA,NA,NA
6,F,13,Germany x Tajikistan,Dormant,Litter,6-BS_D_F,1,7/17/19,1.06,0,0,0,0,0,0,NA,0,0,0,0,0,0
6,F,13,Germany x Tajikistan,Dormant,Litter,6-BS_D_F,1,7/24/19,1.07,0,0,0,0,0,0,NA,0,0,0,0,0,0
6,F,13,Germany x Tajikistan,Dormant,Litter,6-BS_D_F,1,7/31/19,1.08,0,0,0,0,0,0,NA,0,0,0,0,0,0
6,F,13,Germany x Tajikistan,Dormant,Litter,6-BS_D_F,1,8/7/19,1.09,0,0,0,0,0,0,NA,0,0,0,0,0,0
6,F,13,Germany x Tajikistan,Dormant,Litter,6-BS_D_F,1,8/15/19,1.1,0,0,0,0,0,0,NA,0,0,0,0,0,0
6,F,13,Germany x Tajikistan,Dormant,Litter,6-BS_D_F,1,8/20/19,1.11,0,0,0,0,0,0,NA,0,0,0,0,0,0
6,F,13,Germany x Tajikistan,Dormant,Litter,6-BS_D_F,1,8/28/19,1.12,0,0,0,0,0,0,NA,0,0,0,0,0,0
6,F,13,Germany x Tajikistan,Dormant,Litter,6-BS_D_F,1,9/4/19,1.13,0,0,0,0,0,0,NA,0,0,0,0,0,0
6,F,13,Germany x Tajikistan,Dormant,Litter,6-BS_D_F,1,9/11/19,1.14,0,0,0,0,0,0,NA,0,0,0,0,0,0
6,F,13,Germany x Tajikistan,Dormant,Litter,6-BS_D_F,1,9/18/19,1.15,0,0,0,0,0,0,NA,0,0,0,0,0,0
6,F,13,Germany x Tajikistan,Dormant,Litter,6-BS_D_F,1,9/25/19,1.16,0,0,0,0,0,0,NA,0,0,0,0,0,0
6,F,13,Germany x Tajikistan,Dormant,Litter,6-BS_D_F,1,10/2/19,1.17,0,0,0,0,0,0,NA,0,0,0,0,0,0
6,F,13,Germany x Tajikistan,Dormant,Litter,6-BS_D_F,1,10/9/19,1.18,0,0,0,0,0,0,NA,0,0,0,0,0,0
6,F,13,Germany x Tajikistan,Dormant,Litter,6-BS_D_F,1,10/18/19,1.19,0,0,0,0,0,0,NA,NA,NA,NA,NA,0,0
6,F,13,Germany x Tajikistan,Dormant,Litter,6-BS_D_F,1,10/23/19,1.2,0,0,0,0,0,0,NA,NA,NA,NA,NA,0,0
6,F,13,Germany x Tajikistan,Dormant,Litter,6-BS_D_F,1,11/6/19,1.22,0,0,0,0,0,0,NA,NA,NA,NA,NA,0,0
6,F,13,Germany x Tajikistan,Dormant,Litter,6-BS_D_F,1,11/20/19,1.23,0,0,0,0,0,0,NA,NA,NA,NA,NA,0,0
6,F,13,Germany x Tajikistan,Dormant,Litter,6-BS_D_F,1,12/4/19,1.24,0,0,0,0,0,0,NA,NA,NA,NA,NA,0,0
6,F,13,Germany x Tajikistan,Dormant,Litter,6-BS_D_F,1,12/20/19,1.25,0,0,0,0,0,0,NA,0,0,0,0,0,0
6,F,13,Germany x Tajikistan,Dormant,Litter,6-BS_D_F,1,2/10/20,1.26,0,0,0,0,0,0,NA,NA,0,0,0,0,0
6,F,13,Germany x Tajikistan,Dormant,Litter,6-BS_D_F,1,3/2/20,1.27,0,0,0,0,0,0,NA,NA,0,0,0,0,0
6,F,13,Germany x Tajikistan,Dormant,Litter,6-BS_D_F,1,5/5/20,1.29,0,0,0,0,0,0,NA,0,0,0,0,0,0
6,F,13,Germany x Tajikistan,Dormant,Litter,6-BS_D_F,2,5/27/20,2.01,0,0,0,0,0,0,0,0,0,0,0,0,0
6,F,13,Germany x Tajikistan,Dormant,Litter,6-BS_D_F,2,6/4/20,2.02,0,0,0,0,0,0,0,0,0,0,0,0,0
6,F,13,Germany x Tajikistan,Dormant,Litter,6-BS_D_F,2,9/10/20,2.08,0,0,0,0,0,0,0,0,0,0,0,0,0
6,F,13,Germany x Tajikistan,Dormant,Litter,6-BS_D_F,2,9/18/20,2.09,0,0,0,0,0,0,0,0,0,0,0,0,0
6,F,13,Germany x Tajikistan,Dormant,Litter,6-BS_D_F,2,10/2/20,2.1,0,0,0,0,0,0,0,0,0,0,0,0,0
6,F,13,Germany x Tajikistan,Dormant,Litter,6-BS_D_F,2,10/19/20,2.11,0,0,0,0,0,0,0,0,0,0,0,0,0
6,F,13,Germany x Tajikistan,Dormant,Litter,6-BS_D_F,2,11/6/20,2.12,0,0,0,0,0,0,0,0,0,0,0,0,0
6,F,13,Germany x Tajikistan,Dormant,Litter,6-BS_D_F,2,11/19/20,2.13,0,0,0,0,0,0,0,0,0,0,0,0,0
6,F,13,Germany x Tajikistan,Dormant,Litter,6-BS_D_F,2,12/4/20,2.14,0,0,0,0,0,0,0,0,0,0,0,0,0
6,F,13,Germany x Tajikistan,Dormant,Litter,6-BS_D_F,2,12/15/20,2.15,0,0,0,0,0,0,0,0,0,0,0,0,0
6,F,13,Germany x Tajikistan,Dormant,Litter,6-BS_D_F,2,1/14/21,2.16,0,0,0,0,0,0,0,0,0,0,0,0,0
6,F,13,Germany x Tajikistan,Dormant,Litter,6-BS_D_F,2,2/1/21,2.17,0,0,0,0,0,0,0,0,0,0,0,0,0
6,F,13,Germany x Tajikistan,Dormant,Litter,6-BS_D_F,2,2/25/21,2.18,0,0,0,0,0,0,0,0,0,0,0,0,0
6,F,13,Germany x Tajikistan,Dormant,Litter,6-BS_D_F,2,3/8/21,2.19,0,0,0,0,0,0,0,0,0,0,0,0,0
6,F,13,Germany x Tajikistan,Dormant,Litter,6-BS_D_F,2,3/26/21,2.2,0,0,0,0,0,0,0,0,0,0,0,0,0
6,F,13,Germany x Tajikistan,Dormant,Litter,6-BS_D_F,2,4/8/21,2.21,0,0,0,0,0,0,0,0,0,0,0,0,0
4,G,1,Germany x Tajikistan,Non-Dormant,Control,4-BS_ND_C,1,6/12/19,1.01,NA,NA,NA,NA,NA,NA,NA,NA,NA,NA,NA,NA,NA
4,G,1,Germany x Tajikistan,Non-Dormant,Control,4-BS_ND_C,1,6/16/19,1.02,NA,NA,NA,NA,NA,NA,NA,NA,NA,NA,NA,NA,NA
4,G,1,Germany x Tajikistan,Non-Dormant,Control,4-BS_ND_C,1,6/26/19,1.03,NA,NA,NA,NA,NA,NA,NA,NA,NA,NA,NA,NA,NA
4,G,1,Germany x Tajikistan,Non-Dormant,Control,4-BS_ND_C,1,7/3/19,1.04,NA,NA,NA,NA,NA,NA,NA,NA,NA,NA,NA,NA,NA
4,G,1,Germany x Tajikistan,Non-Dormant,Control,4-BS_ND_C,1,7/10/19,1.05,NA,NA,NA,NA,NA,NA,NA,NA,NA,NA,NA,NA,NA
4,G,1,Germany x Tajikistan,Non-Dormant,Control,4-BS_ND_C,1,7/17/19,1.06,0,0,0,0,0,0,NA,0,0,0,0,0,0
4,G,1,Germany x Tajikistan,Non-Dormant,Control,4-BS_ND_C,1,7/24/19,1.07,0,0,0,0,0,0,NA,0,0,0,0,0,0
4,G,1,Germany x Tajikistan,Non-Dormant,Control,4-BS_ND_C,1,7/31/19,1.08,0,0,0,0,0,0,NA,0,0,0,0,0,0
4,G,1,Germany x Tajikistan,Non-Dormant,Control,4-BS_ND_C,1,8/7/19,1.09,0,0,0,0,0,0,NA,0,0,0,0,0,0
4,G,1,Germany x Tajikistan,Non-Dormant,Control,4-BS_ND_C,1,8/15/19,1.1,0,0,0,0,0,0,NA,0,0,0,0,0,0
4,G,1,Germany x Tajikistan,Non-Dormant,Control,4-BS_ND_C,1,8/20/19,1.11,0,0,0,0,0,0,NA,0,0,0,0,0,0
4,G,1,Germany x Tajikistan,Non-Dormant,Control,4-BS_ND_C,1,8/28/19,1.12,0,0,0,0,0,0,NA,0,0,0,0,0,0
4,G,1,Germany x Tajikistan,Non-Dormant,Control,4-BS_ND_C,1,9/4/19,1.13,0,0,0,0,0,0,NA,0,0,0,0,0,0
4,G,1,Germany x Tajikistan,Non-Dormant,Control,4-BS_ND_C,1,9/11/19,1.14,0,0,0,0,0,0,NA,0,0,0,0,0,0
4,G,1,Germany x Tajikistan,Non-Dormant,Control,4-BS_ND_C,1,9/18/19,1.15,0,0,0,0,0,0,NA,0,0,0,0,0,0
4,G,1,Germany x Tajikistan,Non-Dormant,Control,4-BS_ND_C,1,9/25/19,1.16,0,0,0,0,0,0,NA,0,0,0,0,0,0
4,G,1,Germany x Tajikistan,Non-Dormant,Control,4-BS_ND_C,1,10/2/19,1.17,0,0,0,0,0,0,NA,0,0,0,0,0,0
4,G,1,Germany x Tajikistan,Non-Dormant,Control,4-BS_ND_C,1,10/9/19,1.18,0,0,0,0,0,0,NA,0,0,0,0,0,0
4,G,1,Germany x Tajikistan,Non-Dormant,Control,4-BS_ND_C,1,10/18/19,1.19,0,0,0,0,0,0,NA,NA,NA,NA,NA,0,0
4,G,1,Germany x Tajikistan,Non-Dormant,Control,4-BS_ND_C,1,10/23/19,1.2,7,0,0,0,0,0,NA,NA,NA,NA,NA,0,7
4,G,1,Germany x Tajikistan,Non-Dormant,Control,4-BS_ND_C,1,11/6/19,1.22,0,0,0,0,0,0,NA,NA,NA,NA,NA,0,0
4,G,1,Germany x Tajikistan,Non-Dormant,Control,4-BS_ND_C,1,11/20/19,1.23,0,0,0,0,0,0,NA,NA,NA,NA,NA,0,0
4,G,1,Germany x Tajikistan,Non-Dormant,Control,4-BS_ND_C,1,12/4/19,1.24,0,0,0,0,0,0,NA,NA,NA,NA,NA,0,0
4,G,1,Germany x Tajikistan,Non-Dormant,Control,4-BS_ND_C,1,12/20/19,1.25,0,0,0,0,0,0,NA,1,0,0,0,0,1
4,G,1,Germany x Tajikistan,Non-Dormant,Control,4-BS_ND_C,1,2/10/20,1.26,0,0,0,0,0,0,NA,NA,0,0,0,0,0
4,G,1,Germany x Tajikistan,Non-Dormant,Control,4-BS_ND_C,1,3/2/20,1.27,0,0,0,0,0,0,NA,NA,1,0,0,0,1
4,G,1,Germany x Tajikistan,Non-Dormant,Control,4-BS_ND_C,1,5/5/20,1.29,0,0,0,0,0,0,NA,0,0,0,0,1,1
4,G,1,Germany x Tajikistan,Non-Dormant,Control,4-BS_ND_C,2,5/27/20,2.01,0,0,0,0,0,0,1,0,0,0,0,0,1
4,G,1,Germany x Tajikistan,Non-Dormant,Control,4-BS_ND_C,2,6/4/20,2.02,0,0,0,0,0,0,0,0,0,0,0,0,0
4,G,1,Germany x Tajikistan,Non-Dormant,Control,4-BS_ND_C,2,7/23/20,2.03,0,0,0,0,0,0,0,0,0,0,0,0,0
4,G,1,Germany x Tajikistan,Non-Dormant,Control,4-BS_ND_C,2,8/7/20,2.04,0,0,0,0,0,0,0,0,0,0,0,0,0
4,G,1,Germany x Tajikistan,Non-Dormant,Control,4-BS_ND_C,2,8/13/20,2.05,0,0,0,0,0,0,0,0,0,0,0,0,0
4,G,1,Germany x Tajikistan,Non-Dormant,Control,4-BS_ND_C,2,8/18/20,2.06,0,0,0,0,0,0,0,0,0,0,0,0,0
4,G,1,Germany x Tajikistan,Non-Dormant,Control,4-BS_ND_C,2,8/25/20,2.07,0,0,0,0,0,0,0,0,0,0,0,0,0
4,G,1,Germany x Tajikistan,Non-Dormant,Control,4-BS_ND_C,2,9/10/20,2.08,4,0,0,0,0,0,0,0,0,0,0,0,4
4,G,1,Germany x Tajikistan,Non-Dormant,Control,4-BS_ND_C,2,9/18/20,2.09,11,0,0,0,0,0,20,0,0,0,0,0,31
4,G,1,Germany x Tajikistan,Non-Dormant,Control,4-BS_ND_C,2,10/2/20,2.1,0,0,0,0,0,0,0,0,0,0,0,0,0
4,G,1,Germany x Tajikistan,Non-Dormant,Control,4-BS_ND_C,2,10/19/20,2.11,0,0,0,0,0,0,0,0,0,0,0,0,0
4,G,1,Germany x Tajikistan,Non-Dormant,Control,4-BS_ND_C,2,10/30/20,2.12,0,0,0,0,0,0,0,0,0,0,0,0,0
4,G,1,Germany x Tajikistan,Non-Dormant,Control,4-BS_ND_C,2,11/13/20,2.13,0,0,0,0,0,0,0,0,0,0,0,0,0
4,G,1,Germany x Tajikistan,Non-Dormant,Control,4-BS_ND_C,2,12/4/20,2.14,0,0,0,0,0,0,0,0,0,0,0,0,0
4,G,1,Germany x Tajikistan,Non-Dormant,Control,4-BS_ND_C,2,12/17/20,2.15,0,0,0,0,0,0,0,0,0,0,0,0,0
4,G,1,Germany x Tajikistan,Non-Dormant,Control,4-BS_ND_C,2,1/15/21,2.16,0,0,0,0,0,0,0,0,0,0,0,0,0
4,G,1,Germany x Tajikistan,Non-Dormant,Control,4-BS_ND_C,2,2/1/21,2.17,0,0,0,0,0,0,0,0,0,0,0,0,0
4,G,1,Germany x Tajikistan,Non-Dormant,Control,4-BS_ND_C,2,2/25/21,2.18,0,0,0,0,0,0,0,0,0,0,0,0,0
4,G,1,Germany x Tajikistan,Non-Dormant,Control,4-BS_ND_C,2,3/8/21,2.19,0,0,0,0,0,0,0,0,0,0,0,0,0
4,G,1,Germany x Tajikistan,Non-Dormant,Control,4-BS_ND_C,2,3/25/21,2.2,0,0,0,0,0,0,0,0,0,0,0,0,0
4,G,1,Germany x Tajikistan,Non-Dormant,Control,4-BS_ND_C,2,4/8/21,2.21,0,0,0,0,0,0,0,0,0,0,0,0,0
4,G,1,Germany x Tajikistan,Non-Dormant,Control,4-BS_ND_C,3,8/17/21,3.14,0,0,0,0,0,0,0,0,0,0,0,0,0
4,G,1,Germany x Tajikistan,Non-Dormant,Control,4-BS_ND_C,3,8/25/21,3.15,0,0,0,0,0,0,0,0,0,0,0,0,0
4,G,1,Germany x Tajikistan,Non-Dormant,Control,4-BS_ND_C,3,9/2/21,3.16,0,0,0,0,0,0,0,0,0,0,0,0,0
4,G,1,Germany x Tajikistan,Non-Dormant,Control,4-BS_ND_C,3,9/8/21,3.17,0,0,0,0,0,0,0,0,0,0,0,0,0
4,G,1,Germany x Tajikistan,Non-Dormant,Control,4-BS_ND_C,3,9/15/21,3.18,0,0,0,0,0,0,0,0,0,0,0,0,0
4,G,1,Germany x Tajikistan,Non-Dormant,Control,4-BS_ND_C,3,9/22/21,3.19,0,0,0,0,0,0,0,0,0,0,0,0,0
4,G,1,Germany x Tajikistan,Non-Dormant,Control,4-BS_ND_C,3,10/1/21,3.2,0,0,0,0,0,0,0,0,0,0,0,0,0
4,G,1,Germany x Tajikistan,Non-Dormant,Control,4-BS_ND_C,3,10/13/21,3.21,0,0,0,0,0,0,0,0,0,0,0,0,0
4,G,1,Germany x Tajikistan,Non-Dormant,Control,4-BS_ND_C,3,11/12/21,3.22,0,0,0,0,0,0,0,0,0,0,0,0,0
4,G,1,Germany x Tajikistan,Non-Dormant,Control,4-BS_ND_C,3,12/17/21,3.23,0,0,0,0,0,0,0,0,0,0,0,0,0
4,G,2,Italy x Sweden,Dormant,Control,4-IS_D_C,1,6/12/19,1.01,0,0,0,0,0,0,NA,NA,NA,NA,NA,NA,0
4,G,2,Italy x Sweden,Dormant,Control,4-IS_D_C,1,6/16/19,1.02,1,0,0,0,0,0,NA,NA,NA,NA,NA,NA,1
4,G,2,Italy x Sweden,Dormant,Control,4-IS_D_C,1,6/26/19,1.03,0,0,0,0,0,0,NA,0,0,0,0,0,0
4,G,2,Italy x Sweden,Dormant,Control,4-IS_D_C,1,7/3/19,1.04,0,0,0,0,0,0,NA,0,0,0,0,0,0
4,G,2,Italy x Sweden,Dormant,Control,4-IS_D_C,1,7/10/19,1.05,NA,0,0,0,0,0,NA,0,0,0,0,0,0
4,G,2,Italy x Sweden,Dormant,Control,4-IS_D_C,1,7/17/19,1.06,0,0,0,0,0,0,NA,0,0,0,0,0,0
4,G,2,Italy x Sweden,Dormant,Control,4-IS_D_C,1,7/24/19,1.07,0,0,0,0,0,0,NA,0,0,0,0,0,0
4,G,2,Italy x Sweden,Dormant,Control,4-IS_D_C,1,7/31/19,1.08,0,0,0,0,0,0,NA,0,0,0,0,0,0
4,G,2,Italy x Sweden,Dormant,Control,4-IS_D_C,1,8/7/19,1.09,0,0,0,0,0,0,NA,0,0,0,0,0,0
4,G,2,Italy x Sweden,Dormant,Control,4-IS_D_C,1,8/15/19,1.1,0,0,0,0,0,0,NA,0,0,0,0,0,0
4,G,2,Italy x Sweden,Dormant,Control,4-IS_D_C,1,8/20/19,1.11,0,0,0,0,0,0,NA,0,0,0,0,0,0
4,G,2,Italy x Sweden,Dormant,Control,4-IS_D_C,1,8/28/19,1.12,0,0,0,0,0,0,NA,0,0,0,0,0,0
4,G,2,Italy x Sweden,Dormant,Control,4-IS_D_C,1,9/4/19,1.13,0,0,0,0,0,0,NA,0,0,0,0,0,0
4,G,2,Italy x Sweden,Dormant,Control,4-IS_D_C,1,9/11/19,1.14,0,0,0,0,0,0,NA,0,0,0,0,0,0
4,G,2,Italy x Sweden,Dormant,Control,4-IS_D_C,1,9/18/19,1.15,0,0,0,0,0,0,NA,0,0,0,0,0,0
4,G,2,Italy x Sweden,Dormant,Control,4-IS_D_C,1,9/25/19,1.16,0,0,0,0,0,0,NA,0,0,0,0,0,0
4,G,2,Italy x Sweden,Dormant,Control,4-IS_D_C,1,10/2/19,1.17,0,0,0,0,0,0,NA,0,0,0,0,0,0
4,G,2,Italy x Sweden,Dormant,Control,4-IS_D_C,1,10/9/19,1.18,0,0,0,0,0,0,NA,0,0,0,0,0,0
4,G,2,Italy x Sweden,Dormant,Control,4-IS_D_C,1,10/18/19,1.19,0,0,0,0,0,0,NA,NA,NA,NA,NA,0,0
4,G,2,Italy x Sweden,Dormant,Control,4-IS_D_C,1,10/23/19,1.2,3,0,0,0,0,0,NA,NA,NA,NA,NA,0,3
4,G,2,Italy x Sweden,Dormant,Control,4-IS_D_C,1,11/6/19,1.22,1,0,0,0,0,0,NA,NA,NA,NA,NA,0,1
4,G,2,Italy x Sweden,Dormant,Control,4-IS_D_C,1,11/20/19,1.23,0,0,0,0,0,0,NA,NA,NA,NA,NA,0,0
4,G,2,Italy x Sweden,Dormant,Control,4-IS_D_C,1,12/4/19,1.24,0,0,0,0,0,0,NA,NA,NA,NA,NA,0,0
4,G,2,Italy x Sweden,Dormant,Control,4-IS_D_C,1,12/20/19,1.25,0,1,0,0,0,0,NA,2,0,0,0,0,3
4,G,2,Italy x Sweden,Dormant,Control,4-IS_D_C,1,2/10/20,1.26,0,1,0,0,0,0,NA,NA,0,0,0,0,1
4,G,2,Italy x Sweden,Dormant,Control,4-IS_D_C,1,3/2/20,1.27,0,0,0,0,0,0,NA,NA,0,1,1,0,2
4,G,2,Italy x Sweden,Dormant,Control,4-IS_D_C,1,5/5/20,1.29,0,0,0,0,0,3,NA,0,0,0,0,4,7
4,G,2,Italy x Sweden,Dormant,Control,4-IS_D_C,2,5/27/20,2.01,1,0,0,0,0,0,0,0,0,0,0,0,1
4,G,2,Italy x Sweden,Dormant,Control,4-IS_D_C,2,6/4/20,2.02,0,0,0,0,0,0,0,0,0,0,0,0,0
4,G,2,Italy x Sweden,Dormant,Control,4-IS_D_C,2,7/23/20,2.03,0,0,0,0,0,0,0,0,0,0,0,0,0
4,G,2,Italy x Sweden,Dormant,Control,4-IS_D_C,2,8/7/20,2.04,0,0,0,0,0,0,0,0,0,0,0,0,0
4,G,2,Italy x Sweden,Dormant,Control,4-IS_D_C,2,8/13/20,2.05,0,0,0,0,0,0,0,0,0,0,0,0,0
4,G,2,Italy x Sweden,Dormant,Control,4-IS_D_C,2,8/18/20,2.06,0,0,0,0,0,0,0,0,0,0,0,0,0
4,G,2,Italy x Sweden,Dormant,Control,4-IS_D_C,2,8/25/20,2.07,0,0,0,0,0,0,0,0,0,0,0,0,0
4,G,2,Italy x Sweden,Dormant,Control,4-IS_D_C,2,9/10/20,2.08,7,0,0,0,0,0,0,0,0,0,0,0,7
4,G,2,Italy x Sweden,Dormant,Control,4-IS_D_C,2,9/18/20,2.09,22,0,0,0,0,0,80,0,0,0,0,0,102
4,G,2,Italy x Sweden,Dormant,Control,4-IS_D_C,2,10/2/20,2.1,0,0,0,0,0,0,0,0,0,0,0,0,0
4,G,2,Italy x Sweden,Dormant,Control,4-IS_D_C,2,10/19/20,2.11,0,0,0,0,0,0,0,0,0,0,0,0,0
4,G,2,Italy x Sweden,Dormant,Control,4-IS_D_C,2,10/30/20,2.12,0,0,0,0,0,0,0,0,0,0,0,0,0
4,G,2,Italy x Sweden,Dormant,Control,4-IS_D_C,2,11/13/20,2.13,0,0,0,0,0,0,0,0,0,0,0,0,0
4,G,2,Italy x Sweden,Dormant,Control,4-IS_D_C,2,12/4/20,2.14,0,0,0,0,0,0,0,0,0,0,0,0,0
4,G,2,Italy x Sweden,Dormant,Control,4-IS_D_C,2,12/17/20,2.15,0,0,0,0,0,0,0,0,0,0,0,0,0
4,G,2,Italy x Sweden,Dormant,Control,4-IS_D_C,2,1/15/21,2.16,0,0,0,0,0,0,0,0,0,0,0,0,0
4,G,2,Italy x Sweden,Dormant,Control,4-IS_D_C,2,2/1/21,2.17,0,0,0,0,0,0,0,0,0,0,0,0,0
4,G,2,Italy x Sweden,Dormant,Control,4-IS_D_C,2,2/25/21,2.18,0,0,0,0,0,0,0,0,0,0,0,0,0
4,G,2,Italy x Sweden,Dormant,Control,4-IS_D_C,2,3/8/21,2.19,0,0,0,0,0,0,0,0,0,0,0,0,0
4,G,2,Italy x Sweden,Dormant,Control,4-IS_D_C,2,3/25/21,2.2,0,0,0,0,0,0,0,0,0,0,0,0,0
4,G,2,Italy x Sweden,Dormant,Control,4-IS_D_C,2,4/8/21,2.21,0,0,0,0,0,0,0,0,0,0,0,0,0
4,G,2,Italy x Sweden,Dormant,Control,4-IS_D_C,3,8/17/21,3.14,0,0,0,0,0,0,0,0,0,0,0,0,0
4,G,2,Italy x Sweden,Dormant,Control,4-IS_D_C,3,8/25/21,3.15,0,0,0,0,0,0,0,0,0,0,0,0,0
4,G,2,Italy x Sweden,Dormant,Control,4-IS_D_C,3,9/2/21,3.16,0,0,0,0,0,0,0,0,0,0,0,0,0
4,G,2,Italy x Sweden,Dormant,Control,4-IS_D_C,3,9/8/21,3.17,0,0,0,0,0,0,0,0,0,0,0,0,0
4,G,2,Italy x Sweden,Dormant,Control,4-IS_D_C,3,9/15/21,3.18,0,0,0,0,0,0,0,0,0,0,0,0,0
4,G,2,Italy x Sweden,Dormant,Control,4-IS_D_C,3,9/22/21,3.19,0,0,0,0,0,0,18,1,0,0,0,0,19
4,G,2,Italy x Sweden,Dormant,Control,4-IS_D_C,3,10/1/21,3.2,326,0,0,0,0,0,568,6,0,0,0,0,900
4,G,2,Italy x Sweden,Dormant,Control,4-IS_D_C,3,10/13/21,3.21,138,197,0,0,0,0,425,366,0,0,0,0,1126
4,G,2,Italy x Sweden,Dormant,Control,4-IS_D_C,3,11/12/21,3.22,15,207,0,0,0,0,28,461,0,0,0,0,711
4,G,2,Italy x Sweden,Dormant,Control,4-IS_D_C,3,12/17/21,3.23,0,209,0,0,0,0,0,300,0,0,0,0,509
4,G,3,Italy x Sweden,Mixed,Litter,4-IS_M_F,1,6/12/19,1.01,5,0,0,0,0,0,NA,NA,NA,NA,NA,NA,5
4,G,3,Italy x Sweden,Mixed,Litter,4-IS_M_F,1,6/16/19,1.02,3,0,0,0,0,0,NA,NA,NA,NA,NA,NA,3
4,G,3,Italy x Sweden,Mixed,Litter,4-IS_M_F,1,6/26/19,1.03,0,0,0,0,0,0,NA,4,0,0,0,0,4
4,G,3,Italy x Sweden,Mixed,Litter,4-IS_M_F,1,7/3/19,1.04,0,0,0,0,0,0,NA,2,0,0,0,0,2
4,G,3,Italy x Sweden,Mixed,Litter,4-IS_M_F,1,7/10/19,1.05,NA,0,0,0,0,0,NA,2,0,0,0,0,2
4,G,3,Italy x Sweden,Mixed,Litter,4-IS_M_F,1,7/17/19,1.06,0,0,0,0,0,0,NA,2,0,0,0,0,2
4,G,3,Italy x Sweden,Mixed,Litter,4-IS_M_F,1,7/24/19,1.07,0,0,0,0,0,0,NA,2,0,0,0,0,2
4,G,3,Italy x Sweden,Mixed,Litter,4-IS_M_F,1,7/31/19,1.08,0,0,0,0,0,0,NA,1,0,0,0,0,1
4,G,3,Italy x Sweden,Mixed,Litter,4-IS_M_F,1,8/7/19,1.09,0,0,0,0,0,0,NA,0,0,0,0,0,0
4,G,3,Italy x Sweden,Mixed,Litter,4-IS_M_F,1,8/15/19,1.1,0,0,0,0,0,0,NA,0,0,0,0,0,0
4,G,3,Italy x Sweden,Mixed,Litter,4-IS_M_F,1,8/20/19,1.11,0,0,0,0,0,0,NA,0,0,0,0,0,0
4,G,3,Italy x Sweden,Mixed,Litter,4-IS_M_F,1,8/28/19,1.12,0,0,0,0,0,0,NA,0,0,0,0,0,0
4,G,3,Italy x Sweden,Mixed,Litter,4-IS_M_F,1,9/4/19,1.13,0,0,0,0,0,0,NA,0,0,0,0,0,0
4,G,3,Italy x Sweden,Mixed,Litter,4-IS_M_F,1,9/11/19,1.14,0,0,0,0,0,0,NA,0,0,0,0,0,0
4,G,3,Italy x Sweden,Mixed,Litter,4-IS_M_F,1,9/18/19,1.15,0,0,0,0,0,0,NA,0,0,0,0,0,0
4,G,3,Italy x Sweden,Mixed,Litter,4-IS_M_F,1,9/25/19,1.16,0,0,0,0,0,0,NA,0,0,0,0,0,0
4,G,3,Italy x Sweden,Mixed,Litter,4-IS_M_F,1,10/2/19,1.17,0,0,0,0,0,0,NA,0,0,0,0,0,0
4,G,3,Italy x Sweden,Mixed,Litter,4-IS_M_F,1,10/9/19,1.18,0,0,0,0,0,0,NA,0,0,0,0,0,0
4,G,3,Italy x Sweden,Mixed,Litter,4-IS_M_F,1,10/18/19,1.19,0,0,0,0,0,0,NA,NA,NA,NA,NA,0,0
4,G,3,Italy x Sweden,Mixed,Litter,4-IS_M_F,1,10/23/19,1.2,4,0,0,0,0,0,NA,NA,NA,NA,NA,0,4
4,G,3,Italy x Sweden,Mixed,Litter,4-IS_M_F,1,11/6/19,1.22,2,3,0,0,0,0,NA,NA,NA,NA,NA,0,5
4,G,3,Italy x Sweden,Mixed,Litter,4-IS_M_F,1,11/20/19,1.23,0,4,0,0,0,0,NA,NA,NA,NA,NA,0,4
4,G,3,Italy x Sweden,Mixed,Litter,4-IS_M_F,1,12/4/19,1.24,0,5,0,0,0,0,NA,NA,NA,NA,NA,0,5
4,G,3,Italy x Sweden,Mixed,Litter,4-IS_M_F,1,12/20/19,1.25,3,9,0,0,0,0,NA,5,0,0,0,0,17
4,G,3,Italy x Sweden,Mixed,Litter,4-IS_M_F,1,2/10/20,1.26,0,7,1,0,0,0,NA,NA,0,0,0,0,8
4,G,3,Italy x Sweden,Mixed,Litter,4-IS_M_F,1,3/2/20,1.27,0,1,1,0,3,0,NA,NA,2,1,3,0,11
4,G,3,Italy x Sweden,Mixed,Litter,4-IS_M_F,1,5/5/20,1.29,0,0,0,0,0,4,NA,0,0,0,0,7,11
4,G,3,Italy x Sweden,Mixed,Litter,4-IS_M_F,2,5/27/20,2.01,0,0,0,0,0,0,0,0,0,0,0,0,0
4,G,3,Italy x Sweden,Mixed,Litter,4-IS_M_F,2,6/4/20,2.02,0,0,0,0,0,0,0,0,0,0,0,0,0
4,G,3,Italy x Sweden,Mixed,Litter,4-IS_M_F,2,7/23/20,2.03,0,0,0,0,0,0,0,0,0,0,0,0,0
4,G,3,Italy x Sweden,Mixed,Litter,4-IS_M_F,2,8/7/20,2.04,0,0,0,0,0,0,0,0,0,0,0,0,0
4,G,3,Italy x Sweden,Mixed,Litter,4-IS_M_F,2,8/13/20,2.05,0,0,0,0,0,0,0,0,0,0,0,0,0
4,G,3,Italy x Sweden,Mixed,Litter,4-IS_M_F,2,8/18/20,2.06,0,0,0,0,0,0,0,0,0,0,0,0,0
4,G,3,Italy x Sweden,Mixed,Litter,4-IS_M_F,2,8/25/20,2.07,0,0,0,0,0,0,0,0,0,0,0,0,0
4,G,3,Italy x Sweden,Mixed,Litter,4-IS_M_F,2,9/10/20,2.08,0,0,0,0,0,0,5,0,0,0,0,0,5
4,G,3,Italy x Sweden,Mixed,Litter,4-IS_M_F,2,9/18/20,2.09,9,0,0,0,0,0,25,0,0,0,0,0,34
4,G,3,Italy x Sweden,Mixed,Litter,4-IS_M_F,2,10/2/20,2.1,0,0,0,0,0,0,0,0,0,0,0,0,0
4,G,3,Italy x Sweden,Mixed,Litter,4-IS_M_F,2,10/19/20,2.11,0,0,0,0,0,0,0,0,0,0,0,0,0
4,G,3,Italy x Sweden,Mixed,Litter,4-IS_M_F,2,10/30/20,2.12,0,0,0,0,0,0,0,0,0,0,0,0,0
4,G,3,Italy x Sweden,Mixed,Litter,4-IS_M_F,2,11/13/20,2.13,0,0,0,0,0,0,0,0,0,0,0,0,0
4,G,3,Italy x Sweden,Mixed,Litter,4-IS_M_F,2,12/4/20,2.14,0,0,0,0,0,0,0,0,0,0,0,0,0
4,G,3,Italy x Sweden,Mixed,Litter,4-IS_M_F,2,12/17/20,2.15,0,0,0,0,0,0,0,0,0,0,0,0,0
4,G,3,Italy x Sweden,Mixed,Litter,4-IS_M_F,2,1/15/21,2.16,0,0,0,0,0,0,0,0,0,0,0,0,0
4,G,3,Italy x Sweden,Mixed,Litter,4-IS_M_F,2,2/1/21,2.17,0,0,0,0,0,0,0,0,0,0,0,0,0
4,G,3,Italy x Sweden,Mixed,Litter,4-IS_M_F,2,2/25/21,2.18,0,0,0,0,0,0,0,0,0,0,0,0,0
4,G,3,Italy x Sweden,Mixed,Litter,4-IS_M_F,2,3/8/21,2.19,0,0,0,0,0,0,0,0,0,0,0,0,0
4,G,3,Italy x Sweden,Mixed,Litter,4-IS_M_F,2,3/25/21,2.2,0,0,0,0,0,0,0,0,0,0,0,0,0
4,G,3,Italy x Sweden,Mixed,Litter,4-IS_M_F,2,4/8/21,2.21,0,0,0,0,0,0,0,0,0,0,0,0,0
4,G,3,Italy x Sweden,Mixed,Litter,4-IS_M_F,3,8/17/21,3.14,0,0,0,0,0,0,0,0,0,0,0,0,0
4,G,3,Italy x Sweden,Mixed,Litter,4-IS_M_F,3,8/25/21,3.15,0,0,0,0,0,0,0,0,0,0,0,0,0
4,G,3,Italy x Sweden,Mixed,Litter,4-IS_M_F,3,9/2/21,3.16,0,0,0,0,0,0,0,0,0,0,0,0,0
4,G,3,Italy x Sweden,Mixed,Litter,4-IS_M_F,3,9/8/21,3.17,0,0,0,0,0,0,0,0,0,0,0,0,0
4,G,3,Italy x Sweden,Mixed,Litter,4-IS_M_F,3,9/15/21,3.18,0,0,0,0,0,0,0,0,0,0,0,0,0
4,G,3,Italy x Sweden,Mixed,Litter,4-IS_M_F,3,9/22/21,3.19,0,0,0,0,0,0,0,0,0,0,0,0,0
4,G,3,Italy x Sweden,Mixed,Litter,4-IS_M_F,3,10/1/21,3.2,201,7,0,0,0,0,284,2,0,0,0,0,494
4,G,3,Italy x Sweden,Mixed,Litter,4-IS_M_F,3,10/13/21,3.21,103,141,0,0,0,0,204,179,0,0,0,0,627
4,G,3,Italy x Sweden,Mixed,Litter,4-IS_M_F,3,11/12/21,3.22,12,122,0,0,0,0,17,231,0,0,0,0,382
4,G,3,Italy x Sweden,Mixed,Litter,4-IS_M_F,3,12/17/21,3.23,0,53,0,0,0,0,1,65,0,0,0,0,119
5,G,5,Italy x Sweden,Dormant,Control,5-IS_D_C,1,6/12/19,1.01,3,0,0,0,0,0,NA,NA,NA,NA,NA,NA,3
5,G,5,Italy x Sweden,Dormant,Control,5-IS_D_C,1,6/16/19,1.02,0,0,0,0,0,0,NA,NA,NA,NA,NA,NA,0
5,G,5,Italy x Sweden,Dormant,Control,5-IS_D_C,1,6/26/19,1.03,0,0,0,0,0,0,NA,0,0,0,0,0,0
5,G,5,Italy x Sweden,Dormant,Control,5-IS_D_C,1,7/3/19,1.04,0,0,0,0,0,0,NA,0,0,0,0,0,0
5,G,5,Italy x Sweden,Dormant,Control,5-IS_D_C,1,7/10/19,1.05,NA,0,0,0,0,0,NA,0,0,0,0,0,0
5,G,5,Italy x Sweden,Dormant,Control,5-IS_D_C,1,7/17/19,1.06,0,0,0,0,0,0,NA,0,0,0,0,0,0
5,G,5,Italy x Sweden,Dormant,Control,5-IS_D_C,1,7/24/19,1.07,0,0,0,0,0,0,NA,0,0,0,0,0,0
5,G,5,Italy x Sweden,Dormant,Control,5-IS_D_C,1,7/31/19,1.08,0,0,0,0,0,0,NA,0,0,0,0,0,0
5,G,5,Italy x Sweden,Dormant,Control,5-IS_D_C,1,8/7/19,1.09,0,0,0,0,0,0,NA,0,0,0,0,0,0
5,G,5,Italy x Sweden,Dormant,Control,5-IS_D_C,1,8/15/19,1.1,0,0,0,0,0,0,NA,0,0,0,0,0,0
5,G,5,Italy x Sweden,Dormant,Control,5-IS_D_C,1,8/20/19,1.11,0,0,0,0,0,0,NA,0,0,0,0,0,0
5,G,5,Italy x Sweden,Dormant,Control,5-IS_D_C,1,8/28/19,1.12,0,0,0,0,0,0,NA,0,0,0,0,0,0
5,G,5,Italy x Sweden,Dormant,Control,5-IS_D_C,1,9/4/19,1.13,0,0,0,0,0,0,NA,0,0,0,0,0,0
5,G,5,Italy x Sweden,Dormant,Control,5-IS_D_C,1,9/11/19,1.14,0,0,0,0,0,0,NA,0,0,0,0,0,0
5,G,5,Italy x Sweden,Dormant,Control,5-IS_D_C,1,9/18/19,1.15,0,0,0,0,0,0,NA,0,0,0,0,0,0
5,G,5,Italy x Sweden,Dormant,Control,5-IS_D_C,1,9/25/19,1.16,0,0,0,0,0,0,NA,0,0,0,0,0,0
5,G,5,Italy x Sweden,Dormant,Control,5-IS_D_C,1,10/2/19,1.17,0,0,0,0,0,0,NA,0,0,0,0,0,0
5,G,5,Italy x Sweden,Dormant,Control,5-IS_D_C,1,10/9/19,1.18,0,0,0,0,0,0,NA,0,0,0,0,0,0
5,G,5,Italy x Sweden,Dormant,Control,5-IS_D_C,1,10/18/19,1.19,0,0,0,0,0,0,NA,NA,NA,NA,NA,0,0
5,G,5,Italy x Sweden,Dormant,Control,5-IS_D_C,1,10/23/19,1.2,3,0,0,0,0,0,NA,NA,NA,NA,NA,0,3
5,G,5,Italy x Sweden,Dormant,Control,5-IS_D_C,1,11/6/19,1.22,1,0,0,0,0,0,NA,NA,NA,NA,NA,0,1
5,G,5,Italy x Sweden,Dormant,Control,5-IS_D_C,1,11/20/19,1.23,0,0,0,0,0,0,NA,NA,NA,NA,NA,0,0
5,G,5,Italy x Sweden,Dormant,Control,5-IS_D_C,1,12/4/19,1.24,0,0,0,0,0,0,NA,NA,NA,NA,NA,0,0
5,G,5,Italy x Sweden,Dormant,Control,5-IS_D_C,1,12/20/19,1.25,0,0,0,0,0,0,NA,10,0,0,0,0,10
5,G,5,Italy x Sweden,Dormant,Control,5-IS_D_C,1,2/10/20,1.26,0,0,0,0,0,0,NA,NA,3,1,0,0,4
5,G,5,Italy x Sweden,Dormant,Control,5-IS_D_C,1,3/2/20,1.27,0,0,0,0,0,0,NA,NA,2,2,15,0,19
5,G,5,Italy x Sweden,Dormant,Control,5-IS_D_C,1,5/5/20,1.29,0,0,0,0,0,0,NA,0,0,0,0,11,11
5,G,5,Italy x Sweden,Dormant,Control,5-IS_D_C,2,5/27/20,2.01,133,0,0,0,0,0,141,0,0,0,0,0,274
5,G,5,Italy x Sweden,Dormant,Control,5-IS_D_C,2,6/4/20,2.02,109,0,0,0,0,0,187,0,0,0,0,0,296
5,G,5,Italy x Sweden,Dormant,Control,5-IS_D_C,2,7/23/20,2.03,0,0,0,0,0,0,0,0,0,0,0,0,0
5,G,5,Italy x Sweden,Dormant,Control,5-IS_D_C,2,8/7/20,2.04,0,0,0,0,0,0,0,0,0,0,0,0,0
5,G,5,Italy x Sweden,Dormant,Control,5-IS_D_C,2,8/13/20,2.05,0,0,0,0,0,0,0,0,0,0,0,0,0
5,G,5,Italy x Sweden,Dormant,Control,5-IS_D_C,2,8/18/20,2.06,0,0,0,0,0,0,0,0,0,0,0,0,0
5,G,5,Italy x Sweden,Dormant,Control,5-IS_D_C,2,8/25/20,2.07,0,0,0,0,0,0,0,0,0,0,0,0,0
5,G,5,Italy x Sweden,Dormant,Control,5-IS_D_C,2,9/4/20,2.08,2,0,0,0,0,0,10,0,0,0,0,0,12
5,G,5,Italy x Sweden,Dormant,Control,5-IS_D_C,2,9/16/20,2.09,53,0,0,0,0,0,20,0,0,0,0,0,73
5,G,5,Italy x Sweden,Dormant,Control,5-IS_D_C,2,10/2/20,2.1,0,0,0,0,0,0,0,0,0,0,0,0,0
5,G,5,Italy x Sweden,Dormant,Control,5-IS_D_C,2,10/19/20,2.11,0,0,0,0,0,0,0,0,0,0,0,0,0
5,G,5,Italy x Sweden,Dormant,Control,5-IS_D_C,2,11/6/20,2.12,0,0,0,0,0,0,0,0,0,0,0,0,0
5,G,5,Italy x Sweden,Dormant,Control,5-IS_D_C,2,11/19/20,2.13,0,0,0,0,0,0,0,0,0,0,0,0,0
5,G,5,Italy x Sweden,Dormant,Control,5-IS_D_C,2,12/4/20,2.14,0,0,0,0,0,0,0,0,0,0,0,0,0
5,G,5,Italy x Sweden,Dormant,Control,5-IS_D_C,2,12/15/20,2.15,0,0,0,0,0,0,0,0,0,0,0,0,0
5,G,5,Italy x Sweden,Dormant,Control,5-IS_D_C,2,1/14/21,2.16,0,0,0,0,0,0,0,0,0,0,0,0,0
5,G,5,Italy x Sweden,Dormant,Control,5-IS_D_C,2,2/1/21,2.17,0,0,0,0,0,0,0,0,0,0,0,0,0
5,G,5,Italy x Sweden,Dormant,Control,5-IS_D_C,2,2/25/21,2.18,0,0,0,0,0,0,0,0,0,0,0,0,0
5,G,5,Italy x Sweden,Dormant,Control,5-IS_D_C,2,3/8/21,2.19,0,0,0,0,0,0,0,0,0,0,0,0,0
5,G,5,Italy x Sweden,Dormant,Control,5-IS_D_C,2,3/26/21,2.2,0,0,0,0,0,0,0,0,0,1,2,0,3
5,G,5,Italy x Sweden,Dormant,Control,5-IS_D_C,2,4/8/21,2.21,0,0,0,0,0,0,0,0,0,1,3,0,4
5,G,5,Italy x Sweden,Dormant,Control,5-IS_D_C,3,8/17/21,3.14,0,0,0,0,0,0,0,0,0,0,0,0,0
5,G,5,Italy x Sweden,Dormant,Control,5-IS_D_C,3,8/25/21,3.15,0,0,0,0,0,0,0,0,0,0,0,0,0
5,G,5,Italy x Sweden,Dormant,Control,5-IS_D_C,3,9/2/21,3.16,0,0,0,0,0,0,0,0,0,0,0,0,0
5,G,5,Italy x Sweden,Dormant,Control,5-IS_D_C,3,9/8/21,3.17,0,0,0,0,0,0,0,0,0,0,0,0,0
5,G,5,Italy x Sweden,Dormant,Control,5-IS_D_C,3,9/15/21,3.18,0,0,0,0,0,0,0,0,0,0,0,0,0
5,G,5,Italy x Sweden,Dormant,Control,5-IS_D_C,3,9/22/21,3.19,0,0,0,0,0,0,0,0,0,0,0,0,0
5,G,5,Italy x Sweden,Dormant,Control,5-IS_D_C,3,10/3/21,3.2,201,1,0,0,0,0,516,13,0,0,0,0,731
5,G,5,Italy x Sweden,Dormant,Control,5-IS_D_C,3,10/15/21,3.21,30,43,0,0,0,0,149,179,0,0,0,0,401
5,G,5,Italy x Sweden,Dormant,Control,5-IS_D_C,3,11/15/21,3.22,3,33,0,0,0,0,31,260,0,0,0,0,327
5,G,5,Italy x Sweden,Dormant,Control,5-IS_D_C,3,12/17/21,3.23,3,23,0,0,0,0,4,225,0,0,0,0,255
5,G,6,UK x USA,Mixed,Control,5-TC_M_C,1,6/12/19,1.01,NA,NA,NA,NA,NA,NA,NA,NA,NA,NA,NA,NA,NA
5,G,6,UK x USA,Mixed,Control,5-TC_M_C,1,6/16/19,1.02,NA,NA,NA,NA,NA,NA,NA,NA,NA,NA,NA,NA,NA
5,G,6,UK x USA,Mixed,Control,5-TC_M_C,1,6/26/19,1.03,NA,NA,NA,NA,NA,NA,NA,NA,NA,NA,NA,NA,NA
5,G,6,UK x USA,Mixed,Control,5-TC_M_C,1,7/3/19,1.04,NA,NA,NA,NA,NA,NA,NA,NA,NA,NA,NA,NA,NA
5,G,6,UK x USA,Mixed,Control,5-TC_M_C,1,7/10/19,1.05,NA,NA,NA,NA,NA,NA,NA,NA,NA,NA,NA,NA,NA
5,G,6,UK x USA,Mixed,Control,5-TC_M_C,1,7/17/19,1.06,0,0,0,0,0,0,NA,0,0,0,0,0,0
5,G,6,UK x USA,Mixed,Control,5-TC_M_C,1,7/24/19,1.07,0,0,0,0,0,0,NA,0,0,0,0,0,0
5,G,6,UK x USA,Mixed,Control,5-TC_M_C,1,7/31/19,1.08,0,0,0,0,0,0,NA,0,0,0,0,0,0
5,G,6,UK x USA,Mixed,Control,5-TC_M_C,1,8/7/19,1.09,0,0,0,0,0,0,NA,0,0,0,0,0,0
5,G,6,UK x USA,Mixed,Control,5-TC_M_C,1,8/15/19,1.1,0,0,0,0,0,0,NA,0,0,0,0,0,0
5,G,6,UK x USA,Mixed,Control,5-TC_M_C,1,8/20/19,1.11,0,0,0,0,0,0,NA,0,0,0,0,0,0
5,G,6,UK x USA,Mixed,Control,5-TC_M_C,1,8/28/19,1.12,0,0,0,0,0,0,NA,0,0,0,0,0,0
5,G,6,UK x USA,Mixed,Control,5-TC_M_C,1,9/4/19,1.13,0,0,0,0,0,0,NA,0,0,0,0,0,0
5,G,6,UK x USA,Mixed,Control,5-TC_M_C,1,9/11/19,1.14,0,0,0,0,0,0,NA,0,0,0,0,0,0
5,G,6,UK x USA,Mixed,Control,5-TC_M_C,1,9/18/19,1.15,0,0,0,0,0,0,NA,0,0,0,0,0,0
5,G,6,UK x USA,Mixed,Control,5-TC_M_C,1,9/25/19,1.16,0,0,0,0,0,0,NA,0,0,0,0,0,0
5,G,6,UK x USA,Mixed,Control,5-TC_M_C,1,10/2/19,1.17,0,0,0,0,0,0,NA,0,0,0,0,0,0
5,G,6,UK x USA,Mixed,Control,5-TC_M_C,1,10/9/19,1.18,0,0,0,0,0,0,NA,0,0,0,0,0,0
5,G,6,UK x USA,Mixed,Control,5-TC_M_C,1,10/18/19,1.19,0,0,0,0,0,0,NA,NA,NA,NA,NA,0,0
5,G,6,UK x USA,Mixed,Control,5-TC_M_C,1,10/23/19,1.2,22,0,0,0,0,0,NA,NA,NA,NA,NA,0,22
5,G,6,UK x USA,Mixed,Control,5-TC_M_C,1,11/6/19,1.22,16,0,0,0,0,0,NA,NA,NA,NA,NA,0,16
5,G,6,UK x USA,Mixed,Control,5-TC_M_C,1,11/20/19,1.23,0,0,0,0,0,0,NA,NA,NA,NA,NA,0,0
5,G,6,UK x USA,Mixed,Control,5-TC_M_C,1,12/4/19,1.24,0,0,0,0,0,0,NA,NA,NA,NA,NA,0,0
5,G,6,UK x USA,Mixed,Control,5-TC_M_C,1,12/20/19,1.25,0,0,0,0,0,0,NA,0,0,0,0,0,0
5,G,6,UK x USA,Mixed,Control,5-TC_M_C,1,2/10/20,1.26,0,0,0,0,0,0,NA,NA,0,0,0,0,0
5,G,6,UK x USA,Mixed,Control,5-TC_M_C,1,3/2/20,1.27,0,0,0,0,0,0,NA,NA,0,0,0,0,0
5,G,6,UK x USA,Mixed,Control,5-TC_M_C,1,5/5/20,1.29,0,0,0,0,0,0,NA,0,0,0,0,0,0
5,G,6,UK x USA,Mixed,Control,5-TC_M_C,2,5/27/20,2.01,0,0,0,0,0,0,1,0,0,0,0,0,1
5,G,6,UK x USA,Mixed,Control,5-TC_M_C,2,6/4/20,2.02,0,0,0,0,0,0,0,0,0,0,0,0,0
5,G,6,UK x USA,Mixed,Control,5-TC_M_C,2,7/23/20,2.03,0,0,0,0,0,0,0,0,0,0,0,0,0
5,G,6,UK x USA,Mixed,Control,5-TC_M_C,2,8/7/20,2.04,0,0,0,0,0,0,0,0,0,0,0,0,0
5,G,6,UK x USA,Mixed,Control,5-TC_M_C,2,8/13/20,2.05,0,0,0,0,0,0,0,0,0,0,0,0,0
5,G,6,UK x USA,Mixed,Control,5-TC_M_C,2,8/18/20,2.06,0,0,0,0,0,0,0,0,0,0,0,0,0
5,G,6,UK x USA,Mixed,Control,5-TC_M_C,2,8/25/20,2.07,0,0,0,0,0,0,0,0,0,0,0,0,0
5,G,6,UK x USA,Mixed,Control,5-TC_M_C,2,9/4/20,2.08,5,0,0,0,0,0,10,0,0,0,0,0,15
5,G,6,UK x USA,Mixed,Control,5-TC_M_C,2,9/16/20,2.09,11,0,0,0,0,0,5,0,0,0,0,0,16
5,G,6,UK x USA,Mixed,Control,5-TC_M_C,2,10/2/20,2.1,0,0,0,0,0,0,0,0,0,0,0,0,0
5,G,6,UK x USA,Mixed,Control,5-TC_M_C,2,10/19/20,2.11,0,0,0,0,0,0,0,0,0,0,0,0,0
5,G,6,UK x USA,Mixed,Control,5-TC_M_C,2,11/6/20,2.12,0,0,0,0,0,0,0,0,0,0,0,0,0
5,G,6,UK x USA,Mixed,Control,5-TC_M_C,2,11/19/20,2.13,0,0,0,0,0,0,0,0,0,0,0,0,0
5,G,6,UK x USA,Mixed,Control,5-TC_M_C,2,12/4/20,2.14,0,0,0,0,0,0,0,0,0,0,0,0,0
5,G,6,UK x USA,Mixed,Control,5-TC_M_C,2,12/15/20,2.15,0,0,0,0,0,0,0,0,0,0,0,0,0
5,G,6,UK x USA,Mixed,Control,5-TC_M_C,2,1/14/21,2.16,0,0,0,0,0,0,0,0,0,0,0,0,0
5,G,6,UK x USA,Mixed,Control,5-TC_M_C,2,2/1/21,2.17,0,0,0,0,0,0,0,0,0,0,0,0,0
5,G,6,UK x USA,Mixed,Control,5-TC_M_C,2,2/25/21,2.18,0,0,0,0,0,0,0,0,0,0,0,0,0
5,G,6,UK x USA,Mixed,Control,5-TC_M_C,2,3/8/21,2.19,0,0,0,0,0,0,0,0,0,0,0,0,0
5,G,6,UK x USA,Mixed,Control,5-TC_M_C,2,3/26/21,2.2,0,0,0,0,0,0,0,0,0,0,0,0,0
5,G,6,UK x USA,Mixed,Control,5-TC_M_C,2,4/8/21,2.21,0,0,0,0,0,0,0,0,0,0,0,0,0
5,G,6,UK x USA,Mixed,Control,5-TC_M_C,3,8/17/21,3.14,0,0,0,0,0,0,0,0,0,0,0,0,0
5,G,6,UK x USA,Mixed,Control,5-TC_M_C,3,8/25/21,3.15,0,0,0,0,0,0,0,0,0,0,0,0,0
5,G,6,UK x USA,Mixed,Control,5-TC_M_C,3,9/2/21,3.16,0,0,0,0,0,0,0,0,0,0,0,0,0
5,G,6,UK x USA,Mixed,Control,5-TC_M_C,3,9/8/21,3.17,0,0,0,0,0,0,0,0,0,0,0,0,0
5,G,6,UK x USA,Mixed,Control,5-TC_M_C,3,9/15/21,3.18,0,0,0,0,0,0,0,0,0,0,0,0,0
5,G,6,UK x USA,Mixed,Control,5-TC_M_C,3,9/22/21,3.19,0,0,0,0,0,0,0,0,0,0,0,0,0
5,G,6,UK x USA,Mixed,Control,5-TC_M_C,3,10/3/21,3.2,16,0,0,0,0,0,3,0,0,0,0,0,19
5,G,6,UK x USA,Mixed,Control,5-TC_M_C,3,10/15/21,3.21,3,2,0,0,0,0,0,4,0,0,0,0,9
5,G,6,UK x USA,Mixed,Control,5-TC_M_C,3,11/15/21,3.22,1,1,0,0,0,0,0,4,0,0,0,0,6
5,G,6,UK x USA,Mixed,Control,5-TC_M_C,3,12/17/21,3.23,0,1,0,0,0,0,0,0,0,0,0,0,1
5,G,7,Italy x Sweden,Mixed,Control,5-IS_M_C,1,6/12/19,1.01,1,0,0,0,0,0,NA,NA,NA,NA,NA,NA,1
5,G,7,Italy x Sweden,Mixed,Control,5-IS_M_C,1,6/16/19,1.02,0,0,0,0,0,0,NA,NA,NA,NA,NA,NA,0
5,G,7,Italy x Sweden,Mixed,Control,5-IS_M_C,1,6/26/19,1.03,0,0,0,0,0,0,NA,0,0,0,0,0,0
5,G,7,Italy x Sweden,Mixed,Control,5-IS_M_C,1,7/3/19,1.04,0,0,0,0,0,0,NA,0,0,0,0,0,0
5,G,7,Italy x Sweden,Mixed,Control,5-IS_M_C,1,7/10/19,1.05,NA,0,0,0,0,0,NA,0,0,0,0,0,0
5,G,7,Italy x Sweden,Mixed,Control,5-IS_M_C,1,7/17/19,1.06,0,0,0,0,0,0,NA,0,0,0,0,0,0
5,G,7,Italy x Sweden,Mixed,Control,5-IS_M_C,1,7/24/19,1.07,0,0,0,0,0,0,NA,0,0,0,0,0,0
5,G,7,Italy x Sweden,Mixed,Control,5-IS_M_C,1,7/31/19,1.08,0,0,0,0,0,0,NA,0,0,0,0,0,0
5,G,7,Italy x Sweden,Mixed,Control,5-IS_M_C,1,8/7/19,1.09,0,0,0,0,0,0,NA,0,0,0,0,0,0
5,G,7,Italy x Sweden,Mixed,Control,5-IS_M_C,1,8/15/19,1.1,0,0,0,0,0,0,NA,0,0,0,0,0,0
5,G,7,Italy x Sweden,Mixed,Control,5-IS_M_C,1,8/20/19,1.11,0,0,0,0,0,0,NA,0,0,0,0,0,0
5,G,7,Italy x Sweden,Mixed,Control,5-IS_M_C,1,8/28/19,1.12,0,0,0,0,0,0,NA,0,0,0,0,0,0
5,G,7,Italy x Sweden,Mixed,Control,5-IS_M_C,1,9/4/19,1.13,0,0,0,0,0,0,NA,0,0,0,0,0,0
5,G,7,Italy x Sweden,Mixed,Control,5-IS_M_C,1,9/11/19,1.14,0,0,0,0,0,0,NA,0,0,0,0,0,0
5,G,7,Italy x Sweden,Mixed,Control,5-IS_M_C,1,9/18/19,1.15,0,0,0,0,0,0,NA,0,0,0,0,0,0
5,G,7,Italy x Sweden,Mixed,Control,5-IS_M_C,1,9/25/19,1.16,0,0,0,0,0,0,NA,0,0,0,0,0,0
5,G,7,Italy x Sweden,Mixed,Control,5-IS_M_C,1,10/2/19,1.17,0,0,0,0,0,0,NA,0,0,0,0,0,0
5,G,7,Italy x Sweden,Mixed,Control,5-IS_M_C,1,10/9/19,1.18,0,0,0,0,0,0,NA,0,0,0,0,0,0
5,G,7,Italy x Sweden,Mixed,Control,5-IS_M_C,1,10/18/19,1.19,0,0,0,0,0,0,NA,NA,NA,NA,NA,0,0
5,G,7,Italy x Sweden,Mixed,Control,5-IS_M_C,1,10/23/19,1.2,1,0,0,0,0,0,NA,NA,NA,NA,NA,0,1
5,G,7,Italy x Sweden,Mixed,Control,5-IS_M_C,1,11/6/19,1.22,1,0,0,0,0,0,NA,NA,NA,NA,NA,0,1
5,G,7,Italy x Sweden,Mixed,Control,5-IS_M_C,1,11/20/19,1.23,0,0,0,0,0,0,NA,NA,NA,NA,NA,0,0
5,G,7,Italy x Sweden,Mixed,Control,5-IS_M_C,1,12/4/19,1.24,1,1,0,0,0,0,NA,NA,NA,NA,NA,0,2
5,G,7,Italy x Sweden,Mixed,Control,5-IS_M_C,1,12/20/19,1.25,0,1,0,0,0,0,NA,0,0,0,0,0,1
5,G,7,Italy x Sweden,Mixed,Control,5-IS_M_C,1,2/10/20,1.26,0,0,1,0,0,0,NA,NA,0,0,0,0,1
5,G,7,Italy x Sweden,Mixed,Control,5-IS_M_C,1,3/2/20,1.27,0,0,0,0,1,0,NA,NA,0,1,0,0,2
5,G,7,Italy x Sweden,Mixed,Control,5-IS_M_C,1,5/5/20,1.29,0,0,0,0,0,1,NA,0,0,0,0,2,3
5,G,7,Italy x Sweden,Mixed,Control,5-IS_M_C,2,5/27/20,2.01,0,0,0,0,0,0,0,0,0,0,0,0,0
5,G,7,Italy x Sweden,Mixed,Control,5-IS_M_C,2,6/4/20,2.02,0,0,0,0,0,0,0,0,0,0,0,0,0
5,G,7,Italy x Sweden,Mixed,Control,5-IS_M_C,2,7/23/20,2.03,0,0,0,0,0,0,0,0,0,0,0,0,0
5,G,7,Italy x Sweden,Mixed,Control,5-IS_M_C,2,8/7/20,2.04,0,0,0,0,0,0,0,0,0,0,0,0,0
5,G,7,Italy x Sweden,Mixed,Control,5-IS_M_C,2,8/13/20,2.05,0,0,0,0,0,0,0,0,0,0,0,0,0
5,G,7,Italy x Sweden,Mixed,Control,5-IS_M_C,2,8/18/20,2.06,0,0,0,0,0,0,0,0,0,0,0,0,0
5,G,7,Italy x Sweden,Mixed,Control,5-IS_M_C,2,8/25/20,2.07,0,0,0,0,0,0,0,0,0,0,0,0,0
5,G,7,Italy x Sweden,Mixed,Control,5-IS_M_C,2,9/4/20,2.08,3,0,0,0,0,0,6,0,0,0,0,0,9
5,G,7,Italy x Sweden,Mixed,Control,5-IS_M_C,2,9/16/20,2.09,5,0,0,0,0,0,10,0,0,0,0,0,15
5,G,7,Italy x Sweden,Mixed,Control,5-IS_M_C,2,10/2/20,2.1,0,0,0,0,0,0,0,0,0,0,0,0,0
5,G,7,Italy x Sweden,Mixed,Control,5-IS_M_C,2,10/19/20,2.11,0,0,0,0,0,0,0,0,0,0,0,0,0
5,G,7,Italy x Sweden,Mixed,Control,5-IS_M_C,2,11/6/20,2.12,0,0,0,0,0,0,0,0,0,0,0,0,0
5,G,7,Italy x Sweden,Mixed,Control,5-IS_M_C,2,11/19/20,2.13,0,0,0,0,0,0,0,0,0,0,0,0,0
5,G,7,Italy x Sweden,Mixed,Control,5-IS_M_C,2,12/4/20,2.14,0,0,0,0,0,0,0,0,0,0,0,0,0
5,G,7,Italy x Sweden,Mixed,Control,5-IS_M_C,2,12/15/20,2.15,0,0,0,0,0,0,0,0,0,0,0,0,0
5,G,7,Italy x Sweden,Mixed,Control,5-IS_M_C,2,1/14/21,2.16,0,0,0,0,0,0,0,0,0,0,0,0,0
5,G,7,Italy x Sweden,Mixed,Control,5-IS_M_C,2,2/1/21,2.17,0,0,0,0,0,0,0,0,0,0,0,0,0
5,G,7,Italy x Sweden,Mixed,Control,5-IS_M_C,2,2/25/21,2.18,0,0,0,0,0,0,0,0,0,0,0,0,0
5,G,7,Italy x Sweden,Mixed,Control,5-IS_M_C,2,3/8/21,2.19,0,0,0,0,0,0,0,0,0,0,0,0,0
5,G,7,Italy x Sweden,Mixed,Control,5-IS_M_C,2,3/26/21,2.2,0,0,0,0,0,0,0,0,0,0,0,0,0
5,G,7,Italy x Sweden,Mixed,Control,5-IS_M_C,2,4/8/21,2.21,0,0,0,0,0,0,0,0,0,0,0,0,0
5,G,7,Italy x Sweden,Mixed,Control,5-IS_M_C,3,8/17/21,3.14,0,0,0,0,0,0,0,0,0,0,0,0,0
5,G,7,Italy x Sweden,Mixed,Control,5-IS_M_C,3,8/25/21,3.15,0,0,0,0,0,0,0,0,0,0,0,0,0
5,G,7,Italy x Sweden,Mixed,Control,5-IS_M_C,3,9/2/21,3.16,0,0,0,0,0,0,0,0,0,0,0,0,0
5,G,7,Italy x Sweden,Mixed,Control,5-IS_M_C,3,9/8/21,3.17,0,0,0,0,0,0,0,0,0,0,0,0,0
5,G,7,Italy x Sweden,Mixed,Control,5-IS_M_C,3,9/15/21,3.18,0,0,0,0,0,0,0,0,0,0,0,0,0
5,G,7,Italy x Sweden,Mixed,Control,5-IS_M_C,3,9/22/21,3.19,0,0,0,0,0,0,0,0,0,0,0,0,0
5,G,7,Italy x Sweden,Mixed,Control,5-IS_M_C,3,10/3/21,3.2,5,0,0,0,0,0,25,1,0,0,0,0,31
5,G,7,Italy x Sweden,Mixed,Control,5-IS_M_C,3,10/15/21,3.21,24,4,0,0,0,0,38,23,0,0,0,0,89
5,G,7,Italy x Sweden,Mixed,Control,5-IS_M_C,3,11/15/21,3.22,2,1,0,0,0,0,0,0,0,0,0,0,3
5,G,7,Italy x Sweden,Mixed,Control,5-IS_M_C,3,12/17/21,3.23,0,0,0,0,0,0,1,1,0,0,0,0,2
5,G,8,Germany x Tajikistan,Dormant,Control,5-BS_D_C,1,6/12/19,1.01,NA,NA,NA,NA,NA,NA,NA,NA,NA,NA,NA,NA,NA
5,G,8,Germany x Tajikistan,Dormant,Control,5-BS_D_C,1,6/16/19,1.02,NA,NA,NA,NA,NA,NA,NA,NA,NA,NA,NA,NA,NA
5,G,8,Germany x Tajikistan,Dormant,Control,5-BS_D_C,1,6/26/19,1.03,NA,NA,NA,NA,NA,NA,NA,NA,NA,NA,NA,NA,NA
5,G,8,Germany x Tajikistan,Dormant,Control,5-BS_D_C,1,7/3/19,1.04,NA,NA,NA,NA,NA,NA,NA,NA,NA,NA,NA,NA,NA
5,G,8,Germany x Tajikistan,Dormant,Control,5-BS_D_C,1,7/10/19,1.05,NA,NA,NA,NA,NA,NA,NA,NA,NA,NA,NA,NA,NA
5,G,8,Germany x Tajikistan,Dormant,Control,5-BS_D_C,1,7/17/19,1.06,0,0,0,0,0,0,NA,0,0,0,0,0,0
5,G,8,Germany x Tajikistan,Dormant,Control,5-BS_D_C,1,7/24/19,1.07,0,0,0,0,0,0,NA,0,0,0,0,0,0
5,G,8,Germany x Tajikistan,Dormant,Control,5-BS_D_C,1,7/31/19,1.08,0,0,0,0,0,0,NA,0,0,0,0,0,0
5,G,8,Germany x Tajikistan,Dormant,Control,5-BS_D_C,1,8/7/19,1.09,0,0,0,0,0,0,NA,0,0,0,0,0,0
5,G,8,Germany x Tajikistan,Dormant,Control,5-BS_D_C,1,8/15/19,1.1,0,0,0,0,0,0,NA,0,0,0,0,0,0
5,G,8,Germany x Tajikistan,Dormant,Control,5-BS_D_C,1,8/20/19,1.11,0,0,0,0,0,0,NA,0,0,0,0,0,0
5,G,8,Germany x Tajikistan,Dormant,Control,5-BS_D_C,1,8/28/19,1.12,0,0,0,0,0,0,NA,0,0,0,0,0,0
5,G,8,Germany x Tajikistan,Dormant,Control,5-BS_D_C,1,9/4/19,1.13,0,0,0,0,0,0,NA,0,0,0,0,0,0
5,G,8,Germany x Tajikistan,Dormant,Control,5-BS_D_C,1,9/11/19,1.14,0,0,0,0,0,0,NA,0,0,0,0,0,0
5,G,8,Germany x Tajikistan,Dormant,Control,5-BS_D_C,1,9/18/19,1.15,0,0,0,0,0,0,NA,0,0,0,0,0,0
5,G,8,Germany x Tajikistan,Dormant,Control,5-BS_D_C,1,9/25/19,1.16,0,0,0,0,0,0,NA,0,0,0,0,0,0
5,G,8,Germany x Tajikistan,Dormant,Control,5-BS_D_C,1,10/2/19,1.17,0,0,0,0,0,0,NA,0,0,0,0,0,0
5,G,8,Germany x Tajikistan,Dormant,Control,5-BS_D_C,1,10/9/19,1.18,0,0,0,0,0,0,NA,0,0,0,0,0,0
5,G,8,Germany x Tajikistan,Dormant,Control,5-BS_D_C,1,10/18/19,1.19,0,0,0,0,0,0,NA,NA,NA,NA,NA,0,0
5,G,8,Germany x Tajikistan,Dormant,Control,5-BS_D_C,1,10/23/19,1.2,0,0,0,0,0,0,NA,NA,NA,NA,NA,0,0
5,G,8,Germany x Tajikistan,Dormant,Control,5-BS_D_C,1,11/6/19,1.22,0,0,0,0,0,0,NA,NA,NA,NA,NA,0,0
5,G,8,Germany x Tajikistan,Dormant,Control,5-BS_D_C,1,11/20/19,1.23,0,0,0,0,0,0,NA,NA,NA,NA,NA,0,0
5,G,8,Germany x Tajikistan,Dormant,Control,5-BS_D_C,1,12/4/19,1.24,0,0,0,0,0,0,NA,NA,NA,NA,NA,0,0
5,G,8,Germany x Tajikistan,Dormant,Control,5-BS_D_C,1,12/20/19,1.25,0,0,0,0,0,0,NA,1,0,0,0,0,1
5,G,8,Germany x Tajikistan,Dormant,Control,5-BS_D_C,1,2/10/20,1.26,0,0,0,0,0,0,NA,NA,0,0,2,0,2
5,G,8,Germany x Tajikistan,Dormant,Control,5-BS_D_C,1,3/2/20,1.27,0,0,0,0,0,0,NA,NA,0,0,3,0,3
5,G,8,Germany x Tajikistan,Dormant,Control,5-BS_D_C,1,5/5/20,1.29,0,0,0,0,0,0,NA,0,0,0,0,4,4
5,G,8,Germany x Tajikistan,Dormant,Control,5-BS_D_C,2,5/27/20,2.01,0,0,0,0,0,0,11,0,0,0,0,0,11
5,G,8,Germany x Tajikistan,Dormant,Control,5-BS_D_C,2,6/4/20,2.02,0,0,0,0,0,0,0,0,0,0,0,0,0
5,G,8,Germany x Tajikistan,Dormant,Control,5-BS_D_C,2,7/23/20,2.03,0,0,0,0,0,0,0,0,0,0,0,0,0
5,G,8,Germany x Tajikistan,Dormant,Control,5-BS_D_C,2,8/7/20,2.04,0,0,0,0,0,0,0,0,0,0,0,0,0
5,G,8,Germany x Tajikistan,Dormant,Control,5-BS_D_C,2,8/13/20,2.05,0,0,0,0,0,0,0,0,0,0,0,0,0
5,G,8,Germany x Tajikistan,Dormant,Control,5-BS_D_C,2,8/18/20,2.06,0,0,0,0,0,0,0,0,0,0,0,0,0
5,G,8,Germany x Tajikistan,Dormant,Control,5-BS_D_C,2,8/25/20,2.07,0,0,0,0,0,0,0,0,0,0,0,0,0
5,G,8,Germany x Tajikistan,Dormant,Control,5-BS_D_C,2,9/4/20,2.08,28,0,0,0,0,0,35,0,0,0,0,0,63
5,G,8,Germany x Tajikistan,Dormant,Control,5-BS_D_C,2,9/16/20,2.09,24,0,0,0,0,0,5,0,0,0,0,0,29
5,G,8,Germany x Tajikistan,Dormant,Control,5-BS_D_C,2,10/2/20,2.1,0,0,0,0,0,0,0,0,0,0,0,0,0
5,G,8,Germany x Tajikistan,Dormant,Control,5-BS_D_C,2,10/19/20,2.11,0,0,0,0,0,0,0,0,0,0,0,0,0
5,G,8,Germany x Tajikistan,Dormant,Control,5-BS_D_C,2,11/6/20,2.12,0,0,0,0,0,0,0,0,0,0,0,0,0
5,G,8,Germany x Tajikistan,Dormant,Control,5-BS_D_C,2,11/19/20,2.13,0,0,0,0,0,0,0,0,0,0,0,0,0
5,G,8,Germany x Tajikistan,Dormant,Control,5-BS_D_C,2,12/4/20,2.14,0,0,0,0,0,0,0,0,0,0,0,0,0
5,G,8,Germany x Tajikistan,Dormant,Control,5-BS_D_C,2,12/15/20,2.15,0,0,0,0,0,0,0,0,0,0,0,0,0
5,G,8,Germany x Tajikistan,Dormant,Control,5-BS_D_C,2,1/14/21,2.16,0,0,0,0,0,0,0,0,0,0,0,0,0
5,G,8,Germany x Tajikistan,Dormant,Control,5-BS_D_C,2,2/1/21,2.17,0,0,0,0,0,0,0,0,0,0,0,0,0
5,G,8,Germany x Tajikistan,Dormant,Control,5-BS_D_C,2,2/25/21,2.18,0,0,0,0,0,0,0,0,0,0,0,0,0
5,G,8,Germany x Tajikistan,Dormant,Control,5-BS_D_C,2,3/8/21,2.19,0,0,0,0,0,0,0,0,0,0,0,0,0
5,G,8,Germany x Tajikistan,Dormant,Control,5-BS_D_C,2,3/26/21,2.2,0,0,0,0,0,0,0,0,0,0,0,0,0
5,G,8,Germany x Tajikistan,Dormant,Control,5-BS_D_C,2,4/8/21,2.21,0,0,0,0,0,0,0,0,0,0,0,0,0
5,G,8,Germany x Tajikistan,Dormant,Control,5-BS_D_C,3,8/17/21,3.14,0,0,0,0,0,0,0,0,0,0,0,0,0
5,G,8,Germany x Tajikistan,Dormant,Control,5-BS_D_C,3,8/25/21,3.15,0,0,0,0,0,0,0,0,0,0,0,0,0
5,G,8,Germany x Tajikistan,Dormant,Control,5-BS_D_C,3,9/2/21,3.16,0,0,0,0,0,0,0,0,0,0,0,0,0
5,G,8,Germany x Tajikistan,Dormant,Control,5-BS_D_C,3,9/8/21,3.17,0,0,0,0,0,0,0,0,0,0,0,0,0
5,G,8,Germany x Tajikistan,Dormant,Control,5-BS_D_C,3,9/15/21,3.18,0,0,0,0,0,0,0,0,0,0,0,0,0
5,G,8,Germany x Tajikistan,Dormant,Control,5-BS_D_C,3,9/22/21,3.19,0,0,0,0,0,0,0,0,0,0,0,0,0
5,G,8,Germany x Tajikistan,Dormant,Control,5-BS_D_C,3,10/3/21,3.2,3,0,0,0,0,0,86,21,0,0,0,0,110
5,G,8,Germany x Tajikistan,Dormant,Control,5-BS_D_C,3,10/15/21,3.21,0,0,0,0,0,0,0,0,0,0,0,0,0
5,G,8,Germany x Tajikistan,Dormant,Control,5-BS_D_C,3,11/15/21,3.22,0,0,0,0,0,0,0,0,0,0,0,0,0
5,G,8,Germany x Tajikistan,Dormant,Control,5-BS_D_C,3,12/17/21,3.23,0,0,0,0,0,0,0,10,1,0,1,0,12
6,G,9,Italy x Sweden,Dormant,High Humidity,6-IS_D_D,1,6/12/19,1.01,2,0,0,0,0,0,NA,NA,NA,NA,NA,NA,2
6,G,9,Italy x Sweden,Dormant,High Humidity,6-IS_D_D,1,6/16/19,1.02,1,0,0,0,0,0,NA,NA,NA,NA,NA,NA,1
6,G,9,Italy x Sweden,Dormant,High Humidity,6-IS_D_D,1,6/26/19,1.03,0,0,0,0,0,0,NA,0,0,0,0,0,0
6,G,9,Italy x Sweden,Dormant,High Humidity,6-IS_D_D,1,7/3/19,1.04,0,0,0,0,0,0,NA,0,0,0,0,0,0
6,G,9,Italy x Sweden,Dormant,High Humidity,6-IS_D_D,1,7/10/19,1.05,NA,0,0,0,0,0,NA,0,0,0,0,0,0
6,G,9,Italy x Sweden,Dormant,High Humidity,6-IS_D_D,1,7/17/19,1.06,0,0,0,0,0,0,NA,0,0,0,0,0,0
6,G,9,Italy x Sweden,Dormant,High Humidity,6-IS_D_D,1,7/24/19,1.07,0,0,0,0,0,0,NA,0,0,0,0,0,0
6,G,9,Italy x Sweden,Dormant,High Humidity,6-IS_D_D,1,7/31/19,1.08,0,0,0,0,0,0,NA,0,0,0,0,0,0
6,G,9,Italy x Sweden,Dormant,High Humidity,6-IS_D_D,1,8/7/19,1.09,0,0,0,0,0,0,NA,0,0,0,0,0,0
6,G,9,Italy x Sweden,Dormant,High Humidity,6-IS_D_D,1,8/15/19,1.1,0,0,0,0,0,0,NA,0,0,0,0,0,0
6,G,9,Italy x Sweden,Dormant,High Humidity,6-IS_D_D,1,8/20/19,1.11,0,0,0,0,0,0,NA,0,0,0,0,0,0
6,G,9,Italy x Sweden,Dormant,High Humidity,6-IS_D_D,1,8/28/19,1.12,0,0,0,0,0,0,NA,0,0,0,0,0,0
6,G,9,Italy x Sweden,Dormant,High Humidity,6-IS_D_D,1,9/4/19,1.13,0,0,0,0,0,0,NA,0,0,0,0,0,0
6,G,9,Italy x Sweden,Dormant,High Humidity,6-IS_D_D,1,9/11/19,1.14,0,0,0,0,0,0,NA,0,0,0,0,0,0
6,G,9,Italy x Sweden,Dormant,High Humidity,6-IS_D_D,1,9/18/19,1.15,0,0,0,0,0,0,NA,0,0,0,0,0,0
6,G,9,Italy x Sweden,Dormant,High Humidity,6-IS_D_D,1,9/25/19,1.16,0,0,0,0,0,0,NA,0,0,0,0,0,0
6,G,9,Italy x Sweden,Dormant,High Humidity,6-IS_D_D,1,10/2/19,1.17,0,0,0,0,0,0,NA,0,0,0,0,0,0
6,G,9,Italy x Sweden,Dormant,High Humidity,6-IS_D_D,1,10/9/19,1.18,0,0,0,0,0,0,NA,0,0,0,0,0,0
6,G,9,Italy x Sweden,Dormant,High Humidity,6-IS_D_D,1,10/18/19,1.19,0,0,0,0,0,0,NA,NA,NA,NA,NA,0,0
6,G,9,Italy x Sweden,Dormant,High Humidity,6-IS_D_D,1,10/23/19,1.2,12,0,0,0,0,0,NA,NA,NA,NA,NA,0,12
6,G,9,Italy x Sweden,Dormant,High Humidity,6-IS_D_D,1,11/6/19,1.22,1,0,0,0,0,0,NA,NA,NA,NA,NA,0,1
6,G,9,Italy x Sweden,Dormant,High Humidity,6-IS_D_D,1,11/20/19,1.23,1,0,0,0,0,0,NA,NA,NA,NA,NA,0,1
6,G,9,Italy x Sweden,Dormant,High Humidity,6-IS_D_D,1,12/4/19,1.24,0,0,0,0,0,0,NA,NA,NA,NA,NA,0,0
6,G,9,Italy x Sweden,Dormant,High Humidity,6-IS_D_D,1,12/20/19,1.25,3,2,0,0,0,0,NA,1,0,0,0,0,6
6,G,9,Italy x Sweden,Dormant,High Humidity,6-IS_D_D,1,2/10/20,1.26,0,1,0,0,0,0,NA,NA,0,1,0,0,2
6,G,9,Italy x Sweden,Dormant,High Humidity,6-IS_D_D,1,3/2/20,1.27,0,0,1,1,1,0,NA,NA,0,0,2,0,5
6,G,9,Italy x Sweden,Dormant,High Humidity,6-IS_D_D,1,5/5/20,1.29,0,0,0,0,0,3,NA,0,0,0,0,2,5
6,G,9,Italy x Sweden,Dormant,High Humidity,6-IS_D_D,2,5/27/20,2.01,2,0,0,0,0,0,2,0,0,0,0,0,4
6,G,9,Italy x Sweden,Dormant,High Humidity,6-IS_D_D,2,6/4/20,2.02,0,0,0,0,0,0,0,0,0,0,0,0,0
6,G,9,Italy x Sweden,Dormant,High Humidity,6-IS_D_D,2,7/23/20,2.03,0,0,0,0,0,0,0,0,0,0,0,0,0
6,G,9,Italy x Sweden,Dormant,High Humidity,6-IS_D_D,2,8/7/20,2.04,0,0,0,0,0,0,0,0,0,0,0,0,0
6,G,9,Italy x Sweden,Dormant,High Humidity,6-IS_D_D,2,8/13/20,2.05,0,0,0,0,0,0,0,0,0,0,0,0,0
6,G,9,Italy x Sweden,Dormant,High Humidity,6-IS_D_D,2,8/18/20,2.06,0,0,0,0,0,0,0,0,0,0,0,0,0
6,G,9,Italy x Sweden,Dormant,High Humidity,6-IS_D_D,2,8/25/20,2.07,0,0,0,0,0,0,0,0,0,0,0,0,0
6,G,9,Italy x Sweden,Dormant,High Humidity,6-IS_D_D,2,9/4/20,2.08,10,0,0,0,0,0,30,0,0,0,0,0,40
6,G,9,Italy x Sweden,Dormant,High Humidity,6-IS_D_D,2,9/16/20,2.09,11,0,0,0,0,0,20,0,0,0,0,0,31
6,G,9,Italy x Sweden,Dormant,High Humidity,6-IS_D_D,2,10/2/20,2.1,14,0,0,0,0,0,10,0,0,0,0,0,24
6,G,9,Italy x Sweden,Dormant,High Humidity,6-IS_D_D,2,10/19/20,2.11,0,0,0,0,0,0,0,0,0,0,0,0,0
6,G,9,Italy x Sweden,Dormant,High Humidity,6-IS_D_D,2,11/6/20,2.12,0,0,0,0,0,0,0,0,0,0,0,0,0
6,G,9,Italy x Sweden,Dormant,High Humidity,6-IS_D_D,2,11/19/20,2.13,0,0,0,0,0,0,0,0,0,0,0,0,0
6,G,9,Italy x Sweden,Dormant,High Humidity,6-IS_D_D,2,12/4/20,2.14,0,0,0,0,0,0,0,0,0,0,0,0,0
6,G,9,Italy x Sweden,Dormant,High Humidity,6-IS_D_D,2,12/15/20,2.15,0,0,0,0,0,0,0,0,0,0,0,0,0
6,G,9,Italy x Sweden,Dormant,High Humidity,6-IS_D_D,2,1/14/21,2.16,0,0,0,0,0,0,0,0,0,0,0,0,0
6,G,9,Italy x Sweden,Dormant,High Humidity,6-IS_D_D,2,2/1/21,2.17,0,0,0,0,0,0,0,0,0,0,0,0,0
6,G,9,Italy x Sweden,Dormant,High Humidity,6-IS_D_D,2,2/25/21,2.18,0,0,0,0,0,0,0,0,0,0,0,0,0
6,G,9,Italy x Sweden,Dormant,High Humidity,6-IS_D_D,2,3/8/21,2.19,0,0,0,0,0,0,0,0,0,0,0,0,0
6,G,9,Italy x Sweden,Dormant,High Humidity,6-IS_D_D,2,3/26/21,2.2,0,0,0,0,0,0,0,0,0,0,0,0,0
6,G,9,Italy x Sweden,Dormant,High Humidity,6-IS_D_D,2,4/8/21,2.21,0,0,0,0,0,0,0,0,0,0,0,0,0
6,G,9,Italy x Sweden,Dormant,High Humidity,6-IS_D_D,3,8/17/21,3.14,0,0,0,0,0,0,0,0,0,0,0,0,0
6,G,9,Italy x Sweden,Dormant,High Humidity,6-IS_D_D,3,8/25/21,3.15,0,0,0,0,0,0,0,0,0,0,0,0,0
6,G,9,Italy x Sweden,Dormant,High Humidity,6-IS_D_D,3,9/2/21,3.16,0,0,0,0,0,0,0,0,0,0,0,0,0
6,G,9,Italy x Sweden,Dormant,High Humidity,6-IS_D_D,3,9/8/21,3.17,0,0,0,0,0,0,0,0,0,0,0,0,0
6,G,9,Italy x Sweden,Dormant,High Humidity,6-IS_D_D,3,9/15/21,3.18,0,0,0,0,0,0,0,0,0,0,0,0,0
6,G,9,Italy x Sweden,Dormant,High Humidity,6-IS_D_D,3,9/22/21,3.19,0,0,0,0,0,0,0,0,0,0,0,0,0
6,G,9,Italy x Sweden,Dormant,High Humidity,6-IS_D_D,3,10/3/21,3.2,79,0,0,0,0,0,135,0,0,0,0,0,214
6,G,9,Italy x Sweden,Dormant,High Humidity,6-IS_D_D,3,10/15/21,3.21,71,90,0,0,0,0,90,153,0,0,0,0,404
6,G,9,Italy x Sweden,Dormant,High Humidity,6-IS_D_D,3,11/15/21,3.22,0,26,0,0,0,0,4,61,0,0,0,0,91
6,G,9,Italy x Sweden,Dormant,High Humidity,6-IS_D_D,3,12/17/21,3.23,0,13,0,0,0,0,0,7,0,0,0,0,20
6,G,10,Italy x Sweden,Mixed,Litter,6-IS_M_F,1,6/12/19,1.01,6,0,0,0,0,0,NA,NA,NA,NA,NA,NA,6
6,G,10,Italy x Sweden,Mixed,Litter,6-IS_M_F,1,6/16/19,1.02,4,0,0,0,0,0,NA,NA,NA,NA,NA,NA,4
6,G,10,Italy x Sweden,Mixed,Litter,6-IS_M_F,1,6/26/19,1.03,0,1,0,0,0,0,NA,0,0,0,0,0,1
6,G,10,Italy x Sweden,Mixed,Litter,6-IS_M_F,1,7/3/19,1.04,0,0,0,0,0,0,NA,0,0,0,0,0,0
6,G,10,Italy x Sweden,Mixed,Litter,6-IS_M_F,1,7/10/19,1.05,NA,0,0,0,0,0,NA,0,0,0,0,0,0
6,G,10,Italy x Sweden,Mixed,Litter,6-IS_M_F,1,7/17/19,1.06,0,0,0,0,0,0,NA,0,0,0,0,0,0
6,G,10,Italy x Sweden,Mixed,Litter,6-IS_M_F,1,7/24/19,1.07,0,0,0,0,0,0,NA,0,0,0,0,0,0
6,G,10,Italy x Sweden,Mixed,Litter,6-IS_M_F,1,7/31/19,1.08,0,0,0,0,0,0,NA,0,0,0,0,0,0
6,G,10,Italy x Sweden,Mixed,Litter,6-IS_M_F,1,8/7/19,1.09,0,0,0,0,0,0,NA,0,0,0,0,0,0
6,G,10,Italy x Sweden,Mixed,Litter,6-IS_M_F,1,8/15/19,1.1,0,0,0,0,0,0,NA,0,0,0,0,0,0
6,G,10,Italy x Sweden,Mixed,Litter,6-IS_M_F,1,8/20/19,1.11,0,0,0,0,0,0,NA,0,0,0,0,0,0
6,G,10,Italy x Sweden,Mixed,Litter,6-IS_M_F,1,8/28/19,1.12,0,0,0,0,0,0,NA,0,0,0,0,0,0
6,G,10,Italy x Sweden,Mixed,Litter,6-IS_M_F,1,9/4/19,1.13,0,0,0,0,0,0,NA,0,0,0,0,0,0
6,G,10,Italy x Sweden,Mixed,Litter,6-IS_M_F,1,9/11/19,1.14,0,0,0,0,0,0,NA,0,0,0,0,0,0
6,G,10,Italy x Sweden,Mixed,Litter,6-IS_M_F,1,9/18/19,1.15,0,0,0,0,0,0,NA,0,0,0,0,0,0
6,G,10,Italy x Sweden,Mixed,Litter,6-IS_M_F,1,9/25/19,1.16,0,0,0,0,0,0,NA,0,0,0,0,0,0
6,G,10,Italy x Sweden,Mixed,Litter,6-IS_M_F,1,10/2/19,1.17,0,0,0,0,0,0,NA,0,0,0,0,0,0
6,G,10,Italy x Sweden,Mixed,Litter,6-IS_M_F,1,10/9/19,1.18,0,0,0,0,0,0,NA,0,0,0,0,0,0
6,G,10,Italy x Sweden,Mixed,Litter,6-IS_M_F,1,10/18/19,1.19,0,0,0,0,0,0,NA,NA,NA,NA,NA,0,0
6,G,10,Italy x Sweden,Mixed,Litter,6-IS_M_F,1,10/23/19,1.2,3,0,0,0,0,0,NA,NA,NA,NA,NA,0,3
6,G,10,Italy x Sweden,Mixed,Litter,6-IS_M_F,1,11/6/19,1.22,4,0,0,0,0,0,NA,NA,NA,NA,NA,0,4
6,G,10,Italy x Sweden,Mixed,Litter,6-IS_M_F,1,11/20/19,1.23,0,0,0,0,0,0,NA,NA,NA,NA,NA,0,0
6,G,10,Italy x Sweden,Mixed,Litter,6-IS_M_F,1,12/4/19,1.24,0,0,0,0,0,0,NA,NA,NA,NA,NA,0,0
6,G,10,Italy x Sweden,Mixed,Litter,6-IS_M_F,1,12/20/19,1.25,0,0,0,0,0,0,NA,0,0,0,0,0,0
6,G,10,Italy x Sweden,Mixed,Litter,6-IS_M_F,1,2/10/20,1.26,0,0,0,0,0,0,NA,NA,0,0,0,0,0
6,G,10,Italy x Sweden,Mixed,Litter,6-IS_M_F,1,3/2/20,1.27,0,0,0,0,0,0,NA,NA,0,0,0,0,0
6,G,10,Italy x Sweden,Mixed,Litter,6-IS_M_F,1,5/5/20,1.29,0,0,0,0,0,0,NA,0,0,0,0,1,1
6,G,10,Italy x Sweden,Mixed,Litter,6-IS_M_F,2,5/27/20,2.01,0,0,0,0,0,0,0,0,0,0,0,0,0
6,G,10,Italy x Sweden,Mixed,Litter,6-IS_M_F,2,6/4/20,2.02,0,0,0,0,0,0,0,0,0,0,0,0,0
6,G,10,Italy x Sweden,Mixed,Litter,6-IS_M_F,2,7/23/20,2.03,0,0,0,0,0,0,0,0,0,0,0,0,0
6,G,10,Italy x Sweden,Mixed,Litter,6-IS_M_F,2,8/7/20,2.04,0,0,0,0,0,0,0,0,0,0,0,0,0
6,G,10,Italy x Sweden,Mixed,Litter,6-IS_M_F,2,8/13/20,2.05,0,0,0,0,0,0,0,0,0,0,0,0,0
6,G,10,Italy x Sweden,Mixed,Litter,6-IS_M_F,2,8/18/20,2.06,0,0,0,0,0,0,0,0,0,0,0,0,0
6,G,10,Italy x Sweden,Mixed,Litter,6-IS_M_F,2,8/25/20,2.07,0,0,0,0,0,0,0,0,0,0,0,0,0
6,G,10,Italy x Sweden,Mixed,Litter,6-IS_M_F,2,9/4/20,2.08,0,0,0,0,0,0,0,0,0,0,0,0,0
6,G,10,Italy x Sweden,Mixed,Litter,6-IS_M_F,2,9/16/20,2.09,0,0,0,0,0,0,0,0,0,0,0,0,0
6,G,10,Italy x Sweden,Mixed,Litter,6-IS_M_F,2,10/2/20,2.1,0,0,0,0,0,0,0,0,0,0,0,0,0
6,G,10,Italy x Sweden,Mixed,Litter,6-IS_M_F,2,10/19/20,2.11,0,0,0,0,0,0,0,0,0,0,0,0,0
6,G,10,Italy x Sweden,Mixed,Litter,6-IS_M_F,2,11/6/20,2.12,0,0,0,0,0,0,0,0,0,0,0,0,0
6,G,10,Italy x Sweden,Mixed,Litter,6-IS_M_F,2,11/19/20,2.13,0,0,0,0,0,0,0,0,0,0,0,0,0
6,G,10,Italy x Sweden,Mixed,Litter,6-IS_M_F,2,12/4/20,2.14,0,0,0,0,0,0,0,0,0,0,0,0,0
6,G,10,Italy x Sweden,Mixed,Litter,6-IS_M_F,2,12/15/20,2.15,0,0,0,0,0,0,0,0,0,0,0,0,0
6,G,10,Italy x Sweden,Mixed,Litter,6-IS_M_F,2,1/14/21,2.16,0,0,0,0,0,0,0,0,0,0,0,0,0
6,G,10,Italy x Sweden,Mixed,Litter,6-IS_M_F,2,2/1/21,2.17,0,0,0,0,0,0,0,0,0,0,0,0,0
6,G,10,Italy x Sweden,Mixed,Litter,6-IS_M_F,2,2/25/21,2.18,0,0,0,0,0,0,0,0,0,0,0,0,0
6,G,10,Italy x Sweden,Mixed,Litter,6-IS_M_F,2,3/8/21,2.19,0,0,0,0,0,0,0,0,0,0,0,0,0
6,G,10,Italy x Sweden,Mixed,Litter,6-IS_M_F,2,3/26/21,2.2,0,0,0,0,0,0,0,0,0,0,0,0,0
6,G,10,Italy x Sweden,Mixed,Litter,6-IS_M_F,2,4/8/21,2.21,0,0,0,0,0,0,0,0,0,0,0,0,0
6,G,10,Italy x Sweden,Mixed,Litter,6-IS_M_F,3,8/17/21,3.14,0,0,0,0,0,0,0,0,0,0,0,0,0
6,G,10,Italy x Sweden,Mixed,Litter,6-IS_M_F,3,8/25/21,3.15,0,0,0,0,0,0,0,0,0,0,0,0,0
6,G,10,Italy x Sweden,Mixed,Litter,6-IS_M_F,3,9/2/21,3.16,0,0,0,0,0,0,0,0,0,0,0,0,0
6,G,10,Italy x Sweden,Mixed,Litter,6-IS_M_F,3,9/8/21,3.17,0,0,0,0,0,0,0,0,0,0,0,0,0
6,G,10,Italy x Sweden,Mixed,Litter,6-IS_M_F,3,9/15/21,3.18,0,0,0,0,0,0,0,0,0,0,0,0,0
6,G,10,Italy x Sweden,Mixed,Litter,6-IS_M_F,3,9/22/21,3.19,0,0,0,0,0,0,0,0,0,0,0,0,0
6,G,10,Italy x Sweden,Mixed,Litter,6-IS_M_F,3,10/3/21,3.2,5,0,0,0,0,0,64,1,0,0,0,0,70
6,G,10,Italy x Sweden,Mixed,Litter,6-IS_M_F,3,10/15/21,3.21,16,10,0,0,0,0,43,75,0,0,0,0,144
6,G,10,Italy x Sweden,Mixed,Litter,6-IS_M_F,3,11/15/21,3.22,0,1,0,0,0,0,4,32,0,0,0,0,37
6,G,10,Italy x Sweden,Mixed,Litter,6-IS_M_F,3,12/17/21,3.23,0,1,0,0,0,0,0,10,0,0,0,0,11
6,G,11,Italy x Sweden,Mixed,Native Soil,6-IS-M-Soil,1,6/12/19,1.01,0,0,0,0,0,0,NA,NA,NA,NA,NA,NA,0
6,G,11,Italy x Sweden,Mixed,Native Soil,6-IS-M-Soil,1,6/16/19,1.02,0,0,0,0,0,0,NA,NA,NA,NA,NA,NA,0
6,G,11,Italy x Sweden,Mixed,Native Soil,6-IS-M-Soil,1,6/26/19,1.03,0,0,0,0,0,0,NA,0,0,0,0,0,0
6,G,11,Italy x Sweden,Mixed,Native Soil,6-IS-M-Soil,1,7/3/19,1.04,0,0,0,0,0,0,NA,0,0,0,0,0,0
6,G,11,Italy x Sweden,Mixed,Native Soil,6-IS-M-Soil,1,7/10/19,1.05,NA,0,0,0,0,0,NA,0,0,0,0,0,0
6,G,11,Italy x Sweden,Mixed,Native Soil,6-IS-M-Soil,1,7/17/19,1.06,0,0,0,0,0,0,NA,0,0,0,0,0,0
6,G,11,Italy x Sweden,Mixed,Native Soil,6-IS-M-Soil,1,7/24/19,1.07,0,0,0,0,0,0,NA,0,0,0,0,0,0
6,G,11,Italy x Sweden,Mixed,Native Soil,6-IS-M-Soil,1,7/31/19,1.08,0,0,0,0,0,0,NA,0,0,0,0,0,0
6,G,11,Italy x Sweden,Mixed,Native Soil,6-IS-M-Soil,1,8/7/19,1.09,0,0,0,0,0,0,NA,0,0,0,0,0,0
6,G,11,Italy x Sweden,Mixed,Native Soil,6-IS-M-Soil,1,8/15/19,1.1,0,0,0,0,0,0,NA,0,0,0,0,0,0
6,G,11,Italy x Sweden,Mixed,Native Soil,6-IS-M-Soil,1,8/20/19,1.11,0,0,0,0,0,0,NA,0,0,0,0,0,0
6,G,11,Italy x Sweden,Mixed,Native Soil,6-IS-M-Soil,1,8/28/19,1.12,0,0,0,0,0,0,NA,0,0,0,0,0,0
6,G,11,Italy x Sweden,Mixed,Native Soil,6-IS-M-Soil,1,9/4/19,1.13,0,0,0,0,0,0,NA,0,0,0,0,0,0
6,G,11,Italy x Sweden,Mixed,Native Soil,6-IS-M-Soil,1,9/11/19,1.14,0,0,0,0,0,0,NA,0,0,0,0,0,0
6,G,11,Italy x Sweden,Mixed,Native Soil,6-IS-M-Soil,1,9/18/19,1.15,0,0,0,0,0,0,NA,0,0,0,0,0,0
6,G,11,Italy x Sweden,Mixed,Native Soil,6-IS-M-Soil,1,9/25/19,1.16,0,0,0,0,0,0,NA,0,0,0,0,0,0
6,G,11,Italy x Sweden,Mixed,Native Soil,6-IS-M-Soil,1,10/2/19,1.17,0,0,0,0,0,0,NA,0,0,0,0,0,0
6,G,11,Italy x Sweden,Mixed,Native Soil,6-IS-M-Soil,1,10/9/19,1.18,0,0,0,0,0,0,NA,0,0,0,0,0,0
6,G,11,Italy x Sweden,Mixed,Native Soil,6-IS-M-Soil,1,10/18/19,1.19,0,0,0,0,0,0,NA,NA,NA,NA,NA,0,0
6,G,11,Italy x Sweden,Mixed,Native Soil,6-IS-M-Soil,1,10/23/19,1.2,2,0,0,0,0,0,NA,NA,NA,NA,NA,0,2
6,G,11,Italy x Sweden,Mixed,Native Soil,6-IS-M-Soil,1,11/6/19,1.22,0,2,0,0,0,0,NA,NA,NA,NA,NA,0,2
6,G,11,Italy x Sweden,Mixed,Native Soil,6-IS-M-Soil,1,11/20/19,1.23,0,2,0,0,0,0,NA,NA,NA,NA,NA,0,2
6,G,11,Italy x Sweden,Mixed,Native Soil,6-IS-M-Soil,1,12/4/19,1.24,0,2,0,0,0,0,NA,NA,NA,NA,NA,0,2
6,G,11,Italy x Sweden,Mixed,Native Soil,6-IS-M-Soil,1,12/20/19,1.25,7,3,0,0,0,0,NA,20,0,0,0,0,30
6,G,11,Italy x Sweden,Mixed,Native Soil,6-IS-M-Soil,1,2/10/20,1.26,0,6,0,1,1,0,NA,NA,0,8,9,0,25
6,G,11,Italy x Sweden,Mixed,Native Soil,6-IS-M-Soil,1,3/2/20,1.27,0,4,0,1,4,0,NA,NA,0,5,21,0,35
6,G,11,Italy x Sweden,Mixed,Native Soil,6-IS-M-Soil,1,5/5/20,1.29,0,0,0,0,0,21,NA,0,0,0,0,28,49
6,G,11,Italy x Sweden,Mixed,Native Soil,6-IS-M-Soil,2,5/27/20,2.01,11,0,0,0,0,0,15,0,0,0,0,0,26
6,G,11,Italy x Sweden,Mixed,Native Soil,6-IS-M-Soil,2,6/4/20,2.02,0,0,0,0,0,0,0,0,0,0,0,0,0
6,G,11,Italy x Sweden,Mixed,Native Soil,6-IS-M-Soil,2,7/23/20,2.03,0,0,0,0,0,0,0,0,0,0,0,0,0
6,G,11,Italy x Sweden,Mixed,Native Soil,6-IS-M-Soil,2,8/7/20,2.04,0,0,0,0,0,0,0,0,0,0,0,0,0
6,G,11,Italy x Sweden,Mixed,Native Soil,6-IS-M-Soil,2,8/13/20,2.05,0,0,0,0,0,0,0,0,0,0,0,0,0
6,G,11,Italy x Sweden,Mixed,Native Soil,6-IS-M-Soil,2,8/18/20,2.06,0,0,0,0,0,0,0,0,0,0,0,0,0
6,G,11,Italy x Sweden,Mixed,Native Soil,6-IS-M-Soil,2,8/25/20,2.07,0,0,0,0,0,0,0,0,0,0,0,0,0
6,G,11,Italy x Sweden,Mixed,Native Soil,6-IS-M-Soil,2,9/4/20,2.08,3,0,0,0,0,0,10,0,0,0,0,0,13
6,G,11,Italy x Sweden,Mixed,Native Soil,6-IS-M-Soil,2,9/16/20,2.09,0,0,0,0,0,0,0,0,0,0,0,0,0
6,G,11,Italy x Sweden,Mixed,Native Soil,6-IS-M-Soil,2,10/2/20,2.1,0,0,0,0,0,0,0,0,0,0,0,0,0
6,G,11,Italy x Sweden,Mixed,Native Soil,6-IS-M-Soil,2,10/19/20,2.11,0,0,0,0,0,0,0,0,0,0,0,0,0
6,G,11,Italy x Sweden,Mixed,Native Soil,6-IS-M-Soil,2,11/6/20,2.12,16,30,0,0,0,0,15,20,0,0,0,0,81
6,G,11,Italy x Sweden,Mixed,Native Soil,6-IS-M-Soil,2,11/19/20,2.13,17,46,0,0,0,0,0,25,0,0,0,0,88
6,G,11,Italy x Sweden,Mixed,Native Soil,6-IS-M-Soil,2,12/4/20,2.14,17,60,0,0,0,0,10,50,0,0,0,0,137
6,G,11,Italy x Sweden,Mixed,Native Soil,6-IS-M-Soil,2,12/15/20,2.15,10,42,0,0,0,0,8,111,0,0,0,0,171
6,G,11,Italy x Sweden,Mixed,Native Soil,6-IS-M-Soil,2,1/14/21,2.16,0,29,0,0,0,0,0,36,0,0,0,0,65
6,G,11,Italy x Sweden,Mixed,Native Soil,6-IS-M-Soil,2,2/1/21,2.17,0,0,0,0,0,0,0,0,0,0,0,0,0
6,G,11,Italy x Sweden,Mixed,Native Soil,6-IS-M-Soil,2,2/25/21,2.18,0,0,0,0,0,0,0,0,0,0,0,0,0
6,G,11,Italy x Sweden,Mixed,Native Soil,6-IS-M-Soil,2,3/8/21,2.19,0,0,0,0,0,0,0,3,0,1,0,0,4
6,G,11,Italy x Sweden,Mixed,Native Soil,6-IS-M-Soil,2,3/26/21,2.2,0,0,0,0,0,0,0,0,0,2,3,0,5
6,G,11,Italy x Sweden,Mixed,Native Soil,6-IS-M-Soil,2,4/8/21,2.21,0,0,0,0,0,0,0,0,0,0,0,0,0
6,G,11,Italy x Sweden,Mixed,Native Soil,6-IS-M-Soil,3,8/17/21,3.14,0,0,0,0,0,0,0,0,0,0,0,0,0
6,G,11,Italy x Sweden,Mixed,Native Soil,6-IS-M-Soil,3,8/25/21,3.15,0,0,0,0,0,0,0,0,0,0,0,0,0
6,G,11,Italy x Sweden,Mixed,Native Soil,6-IS-M-Soil,3,9/2/21,3.16,0,0,0,0,0,0,0,0,0,0,0,0,0
6,G,11,Italy x Sweden,Mixed,Native Soil,6-IS-M-Soil,3,9/8/21,3.17,0,0,0,0,0,0,0,0,0,0,0,0,0
6,G,11,Italy x Sweden,Mixed,Native Soil,6-IS-M-Soil,3,9/15/21,3.18,0,0,0,0,0,0,0,0,0,0,0,0,0
6,G,11,Italy x Sweden,Mixed,Native Soil,6-IS-M-Soil,3,9/22/21,3.19,0,0,0,0,0,0,0,0,0,0,0,0,0
6,G,11,Italy x Sweden,Mixed,Native Soil,6-IS-M-Soil,3,10/3/21,3.2,2,0,0,0,0,0,5,0,0,0,0,0,7
6,G,11,Italy x Sweden,Mixed,Native Soil,6-IS-M-Soil,3,10/15/21,3.21,11,1,0,0,0,0,135,35,0,0,0,0,182
6,G,11,Italy x Sweden,Mixed,Native Soil,6-IS-M-Soil,3,11/15/21,3.22,3,6,0,0,0,0,40,75,0,0,0,0,124
6,G,11,Italy x Sweden,Mixed,Native Soil,6-IS-M-Soil,3,12/17/21,3.23,1,7,0,0,0,0,13,90,0,0,0,0,111
6,G,12,UK x USA,Dormant,Control,6-TC_D_C,1,6/12/19,1.01,NA,NA,NA,NA,NA,NA,NA,NA,NA,NA,NA,NA,NA
6,G,12,UK x USA,Dormant,Control,6-TC_D_C,1,6/16/19,1.02,NA,NA,NA,NA,NA,NA,NA,NA,NA,NA,NA,NA,NA
6,G,12,UK x USA,Dormant,Control,6-TC_D_C,1,6/26/19,1.03,NA,NA,NA,NA,NA,NA,NA,NA,NA,NA,NA,NA,NA
6,G,12,UK x USA,Dormant,Control,6-TC_D_C,1,7/3/19,1.04,NA,NA,NA,NA,NA,NA,NA,NA,NA,NA,NA,NA,NA
6,G,12,UK x USA,Dormant,Control,6-TC_D_C,1,7/10/19,1.05,NA,NA,NA,NA,NA,NA,NA,NA,NA,NA,NA,NA,NA
6,G,12,UK x USA,Dormant,Control,6-TC_D_C,1,7/17/19,1.06,0,0,0,0,0,0,NA,0,0,0,0,0,0
6,G,12,UK x USA,Dormant,Control,6-TC_D_C,1,7/24/19,1.07,0,0,0,0,0,0,NA,0,0,0,0,0,0
6,G,12,UK x USA,Dormant,Control,6-TC_D_C,1,7/31/19,1.08,0,0,0,0,0,0,NA,0,0,0,0,0,0
6,G,12,UK x USA,Dormant,Control,6-TC_D_C,1,8/7/19,1.09,0,0,0,0,0,0,NA,0,0,0,0,0,0
6,G,12,UK x USA,Dormant,Control,6-TC_D_C,1,8/15/19,1.1,0,0,0,0,0,0,NA,0,0,0,0,0,0
6,G,12,UK x USA,Dormant,Control,6-TC_D_C,1,8/20/19,1.11,0,0,0,0,0,0,NA,0,0,0,0,0,0
6,G,12,UK x USA,Dormant,Control,6-TC_D_C,1,8/28/19,1.12,0,0,0,0,0,0,NA,0,0,0,0,0,0
6,G,12,UK x USA,Dormant,Control,6-TC_D_C,1,9/4/19,1.13,0,0,0,0,0,0,NA,0,0,0,0,0,0
6,G,12,UK x USA,Dormant,Control,6-TC_D_C,1,9/11/19,1.14,0,0,0,0,0,0,NA,0,0,0,0,0,0
6,G,12,UK x USA,Dormant,Control,6-TC_D_C,1,9/18/19,1.15,0,0,0,0,0,0,NA,0,0,0,0,0,0
6,G,12,UK x USA,Dormant,Control,6-TC_D_C,1,9/25/19,1.16,0,0,0,0,0,0,NA,0,0,0,0,0,0
6,G,12,UK x USA,Dormant,Control,6-TC_D_C,1,10/2/19,1.17,0,0,0,0,0,0,NA,0,0,0,0,0,0
6,G,12,UK x USA,Dormant,Control,6-TC_D_C,1,10/9/19,1.18,0,0,0,0,0,0,NA,0,0,0,0,0,0
6,G,12,UK x USA,Dormant,Control,6-TC_D_C,1,10/18/19,1.19,0,0,0,0,0,0,NA,NA,NA,NA,NA,0,0
6,G,12,UK x USA,Dormant,Control,6-TC_D_C,1,10/23/19,1.2,1,0,0,0,0,0,NA,NA,NA,NA,NA,0,1
6,G,12,UK x USA,Dormant,Control,6-TC_D_C,1,11/6/19,1.22,3,0,0,0,0,0,NA,NA,NA,NA,NA,0,3
6,G,12,UK x USA,Dormant,Control,6-TC_D_C,1,11/20/19,1.23,0,0,0,0,0,0,NA,NA,NA,NA,NA,0,0
6,G,12,UK x USA,Dormant,Control,6-TC_D_C,1,12/4/19,1.24,0,0,0,0,0,0,NA,NA,NA,NA,NA,0,0
6,G,12,UK x USA,Dormant,Control,6-TC_D_C,1,12/20/19,1.25,0,0,0,0,0,0,NA,1,0,0,0,0,1
6,G,12,UK x USA,Dormant,Control,6-TC_D_C,1,2/10/20,1.26,0,0,0,0,0,0,NA,NA,1,0,0,0,1
6,G,12,UK x USA,Dormant,Control,6-TC_D_C,1,3/2/20,1.27,0,0,0,0,0,0,NA,NA,0,1,3,0,4
6,G,12,UK x USA,Dormant,Control,6-TC_D_C,1,5/5/20,1.29,0,0,0,0,0,0,NA,0,0,0,0,2,2
6,G,12,UK x USA,Dormant,Control,6-TC_D_C,2,5/27/20,2.01,2,0,0,0,0,0,0,0,0,0,0,0,2
6,G,12,UK x USA,Dormant,Control,6-TC_D_C,2,6/4/20,2.02,0,0,0,0,0,0,0,0,0,0,0,0,0
6,G,12,UK x USA,Dormant,Control,6-TC_D_C,2,7/23/20,2.03,0,0,0,0,0,0,0,0,0,0,0,0,0
6,G,12,UK x USA,Dormant,Control,6-TC_D_C,2,8/7/20,2.04,0,0,0,0,0,0,0,0,0,0,0,0,0
6,G,12,UK x USA,Dormant,Control,6-TC_D_C,2,8/13/20,2.05,0,0,0,0,0,0,0,0,0,0,0,0,0
6,G,12,UK x USA,Dormant,Control,6-TC_D_C,2,8/18/20,2.06,0,0,0,0,0,0,0,0,0,0,0,0,0
6,G,12,UK x USA,Dormant,Control,6-TC_D_C,2,8/25/20,2.07,0,0,0,0,0,0,0,0,0,0,0,0,0
6,G,12,UK x USA,Dormant,Control,6-TC_D_C,2,9/4/20,2.08,20,0,0,0,0,0,20,0,0,0,0,0,40
6,G,12,UK x USA,Dormant,Control,6-TC_D_C,2,9/16/20,2.09,73,0,0,0,0,0,20,0,0,0,0,0,93
6,G,12,UK x USA,Dormant,Control,6-TC_D_C,2,10/2/20,2.1,0,0,0,0,0,0,0,0,0,0,0,0,0
6,G,12,UK x USA,Dormant,Control,6-TC_D_C,2,10/19/20,2.11,0,0,0,0,0,0,0,0,0,0,0,0,0
6,G,12,UK x USA,Dormant,Control,6-TC_D_C,2,11/6/20,2.12,0,0,0,0,0,0,0,0,0,0,0,0,0
6,G,12,UK x USA,Dormant,Control,6-TC_D_C,2,11/19/20,2.13,0,0,0,0,0,0,0,0,0,0,0,0,0
6,G,12,UK x USA,Dormant,Control,6-TC_D_C,2,12/4/20,2.14,0,0,0,0,0,0,0,1,0,0,0,0,1
6,G,12,UK x USA,Dormant,Control,6-TC_D_C,2,12/15/20,2.15,0,0,0,0,0,0,0,0,0,0,0,0,0
6,G,12,UK x USA,Dormant,Control,6-TC_D_C,2,1/14/21,2.16,0,0,0,0,0,0,0,0,0,0,0,0,0
6,G,12,UK x USA,Dormant,Control,6-TC_D_C,2,2/1/21,2.17,0,0,0,0,0,0,0,0,0,0,0,0,0
6,G,12,UK x USA,Dormant,Control,6-TC_D_C,2,2/25/21,2.18,0,0,0,0,0,0,0,0,0,0,0,0,0
6,G,12,UK x USA,Dormant,Control,6-TC_D_C,2,3/8/21,2.19,0,0,0,0,0,0,0,0,0,0,0,0,0
6,G,12,UK x USA,Dormant,Control,6-TC_D_C,2,3/26/21,2.2,0,0,0,0,0,0,1,0,2,0,2,0,5
6,G,12,UK x USA,Dormant,Control,6-TC_D_C,2,4/8/21,2.21,0,0,0,0,0,0,0,0,0,0,2,0,2
6,G,12,UK x USA,Dormant,Control,6-TC_D_C,3,8/17/21,3.14,0,0,0,0,0,0,0,0,0,0,0,0,0
6,G,12,UK x USA,Dormant,Control,6-TC_D_C,3,8/25/21,3.15,0,0,0,0,0,0,0,0,0,0,0,0,0
6,G,12,UK x USA,Dormant,Control,6-TC_D_C,3,9/2/21,3.16,0,0,0,0,0,0,0,0,0,0,0,0,0
6,G,12,UK x USA,Dormant,Control,6-TC_D_C,3,9/8/21,3.17,0,0,0,0,0,0,0,0,0,0,0,0,0
6,G,12,UK x USA,Dormant,Control,6-TC_D_C,3,9/15/21,3.18,0,0,0,0,0,0,0,0,0,0,0,0,0
6,G,12,UK x USA,Dormant,Control,6-TC_D_C,3,9/22/21,3.19,0,0,0,0,0,0,0,0,0,0,0,0,0
6,G,12,UK x USA,Dormant,Control,6-TC_D_C,3,10/3/21,3.2,12,0,0,0,0,0,70,6,0,0,0,0,88
6,G,12,UK x USA,Dormant,Control,6-TC_D_C,3,10/15/21,3.21,7,14,0,0,0,0,26,76,0,0,0,0,123
6,G,12,UK x USA,Dormant,Control,6-TC_D_C,3,11/15/21,3.22,0,13,2,0,0,0,0,37,5,0,0,0,57
6,G,12,UK x USA,Dormant,Control,6-TC_D_C,3,12/17/21,3.23,0,2,1,1,0,0,2,25,0,0,1,0,32
6,G,13,Germany x Tajikistan,Non-Dormant,Litter,6-BS_ND_F,1,6/12/19,1.01,NA,NA,NA,NA,NA,NA,NA,NA,NA,NA,NA,NA,NA
6,G,13,Germany x Tajikistan,Non-Dormant,Litter,6-BS_ND_F,1,6/16/19,1.02,NA,NA,NA,NA,NA,NA,NA,NA,NA,NA,NA,NA,NA
6,G,13,Germany x Tajikistan,Non-Dormant,Litter,6-BS_ND_F,1,6/26/19,1.03,NA,NA,NA,NA,NA,NA,NA,NA,NA,NA,NA,NA,NA
6,G,13,Germany x Tajikistan,Non-Dormant,Litter,6-BS_ND_F,1,7/3/19,1.04,NA,NA,NA,NA,NA,NA,NA,NA,NA,NA,NA,NA,NA
6,G,13,Germany x Tajikistan,Non-Dormant,Litter,6-BS_ND_F,1,7/10/19,1.05,NA,NA,NA,NA,NA,NA,NA,NA,NA,NA,NA,NA,NA
6,G,13,Germany x Tajikistan,Non-Dormant,Litter,6-BS_ND_F,1,7/17/19,1.06,0,0,0,0,0,0,NA,0,0,0,0,0,0
6,G,13,Germany x Tajikistan,Non-Dormant,Litter,6-BS_ND_F,1,7/24/19,1.07,0,0,0,0,0,0,NA,0,0,0,0,0,0
6,G,13,Germany x Tajikistan,Non-Dormant,Litter,6-BS_ND_F,1,7/31/19,1.08,0,0,0,0,0,0,NA,0,0,0,0,0,0
6,G,13,Germany x Tajikistan,Non-Dormant,Litter,6-BS_ND_F,1,8/7/19,1.09,0,0,0,0,0,0,NA,0,0,0,0,0,0
6,G,13,Germany x Tajikistan,Non-Dormant,Litter,6-BS_ND_F,1,8/15/19,1.1,0,0,0,0,0,0,NA,0,0,0,0,0,0
6,G,13,Germany x Tajikistan,Non-Dormant,Litter,6-BS_ND_F,1,8/20/19,1.11,0,0,0,0,0,0,NA,0,0,0,0,0,0
6,G,13,Germany x Tajikistan,Non-Dormant,Litter,6-BS_ND_F,1,8/28/19,1.12,0,0,0,0,0,0,NA,0,0,0,0,0,0
6,G,13,Germany x Tajikistan,Non-Dormant,Litter,6-BS_ND_F,1,9/4/19,1.13,0,0,0,0,0,0,NA,0,0,0,0,0,0
6,G,13,Germany x Tajikistan,Non-Dormant,Litter,6-BS_ND_F,1,9/11/19,1.14,0,0,0,0,0,0,NA,0,0,0,0,0,0
6,G,13,Germany x Tajikistan,Non-Dormant,Litter,6-BS_ND_F,1,9/18/19,1.15,0,0,0,0,0,0,NA,0,0,0,0,0,0
6,G,13,Germany x Tajikistan,Non-Dormant,Litter,6-BS_ND_F,1,9/25/19,1.16,0,0,0,0,0,0,NA,0,0,0,0,0,0
6,G,13,Germany x Tajikistan,Non-Dormant,Litter,6-BS_ND_F,1,10/2/19,1.17,0,0,0,0,0,0,NA,0,0,0,0,0,0
6,G,13,Germany x Tajikistan,Non-Dormant,Litter,6-BS_ND_F,1,10/9/19,1.18,0,0,0,0,0,0,NA,0,0,0,0,0,0
6,G,13,Germany x Tajikistan,Non-Dormant,Litter,6-BS_ND_F,1,10/18/19,1.19,0,0,0,0,0,0,NA,NA,NA,NA,NA,0,0
6,G,13,Germany x Tajikistan,Non-Dormant,Litter,6-BS_ND_F,1,10/23/19,1.2,0,0,0,0,0,0,NA,NA,NA,NA,NA,0,0
6,G,13,Germany x Tajikistan,Non-Dormant,Litter,6-BS_ND_F,1,11/6/19,1.22,0,0,0,0,0,0,NA,NA,NA,NA,NA,0,0
6,G,13,Germany x Tajikistan,Non-Dormant,Litter,6-BS_ND_F,1,11/20/19,1.23,0,0,0,0,0,0,NA,NA,NA,NA,NA,0,0
6,G,13,Germany x Tajikistan,Non-Dormant,Litter,6-BS_ND_F,1,12/4/19,1.24,0,0,0,0,0,0,NA,NA,NA,NA,NA,0,0
6,G,13,Germany x Tajikistan,Non-Dormant,Litter,6-BS_ND_F,1,12/20/19,1.25,0,0,0,0,0,0,NA,0,0,0,0,0,0
6,G,13,Germany x Tajikistan,Non-Dormant,Litter,6-BS_ND_F,1,2/10/20,1.26,0,0,0,0,0,0,NA,NA,0,0,0,0,0
6,G,13,Germany x Tajikistan,Non-Dormant,Litter,6-BS_ND_F,1,3/2/20,1.27,0,0,0,0,0,0,NA,NA,0,0,0,0,0
6,G,13,Germany x Tajikistan,Non-Dormant,Litter,6-BS_ND_F,1,5/5/20,1.29,0,0,0,0,0,0,NA,0,0,0,0,1,1
6,G,13,Germany x Tajikistan,Non-Dormant,Litter,6-BS_ND_F,2,5/27/20,2.01,0,0,0,0,0,0,0,0,0,0,0,0,0
6,G,13,Germany x Tajikistan,Non-Dormant,Litter,6-BS_ND_F,2,6/4/20,2.02,0,0,0,0,0,0,0,0,0,0,0,0,0
6,G,13,Germany x Tajikistan,Non-Dormant,Litter,6-BS_ND_F,2,9/4/20,2.08,2,0,0,0,0,0,15,0,0,0,0,0,17
6,G,13,Germany x Tajikistan,Non-Dormant,Litter,6-BS_ND_F,2,9/16/20,2.09,1,0,0,0,0,0,5,0,0,0,0,0,6
6,G,13,Germany x Tajikistan,Non-Dormant,Litter,6-BS_ND_F,2,10/2/20,2.1,0,0,0,0,0,0,0,0,0,0,0,0,0
6,G,13,Germany x Tajikistan,Non-Dormant,Litter,6-BS_ND_F,2,10/19/20,2.11,0,0,0,0,0,0,0,0,0,0,0,0,0
6,G,13,Germany x Tajikistan,Non-Dormant,Litter,6-BS_ND_F,2,11/6/20,2.12,0,0,0,0,0,0,0,0,0,0,0,0,0
6,G,13,Germany x Tajikistan,Non-Dormant,Litter,6-BS_ND_F,2,11/19/20,2.13,0,0,0,0,0,0,0,0,0,0,0,0,0
6,G,13,Germany x Tajikistan,Non-Dormant,Litter,6-BS_ND_F,2,12/4/20,2.14,0,0,0,0,0,0,0,0,0,0,0,0,0
6,G,13,Germany x Tajikistan,Non-Dormant,Litter,6-BS_ND_F,2,12/15/20,2.15,0,0,0,0,0,0,0,0,0,0,0,0,0
6,G,13,Germany x Tajikistan,Non-Dormant,Litter,6-BS_ND_F,2,1/14/21,2.16,0,0,0,0,0,0,0,0,0,0,0,0,0
6,G,13,Germany x Tajikistan,Non-Dormant,Litter,6-BS_ND_F,2,2/1/21,2.17,0,0,0,0,0,0,0,0,0,0,0,0,0
6,G,13,Germany x Tajikistan,Non-Dormant,Litter,6-BS_ND_F,2,2/25/21,2.18,0,0,0,0,0,0,0,0,0,0,0,0,0
6,G,13,Germany x Tajikistan,Non-Dormant,Litter,6-BS_ND_F,2,3/8/21,2.19,0,0,0,0,0,0,0,0,0,0,0,0,0
6,G,13,Germany x Tajikistan,Non-Dormant,Litter,6-BS_ND_F,2,3/26/21,2.2,0,0,0,0,0,0,0,0,0,0,0,0,0
6,G,13,Germany x Tajikistan,Non-Dormant,Litter,6-BS_ND_F,2,4/8/21,2.21,0,0,0,0,0,0,0,0,0,0,0,0,0
4,H,1,UK x USA,Dormant,Control,4-TC_D_C,1,6/12/19,1.01,NA,NA,NA,NA,NA,NA,NA,NA,NA,NA,NA,NA,NA
4,H,1,UK x USA,Dormant,Control,4-TC_D_C,1,6/16/19,1.02,NA,NA,NA,NA,NA,NA,NA,NA,NA,NA,NA,NA,NA
4,H,1,UK x USA,Dormant,Control,4-TC_D_C,1,6/26/19,1.03,NA,NA,NA,NA,NA,NA,NA,NA,NA,NA,NA,NA,NA
4,H,1,UK x USA,Dormant,Control,4-TC_D_C,1,7/3/19,1.04,NA,NA,NA,NA,NA,NA,NA,NA,NA,NA,NA,NA,NA
4,H,1,UK x USA,Dormant,Control,4-TC_D_C,1,7/10/19,1.05,NA,NA,NA,NA,NA,NA,NA,NA,NA,NA,NA,NA,NA
4,H,1,UK x USA,Dormant,Control,4-TC_D_C,1,7/17/19,1.06,0,0,0,0,0,0,NA,0,0,0,0,0,0
4,H,1,UK x USA,Dormant,Control,4-TC_D_C,1,7/24/19,1.07,0,0,0,0,0,0,NA,0,0,0,0,0,0
4,H,1,UK x USA,Dormant,Control,4-TC_D_C,1,7/31/19,1.08,0,0,0,0,0,0,NA,0,0,0,0,0,0
4,H,1,UK x USA,Dormant,Control,4-TC_D_C,1,8/7/19,1.09,0,0,0,0,0,0,NA,0,0,0,0,0,0
4,H,1,UK x USA,Dormant,Control,4-TC_D_C,1,8/15/19,1.1,0,0,0,0,0,0,NA,0,0,0,0,0,0
4,H,1,UK x USA,Dormant,Control,4-TC_D_C,1,8/20/19,1.11,0,0,0,0,0,0,NA,0,0,0,0,0,0
4,H,1,UK x USA,Dormant,Control,4-TC_D_C,1,8/28/19,1.12,0,0,0,0,0,0,NA,0,0,0,0,0,0
4,H,1,UK x USA,Dormant,Control,4-TC_D_C,1,9/4/19,1.13,0,0,0,0,0,0,NA,0,0,0,0,0,0
4,H,1,UK x USA,Dormant,Control,4-TC_D_C,1,9/11/19,1.14,0,0,0,0,0,0,NA,0,0,0,0,0,0
4,H,1,UK x USA,Dormant,Control,4-TC_D_C,1,9/18/19,1.15,0,0,0,0,0,0,NA,0,0,0,0,0,0
4,H,1,UK x USA,Dormant,Control,4-TC_D_C,1,9/25/19,1.16,0,0,0,0,0,0,NA,0,0,0,0,0,0
4,H,1,UK x USA,Dormant,Control,4-TC_D_C,1,10/2/19,1.17,0,0,0,0,0,0,NA,0,0,0,0,0,0
4,H,1,UK x USA,Dormant,Control,4-TC_D_C,1,10/9/19,1.18,0,0,0,0,0,0,NA,0,0,0,0,0,0
4,H,1,UK x USA,Dormant,Control,4-TC_D_C,1,10/18/19,1.19,0,0,0,0,0,0,NA,NA,NA,NA,NA,0,0
4,H,1,UK x USA,Dormant,Control,4-TC_D_C,1,10/23/19,1.2,1,0,0,0,0,0,NA,NA,NA,NA,NA,0,1
4,H,1,UK x USA,Dormant,Control,4-TC_D_C,1,11/6/19,1.22,0,0,0,0,0,0,NA,NA,NA,NA,NA,0,0
4,H,1,UK x USA,Dormant,Control,4-TC_D_C,1,11/20/19,1.23,0,0,0,0,0,0,NA,NA,NA,NA,NA,0,0
4,H,1,UK x USA,Dormant,Control,4-TC_D_C,1,12/4/19,1.24,0,0,0,0,0,0,NA,NA,NA,NA,NA,0,0
4,H,1,UK x USA,Dormant,Control,4-TC_D_C,1,12/20/19,1.25,0,0,0,0,0,0,NA,0,0,0,0,0,0
4,H,1,UK x USA,Dormant,Control,4-TC_D_C,1,2/10/20,1.26,0,0,0,0,0,0,NA,NA,0,0,0,0,0
4,H,1,UK x USA,Dormant,Control,4-TC_D_C,1,3/2/20,1.27,0,0,0,0,0,0,NA,NA,0,0,1,0,1
4,H,1,UK x USA,Dormant,Control,4-TC_D_C,1,5/5/20,1.29,0,0,0,0,0,0,NA,0,0,0,0,2,2
4,H,1,UK x USA,Dormant,Control,4-TC_D_C,2,5/27/20,2.01,1,0,0,0,0,0,1,0,0,0,0,0,2
4,H,1,UK x USA,Dormant,Control,4-TC_D_C,2,6/4/20,2.02,0,0,0,0,0,0,0,0,0,0,0,0,0
4,H,1,UK x USA,Dormant,Control,4-TC_D_C,2,7/23/20,2.03,0,0,0,0,0,0,0,0,0,0,0,0,0
4,H,1,UK x USA,Dormant,Control,4-TC_D_C,2,8/7/20,2.04,0,0,0,0,0,0,0,0,0,0,0,0,0
4,H,1,UK x USA,Dormant,Control,4-TC_D_C,2,8/13/20,2.05,0,0,0,0,0,0,0,0,0,0,0,0,0
4,H,1,UK x USA,Dormant,Control,4-TC_D_C,2,8/18/20,2.06,0,0,0,0,0,0,0,0,0,0,0,0,0
4,H,1,UK x USA,Dormant,Control,4-TC_D_C,2,8/25/20,2.07,0,0,0,0,0,0,0,0,0,0,0,0,0
4,H,1,UK x USA,Dormant,Control,4-TC_D_C,2,9/10/20,2.08,1,0,0,0,0,0,0,0,0,0,0,0,1
4,H,1,UK x USA,Dormant,Control,4-TC_D_C,2,9/18/20,2.09,8,0,0,0,0,0,30,0,0,0,0,0,38
4,H,1,UK x USA,Dormant,Control,4-TC_D_C,2,10/2/20,2.1,0,0,0,0,0,0,0,0,0,0,0,0,0
4,H,1,UK x USA,Dormant,Control,4-TC_D_C,2,10/19/20,2.11,0,0,0,0,0,0,0,0,0,0,0,0,0
4,H,1,UK x USA,Dormant,Control,4-TC_D_C,2,10/30/20,2.12,0,0,0,0,0,0,0,0,0,0,0,0,0
4,H,1,UK x USA,Dormant,Control,4-TC_D_C,2,11/13/20,2.13,0,0,0,0,0,0,0,0,0,0,0,0,0
4,H,1,UK x USA,Dormant,Control,4-TC_D_C,2,12/4/20,2.14,0,0,0,0,0,0,0,0,0,0,0,0,0
4,H,1,UK x USA,Dormant,Control,4-TC_D_C,2,12/17/20,2.15,0,0,0,0,0,0,0,0,0,0,0,0,0
4,H,1,UK x USA,Dormant,Control,4-TC_D_C,2,1/15/21,2.16,0,0,0,0,0,0,0,0,0,0,0,0,0
4,H,1,UK x USA,Dormant,Control,4-TC_D_C,2,2/1/21,2.17,0,0,0,0,0,0,0,0,0,0,0,0,0
4,H,1,UK x USA,Dormant,Control,4-TC_D_C,2,2/25/21,2.18,0,0,0,0,0,0,0,0,0,0,0,0,0
4,H,1,UK x USA,Dormant,Control,4-TC_D_C,2,3/8/21,2.19,0,0,0,0,0,0,0,0,0,0,0,0,0
4,H,1,UK x USA,Dormant,Control,4-TC_D_C,2,3/25/21,2.2,0,0,0,0,0,0,0,0,0,0,0,0,0
4,H,1,UK x USA,Dormant,Control,4-TC_D_C,2,4/8/21,2.21,0,0,0,0,0,0,0,0,0,0,0,0,0
4,H,1,UK x USA,Dormant,Control,4-TC_D_C,3,8/17/21,3.14,0,0,0,0,0,0,0,0,0,0,0,0,0
4,H,1,UK x USA,Dormant,Control,4-TC_D_C,3,8/25/21,3.15,0,0,0,0,0,0,0,0,0,0,0,0,0
4,H,1,UK x USA,Dormant,Control,4-TC_D_C,3,9/2/21,3.16,0,0,0,0,0,0,0,0,0,0,0,0,0
4,H,1,UK x USA,Dormant,Control,4-TC_D_C,3,9/8/21,3.17,0,0,0,0,0,0,0,0,0,0,0,0,0
4,H,1,UK x USA,Dormant,Control,4-TC_D_C,3,9/15/21,3.18,0,0,0,0,0,0,0,0,0,0,0,0,0
4,H,1,UK x USA,Dormant,Control,4-TC_D_C,3,9/22/21,3.19,0,0,0,0,0,0,0,0,0,0,0,0,0
4,H,1,UK x USA,Dormant,Control,4-TC_D_C,3,10/1/21,3.2,21,0,0,0,0,0,52,4,0,0,0,0,77
4,H,1,UK x USA,Dormant,Control,4-TC_D_C,3,10/13/21,3.21,6,5,0,0,0,0,15,13,0,0,0,0,39
4,H,1,UK x USA,Dormant,Control,4-TC_D_C,3,11/12/21,3.22,0,0,0,0,0,0,1,41,0,0,0,0,42
4,H,1,UK x USA,Dormant,Control,4-TC_D_C,3,12/17/21,3.23,1,3,0,0,0,0,0,20,0,0,0,0,24
4,H,2,Italy x Sweden,Non-Dormant,Litter,4-IS_ND_F,1,6/12/19,1.01,1,0,0,0,0,0,NA,NA,NA,NA,NA,NA,1
4,H,2,Italy x Sweden,Non-Dormant,Litter,4-IS_ND_F,1,6/16/19,1.02,0,0,0,0,0,0,NA,NA,NA,NA,NA,NA,0
4,H,2,Italy x Sweden,Non-Dormant,Litter,4-IS_ND_F,1,6/26/19,1.03,0,0,0,0,0,0,NA,0,0,0,0,0,0
4,H,2,Italy x Sweden,Non-Dormant,Litter,4-IS_ND_F,1,7/3/19,1.04,0,0,0,0,0,0,NA,0,0,0,0,0,0
4,H,2,Italy x Sweden,Non-Dormant,Litter,4-IS_ND_F,1,7/10/19,1.05,NA,0,0,0,0,0,NA,0,0,0,0,0,0
4,H,2,Italy x Sweden,Non-Dormant,Litter,4-IS_ND_F,1,7/17/19,1.06,0,0,0,0,0,0,NA,0,0,0,0,0,0
4,H,2,Italy x Sweden,Non-Dormant,Litter,4-IS_ND_F,1,7/24/19,1.07,0,0,0,0,0,0,NA,0,0,0,0,0,0
4,H,2,Italy x Sweden,Non-Dormant,Litter,4-IS_ND_F,1,7/31/19,1.08,0,0,0,0,0,0,NA,0,0,0,0,0,0
4,H,2,Italy x Sweden,Non-Dormant,Litter,4-IS_ND_F,1,8/7/19,1.09,0,0,0,0,0,0,NA,0,0,0,0,0,0
4,H,2,Italy x Sweden,Non-Dormant,Litter,4-IS_ND_F,1,8/15/19,1.1,0,0,0,0,0,0,NA,0,0,0,0,0,0
4,H,2,Italy x Sweden,Non-Dormant,Litter,4-IS_ND_F,1,8/20/19,1.11,0,0,0,0,0,0,NA,0,0,0,0,0,0
4,H,2,Italy x Sweden,Non-Dormant,Litter,4-IS_ND_F,1,8/28/19,1.12,0,0,0,0,0,0,NA,0,0,0,0,0,0
4,H,2,Italy x Sweden,Non-Dormant,Litter,4-IS_ND_F,1,9/4/19,1.13,0,0,0,0,0,0,NA,0,0,0,0,0,0
4,H,2,Italy x Sweden,Non-Dormant,Litter,4-IS_ND_F,1,9/11/19,1.14,0,0,0,0,0,0,NA,0,0,0,0,0,0
4,H,2,Italy x Sweden,Non-Dormant,Litter,4-IS_ND_F,1,9/18/19,1.15,0,0,0,0,0,0,NA,0,0,0,0,0,0
4,H,2,Italy x Sweden,Non-Dormant,Litter,4-IS_ND_F,1,9/25/19,1.16,0,0,0,0,0,0,NA,0,0,0,0,0,0
4,H,2,Italy x Sweden,Non-Dormant,Litter,4-IS_ND_F,1,10/2/19,1.17,0,0,0,0,0,0,NA,0,0,0,0,0,0
4,H,2,Italy x Sweden,Non-Dormant,Litter,4-IS_ND_F,1,10/9/19,1.18,0,0,0,0,0,0,NA,0,0,0,0,0,0
4,H,2,Italy x Sweden,Non-Dormant,Litter,4-IS_ND_F,1,10/18/19,1.19,0,0,0,0,0,0,NA,NA,NA,NA,NA,0,0
4,H,2,Italy x Sweden,Non-Dormant,Litter,4-IS_ND_F,1,10/23/19,1.2,0,0,0,0,0,0,NA,NA,NA,NA,NA,0,0
4,H,2,Italy x Sweden,Non-Dormant,Litter,4-IS_ND_F,1,11/6/19,1.22,0,0,0,0,0,0,NA,NA,NA,NA,NA,0,0
4,H,2,Italy x Sweden,Non-Dormant,Litter,4-IS_ND_F,1,11/20/19,1.23,0,0,0,0,0,0,NA,NA,NA,NA,NA,0,0
4,H,2,Italy x Sweden,Non-Dormant,Litter,4-IS_ND_F,1,12/4/19,1.24,0,0,0,0,0,0,NA,NA,NA,NA,NA,0,0
4,H,2,Italy x Sweden,Non-Dormant,Litter,4-IS_ND_F,1,12/20/19,1.25,2,0,0,0,0,0,NA,0,0,0,0,0,2
4,H,2,Italy x Sweden,Non-Dormant,Litter,4-IS_ND_F,1,2/10/20,1.26,0,0,0,0,0,0,NA,NA,0,0,0,0,0
4,H,2,Italy x Sweden,Non-Dormant,Litter,4-IS_ND_F,1,3/2/20,1.27,0,0,0,0,0,0,NA,NA,0,0,0,0,0
4,H,2,Italy x Sweden,Non-Dormant,Litter,4-IS_ND_F,1,5/5/20,1.29,0,0,0,0,0,0,NA,0,0,0,0,0,0
4,H,2,Italy x Sweden,Non-Dormant,Litter,4-IS_ND_F,2,5/27/20,2.01,0,0,0,0,0,0,0,0,0,0,0,0,0
4,H,2,Italy x Sweden,Non-Dormant,Litter,4-IS_ND_F,2,6/4/20,2.02,0,0,0,0,0,0,0,0,0,0,0,0,0
4,H,2,Italy x Sweden,Non-Dormant,Litter,4-IS_ND_F,2,7/23/20,2.03,0,0,0,0,0,0,0,0,0,0,0,0,0
4,H,2,Italy x Sweden,Non-Dormant,Litter,4-IS_ND_F,2,8/7/20,2.04,0,0,0,0,0,0,0,0,0,0,0,0,0
4,H,2,Italy x Sweden,Non-Dormant,Litter,4-IS_ND_F,2,8/13/20,2.05,0,0,0,0,0,0,0,0,0,0,0,0,0
4,H,2,Italy x Sweden,Non-Dormant,Litter,4-IS_ND_F,2,8/18/20,2.06,0,0,0,0,0,0,0,0,0,0,0,0,0
4,H,2,Italy x Sweden,Non-Dormant,Litter,4-IS_ND_F,2,8/25/20,2.07,0,0,0,0,0,0,0,0,0,0,0,0,0
4,H,2,Italy x Sweden,Non-Dormant,Litter,4-IS_ND_F,2,9/10/20,2.08,0,0,0,0,0,0,0,0,0,0,0,0,0
4,H,2,Italy x Sweden,Non-Dormant,Litter,4-IS_ND_F,2,9/18/20,2.09,0,0,0,0,0,0,0,0,0,0,0,0,0
4,H,2,Italy x Sweden,Non-Dormant,Litter,4-IS_ND_F,2,10/2/20,2.1,0,0,0,0,0,0,0,0,0,0,0,0,0
4,H,2,Italy x Sweden,Non-Dormant,Litter,4-IS_ND_F,2,10/19/20,2.11,0,0,0,0,0,0,0,0,0,0,0,0,0
4,H,2,Italy x Sweden,Non-Dormant,Litter,4-IS_ND_F,2,10/30/20,2.12,0,0,0,0,0,0,0,0,0,0,0,0,0
4,H,2,Italy x Sweden,Non-Dormant,Litter,4-IS_ND_F,2,11/13/20,2.13,0,0,0,0,0,0,0,0,0,0,0,0,0
4,H,2,Italy x Sweden,Non-Dormant,Litter,4-IS_ND_F,2,12/4/20,2.14,0,0,0,0,0,0,0,0,0,0,0,0,0
4,H,2,Italy x Sweden,Non-Dormant,Litter,4-IS_ND_F,2,12/17/20,2.15,0,0,0,0,0,0,0,0,0,0,0,0,0
4,H,2,Italy x Sweden,Non-Dormant,Litter,4-IS_ND_F,2,1/15/21,2.16,0,0,0,0,0,0,0,0,0,0,0,0,0
4,H,2,Italy x Sweden,Non-Dormant,Litter,4-IS_ND_F,2,2/1/21,2.17,0,0,0,0,0,0,0,0,0,0,0,0,0
4,H,2,Italy x Sweden,Non-Dormant,Litter,4-IS_ND_F,2,2/25/21,2.18,0,0,0,0,0,0,0,0,0,0,0,0,0
4,H,2,Italy x Sweden,Non-Dormant,Litter,4-IS_ND_F,2,3/8/21,2.19,0,0,0,0,0,0,0,0,0,0,0,0,0
4,H,2,Italy x Sweden,Non-Dormant,Litter,4-IS_ND_F,2,3/25/21,2.2,0,0,0,0,0,0,0,0,0,0,0,0,0
4,H,2,Italy x Sweden,Non-Dormant,Litter,4-IS_ND_F,2,4/8/21,2.21,0,0,0,0,0,0,0,0,0,0,0,0,0
4,H,2,Italy x Sweden,Non-Dormant,Litter,4-IS_ND_F,3,8/17/21,3.14,0,0,0,0,0,0,0,0,0,0,0,0,0
4,H,2,Italy x Sweden,Non-Dormant,Litter,4-IS_ND_F,3,8/25/21,3.15,0,0,0,0,0,0,0,0,0,0,0,0,0
4,H,2,Italy x Sweden,Non-Dormant,Litter,4-IS_ND_F,3,9/2/21,3.16,0,0,0,0,0,0,0,0,0,0,0,0,0
4,H,2,Italy x Sweden,Non-Dormant,Litter,4-IS_ND_F,3,9/8/21,3.17,0,0,0,0,0,0,0,0,0,0,0,0,0
4,H,2,Italy x Sweden,Non-Dormant,Litter,4-IS_ND_F,3,9/15/21,3.18,0,0,0,0,0,0,0,0,0,0,0,0,0
4,H,2,Italy x Sweden,Non-Dormant,Litter,4-IS_ND_F,3,9/22/21,3.19,0,0,0,0,0,0,0,0,0,0,0,0,0
4,H,2,Italy x Sweden,Non-Dormant,Litter,4-IS_ND_F,3,10/1/21,3.2,0,0,0,0,0,0,0,0,0,0,0,0,0
4,H,2,Italy x Sweden,Non-Dormant,Litter,4-IS_ND_F,3,10/13/21,3.21,2,3,0,0,0,0,1,5,0,0,0,0,11
4,H,2,Italy x Sweden,Non-Dormant,Litter,4-IS_ND_F,3,11/12/21,3.22,0,0,0,0,0,0,0,0,0,0,0,0,0
4,H,2,Italy x Sweden,Non-Dormant,Litter,4-IS_ND_F,3,12/17/21,3.23,0,0,0,0,0,0,0,0,0,0,0,0,0
4,H,4,Germany x Tajikistan,Dormant,Litter,4-BS_D_F,1,6/12/19,1.01,NA,NA,NA,NA,NA,NA,NA,NA,NA,NA,NA,NA,NA
4,H,4,Germany x Tajikistan,Dormant,Litter,4-BS_D_F,1,6/16/19,1.02,NA,NA,NA,NA,NA,NA,NA,NA,NA,NA,NA,NA,NA
4,H,4,Germany x Tajikistan,Dormant,Litter,4-BS_D_F,1,6/26/19,1.03,NA,NA,NA,NA,NA,NA,NA,NA,NA,NA,NA,NA,NA
4,H,4,Germany x Tajikistan,Dormant,Litter,4-BS_D_F,1,7/3/19,1.04,NA,NA,NA,NA,NA,NA,NA,NA,NA,NA,NA,NA,NA
4,H,4,Germany x Tajikistan,Dormant,Litter,4-BS_D_F,1,7/10/19,1.05,NA,NA,NA,NA,NA,NA,NA,NA,NA,NA,NA,NA,NA
4,H,4,Germany x Tajikistan,Dormant,Litter,4-BS_D_F,1,7/17/19,1.06,0,0,0,0,0,0,NA,0,0,0,0,0,0
4,H,4,Germany x Tajikistan,Dormant,Litter,4-BS_D_F,1,7/24/19,1.07,0,0,0,0,0,0,NA,0,0,0,0,0,0
4,H,4,Germany x Tajikistan,Dormant,Litter,4-BS_D_F,1,7/31/19,1.08,0,0,0,0,0,0,NA,0,0,0,0,0,0
4,H,4,Germany x Tajikistan,Dormant,Litter,4-BS_D_F,1,8/7/19,1.09,0,0,0,0,0,0,NA,0,0,0,0,0,0
4,H,4,Germany x Tajikistan,Dormant,Litter,4-BS_D_F,1,8/15/19,1.1,0,0,0,0,0,0,NA,0,0,0,0,0,0
4,H,4,Germany x Tajikistan,Dormant,Litter,4-BS_D_F,1,8/20/19,1.11,0,0,0,0,0,0,NA,0,0,0,0,0,0
4,H,4,Germany x Tajikistan,Dormant,Litter,4-BS_D_F,1,8/28/19,1.12,0,0,0,0,0,0,NA,0,0,0,0,0,0
4,H,4,Germany x Tajikistan,Dormant,Litter,4-BS_D_F,1,9/4/19,1.13,0,0,0,0,0,0,NA,0,0,0,0,0,0
4,H,4,Germany x Tajikistan,Dormant,Litter,4-BS_D_F,1,9/11/19,1.14,0,0,0,0,0,0,NA,0,0,0,0,0,0
4,H,4,Germany x Tajikistan,Dormant,Litter,4-BS_D_F,1,9/18/19,1.15,0,0,0,0,0,0,NA,0,0,0,0,0,0
4,H,4,Germany x Tajikistan,Dormant,Litter,4-BS_D_F,1,9/25/19,1.16,0,0,0,0,0,0,NA,0,0,0,0,0,0
4,H,4,Germany x Tajikistan,Dormant,Litter,4-BS_D_F,1,10/2/19,1.17,0,0,0,0,0,0,NA,0,0,0,0,0,0
4,H,4,Germany x Tajikistan,Dormant,Litter,4-BS_D_F,1,10/9/19,1.18,0,0,0,0,0,0,NA,0,0,0,0,0,0
4,H,4,Germany x Tajikistan,Dormant,Litter,4-BS_D_F,1,10/18/19,1.19,0,0,0,0,0,0,NA,NA,NA,NA,NA,0,0
4,H,4,Germany x Tajikistan,Dormant,Litter,4-BS_D_F,1,10/23/19,1.2,1,0,0,0,0,0,NA,NA,NA,NA,NA,0,1
4,H,4,Germany x Tajikistan,Dormant,Litter,4-BS_D_F,1,11/6/19,1.22,0,0,0,0,0,0,NA,NA,NA,NA,NA,0,0
4,H,4,Germany x Tajikistan,Dormant,Litter,4-BS_D_F,1,11/20/19,1.23,0,0,0,0,0,0,NA,NA,NA,NA,NA,0,0
4,H,4,Germany x Tajikistan,Dormant,Litter,4-BS_D_F,1,12/4/19,1.24,0,0,0,0,0,0,NA,NA,NA,NA,NA,0,0
4,H,4,Germany x Tajikistan,Dormant,Litter,4-BS_D_F,1,12/20/19,1.25,0,0,0,0,0,0,NA,0,0,0,0,0,0
4,H,4,Germany x Tajikistan,Dormant,Litter,4-BS_D_F,1,2/10/20,1.26,0,0,0,0,0,0,NA,NA,0,0,0,0,0
4,H,4,Germany x Tajikistan,Dormant,Litter,4-BS_D_F,1,3/2/20,1.27,0,0,0,0,0,0,NA,NA,0,0,0,0,0
4,H,4,Germany x Tajikistan,Dormant,Litter,4-BS_D_F,1,5/5/20,1.29,0,0,0,0,0,0,NA,0,0,0,0,0,0
4,H,4,Germany x Tajikistan,Dormant,Litter,4-BS_D_F,2,5/27/20,2.01,0,0,0,0,0,0,0,0,0,0,0,0,0
4,H,4,Germany x Tajikistan,Dormant,Litter,4-BS_D_F,2,6/4/20,2.02,0,0,0,0,0,0,0,0,0,0,0,0,0
4,H,4,Germany x Tajikistan,Dormant,Litter,4-BS_D_F,2,9/10/20,2.08,0,0,0,0,0,0,0,0,0,0,0,0,0
4,H,4,Germany x Tajikistan,Dormant,Litter,4-BS_D_F,2,9/18/20,2.09,0,0,0,0,0,0,0,0,0,0,0,0,0
4,H,4,Germany x Tajikistan,Dormant,Litter,4-BS_D_F,2,10/2/20,2.1,0,0,0,0,0,0,0,0,0,0,0,0,0
4,H,4,Germany x Tajikistan,Dormant,Litter,4-BS_D_F,2,10/19/20,2.11,0,0,0,0,0,0,0,0,0,0,0,0,0
4,H,4,Germany x Tajikistan,Dormant,Litter,4-BS_D_F,2,10/30/20,2.12,0,0,0,0,0,0,0,0,0,0,0,0,0
4,H,4,Germany x Tajikistan,Dormant,Litter,4-BS_D_F,2,11/13/20,2.13,0,0,0,0,0,0,0,0,0,0,0,0,0
4,H,4,Germany x Tajikistan,Dormant,Litter,4-BS_D_F,2,12/4/20,2.14,0,0,0,0,0,0,0,0,0,0,0,0,0
4,H,4,Germany x Tajikistan,Dormant,Litter,4-BS_D_F,2,12/17/20,2.15,0,0,0,0,0,0,0,0,0,0,0,0,0
4,H,4,Germany x Tajikistan,Dormant,Litter,4-BS_D_F,2,1/15/21,2.16,0,0,0,0,0,0,0,0,0,0,0,0,0
4,H,4,Germany x Tajikistan,Dormant,Litter,4-BS_D_F,2,2/1/21,2.17,0,0,0,0,0,0,0,0,0,0,0,0,0
4,H,4,Germany x Tajikistan,Dormant,Litter,4-BS_D_F,2,2/25/21,2.18,0,0,0,0,0,0,0,0,0,0,0,0,0
4,H,4,Germany x Tajikistan,Dormant,Litter,4-BS_D_F,2,3/8/21,2.19,0,0,0,0,0,0,0,0,0,0,0,0,0
4,H,4,Germany x Tajikistan,Dormant,Litter,4-BS_D_F,2,3/25/21,2.2,0,0,0,0,0,0,0,0,0,0,0,0,0
4,H,4,Germany x Tajikistan,Dormant,Litter,4-BS_D_F,2,4/8/21,2.21,0,0,0,0,0,0,0,0,0,0,0,0,0
5,H,5,UK x USA,Dormant,Control,5-TC_D_C,1,6/12/19,1.01,NA,NA,NA,NA,NA,NA,NA,NA,NA,NA,NA,NA,NA
5,H,5,UK x USA,Dormant,Control,5-TC_D_C,1,6/16/19,1.02,NA,NA,NA,NA,NA,NA,NA,NA,NA,NA,NA,NA,NA
5,H,5,UK x USA,Dormant,Control,5-TC_D_C,1,6/26/19,1.03,NA,NA,NA,NA,NA,NA,NA,NA,NA,NA,NA,NA,NA
5,H,5,UK x USA,Dormant,Control,5-TC_D_C,1,7/3/19,1.04,NA,NA,NA,NA,NA,NA,NA,NA,NA,NA,NA,NA,NA
5,H,5,UK x USA,Dormant,Control,5-TC_D_C,1,7/10/19,1.05,NA,NA,NA,NA,NA,NA,NA,NA,NA,NA,NA,NA,NA
5,H,5,UK x USA,Dormant,Control,5-TC_D_C,1,7/17/19,1.06,0,0,0,0,0,0,NA,0,0,0,0,0,0
5,H,5,UK x USA,Dormant,Control,5-TC_D_C,1,7/24/19,1.07,0,0,0,0,0,0,NA,0,0,0,0,0,0
5,H,5,UK x USA,Dormant,Control,5-TC_D_C,1,7/31/19,1.08,0,0,0,0,0,0,NA,0,0,0,0,0,0
5,H,5,UK x USA,Dormant,Control,5-TC_D_C,1,8/7/19,1.09,0,0,0,0,0,0,NA,0,0,0,0,0,0
5,H,5,UK x USA,Dormant,Control,5-TC_D_C,1,8/15/19,1.1,0,0,0,0,0,0,NA,0,0,0,0,0,0
5,H,5,UK x USA,Dormant,Control,5-TC_D_C,1,8/20/19,1.11,0,0,0,0,0,0,NA,0,0,0,0,0,0
5,H,5,UK x USA,Dormant,Control,5-TC_D_C,1,8/28/19,1.12,0,0,0,0,0,0,NA,0,0,0,0,0,0
5,H,5,UK x USA,Dormant,Control,5-TC_D_C,1,9/4/19,1.13,0,0,0,0,0,0,NA,0,0,0,0,0,0
5,H,5,UK x USA,Dormant,Control,5-TC_D_C,1,9/11/19,1.14,0,0,0,0,0,0,NA,0,0,0,0,0,0
5,H,5,UK x USA,Dormant,Control,5-TC_D_C,1,9/18/19,1.15,0,0,0,0,0,0,NA,0,0,0,0,0,0
5,H,5,UK x USA,Dormant,Control,5-TC_D_C,1,9/25/19,1.16,0,0,0,0,0,0,NA,0,0,0,0,0,0
5,H,5,UK x USA,Dormant,Control,5-TC_D_C,1,10/2/19,1.17,0,0,0,0,0,0,NA,0,0,0,0,0,0
5,H,5,UK x USA,Dormant,Control,5-TC_D_C,1,10/9/19,1.18,0,0,0,0,0,0,NA,0,0,0,0,0,0
5,H,5,UK x USA,Dormant,Control,5-TC_D_C,1,10/18/19,1.19,0,0,0,0,0,0,NA,NA,NA,NA,NA,0,0
5,H,5,UK x USA,Dormant,Control,5-TC_D_C,1,10/23/19,1.2,6,0,0,0,0,0,NA,NA,NA,NA,NA,0,6
5,H,5,UK x USA,Dormant,Control,5-TC_D_C,1,11/6/19,1.22,3,2,0,0,0,0,NA,NA,NA,NA,NA,0,5
5,H,5,UK x USA,Dormant,Control,5-TC_D_C,1,11/20/19,1.23,0,0,0,0,0,0,NA,NA,NA,NA,NA,0,0
5,H,5,UK x USA,Dormant,Control,5-TC_D_C,1,12/4/19,1.24,0,0,0,0,0,0,NA,NA,NA,NA,NA,0,0
5,H,5,UK x USA,Dormant,Control,5-TC_D_C,1,12/20/19,1.25,0,0,0,0,0,0,NA,0,0,0,0,0,0
5,H,5,UK x USA,Dormant,Control,5-TC_D_C,1,2/10/20,1.26,0,0,0,0,0,0,NA,NA,0,0,0,0,0
5,H,5,UK x USA,Dormant,Control,5-TC_D_C,1,3/2/20,1.27,0,0,0,0,0,0,NA,NA,3,0,3,0,6
5,H,5,UK x USA,Dormant,Control,5-TC_D_C,1,5/5/20,1.29,0,0,0,0,0,0,NA,0,0,0,0,0,0
5,H,5,UK x USA,Dormant,Control,5-TC_D_C,2,5/27/20,2.01,0,0,0,0,0,0,2,0,0,0,0,0,2
5,H,5,UK x USA,Dormant,Control,5-TC_D_C,2,6/4/20,2.02,0,0,0,0,0,0,0,0,0,0,0,0,0
5,H,5,UK x USA,Dormant,Control,5-TC_D_C,2,7/23/20,2.03,0,0,0,0,0,0,0,0,0,0,0,0,0
5,H,5,UK x USA,Dormant,Control,5-TC_D_C,2,8/7/20,2.04,0,0,0,0,0,0,0,0,0,0,0,0,0
5,H,5,UK x USA,Dormant,Control,5-TC_D_C,2,8/13/20,2.05,0,0,0,0,0,0,0,0,0,0,0,0,0
5,H,5,UK x USA,Dormant,Control,5-TC_D_C,2,8/18/20,2.06,0,0,0,0,0,0,0,0,0,0,0,0,0
5,H,5,UK x USA,Dormant,Control,5-TC_D_C,2,8/25/20,2.07,0,0,0,0,0,0,0,0,0,0,0,0,0
5,H,5,UK x USA,Dormant,Control,5-TC_D_C,2,9/4/20,2.08,0,0,0,0,0,0,0,0,0,0,0,0,0
5,H,5,UK x USA,Dormant,Control,5-TC_D_C,2,9/16/20,2.09,2,0,0,0,0,0,0,0,0,0,0,0,2
5,H,5,UK x USA,Dormant,Control,5-TC_D_C,2,10/2/20,2.1,0,0,0,0,0,0,0,0,0,0,0,0,0
5,H,5,UK x USA,Dormant,Control,5-TC_D_C,2,10/19/20,2.11,0,0,0,0,0,0,0,0,0,0,0,0,0
5,H,5,UK x USA,Dormant,Control,5-TC_D_C,2,11/6/20,2.12,0,0,0,0,0,0,0,0,0,0,0,0,0
5,H,5,UK x USA,Dormant,Control,5-TC_D_C,2,11/19/20,2.13,0,0,0,0,0,0,0,0,0,0,0,0,0
5,H,5,UK x USA,Dormant,Control,5-TC_D_C,2,12/4/20,2.14,0,0,0,0,0,0,0,0,0,0,0,0,0
5,H,5,UK x USA,Dormant,Control,5-TC_D_C,2,12/15/20,2.15,0,0,0,0,0,0,0,0,0,0,0,0,0
5,H,5,UK x USA,Dormant,Control,5-TC_D_C,2,1/14/21,2.16,0,0,0,0,0,0,0,0,0,0,0,0,0
5,H,5,UK x USA,Dormant,Control,5-TC_D_C,2,2/1/21,2.17,0,0,0,0,0,0,0,0,0,0,0,0,0
5,H,5,UK x USA,Dormant,Control,5-TC_D_C,2,2/25/21,2.18,0,0,0,0,0,0,0,0,0,0,0,0,0
5,H,5,UK x USA,Dormant,Control,5-TC_D_C,2,3/8/21,2.19,0,0,0,0,0,0,0,0,0,0,0,0,0
5,H,5,UK x USA,Dormant,Control,5-TC_D_C,2,3/26/21,2.2,0,0,0,0,0,0,0,0,0,0,0,0,0
5,H,5,UK x USA,Dormant,Control,5-TC_D_C,2,4/8/21,2.21,0,0,0,0,0,0,0,0,0,0,0,0,0
5,H,5,UK x USA,Dormant,Control,5-TC_D_C,3,8/17/21,3.14,0,0,0,0,0,0,0,0,0,0,0,0,0
5,H,5,UK x USA,Dormant,Control,5-TC_D_C,3,8/25/21,3.15,0,0,0,0,0,0,0,0,0,0,0,0,0
5,H,5,UK x USA,Dormant,Control,5-TC_D_C,3,9/2/21,3.16,0,0,0,0,0,0,0,0,0,0,0,0,0
5,H,5,UK x USA,Dormant,Control,5-TC_D_C,3,9/8/21,3.17,0,0,0,0,0,0,0,0,0,0,0,0,0
5,H,5,UK x USA,Dormant,Control,5-TC_D_C,3,9/15/21,3.18,0,0,0,0,0,0,0,0,0,0,0,0,0
5,H,5,UK x USA,Dormant,Control,5-TC_D_C,3,9/22/21,3.19,0,0,0,0,0,0,0,0,0,0,0,0,0
5,H,5,UK x USA,Dormant,Control,5-TC_D_C,3,10/3/21,3.2,33,0,0,0,0,0,18,3,0,0,0,0,54
5,H,5,UK x USA,Dormant,Control,5-TC_D_C,3,10/15/21,3.21,19,14,0,0,0,0,15,11,0,0,0,0,59
5,H,5,UK x USA,Dormant,Control,5-TC_D_C,3,11/15/21,3.22,0,17,0,0,0,0,0,17,0,0,0,0,34
5,H,5,UK x USA,Dormant,Control,5-TC_D_C,3,12/17/21,3.23,0,2,0,0,0,0,1,15,0,0,2,0,20
5,H,6,Italy x Sweden,Non-Dormant,Litter,5-IS_ND_F,1,6/12/19,1.01,3,0,0,0,0,0,NA,NA,NA,NA,NA,NA,3
5,H,6,Italy x Sweden,Non-Dormant,Litter,5-IS_ND_F,1,6/16/19,1.02,0,0,0,0,0,0,NA,NA,NA,NA,NA,NA,0
5,H,6,Italy x Sweden,Non-Dormant,Litter,5-IS_ND_F,1,6/26/19,1.03,0,0,0,0,0,0,NA,0,0,0,0,0,0
5,H,6,Italy x Sweden,Non-Dormant,Litter,5-IS_ND_F,1,7/3/19,1.04,0,0,0,0,0,0,NA,0,0,0,0,0,0
5,H,6,Italy x Sweden,Non-Dormant,Litter,5-IS_ND_F,1,7/10/19,1.05,NA,0,0,0,0,0,NA,0,0,0,0,0,0
5,H,6,Italy x Sweden,Non-Dormant,Litter,5-IS_ND_F,1,7/17/19,1.06,0,0,0,0,0,0,NA,1,0,0,0,0,1
5,H,6,Italy x Sweden,Non-Dormant,Litter,5-IS_ND_F,1,7/24/19,1.07,0,0,0,0,0,0,NA,1,0,0,0,0,1
5,H,6,Italy x Sweden,Non-Dormant,Litter,5-IS_ND_F,1,7/31/19,1.08,0,0,0,0,0,0,NA,0,0,0,0,0,0
5,H,6,Italy x Sweden,Non-Dormant,Litter,5-IS_ND_F,1,8/7/19,1.09,0,0,0,0,0,0,NA,0,0,0,0,0,0
5,H,6,Italy x Sweden,Non-Dormant,Litter,5-IS_ND_F,1,8/15/19,1.1,0,0,0,0,0,0,NA,0,0,0,0,0,0
5,H,6,Italy x Sweden,Non-Dormant,Litter,5-IS_ND_F,1,8/20/19,1.11,0,0,0,0,0,0,NA,0,0,0,0,0,0
5,H,6,Italy x Sweden,Non-Dormant,Litter,5-IS_ND_F,1,8/28/19,1.12,0,0,0,0,0,0,NA,0,0,0,0,0,0
5,H,6,Italy x Sweden,Non-Dormant,Litter,5-IS_ND_F,1,9/4/19,1.13,0,0,0,0,0,0,NA,0,0,0,0,0,0
5,H,6,Italy x Sweden,Non-Dormant,Litter,5-IS_ND_F,1,9/11/19,1.14,0,0,0,0,0,0,NA,0,0,0,0,0,0
5,H,6,Italy x Sweden,Non-Dormant,Litter,5-IS_ND_F,1,9/18/19,1.15,0,0,0,0,0,0,NA,0,0,0,0,0,0
5,H,6,Italy x Sweden,Non-Dormant,Litter,5-IS_ND_F,1,9/25/19,1.16,0,0,0,0,0,0,NA,0,0,0,0,0,0
5,H,6,Italy x Sweden,Non-Dormant,Litter,5-IS_ND_F,1,10/2/19,1.17,0,0,0,0,0,0,NA,0,0,0,0,0,0
5,H,6,Italy x Sweden,Non-Dormant,Litter,5-IS_ND_F,1,10/9/19,1.18,0,0,0,0,0,0,NA,0,0,0,0,0,0
5,H,6,Italy x Sweden,Non-Dormant,Litter,5-IS_ND_F,1,10/18/19,1.19,0,0,0,0,0,0,NA,NA,NA,NA,NA,0,0
5,H,6,Italy x Sweden,Non-Dormant,Litter,5-IS_ND_F,1,10/23/19,1.2,1,0,0,0,0,0,NA,NA,NA,NA,NA,0,1
5,H,6,Italy x Sweden,Non-Dormant,Litter,5-IS_ND_F,1,11/6/19,1.22,0,0,0,0,0,0,NA,NA,NA,NA,NA,0,0
5,H,6,Italy x Sweden,Non-Dormant,Litter,5-IS_ND_F,1,11/20/19,1.23,0,0,0,0,0,0,NA,NA,NA,NA,NA,0,0
5,H,6,Italy x Sweden,Non-Dormant,Litter,5-IS_ND_F,1,12/4/19,1.24,1,0,0,0,0,0,NA,NA,NA,NA,NA,0,1
5,H,6,Italy x Sweden,Non-Dormant,Litter,5-IS_ND_F,1,12/20/19,1.25,0,0,0,0,0,0,NA,0,0,0,0,0,0
5,H,6,Italy x Sweden,Non-Dormant,Litter,5-IS_ND_F,1,2/10/20,1.26,0,0,0,0,0,0,NA,NA,0,0,0,0,0
5,H,6,Italy x Sweden,Non-Dormant,Litter,5-IS_ND_F,1,3/2/20,1.27,0,0,0,0,0,0,NA,NA,0,0,0,0,0
5,H,6,Italy x Sweden,Non-Dormant,Litter,5-IS_ND_F,1,5/5/20,1.29,0,0,0,0,0,0,NA,0,0,0,0,0,0
5,H,6,Italy x Sweden,Non-Dormant,Litter,5-IS_ND_F,2,5/27/20,2.01,0,0,0,0,0,0,0,0,0,0,0,0,0
5,H,6,Italy x Sweden,Non-Dormant,Litter,5-IS_ND_F,2,6/4/20,2.02,0,0,0,0,0,0,0,0,0,0,0,0,0
5,H,6,Italy x Sweden,Non-Dormant,Litter,5-IS_ND_F,2,7/23/20,2.03,0,0,0,0,0,0,0,0,0,0,0,0,0
5,H,6,Italy x Sweden,Non-Dormant,Litter,5-IS_ND_F,2,8/7/20,2.04,0,0,0,0,0,0,0,0,0,0,0,0,0
5,H,6,Italy x Sweden,Non-Dormant,Litter,5-IS_ND_F,2,8/13/20,2.05,0,0,0,0,0,0,0,0,0,0,0,0,0
5,H,6,Italy x Sweden,Non-Dormant,Litter,5-IS_ND_F,2,8/18/20,2.06,0,0,0,0,0,0,0,0,0,0,0,0,0
5,H,6,Italy x Sweden,Non-Dormant,Litter,5-IS_ND_F,2,8/25/20,2.07,0,0,0,0,0,0,0,0,0,0,0,0,0
5,H,6,Italy x Sweden,Non-Dormant,Litter,5-IS_ND_F,2,9/4/20,2.08,5,0,0,0,0,0,5,0,0,0,0,0,10
5,H,6,Italy x Sweden,Non-Dormant,Litter,5-IS_ND_F,2,9/16/20,2.09,1,0,0,0,0,0,5,0,0,0,0,0,6
5,H,6,Italy x Sweden,Non-Dormant,Litter,5-IS_ND_F,2,10/2/20,2.1,0,0,0,0,0,0,0,0,0,0,0,0,0
5,H,6,Italy x Sweden,Non-Dormant,Litter,5-IS_ND_F,2,10/19/20,2.11,0,0,0,0,0,0,0,0,0,0,0,0,0
5,H,6,Italy x Sweden,Non-Dormant,Litter,5-IS_ND_F,2,11/6/20,2.12,0,0,0,0,0,0,0,0,0,0,0,0,0
5,H,6,Italy x Sweden,Non-Dormant,Litter,5-IS_ND_F,2,11/19/20,2.13,0,0,0,0,0,0,0,0,0,0,0,0,0
5,H,6,Italy x Sweden,Non-Dormant,Litter,5-IS_ND_F,2,12/4/20,2.14,0,0,0,0,0,0,0,0,0,0,0,0,0
5,H,6,Italy x Sweden,Non-Dormant,Litter,5-IS_ND_F,2,12/15/20,2.15,0,0,0,0,0,0,0,0,0,0,0,0,0
5,H,6,Italy x Sweden,Non-Dormant,Litter,5-IS_ND_F,2,1/14/21,2.16,0,0,0,0,0,0,0,0,0,0,0,0,0
5,H,6,Italy x Sweden,Non-Dormant,Litter,5-IS_ND_F,2,2/1/21,2.17,0,0,0,0,0,0,0,0,0,0,0,0,0
5,H,6,Italy x Sweden,Non-Dormant,Litter,5-IS_ND_F,2,2/25/21,2.18,0,0,0,0,0,0,0,0,0,0,0,0,0
5,H,6,Italy x Sweden,Non-Dormant,Litter,5-IS_ND_F,2,3/8/21,2.19,0,0,0,0,0,0,0,0,0,0,0,0,0
5,H,6,Italy x Sweden,Non-Dormant,Litter,5-IS_ND_F,2,3/26/21,2.2,0,0,0,0,0,0,0,0,0,0,0,0,0
5,H,6,Italy x Sweden,Non-Dormant,Litter,5-IS_ND_F,2,4/8/21,2.21,0,0,0,0,0,0,0,0,0,0,0,0,0
5,H,6,Italy x Sweden,Non-Dormant,Litter,5-IS_ND_F,3,8/17/21,3.14,0,0,0,0,0,0,0,0,0,0,0,0,0
5,H,6,Italy x Sweden,Non-Dormant,Litter,5-IS_ND_F,3,8/25/21,3.15,0,0,0,0,0,0,0,0,0,0,0,0,0
5,H,6,Italy x Sweden,Non-Dormant,Litter,5-IS_ND_F,3,9/2/21,3.16,0,0,0,0,0,0,0,0,0,0,0,0,0
5,H,6,Italy x Sweden,Non-Dormant,Litter,5-IS_ND_F,3,9/8/21,3.17,0,0,0,0,0,0,0,0,0,0,0,0,0
5,H,6,Italy x Sweden,Non-Dormant,Litter,5-IS_ND_F,3,9/15/21,3.18,0,0,0,0,0,0,0,0,0,0,0,0,0
5,H,6,Italy x Sweden,Non-Dormant,Litter,5-IS_ND_F,3,9/22/21,3.19,0,0,0,0,0,0,0,0,0,0,0,0,0
5,H,6,Italy x Sweden,Non-Dormant,Litter,5-IS_ND_F,3,10/3/21,3.2,0,0,0,0,0,0,0,0,0,0,0,0,0
5,H,6,Italy x Sweden,Non-Dormant,Litter,5-IS_ND_F,3,10/15/21,3.21,0,0,0,0,0,0,0,1,0,0,0,0,1
5,H,6,Italy x Sweden,Non-Dormant,Litter,5-IS_ND_F,3,11/15/21,3.22,0,1,0,0,0,0,0,0,0,0,0,0,1
5,H,6,Italy x Sweden,Non-Dormant,Litter,5-IS_ND_F,3,12/17/21,3.23,0,0,0,0,0,0,0,0,0,0,0,0,0
5,H,7,Italy x Sweden,Non-Dormant,Control,5-IS_ND_C,1,6/12/19,1.01,1,0,0,0,0,0,NA,NA,NA,NA,NA,NA,1
5,H,7,Italy x Sweden,Non-Dormant,Control,5-IS_ND_C,1,6/16/19,1.02,3,0,0,0,0,0,NA,NA,NA,NA,NA,NA,3
5,H,7,Italy x Sweden,Non-Dormant,Control,5-IS_ND_C,1,6/26/19,1.03,0,1,0,0,0,0,NA,0,0,0,0,0,1
5,H,7,Italy x Sweden,Non-Dormant,Control,5-IS_ND_C,1,7/3/19,1.04,0,0,0,0,0,0,NA,0,0,0,0,0,0
5,H,7,Italy x Sweden,Non-Dormant,Control,5-IS_ND_C,1,7/10/19,1.05,NA,0,0,0,0,0,NA,0,0,0,0,0,0
5,H,7,Italy x Sweden,Non-Dormant,Control,5-IS_ND_C,1,7/17/19,1.06,0,0,0,0,0,0,NA,0,0,0,0,0,0
5,H,7,Italy x Sweden,Non-Dormant,Control,5-IS_ND_C,1,7/24/19,1.07,0,0,0,0,0,0,NA,0,0,0,0,0,0
5,H,7,Italy x Sweden,Non-Dormant,Control,5-IS_ND_C,1,7/31/19,1.08,0,0,0,0,0,0,NA,0,0,0,0,0,0
5,H,7,Italy x Sweden,Non-Dormant,Control,5-IS_ND_C,1,8/7/19,1.09,0,0,0,0,0,0,NA,0,0,0,0,0,0
5,H,7,Italy x Sweden,Non-Dormant,Control,5-IS_ND_C,1,8/15/19,1.1,0,0,0,0,0,0,NA,0,0,0,0,0,0
5,H,7,Italy x Sweden,Non-Dormant,Control,5-IS_ND_C,1,8/20/19,1.11,0,0,0,0,0,0,NA,0,0,0,0,0,0
5,H,7,Italy x Sweden,Non-Dormant,Control,5-IS_ND_C,1,8/28/19,1.12,0,0,0,0,0,0,NA,0,0,0,0,0,0
5,H,7,Italy x Sweden,Non-Dormant,Control,5-IS_ND_C,1,9/4/19,1.13,0,0,0,0,0,0,NA,0,0,0,0,0,0
5,H,7,Italy x Sweden,Non-Dormant,Control,5-IS_ND_C,1,9/11/19,1.14,0,0,0,0,0,0,NA,0,0,0,0,0,0
5,H,7,Italy x Sweden,Non-Dormant,Control,5-IS_ND_C,1,9/18/19,1.15,0,0,0,0,0,0,NA,0,0,0,0,0,0
5,H,7,Italy x Sweden,Non-Dormant,Control,5-IS_ND_C,1,9/25/19,1.16,0,0,0,0,0,0,NA,0,0,0,0,0,0
5,H,7,Italy x Sweden,Non-Dormant,Control,5-IS_ND_C,1,10/2/19,1.17,0,0,0,0,0,0,NA,0,0,0,0,0,0
5,H,7,Italy x Sweden,Non-Dormant,Control,5-IS_ND_C,1,10/9/19,1.18,0,0,0,0,0,0,NA,0,0,0,0,0,0
5,H,7,Italy x Sweden,Non-Dormant,Control,5-IS_ND_C,1,10/18/19,1.19,0,0,0,0,0,0,NA,NA,NA,NA,NA,0,0
5,H,7,Italy x Sweden,Non-Dormant,Control,5-IS_ND_C,1,10/23/19,1.2,0,0,0,0,0,0,NA,NA,NA,NA,NA,0,0
5,H,7,Italy x Sweden,Non-Dormant,Control,5-IS_ND_C,1,11/6/19,1.22,0,0,0,0,0,0,NA,NA,NA,NA,NA,0,0
5,H,7,Italy x Sweden,Non-Dormant,Control,5-IS_ND_C,1,11/20/19,1.23,0,0,0,0,0,0,NA,NA,NA,NA,NA,0,0
5,H,7,Italy x Sweden,Non-Dormant,Control,5-IS_ND_C,1,12/4/19,1.24,0,0,0,0,0,0,NA,NA,NA,NA,NA,0,0
5,H,7,Italy x Sweden,Non-Dormant,Control,5-IS_ND_C,1,12/20/19,1.25,1,0,0,0,0,0,NA,0,0,0,0,0,1
5,H,7,Italy x Sweden,Non-Dormant,Control,5-IS_ND_C,1,2/10/20,1.26,0,0,0,0,0,0,NA,NA,0,0,0,0,0
5,H,7,Italy x Sweden,Non-Dormant,Control,5-IS_ND_C,1,3/2/20,1.27,0,0,0,0,0,0,NA,NA,0,0,0,0,0
5,H,7,Italy x Sweden,Non-Dormant,Control,5-IS_ND_C,1,5/5/20,1.29,0,0,0,0,0,0,NA,0,0,0,0,0,0
5,H,7,Italy x Sweden,Non-Dormant,Control,5-IS_ND_C,2,5/27/20,2.01,1,0,0,0,0,0,0,0,0,0,0,0,1
5,H,7,Italy x Sweden,Non-Dormant,Control,5-IS_ND_C,2,6/4/20,2.02,0,0,0,0,0,0,0,0,0,0,0,0,0
5,H,7,Italy x Sweden,Non-Dormant,Control,5-IS_ND_C,2,7/23/20,2.03,0,0,0,0,0,0,0,0,0,0,0,0,0
5,H,7,Italy x Sweden,Non-Dormant,Control,5-IS_ND_C,2,8/7/20,2.04,0,0,0,0,0,0,0,0,0,0,0,0,0
5,H,7,Italy x Sweden,Non-Dormant,Control,5-IS_ND_C,2,8/13/20,2.05,0,0,0,0,0,0,0,0,0,0,0,0,0
5,H,7,Italy x Sweden,Non-Dormant,Control,5-IS_ND_C,2,8/18/20,2.06,0,0,0,0,0,0,0,0,0,0,0,0,0
5,H,7,Italy x Sweden,Non-Dormant,Control,5-IS_ND_C,2,8/25/20,2.07,0,0,0,0,0,0,0,0,0,0,0,0,0
5,H,7,Italy x Sweden,Non-Dormant,Control,5-IS_ND_C,2,9/4/20,2.08,47,0,0,0,0,0,60,0,0,0,0,0,107
5,H,7,Italy x Sweden,Non-Dormant,Control,5-IS_ND_C,2,9/16/20,2.09,45,0,0,0,0,0,30,0,0,0,0,0,75
5,H,7,Italy x Sweden,Non-Dormant,Control,5-IS_ND_C,2,10/2/20,2.1,0,0,0,0,0,0,0,0,0,0,0,0,0
5,H,7,Italy x Sweden,Non-Dormant,Control,5-IS_ND_C,2,10/19/20,2.11,0,0,0,0,0,0,0,0,0,0,0,0,0
5,H,7,Italy x Sweden,Non-Dormant,Control,5-IS_ND_C,2,11/6/20,2.12,0,0,0,0,0,0,0,0,0,0,0,0,0
5,H,7,Italy x Sweden,Non-Dormant,Control,5-IS_ND_C,2,11/19/20,2.13,0,0,0,0,0,0,0,0,0,0,0,0,0
5,H,7,Italy x Sweden,Non-Dormant,Control,5-IS_ND_C,2,12/4/20,2.14,0,0,0,0,0,0,0,0,0,0,0,0,0
5,H,7,Italy x Sweden,Non-Dormant,Control,5-IS_ND_C,2,12/15/20,2.15,0,0,0,0,0,0,0,0,0,0,0,0,0
5,H,7,Italy x Sweden,Non-Dormant,Control,5-IS_ND_C,2,1/14/21,2.16,0,0,0,0,0,0,0,0,0,0,0,0,0
5,H,7,Italy x Sweden,Non-Dormant,Control,5-IS_ND_C,2,2/1/21,2.17,0,0,0,0,0,0,0,0,0,0,0,0,0
5,H,7,Italy x Sweden,Non-Dormant,Control,5-IS_ND_C,2,2/25/21,2.18,0,0,0,0,0,0,0,0,0,0,0,0,0
5,H,7,Italy x Sweden,Non-Dormant,Control,5-IS_ND_C,2,3/8/21,2.19,0,0,0,0,0,0,0,0,0,0,0,0,0
5,H,7,Italy x Sweden,Non-Dormant,Control,5-IS_ND_C,2,3/26/21,2.2,0,0,0,0,0,0,0,0,0,0,0,0,0
5,H,7,Italy x Sweden,Non-Dormant,Control,5-IS_ND_C,2,4/8/21,2.21,0,0,0,0,0,0,0,0,0,0,0,0,0
5,H,7,Italy x Sweden,Non-Dormant,Control,5-IS_ND_C,3,8/17/21,3.14,0,0,0,0,0,0,0,0,0,0,0,0,0
5,H,7,Italy x Sweden,Non-Dormant,Control,5-IS_ND_C,3,8/25/21,3.15,0,0,0,0,0,0,0,0,0,0,0,0,0
5,H,7,Italy x Sweden,Non-Dormant,Control,5-IS_ND_C,3,9/2/21,3.16,0,0,0,0,0,0,0,0,0,0,0,0,0
5,H,7,Italy x Sweden,Non-Dormant,Control,5-IS_ND_C,3,9/8/21,3.17,0,0,0,0,0,0,0,0,0,0,0,0,0
5,H,7,Italy x Sweden,Non-Dormant,Control,5-IS_ND_C,3,9/15/21,3.18,0,0,0,0,0,0,0,0,0,0,0,0,0
5,H,7,Italy x Sweden,Non-Dormant,Control,5-IS_ND_C,3,9/22/21,3.19,0,0,0,0,0,0,0,0,0,0,0,0,0
5,H,7,Italy x Sweden,Non-Dormant,Control,5-IS_ND_C,3,10/3/21,3.2,1,0,0,0,0,0,4,0,0,0,0,0,5
5,H,7,Italy x Sweden,Non-Dormant,Control,5-IS_ND_C,3,10/15/21,3.21,0,0,0,0,0,0,2,1,0,0,0,0,3
5,H,7,Italy x Sweden,Non-Dormant,Control,5-IS_ND_C,3,11/15/21,3.22,0,0,0,0,0,0,0,0,0,0,0,0,0
5,H,7,Italy x Sweden,Non-Dormant,Control,5-IS_ND_C,3,12/17/21,3.23,0,0,0,0,0,0,0,0,0,0,0,0,0
5,H,8,Italy x Sweden,Dormant,Litter,5-IS_D_F,1,6/12/19,1.01,1,0,0,0,0,0,NA,NA,NA,NA,NA,NA,1
5,H,8,Italy x Sweden,Dormant,Litter,5-IS_D_F,1,6/16/19,1.02,0,0,0,0,0,0,NA,NA,NA,NA,NA,NA,0
5,H,8,Italy x Sweden,Dormant,Litter,5-IS_D_F,1,6/26/19,1.03,0,0,0,0,0,0,NA,0,0,0,0,0,0
5,H,8,Italy x Sweden,Dormant,Litter,5-IS_D_F,1,7/3/19,1.04,0,0,0,0,0,0,NA,0,0,0,0,0,0
5,H,8,Italy x Sweden,Dormant,Litter,5-IS_D_F,1,7/10/19,1.05,NA,0,0,0,0,0,NA,0,0,0,0,0,0
5,H,8,Italy x Sweden,Dormant,Litter,5-IS_D_F,1,7/17/19,1.06,0,0,0,0,0,0,NA,0,0,0,0,0,0
5,H,8,Italy x Sweden,Dormant,Litter,5-IS_D_F,1,7/24/19,1.07,0,0,0,0,0,0,NA,0,0,0,0,0,0
5,H,8,Italy x Sweden,Dormant,Litter,5-IS_D_F,1,7/31/19,1.08,0,0,0,0,0,0,NA,0,0,0,0,0,0
5,H,8,Italy x Sweden,Dormant,Litter,5-IS_D_F,1,8/7/19,1.09,0,0,0,0,0,0,NA,0,0,0,0,0,0
5,H,8,Italy x Sweden,Dormant,Litter,5-IS_D_F,1,8/15/19,1.1,0,0,0,0,0,0,NA,0,0,0,0,0,0
5,H,8,Italy x Sweden,Dormant,Litter,5-IS_D_F,1,8/20/19,1.11,0,0,0,0,0,0,NA,0,0,0,0,0,0
5,H,8,Italy x Sweden,Dormant,Litter,5-IS_D_F,1,8/28/19,1.12,0,0,0,0,0,0,NA,1,0,0,0,0,1
5,H,8,Italy x Sweden,Dormant,Litter,5-IS_D_F,1,9/4/19,1.13,0,0,0,0,0,0,NA,0,0,0,0,0,0
5,H,8,Italy x Sweden,Dormant,Litter,5-IS_D_F,1,9/11/19,1.14,0,0,0,0,0,0,NA,0,0,0,0,0,0
5,H,8,Italy x Sweden,Dormant,Litter,5-IS_D_F,1,9/18/19,1.15,0,0,0,0,0,0,NA,0,0,0,0,0,0
5,H,8,Italy x Sweden,Dormant,Litter,5-IS_D_F,1,9/25/19,1.16,0,0,0,0,0,0,NA,0,0,0,0,0,0
5,H,8,Italy x Sweden,Dormant,Litter,5-IS_D_F,1,10/2/19,1.17,0,0,0,0,0,0,NA,0,0,0,0,0,0
5,H,8,Italy x Sweden,Dormant,Litter,5-IS_D_F,1,10/9/19,1.18,0,0,0,0,0,0,NA,0,0,0,0,0,0
5,H,8,Italy x Sweden,Dormant,Litter,5-IS_D_F,1,10/18/19,1.19,0,0,0,0,0,0,NA,NA,NA,NA,NA,0,0
5,H,8,Italy x Sweden,Dormant,Litter,5-IS_D_F,1,10/23/19,1.2,2,0,0,0,0,0,NA,NA,NA,NA,NA,0,2
5,H,8,Italy x Sweden,Dormant,Litter,5-IS_D_F,1,11/6/19,1.22,0,1,0,0,0,0,NA,NA,NA,NA,NA,0,1
5,H,8,Italy x Sweden,Dormant,Litter,5-IS_D_F,1,11/20/19,1.23,0,0,0,0,0,0,NA,NA,NA,NA,NA,0,0
5,H,8,Italy x Sweden,Dormant,Litter,5-IS_D_F,1,12/4/19,1.24,0,0,0,0,0,0,NA,NA,NA,NA,NA,0,0
5,H,8,Italy x Sweden,Dormant,Litter,5-IS_D_F,1,12/20/19,1.25,0,0,0,0,0,0,NA,0,0,0,0,0,0
5,H,8,Italy x Sweden,Dormant,Litter,5-IS_D_F,1,2/10/20,1.26,0,0,0,0,0,0,NA,NA,0,0,0,0,0
5,H,8,Italy x Sweden,Dormant,Litter,5-IS_D_F,1,3/2/20,1.27,0,0,0,0,0,0,NA,NA,0,0,0,0,0
5,H,8,Italy x Sweden,Dormant,Litter,5-IS_D_F,1,5/5/20,1.29,0,0,0,0,0,0,NA,0,0,0,0,0,0
5,H,8,Italy x Sweden,Dormant,Litter,5-IS_D_F,2,5/27/20,2.01,0,0,0,0,0,0,0,0,0,0,0,0,0
5,H,8,Italy x Sweden,Dormant,Litter,5-IS_D_F,2,6/4/20,2.02,0,0,0,0,0,0,0,0,0,0,0,0,0
5,H,8,Italy x Sweden,Dormant,Litter,5-IS_D_F,2,7/23/20,2.03,0,0,0,0,0,0,0,0,0,0,0,0,0
5,H,8,Italy x Sweden,Dormant,Litter,5-IS_D_F,2,8/7/20,2.04,0,0,0,0,0,0,0,0,0,0,0,0,0
5,H,8,Italy x Sweden,Dormant,Litter,5-IS_D_F,2,8/13/20,2.05,0,0,0,0,0,0,0,0,0,0,0,0,0
5,H,8,Italy x Sweden,Dormant,Litter,5-IS_D_F,2,8/18/20,2.06,0,0,0,0,0,0,0,0,0,0,0,0,0
5,H,8,Italy x Sweden,Dormant,Litter,5-IS_D_F,2,8/25/20,2.07,0,0,0,0,0,0,0,0,0,0,0,0,0
5,H,8,Italy x Sweden,Dormant,Litter,5-IS_D_F,2,9/4/20,2.08,28,0,0,0,0,0,20,0,0,0,0,0,48
5,H,8,Italy x Sweden,Dormant,Litter,5-IS_D_F,2,9/16/20,2.09,2,0,0,0,0,0,5,0,0,0,0,0,7
5,H,8,Italy x Sweden,Dormant,Litter,5-IS_D_F,2,10/2/20,2.1,0,0,0,0,0,0,0,0,0,0,0,0,0
5,H,8,Italy x Sweden,Dormant,Litter,5-IS_D_F,2,10/19/20,2.11,0,0,0,0,0,0,0,0,0,0,0,0,0
5,H,8,Italy x Sweden,Dormant,Litter,5-IS_D_F,2,11/6/20,2.12,0,0,0,0,0,0,0,0,0,0,0,0,0
5,H,8,Italy x Sweden,Dormant,Litter,5-IS_D_F,2,11/19/20,2.13,0,0,0,0,0,0,0,0,0,0,0,0,0
5,H,8,Italy x Sweden,Dormant,Litter,5-IS_D_F,2,12/4/20,2.14,0,0,0,0,0,0,0,0,0,0,0,0,0
5,H,8,Italy x Sweden,Dormant,Litter,5-IS_D_F,2,12/15/20,2.15,0,0,0,0,0,0,0,0,0,0,0,0,0
5,H,8,Italy x Sweden,Dormant,Litter,5-IS_D_F,2,1/14/21,2.16,0,0,0,0,0,0,0,0,0,0,0,0,0
5,H,8,Italy x Sweden,Dormant,Litter,5-IS_D_F,2,2/1/21,2.17,0,0,0,0,0,0,0,0,0,0,0,0,0
5,H,8,Italy x Sweden,Dormant,Litter,5-IS_D_F,2,2/25/21,2.18,0,0,0,0,0,0,0,0,0,0,0,0,0
5,H,8,Italy x Sweden,Dormant,Litter,5-IS_D_F,2,3/8/21,2.19,0,0,0,0,0,0,0,0,0,0,0,0,0
5,H,8,Italy x Sweden,Dormant,Litter,5-IS_D_F,2,3/26/21,2.2,0,0,0,0,0,0,0,0,0,0,0,0,0
5,H,8,Italy x Sweden,Dormant,Litter,5-IS_D_F,2,4/8/21,2.21,0,0,0,0,0,0,0,0,0,0,0,0,0
5,H,8,Italy x Sweden,Dormant,Litter,5-IS_D_F,3,8/17/21,3.14,0,0,0,0,0,0,0,0,0,0,0,0,0
5,H,8,Italy x Sweden,Dormant,Litter,5-IS_D_F,3,8/25/21,3.15,0,0,0,0,0,0,0,0,0,0,0,0,0
5,H,8,Italy x Sweden,Dormant,Litter,5-IS_D_F,3,9/2/21,3.16,0,0,0,0,0,0,0,0,0,0,0,0,0
5,H,8,Italy x Sweden,Dormant,Litter,5-IS_D_F,3,9/8/21,3.17,0,0,0,0,0,0,0,0,0,0,0,0,0
5,H,8,Italy x Sweden,Dormant,Litter,5-IS_D_F,3,9/15/21,3.18,0,0,0,0,0,0,0,0,0,0,0,0,0
5,H,8,Italy x Sweden,Dormant,Litter,5-IS_D_F,3,9/22/21,3.19,0,0,0,0,0,0,0,0,0,0,0,0,0
5,H,8,Italy x Sweden,Dormant,Litter,5-IS_D_F,3,10/3/21,3.2,11,1,0,0,0,0,8,0,0,0,0,0,20
5,H,8,Italy x Sweden,Dormant,Litter,5-IS_D_F,3,10/15/21,3.21,2,6,0,0,0,0,27,4,0,0,0,0,39
5,H,8,Italy x Sweden,Dormant,Litter,5-IS_D_F,3,11/15/21,3.22,1,3,0,0,0,0,0,4,0,0,0,0,8
5,H,8,Italy x Sweden,Dormant,Litter,5-IS_D_F,3,12/17/21,3.23,0,0,0,0,0,0,0,5,0,0,0,0,5
6,H,9,Germany x Tajikistan,Non-Dormant,Control,6-BS_ND_C,1,6/12/19,1.01,NA,NA,NA,NA,NA,NA,NA,NA,NA,NA,NA,NA,NA
6,H,9,Germany x Tajikistan,Non-Dormant,Control,6-BS_ND_C,1,6/16/19,1.02,NA,NA,NA,NA,NA,NA,NA,NA,NA,NA,NA,NA,NA
6,H,9,Germany x Tajikistan,Non-Dormant,Control,6-BS_ND_C,1,6/26/19,1.03,NA,NA,NA,NA,NA,NA,NA,NA,NA,NA,NA,NA,NA
6,H,9,Germany x Tajikistan,Non-Dormant,Control,6-BS_ND_C,1,7/3/19,1.04,NA,NA,NA,NA,NA,NA,NA,NA,NA,NA,NA,NA,NA
6,H,9,Germany x Tajikistan,Non-Dormant,Control,6-BS_ND_C,1,7/10/19,1.05,NA,NA,NA,NA,NA,NA,NA,NA,NA,NA,NA,NA,NA
6,H,9,Germany x Tajikistan,Non-Dormant,Control,6-BS_ND_C,1,7/17/19,1.06,0,0,0,0,0,0,NA,0,0,0,0,0,0
6,H,9,Germany x Tajikistan,Non-Dormant,Control,6-BS_ND_C,1,7/24/19,1.07,0,0,0,0,0,0,NA,0,0,0,0,0,0
6,H,9,Germany x Tajikistan,Non-Dormant,Control,6-BS_ND_C,1,7/31/19,1.08,0,0,0,0,0,0,NA,0,0,0,0,0,0
6,H,9,Germany x Tajikistan,Non-Dormant,Control,6-BS_ND_C,1,8/7/19,1.09,0,0,0,0,0,0,NA,0,0,0,0,0,0
6,H,9,Germany x Tajikistan,Non-Dormant,Control,6-BS_ND_C,1,8/15/19,1.1,0,0,0,0,0,0,NA,0,0,0,0,0,0
6,H,9,Germany x Tajikistan,Non-Dormant,Control,6-BS_ND_C,1,8/20/19,1.11,0,0,0,0,0,0,NA,0,0,0,0,0,0
6,H,9,Germany x Tajikistan,Non-Dormant,Control,6-BS_ND_C,1,8/28/19,1.12,0,0,0,0,0,0,NA,0,0,0,0,0,0
6,H,9,Germany x Tajikistan,Non-Dormant,Control,6-BS_ND_C,1,9/4/19,1.13,0,0,0,0,0,0,NA,0,0,0,0,0,0
6,H,9,Germany x Tajikistan,Non-Dormant,Control,6-BS_ND_C,1,9/11/19,1.14,0,0,0,0,0,0,NA,0,0,0,0,0,0
6,H,9,Germany x Tajikistan,Non-Dormant,Control,6-BS_ND_C,1,9/18/19,1.15,0,0,0,0,0,0,NA,0,0,0,0,0,0
6,H,9,Germany x Tajikistan,Non-Dormant,Control,6-BS_ND_C,1,9/25/19,1.16,0,0,0,0,0,0,NA,0,0,0,0,0,0
6,H,9,Germany x Tajikistan,Non-Dormant,Control,6-BS_ND_C,1,10/2/19,1.17,0,0,0,0,0,0,NA,0,0,0,0,0,0
6,H,9,Germany x Tajikistan,Non-Dormant,Control,6-BS_ND_C,1,10/9/19,1.18,0,0,0,0,0,0,NA,0,0,0,0,0,0
6,H,9,Germany x Tajikistan,Non-Dormant,Control,6-BS_ND_C,1,10/18/19,1.19,0,0,0,0,0,0,NA,NA,NA,NA,NA,0,0
6,H,9,Germany x Tajikistan,Non-Dormant,Control,6-BS_ND_C,1,10/23/19,1.2,0,0,0,0,0,0,NA,NA,NA,NA,NA,0,0
6,H,9,Germany x Tajikistan,Non-Dormant,Control,6-BS_ND_C,1,11/6/19,1.22,0,0,0,0,0,0,NA,NA,NA,NA,NA,0,0
6,H,9,Germany x Tajikistan,Non-Dormant,Control,6-BS_ND_C,1,11/20/19,1.23,0,0,0,0,0,0,NA,NA,NA,NA,NA,0,0
6,H,9,Germany x Tajikistan,Non-Dormant,Control,6-BS_ND_C,1,12/4/19,1.24,0,0,0,0,0,0,NA,NA,NA,NA,NA,0,0
6,H,9,Germany x Tajikistan,Non-Dormant,Control,6-BS_ND_C,1,12/20/19,1.25,0,0,0,0,0,0,NA,0,0,0,0,0,0
6,H,9,Germany x Tajikistan,Non-Dormant,Control,6-BS_ND_C,1,2/10/20,1.26,0,0,0,0,0,0,NA,NA,0,0,0,0,0
6,H,9,Germany x Tajikistan,Non-Dormant,Control,6-BS_ND_C,1,3/2/20,1.27,0,0,0,0,0,0,NA,NA,0,0,0,0,0
6,H,9,Germany x Tajikistan,Non-Dormant,Control,6-BS_ND_C,1,5/5/20,1.29,0,0,0,0,0,0,NA,0,0,0,0,0,0
6,H,9,Germany x Tajikistan,Non-Dormant,Control,6-BS_ND_C,2,5/27/20,2.01,0,0,0,0,0,0,0,0,0,0,0,0,0
6,H,9,Germany x Tajikistan,Non-Dormant,Control,6-BS_ND_C,2,6/4/20,2.02,0,0,0,0,0,0,0,0,0,0,0,0,0
6,H,9,Germany x Tajikistan,Non-Dormant,Control,6-BS_ND_C,2,7/23/20,2.03,0,0,0,0,0,0,0,0,0,0,0,0,0
6,H,9,Germany x Tajikistan,Non-Dormant,Control,6-BS_ND_C,2,8/7/20,2.04,0,0,0,0,0,0,0,0,0,0,0,0,0
6,H,9,Germany x Tajikistan,Non-Dormant,Control,6-BS_ND_C,2,8/13/20,2.05,0,0,0,0,0,0,0,0,0,0,0,0,0
6,H,9,Germany x Tajikistan,Non-Dormant,Control,6-BS_ND_C,2,8/18/20,2.06,0,0,0,0,0,0,0,0,0,0,0,0,0
6,H,9,Germany x Tajikistan,Non-Dormant,Control,6-BS_ND_C,2,8/25/20,2.07,0,0,0,0,0,0,0,0,0,0,0,0,0
6,H,9,Germany x Tajikistan,Non-Dormant,Control,6-BS_ND_C,2,9/4/20,2.08,120,2,0,0,0,0,100,0,0,0,0,0,222
6,H,9,Germany x Tajikistan,Non-Dormant,Control,6-BS_ND_C,2,9/16/20,2.09,61,0,0,0,0,0,40,0,0,0,0,0,101
6,H,9,Germany x Tajikistan,Non-Dormant,Control,6-BS_ND_C,2,10/2/20,2.1,0,0,0,0,0,0,0,0,0,0,0,0,0
6,H,9,Germany x Tajikistan,Non-Dormant,Control,6-BS_ND_C,2,10/19/20,2.11,0,0,0,0,0,0,0,0,0,0,0,0,0
6,H,9,Germany x Tajikistan,Non-Dormant,Control,6-BS_ND_C,2,11/6/20,2.12,0,0,0,0,0,0,0,0,0,0,0,0,0
6,H,9,Germany x Tajikistan,Non-Dormant,Control,6-BS_ND_C,2,11/19/20,2.13,0,0,0,0,0,0,0,0,0,0,0,0,0
6,H,9,Germany x Tajikistan,Non-Dormant,Control,6-BS_ND_C,2,12/4/20,2.14,0,0,0,0,0,0,0,0,0,0,0,0,0
6,H,9,Germany x Tajikistan,Non-Dormant,Control,6-BS_ND_C,2,12/15/20,2.15,0,0,0,0,0,0,0,0,0,0,0,0,0
6,H,9,Germany x Tajikistan,Non-Dormant,Control,6-BS_ND_C,2,1/14/21,2.16,0,0,0,0,0,0,0,0,0,0,0,0,0
6,H,9,Germany x Tajikistan,Non-Dormant,Control,6-BS_ND_C,2,2/1/21,2.17,0,0,0,0,0,0,0,0,0,0,0,0,0
6,H,9,Germany x Tajikistan,Non-Dormant,Control,6-BS_ND_C,2,2/25/21,2.18,0,0,0,0,0,0,0,0,0,0,0,0,0
6,H,9,Germany x Tajikistan,Non-Dormant,Control,6-BS_ND_C,2,3/8/21,2.19,0,0,0,0,0,0,0,0,0,0,0,0,0
6,H,9,Germany x Tajikistan,Non-Dormant,Control,6-BS_ND_C,2,3/26/21,2.2,0,0,0,0,0,0,0,0,0,0,0,0,0
6,H,9,Germany x Tajikistan,Non-Dormant,Control,6-BS_ND_C,2,4/8/21,2.21,0,0,0,0,0,0,0,0,0,0,0,0,0
6,H,9,Germany x Tajikistan,Non-Dormant,Control,6-BS_ND_C,3,8/17/21,3.14,0,0,0,0,0,0,0,0,0,0,0,0,0
6,H,9,Germany x Tajikistan,Non-Dormant,Control,6-BS_ND_C,3,8/25/21,3.15,0,0,0,0,0,0,0,0,0,0,0,0,0
6,H,9,Germany x Tajikistan,Non-Dormant,Control,6-BS_ND_C,3,9/2/21,3.16,0,0,0,0,0,0,0,0,0,0,0,0,0
6,H,9,Germany x Tajikistan,Non-Dormant,Control,6-BS_ND_C,3,9/8/21,3.17,0,0,0,0,0,0,0,0,0,0,0,0,0
6,H,9,Germany x Tajikistan,Non-Dormant,Control,6-BS_ND_C,3,9/15/21,3.18,0,0,0,0,0,0,0,0,0,0,0,0,0
6,H,9,Germany x Tajikistan,Non-Dormant,Control,6-BS_ND_C,3,9/22/21,3.19,0,0,0,0,0,0,0,0,0,0,0,0,0
6,H,9,Germany x Tajikistan,Non-Dormant,Control,6-BS_ND_C,3,10/3/21,3.2,0,0,0,0,0,0,0,0,0,0,0,0,0
6,H,9,Germany x Tajikistan,Non-Dormant,Control,6-BS_ND_C,3,10/15/21,3.21,0,0,0,0,0,0,0,0,0,0,0,0,0
6,H,9,Germany x Tajikistan,Non-Dormant,Control,6-BS_ND_C,3,11/15/21,3.22,0,0,0,0,0,0,0,0,0,0,0,0,0
6,H,9,Germany x Tajikistan,Non-Dormant,Control,6-BS_ND_C,3,12/17/21,3.23,0,0,0,0,0,0,0,0,0,0,0,0,0
6,H,10,Italy x Sweden,Mixed,High Humidity,6-IS_M_D,1,6/12/19,1.01,3,0,0,0,0,0,NA,NA,NA,NA,NA,NA,3
6,H,10,Italy x Sweden,Mixed,High Humidity,6-IS_M_D,1,6/16/19,1.02,2,0,0,0,0,0,NA,NA,NA,NA,NA,NA,2
6,H,10,Italy x Sweden,Mixed,High Humidity,6-IS_M_D,1,6/26/19,1.03,0,0,0,0,0,0,NA,1,0,0,0,0,1
6,H,10,Italy x Sweden,Mixed,High Humidity,6-IS_M_D,1,7/3/19,1.04,0,0,0,0,0,0,NA,0,0,0,0,0,0
6,H,10,Italy x Sweden,Mixed,High Humidity,6-IS_M_D,1,7/10/19,1.05,NA,0,0,0,0,0,NA,0,0,0,0,0,0
6,H,10,Italy x Sweden,Mixed,High Humidity,6-IS_M_D,1,7/17/19,1.06,0,0,0,0,0,0,NA,0,0,0,0,0,0
6,H,10,Italy x Sweden,Mixed,High Humidity,6-IS_M_D,1,7/24/19,1.07,0,0,0,0,0,0,NA,0,0,0,0,0,0
6,H,10,Italy x Sweden,Mixed,High Humidity,6-IS_M_D,1,7/31/19,1.08,0,0,0,0,0,0,NA,0,0,0,0,0,0
6,H,10,Italy x Sweden,Mixed,High Humidity,6-IS_M_D,1,8/7/19,1.09,0,0,0,0,0,0,NA,0,0,0,0,0,0
6,H,10,Italy x Sweden,Mixed,High Humidity,6-IS_M_D,1,8/15/19,1.1,0,0,0,0,0,0,NA,0,0,0,0,0,0
6,H,10,Italy x Sweden,Mixed,High Humidity,6-IS_M_D,1,8/20/19,1.11,0,0,0,0,0,0,NA,0,0,0,0,0,0
6,H,10,Italy x Sweden,Mixed,High Humidity,6-IS_M_D,1,8/28/19,1.12,0,0,0,0,0,0,NA,0,0,0,0,0,0
6,H,10,Italy x Sweden,Mixed,High Humidity,6-IS_M_D,1,9/4/19,1.13,0,0,0,0,0,0,NA,0,0,0,0,0,0
6,H,10,Italy x Sweden,Mixed,High Humidity,6-IS_M_D,1,9/11/19,1.14,0,0,0,0,0,0,NA,0,0,0,0,0,0
6,H,10,Italy x Sweden,Mixed,High Humidity,6-IS_M_D,1,9/18/19,1.15,0,0,0,0,0,0,NA,0,0,0,0,0,0
6,H,10,Italy x Sweden,Mixed,High Humidity,6-IS_M_D,1,9/25/19,1.16,0,0,0,0,0,0,NA,0,0,0,0,0,0
6,H,10,Italy x Sweden,Mixed,High Humidity,6-IS_M_D,1,10/2/19,1.17,0,0,0,0,0,0,NA,0,0,0,0,0,0
6,H,10,Italy x Sweden,Mixed,High Humidity,6-IS_M_D,1,10/9/19,1.18,0,0,0,0,0,0,NA,0,0,0,0,0,0
6,H,10,Italy x Sweden,Mixed,High Humidity,6-IS_M_D,1,10/18/19,1.19,0,0,0,0,0,0,NA,NA,NA,NA,NA,0,0
6,H,10,Italy x Sweden,Mixed,High Humidity,6-IS_M_D,1,10/23/19,1.2,11,0,0,0,0,0,NA,NA,NA,NA,NA,0,11
6,H,10,Italy x Sweden,Mixed,High Humidity,6-IS_M_D,1,11/6/19,1.22,8,0,0,0,0,0,NA,NA,NA,NA,NA,0,8
6,H,10,Italy x Sweden,Mixed,High Humidity,6-IS_M_D,1,11/20/19,1.23,0,1,0,0,0,0,NA,NA,NA,NA,NA,0,1
6,H,10,Italy x Sweden,Mixed,High Humidity,6-IS_M_D,1,12/4/19,1.24,25,12,0,0,0,0,NA,NA,NA,NA,NA,0,37
6,H,10,Italy x Sweden,Mixed,High Humidity,6-IS_M_D,1,12/20/19,1.25,8,29,0,0,0,0,NA,15,0,0,0,0,52
6,H,10,Italy x Sweden,Mixed,High Humidity,6-IS_M_D,1,2/10/20,1.26,0,29,1,2,0,0,NA,NA,5,4,0,0,41
6,H,10,Italy x Sweden,Mixed,High Humidity,6-IS_M_D,1,3/2/20,1.27,0,9,5,3,12,0,NA,NA,3,5,16,0,53
6,H,10,Italy x Sweden,Mixed,High Humidity,6-IS_M_D,1,5/5/20,1.29,0,0,0,0,0,17,NA,0,0,0,0,7,24
6,H,10,Italy x Sweden,Mixed,High Humidity,6-IS_M_D,2,5/27/20,2.01,0,0,0,0,0,0,0,0,0,0,0,0,0
6,H,10,Italy x Sweden,Mixed,High Humidity,6-IS_M_D,2,6/4/20,2.02,0,0,0,0,0,0,0,0,0,0,0,0,0
6,H,10,Italy x Sweden,Mixed,High Humidity,6-IS_M_D,2,7/23/20,2.03,0,0,0,0,0,0,0,0,0,0,0,0,0
6,H,10,Italy x Sweden,Mixed,High Humidity,6-IS_M_D,2,8/7/20,2.04,0,0,0,0,0,0,0,0,0,0,0,0,0
6,H,10,Italy x Sweden,Mixed,High Humidity,6-IS_M_D,2,8/13/20,2.05,0,0,0,0,0,0,0,0,0,0,0,0,0
6,H,10,Italy x Sweden,Mixed,High Humidity,6-IS_M_D,2,8/18/20,2.06,0,0,0,0,0,0,0,0,0,0,0,0,0
6,H,10,Italy x Sweden,Mixed,High Humidity,6-IS_M_D,2,8/25/20,2.07,0,0,0,0,0,0,0,0,0,0,0,0,0
6,H,10,Italy x Sweden,Mixed,High Humidity,6-IS_M_D,2,9/4/20,2.08,0,0,0,0,0,0,10,0,0,0,0,0,10
6,H,10,Italy x Sweden,Mixed,High Humidity,6-IS_M_D,2,9/16/20,2.09,0,0,0,0,0,0,20,0,0,0,0,0,20
6,H,10,Italy x Sweden,Mixed,High Humidity,6-IS_M_D,2,10/2/20,2.1,130,0,0,0,0,0,35,0,0,0,0,0,165
6,H,10,Italy x Sweden,Mixed,High Humidity,6-IS_M_D,2,10/19/20,2.11,0,0,0,0,0,0,0,0,0,0,0,0,0
6,H,10,Italy x Sweden,Mixed,High Humidity,6-IS_M_D,2,11/6/20,2.12,0,0,0,0,0,0,0,0,0,0,0,0,0
6,H,10,Italy x Sweden,Mixed,High Humidity,6-IS_M_D,2,11/19/20,2.13,0,0,0,0,0,0,1,10,0,0,0,0,11
6,H,10,Italy x Sweden,Mixed,High Humidity,6-IS_M_D,2,12/4/20,2.14,0,0,0,0,0,0,0,5,0,0,0,0,5
6,H,10,Italy x Sweden,Mixed,High Humidity,6-IS_M_D,2,12/15/20,2.15,0,0,0,0,0,0,0,12,0,0,0,0,12
6,H,10,Italy x Sweden,Mixed,High Humidity,6-IS_M_D,2,1/14/21,2.16,3,0,0,0,0,0,0,7,0,0,0,0,10
6,H,10,Italy x Sweden,Mixed,High Humidity,6-IS_M_D,2,2/1/21,2.17,0,0,0,0,0,0,0,0,0,0,0,0,0
6,H,10,Italy x Sweden,Mixed,High Humidity,6-IS_M_D,2,2/25/21,2.18,0,0,0,0,0,0,0,0,0,0,0,0,0
6,H,10,Italy x Sweden,Mixed,High Humidity,6-IS_M_D,2,3/8/21,2.19,0,0,0,0,0,0,0,3,0,2,1,0,6
6,H,10,Italy x Sweden,Mixed,High Humidity,6-IS_M_D,2,3/26/21,2.2,0,0,0,0,0,0,0,0,0,5,15,0,20
6,H,10,Italy x Sweden,Mixed,High Humidity,6-IS_M_D,2,4/8/21,2.21,0,0,0,0,0,0,0,0,0,1,10,0,11
6,H,10,Italy x Sweden,Mixed,High Humidity,6-IS_M_D,3,8/17/21,3.14,0,0,0,0,0,0,0,0,0,0,0,0,0
6,H,10,Italy x Sweden,Mixed,High Humidity,6-IS_M_D,3,8/25/21,3.15,0,0,0,0,0,0,0,0,0,0,0,0,0
6,H,10,Italy x Sweden,Mixed,High Humidity,6-IS_M_D,3,9/2/21,3.16,0,0,0,0,0,0,0,0,0,0,0,0,0
6,H,10,Italy x Sweden,Mixed,High Humidity,6-IS_M_D,3,9/8/21,3.17,0,0,0,0,0,0,0,0,0,0,0,0,0
6,H,10,Italy x Sweden,Mixed,High Humidity,6-IS_M_D,3,9/15/21,3.18,0,0,0,0,0,0,0,0,0,0,0,0,0
6,H,10,Italy x Sweden,Mixed,High Humidity,6-IS_M_D,3,9/22/21,3.19,0,0,0,0,0,0,0,0,0,0,0,0,0
6,H,10,Italy x Sweden,Mixed,High Humidity,6-IS_M_D,3,10/3/21,3.2,27,0,0,0,0,0,130,0,0,0,0,0,157
6,H,10,Italy x Sweden,Mixed,High Humidity,6-IS_M_D,3,10/15/21,3.21,201,67,0,0,0,0,236,114,0,0,0,0,618
6,H,10,Italy x Sweden,Mixed,High Humidity,6-IS_M_D,3,11/15/21,3.22,11,124,0,0,0,0,28,159,0,0,0,0,322
6,H,10,Italy x Sweden,Mixed,High Humidity,6-IS_M_D,3,12/17/21,3.23,3,69,0,0,0,0,0,60,0,0,0,0,132
6,H,11,UK x USA,Non-Dormant,Control,6-TC_ND_C,1,6/12/19,1.01,NA,NA,NA,NA,NA,NA,NA,NA,NA,NA,NA,NA,NA
6,H,11,UK x USA,Non-Dormant,Control,6-TC_ND_C,1,6/16/19,1.02,NA,NA,NA,NA,NA,NA,NA,NA,NA,NA,NA,NA,NA
6,H,11,UK x USA,Non-Dormant,Control,6-TC_ND_C,1,6/26/19,1.03,NA,NA,NA,NA,NA,NA,NA,NA,NA,NA,NA,NA,NA
6,H,11,UK x USA,Non-Dormant,Control,6-TC_ND_C,1,7/3/19,1.04,NA,NA,NA,NA,NA,NA,NA,NA,NA,NA,NA,NA,NA
6,H,11,UK x USA,Non-Dormant,Control,6-TC_ND_C,1,7/10/19,1.05,NA,NA,NA,NA,NA,NA,NA,NA,NA,NA,NA,NA,NA
6,H,11,UK x USA,Non-Dormant,Control,6-TC_ND_C,1,7/17/19,1.06,0,0,0,0,0,0,NA,0,0,0,0,0,0
6,H,11,UK x USA,Non-Dormant,Control,6-TC_ND_C,1,7/24/19,1.07,0,0,0,0,0,0,NA,0,0,0,0,0,0
6,H,11,UK x USA,Non-Dormant,Control,6-TC_ND_C,1,7/31/19,1.08,0,0,0,0,0,0,NA,0,0,0,0,0,0
6,H,11,UK x USA,Non-Dormant,Control,6-TC_ND_C,1,8/7/19,1.09,0,0,0,0,0,0,NA,0,0,0,0,0,0
6,H,11,UK x USA,Non-Dormant,Control,6-TC_ND_C,1,8/15/19,1.1,0,0,0,0,0,0,NA,0,0,0,0,0,0
6,H,11,UK x USA,Non-Dormant,Control,6-TC_ND_C,1,8/20/19,1.11,0,0,0,0,0,0,NA,0,0,0,0,0,0
6,H,11,UK x USA,Non-Dormant,Control,6-TC_ND_C,1,8/28/19,1.12,0,0,0,0,0,0,NA,0,0,0,0,0,0
6,H,11,UK x USA,Non-Dormant,Control,6-TC_ND_C,1,9/4/19,1.13,0,0,0,0,0,0,NA,0,0,0,0,0,0
6,H,11,UK x USA,Non-Dormant,Control,6-TC_ND_C,1,9/11/19,1.14,0,0,0,0,0,0,NA,0,0,0,0,0,0
6,H,11,UK x USA,Non-Dormant,Control,6-TC_ND_C,1,9/18/19,1.15,0,0,0,0,0,0,NA,0,0,0,0,0,0
6,H,11,UK x USA,Non-Dormant,Control,6-TC_ND_C,1,9/25/19,1.16,0,0,0,0,0,0,NA,0,0,0,0,0,0
6,H,11,UK x USA,Non-Dormant,Control,6-TC_ND_C,1,10/2/19,1.17,0,0,0,0,0,0,NA,0,0,0,0,0,0
6,H,11,UK x USA,Non-Dormant,Control,6-TC_ND_C,1,10/9/19,1.18,0,0,0,0,0,0,NA,0,0,0,0,0,0
6,H,11,UK x USA,Non-Dormant,Control,6-TC_ND_C,1,10/18/19,1.19,0,0,0,0,0,0,NA,NA,NA,NA,NA,0,0
6,H,11,UK x USA,Non-Dormant,Control,6-TC_ND_C,1,10/23/19,1.2,0,0,0,0,0,0,NA,NA,NA,NA,NA,0,0
6,H,11,UK x USA,Non-Dormant,Control,6-TC_ND_C,1,11/6/19,1.22,0,0,0,0,0,0,NA,NA,NA,NA,NA,0,0
6,H,11,UK x USA,Non-Dormant,Control,6-TC_ND_C,1,11/20/19,1.23,0,0,0,0,0,0,NA,NA,NA,NA,NA,0,0
6,H,11,UK x USA,Non-Dormant,Control,6-TC_ND_C,1,12/4/19,1.24,0,0,0,0,0,0,NA,NA,NA,NA,NA,0,0
6,H,11,UK x USA,Non-Dormant,Control,6-TC_ND_C,1,12/20/19,1.25,0,0,0,0,0,0,NA,0,0,0,0,0,0
6,H,11,UK x USA,Non-Dormant,Control,6-TC_ND_C,1,2/10/20,1.26,0,0,0,0,0,0,NA,NA,0,0,0,0,0
6,H,11,UK x USA,Non-Dormant,Control,6-TC_ND_C,1,3/2/20,1.27,0,0,0,0,0,0,NA,NA,0,0,0,0,0
6,H,11,UK x USA,Non-Dormant,Control,6-TC_ND_C,1,5/5/20,1.29,0,0,0,0,0,0,NA,0,0,0,0,0,0
6,H,11,UK x USA,Non-Dormant,Control,6-TC_ND_C,2,5/27/20,2.01,1,0,0,0,0,0,0,0,0,0,0,0,1
6,H,11,UK x USA,Non-Dormant,Control,6-TC_ND_C,2,6/4/20,2.02,0,0,0,0,0,0,0,0,0,0,0,0,0
6,H,11,UK x USA,Non-Dormant,Control,6-TC_ND_C,2,7/23/20,2.03,0,0,0,0,0,0,0,0,0,0,0,0,0
6,H,11,UK x USA,Non-Dormant,Control,6-TC_ND_C,2,8/7/20,2.04,0,0,0,0,0,0,0,0,0,0,0,0,0
6,H,11,UK x USA,Non-Dormant,Control,6-TC_ND_C,2,8/13/20,2.05,0,0,0,0,0,0,0,0,0,0,0,0,0
6,H,11,UK x USA,Non-Dormant,Control,6-TC_ND_C,2,8/18/20,2.06,0,0,0,0,0,0,0,0,0,0,0,0,0
6,H,11,UK x USA,Non-Dormant,Control,6-TC_ND_C,2,8/25/20,2.07,0,0,0,0,0,0,0,0,0,0,0,0,0
6,H,11,UK x USA,Non-Dormant,Control,6-TC_ND_C,2,9/4/20,2.08,6,1,0,0,0,0,35,0,0,0,0,0,42
6,H,11,UK x USA,Non-Dormant,Control,6-TC_ND_C,2,9/16/20,2.09,54,0,0,0,0,0,20,0,0,0,0,0,74
6,H,11,UK x USA,Non-Dormant,Control,6-TC_ND_C,2,10/2/20,2.1,0,0,0,0,0,0,0,0,0,0,0,0,0
6,H,11,UK x USA,Non-Dormant,Control,6-TC_ND_C,2,10/19/20,2.11,0,0,0,0,0,0,0,0,0,0,0,0,0
6,H,11,UK x USA,Non-Dormant,Control,6-TC_ND_C,2,11/6/20,2.12,0,0,0,0,0,0,0,0,0,0,0,0,0
6,H,11,UK x USA,Non-Dormant,Control,6-TC_ND_C,2,11/19/20,2.13,0,0,0,0,0,0,0,0,0,0,0,0,0
6,H,11,UK x USA,Non-Dormant,Control,6-TC_ND_C,2,12/4/20,2.14,0,0,0,0,0,0,0,0,0,0,0,0,0
6,H,11,UK x USA,Non-Dormant,Control,6-TC_ND_C,2,12/15/20,2.15,0,0,0,0,0,0,0,0,0,0,0,0,0
6,H,11,UK x USA,Non-Dormant,Control,6-TC_ND_C,2,1/14/21,2.16,0,0,0,0,0,0,0,0,0,0,0,0,0
6,H,11,UK x USA,Non-Dormant,Control,6-TC_ND_C,2,2/1/21,2.17,0,0,0,0,0,0,0,0,0,0,0,0,0
6,H,11,UK x USA,Non-Dormant,Control,6-TC_ND_C,2,2/25/21,2.18,0,0,0,0,0,0,0,0,0,0,0,0,0
6,H,11,UK x USA,Non-Dormant,Control,6-TC_ND_C,2,3/8/21,2.19,0,0,0,0,0,0,0,0,0,0,0,0,0
6,H,11,UK x USA,Non-Dormant,Control,6-TC_ND_C,2,3/26/21,2.2,0,0,0,0,0,0,0,0,0,0,0,0,0
6,H,11,UK x USA,Non-Dormant,Control,6-TC_ND_C,2,4/8/21,2.21,0,0,0,0,0,0,0,0,0,0,0,0,0
6,H,11,UK x USA,Non-Dormant,Control,6-TC_ND_C,3,8/17/21,3.14,0,0,0,0,0,0,0,0,0,0,0,0,0
6,H,11,UK x USA,Non-Dormant,Control,6-TC_ND_C,3,8/25/21,3.15,0,0,0,0,0,0,0,0,0,0,0,0,0
6,H,11,UK x USA,Non-Dormant,Control,6-TC_ND_C,3,9/2/21,3.16,0,0,0,0,0,0,0,0,0,0,0,0,0
6,H,11,UK x USA,Non-Dormant,Control,6-TC_ND_C,3,9/8/21,3.17,0,0,0,0,0,0,0,0,0,0,0,0,0
6,H,11,UK x USA,Non-Dormant,Control,6-TC_ND_C,3,9/15/21,3.18,0,0,0,0,0,0,0,0,0,0,0,0,0
6,H,11,UK x USA,Non-Dormant,Control,6-TC_ND_C,3,9/22/21,3.19,0,0,0,0,0,0,0,0,0,0,0,0,0
6,H,11,UK x USA,Non-Dormant,Control,6-TC_ND_C,3,10/3/21,3.2,0,0,0,0,0,0,0,0,0,0,0,0,0
6,H,11,UK x USA,Non-Dormant,Control,6-TC_ND_C,3,10/15/21,3.21,0,0,0,0,0,0,0,0,0,0,0,0,0
6,H,11,UK x USA,Non-Dormant,Control,6-TC_ND_C,3,11/15/21,3.22,0,0,0,0,0,0,0,2,0,0,0,0,2
6,H,11,UK x USA,Non-Dormant,Control,6-TC_ND_C,3,12/17/21,3.23,0,0,0,0,0,0,0,0,0,0,0,0,0
6,H,12,Italy x Sweden,Dormant,Litter,6-IS_D_F,1,6/12/19,1.01,1,0,0,0,0,0,NA,NA,NA,NA,NA,NA,1
6,H,12,Italy x Sweden,Dormant,Litter,6-IS_D_F,1,6/16/19,1.02,1,0,0,0,0,0,NA,NA,NA,NA,NA,NA,1
6,H,12,Italy x Sweden,Dormant,Litter,6-IS_D_F,1,6/26/19,1.03,0,0,0,0,0,0,NA,0,0,0,0,0,0
6,H,12,Italy x Sweden,Dormant,Litter,6-IS_D_F,1,7/3/19,1.04,0,0,0,0,0,0,NA,0,0,0,0,0,0
6,H,12,Italy x Sweden,Dormant,Litter,6-IS_D_F,1,7/10/19,1.05,NA,0,0,0,0,0,NA,0,0,0,0,0,0
6,H,12,Italy x Sweden,Dormant,Litter,6-IS_D_F,1,7/17/19,1.06,0,0,0,0,0,0,NA,0,0,0,0,0,0
6,H,12,Italy x Sweden,Dormant,Litter,6-IS_D_F,1,7/24/19,1.07,0,0,0,0,0,0,NA,0,0,0,0,0,0
6,H,12,Italy x Sweden,Dormant,Litter,6-IS_D_F,1,7/31/19,1.08,0,0,0,0,0,0,NA,0,0,0,0,0,0
6,H,12,Italy x Sweden,Dormant,Litter,6-IS_D_F,1,8/7/19,1.09,0,0,0,0,0,0,NA,0,0,0,0,0,0
6,H,12,Italy x Sweden,Dormant,Litter,6-IS_D_F,1,8/15/19,1.1,0,0,0,0,0,0,NA,0,0,0,0,0,0
6,H,12,Italy x Sweden,Dormant,Litter,6-IS_D_F,1,8/20/19,1.11,0,0,0,0,0,0,NA,0,0,0,0,0,0
6,H,12,Italy x Sweden,Dormant,Litter,6-IS_D_F,1,8/28/19,1.12,0,0,0,0,0,0,NA,0,0,0,0,0,0
6,H,12,Italy x Sweden,Dormant,Litter,6-IS_D_F,1,9/4/19,1.13,0,0,0,0,0,0,NA,0,0,0,0,0,0
6,H,12,Italy x Sweden,Dormant,Litter,6-IS_D_F,1,9/11/19,1.14,0,0,0,0,0,0,NA,0,0,0,0,0,0
6,H,12,Italy x Sweden,Dormant,Litter,6-IS_D_F,1,9/18/19,1.15,0,0,0,0,0,0,NA,0,0,0,0,0,0
6,H,12,Italy x Sweden,Dormant,Litter,6-IS_D_F,1,9/25/19,1.16,0,0,0,0,0,0,NA,0,0,0,0,0,0
6,H,12,Italy x Sweden,Dormant,Litter,6-IS_D_F,1,10/2/19,1.17,0,0,0,0,0,0,NA,0,0,0,0,0,0
6,H,12,Italy x Sweden,Dormant,Litter,6-IS_D_F,1,10/9/19,1.18,0,0,0,0,0,0,NA,0,0,0,0,0,0
6,H,12,Italy x Sweden,Dormant,Litter,6-IS_D_F,1,10/18/19,1.19,0,0,0,0,0,0,NA,NA,NA,NA,NA,0,0
6,H,12,Italy x Sweden,Dormant,Litter,6-IS_D_F,1,10/23/19,1.2,6,0,0,0,0,0,NA,NA,NA,NA,NA,0,6
6,H,12,Italy x Sweden,Dormant,Litter,6-IS_D_F,1,11/6/19,1.22,6,0,0,0,0,0,NA,NA,NA,NA,NA,0,6
6,H,12,Italy x Sweden,Dormant,Litter,6-IS_D_F,1,11/20/19,1.23,0,0,0,0,0,0,NA,NA,NA,NA,NA,0,0
6,H,12,Italy x Sweden,Dormant,Litter,6-IS_D_F,1,12/4/19,1.24,0,0,0,0,0,0,NA,NA,NA,NA,NA,0,0
6,H,12,Italy x Sweden,Dormant,Litter,6-IS_D_F,1,12/20/19,1.25,0,0,0,0,0,0,NA,1,0,0,0,0,1
6,H,12,Italy x Sweden,Dormant,Litter,6-IS_D_F,1,2/10/20,1.26,0,0,0,0,0,0,NA,NA,3,0,0,0,3
6,H,12,Italy x Sweden,Dormant,Litter,6-IS_D_F,1,3/2/20,1.27,0,0,0,0,0,0,NA,NA,0,2,2,0,4
6,H,12,Italy x Sweden,Dormant,Litter,6-IS_D_F,1,5/5/20,1.29,0,0,0,0,0,0,NA,0,0,0,0,5,5
6,H,12,Italy x Sweden,Dormant,Litter,6-IS_D_F,2,5/27/20,2.01,0,0,0,0,0,0,0,0,0,0,0,0,0
6,H,12,Italy x Sweden,Dormant,Litter,6-IS_D_F,2,6/4/20,2.02,0,0,0,0,0,0,0,0,0,0,0,0,0
6,H,12,Italy x Sweden,Dormant,Litter,6-IS_D_F,2,7/23/20,2.03,0,0,0,0,0,0,0,0,0,0,0,0,0
6,H,12,Italy x Sweden,Dormant,Litter,6-IS_D_F,2,8/7/20,2.04,0,0,0,0,0,0,0,0,0,0,0,0,0
6,H,12,Italy x Sweden,Dormant,Litter,6-IS_D_F,2,8/13/20,2.05,0,0,0,0,0,0,0,0,0,0,0,0,0
6,H,12,Italy x Sweden,Dormant,Litter,6-IS_D_F,2,8/18/20,2.06,0,0,0,0,0,0,0,0,0,0,0,0,0
6,H,12,Italy x Sweden,Dormant,Litter,6-IS_D_F,2,8/25/20,2.07,0,0,0,0,0,0,0,0,0,0,0,0,0
6,H,12,Italy x Sweden,Dormant,Litter,6-IS_D_F,2,9/4/20,2.08,4,0,0,0,0,0,5,0,0,0,0,0,9
6,H,12,Italy x Sweden,Dormant,Litter,6-IS_D_F,2,9/16/20,2.09,4,0,0,0,0,0,5,0,0,0,0,0,9
6,H,12,Italy x Sweden,Dormant,Litter,6-IS_D_F,2,10/2/20,2.1,0,0,0,0,0,0,0,0,0,0,0,0,0
6,H,12,Italy x Sweden,Dormant,Litter,6-IS_D_F,2,10/19/20,2.11,0,0,0,0,0,0,0,0,0,0,0,0,0
6,H,12,Italy x Sweden,Dormant,Litter,6-IS_D_F,2,11/6/20,2.12,0,0,0,0,0,0,0,0,0,0,0,0,0
6,H,12,Italy x Sweden,Dormant,Litter,6-IS_D_F,2,11/19/20,2.13,0,0,0,0,0,0,0,0,0,0,0,0,0
6,H,12,Italy x Sweden,Dormant,Litter,6-IS_D_F,2,12/4/20,2.14,0,0,0,0,0,0,0,0,0,0,0,0,0
6,H,12,Italy x Sweden,Dormant,Litter,6-IS_D_F,2,12/15/20,2.15,0,0,0,0,0,0,0,0,0,0,0,0,0
6,H,12,Italy x Sweden,Dormant,Litter,6-IS_D_F,2,1/14/21,2.16,0,0,0,0,0,0,0,0,0,0,0,0,0
6,H,12,Italy x Sweden,Dormant,Litter,6-IS_D_F,2,2/1/21,2.17,0,0,0,0,0,0,0,0,0,0,0,0,0
6,H,12,Italy x Sweden,Dormant,Litter,6-IS_D_F,2,2/25/21,2.18,0,0,0,0,0,0,0,0,0,0,0,0,0
6,H,12,Italy x Sweden,Dormant,Litter,6-IS_D_F,2,3/8/21,2.19,0,0,0,0,0,0,0,0,0,0,0,0,0
6,H,12,Italy x Sweden,Dormant,Litter,6-IS_D_F,2,3/26/21,2.2,0,0,0,0,0,0,0,0,0,0,0,0,0
6,H,12,Italy x Sweden,Dormant,Litter,6-IS_D_F,2,4/8/21,2.21,0,0,0,0,0,0,0,0,0,0,0,0,0
6,H,12,Italy x Sweden,Dormant,Litter,6-IS_D_F,3,8/17/21,3.14,0,0,0,0,0,0,0,0,0,0,0,0,0
6,H,12,Italy x Sweden,Dormant,Litter,6-IS_D_F,3,8/25/21,3.15,0,0,0,0,0,0,0,0,0,0,0,0,0
6,H,12,Italy x Sweden,Dormant,Litter,6-IS_D_F,3,9/2/21,3.16,0,0,0,0,0,0,0,0,0,0,0,0,0
6,H,12,Italy x Sweden,Dormant,Litter,6-IS_D_F,3,9/8/21,3.17,0,0,0,0,0,0,0,0,0,0,0,0,0
6,H,12,Italy x Sweden,Dormant,Litter,6-IS_D_F,3,9/15/21,3.18,0,0,0,0,0,0,0,0,0,0,0,0,0
6,H,12,Italy x Sweden,Dormant,Litter,6-IS_D_F,3,9/22/21,3.19,0,0,0,0,0,0,0,0,0,0,0,0,0
6,H,12,Italy x Sweden,Dormant,Litter,6-IS_D_F,3,10/3/21,3.2,4,0,0,0,0,0,2,0,0,0,0,0,6
6,H,12,Italy x Sweden,Dormant,Litter,6-IS_D_F,3,10/15/21,3.21,0,2,0,0,0,0,24,27,0,0,0,0,53
6,H,12,Italy x Sweden,Dormant,Litter,6-IS_D_F,3,11/15/21,3.22,0,1,0,0,0,0,0,10,0,0,0,0,11
6,H,12,Italy x Sweden,Dormant,Litter,6-IS_D_F,3,12/17/21,3.23,0,0,0,0,0,0,0,20,0,0,0,0,20
4,I,1,Italy x Sweden,Non-Dormant,High Humidity,4-IS_ND_D,1,6/12/19,1.01,2,0,0,0,0,0,NA,NA,NA,NA,NA,NA,2
4,I,1,Italy x Sweden,Non-Dormant,High Humidity,4-IS_ND_D,1,6/16/19,1.02,1,0,0,0,0,0,NA,NA,NA,NA,NA,NA,1
4,I,1,Italy x Sweden,Non-Dormant,High Humidity,4-IS_ND_D,1,6/26/19,1.03,0,0,0,0,0,0,NA,0,0,0,0,0,0
4,I,1,Italy x Sweden,Non-Dormant,High Humidity,4-IS_ND_D,1,7/3/19,1.04,0,0,0,0,0,0,NA,0,0,0,0,0,0
4,I,1,Italy x Sweden,Non-Dormant,High Humidity,4-IS_ND_D,1,7/10/19,1.05,NA,0,0,0,0,0,NA,0,0,0,0,0,0
4,I,1,Italy x Sweden,Non-Dormant,High Humidity,4-IS_ND_D,1,7/17/19,1.06,0,0,0,0,0,0,NA,0,0,0,0,0,0
4,I,1,Italy x Sweden,Non-Dormant,High Humidity,4-IS_ND_D,1,7/24/19,1.07,0,0,0,0,0,0,NA,0,0,0,0,0,0
4,I,1,Italy x Sweden,Non-Dormant,High Humidity,4-IS_ND_D,1,7/31/19,1.08,0,0,0,0,0,0,NA,0,0,0,0,0,0
4,I,1,Italy x Sweden,Non-Dormant,High Humidity,4-IS_ND_D,1,8/7/19,1.09,0,0,0,0,0,0,NA,0,0,0,0,0,0
4,I,1,Italy x Sweden,Non-Dormant,High Humidity,4-IS_ND_D,1,8/15/19,1.1,0,0,0,0,0,0,NA,0,0,0,0,0,0
4,I,1,Italy x Sweden,Non-Dormant,High Humidity,4-IS_ND_D,1,8/20/19,1.11,0,0,0,0,0,0,NA,0,0,0,0,0,0
4,I,1,Italy x Sweden,Non-Dormant,High Humidity,4-IS_ND_D,1,8/28/19,1.12,0,0,0,0,0,0,NA,0,0,0,0,0,0
4,I,1,Italy x Sweden,Non-Dormant,High Humidity,4-IS_ND_D,1,9/4/19,1.13,0,0,0,0,0,0,NA,0,0,0,0,0,0
4,I,1,Italy x Sweden,Non-Dormant,High Humidity,4-IS_ND_D,1,9/11/19,1.14,0,0,0,0,0,0,NA,0,0,0,0,0,0
4,I,1,Italy x Sweden,Non-Dormant,High Humidity,4-IS_ND_D,1,9/18/19,1.15,0,0,0,0,0,0,NA,0,0,0,0,0,0
4,I,1,Italy x Sweden,Non-Dormant,High Humidity,4-IS_ND_D,1,9/25/19,1.16,0,0,0,0,0,0,NA,0,0,0,0,0,0
4,I,1,Italy x Sweden,Non-Dormant,High Humidity,4-IS_ND_D,1,10/2/19,1.17,0,0,0,0,0,0,NA,0,0,0,0,0,0
4,I,1,Italy x Sweden,Non-Dormant,High Humidity,4-IS_ND_D,1,10/9/19,1.18,0,0,0,0,0,0,NA,0,0,0,0,0,0
4,I,1,Italy x Sweden,Non-Dormant,High Humidity,4-IS_ND_D,1,10/18/19,1.19,0,0,0,0,0,0,NA,NA,NA,NA,NA,0,0
4,I,1,Italy x Sweden,Non-Dormant,High Humidity,4-IS_ND_D,1,10/23/19,1.2,0,0,0,0,0,0,NA,NA,NA,NA,NA,0,0
4,I,1,Italy x Sweden,Non-Dormant,High Humidity,4-IS_ND_D,1,11/6/19,1.22,1,0,0,0,0,0,NA,NA,NA,NA,NA,0,1
4,I,1,Italy x Sweden,Non-Dormant,High Humidity,4-IS_ND_D,1,11/20/19,1.23,0,0,0,0,0,0,NA,NA,NA,NA,NA,0,0
4,I,1,Italy x Sweden,Non-Dormant,High Humidity,4-IS_ND_D,1,12/4/19,1.24,0,0,0,0,0,0,NA,NA,NA,NA,NA,0,0
4,I,1,Italy x Sweden,Non-Dormant,High Humidity,4-IS_ND_D,1,12/20/19,1.25,2,0,0,0,0,0,NA,0,0,0,0,0,2
4,I,1,Italy x Sweden,Non-Dormant,High Humidity,4-IS_ND_D,1,2/10/20,1.26,0,0,0,0,0,0,NA,NA,0,0,0,0,0
4,I,1,Italy x Sweden,Non-Dormant,High Humidity,4-IS_ND_D,1,3/2/20,1.27,0,0,0,0,0,0,NA,NA,0,0,0,0,0
4,I,1,Italy x Sweden,Non-Dormant,High Humidity,4-IS_ND_D,1,5/5/20,1.29,0,0,0,0,0,0,NA,0,0,0,0,0,0
4,I,1,Italy x Sweden,Non-Dormant,High Humidity,4-IS_ND_D,2,5/27/20,2.01,0,0,0,0,0,0,0,0,0,0,0,0,0
4,I,1,Italy x Sweden,Non-Dormant,High Humidity,4-IS_ND_D,2,6/4/20,2.02,0,0,0,0,0,0,0,0,0,0,0,0,0
4,I,1,Italy x Sweden,Non-Dormant,High Humidity,4-IS_ND_D,2,7/23/20,2.03,0,0,0,0,0,0,0,0,0,0,0,0,0
4,I,1,Italy x Sweden,Non-Dormant,High Humidity,4-IS_ND_D,2,8/7/20,2.04,0,0,0,0,0,0,0,0,0,0,0,0,0
4,I,1,Italy x Sweden,Non-Dormant,High Humidity,4-IS_ND_D,2,8/13/20,2.05,0,0,0,0,0,0,0,0,0,0,0,0,0
4,I,1,Italy x Sweden,Non-Dormant,High Humidity,4-IS_ND_D,2,8/18/20,2.06,0,0,0,0,0,0,0,0,0,0,0,0,0
4,I,1,Italy x Sweden,Non-Dormant,High Humidity,4-IS_ND_D,2,8/25/20,2.07,0,0,0,0,0,0,0,0,0,0,0,0,0
4,I,1,Italy x Sweden,Non-Dormant,High Humidity,4-IS_ND_D,2,9/10/20,2.08,0,0,0,0,0,0,0,0,0,0,0,0,0
4,I,1,Italy x Sweden,Non-Dormant,High Humidity,4-IS_ND_D,2,9/18/20,2.09,0,0,0,0,0,0,0,0,0,0,0,0,0
4,I,1,Italy x Sweden,Non-Dormant,High Humidity,4-IS_ND_D,2,10/2/20,2.1,0,0,0,0,0,0,0,0,0,0,0,0,0
4,I,1,Italy x Sweden,Non-Dormant,High Humidity,4-IS_ND_D,2,10/19/20,2.11,0,0,0,0,0,0,0,0,0,0,0,0,0
4,I,1,Italy x Sweden,Non-Dormant,High Humidity,4-IS_ND_D,2,10/30/20,2.12,0,0,0,0,0,0,0,0,0,0,0,0,0
4,I,1,Italy x Sweden,Non-Dormant,High Humidity,4-IS_ND_D,2,11/13/20,2.13,0,0,0,0,0,0,0,0,0,0,0,0,0
4,I,1,Italy x Sweden,Non-Dormant,High Humidity,4-IS_ND_D,2,12/4/20,2.14,0,0,0,0,0,0,0,0,0,0,0,0,0
4,I,1,Italy x Sweden,Non-Dormant,High Humidity,4-IS_ND_D,2,12/17/20,2.15,0,0,0,0,0,0,0,0,0,0,0,0,0
4,I,1,Italy x Sweden,Non-Dormant,High Humidity,4-IS_ND_D,2,1/15/21,2.16,0,0,0,0,0,0,0,0,0,0,0,0,0
4,I,1,Italy x Sweden,Non-Dormant,High Humidity,4-IS_ND_D,2,2/1/21,2.17,0,0,0,0,0,0,0,0,0,0,0,0,0
4,I,1,Italy x Sweden,Non-Dormant,High Humidity,4-IS_ND_D,2,2/25/21,2.18,0,0,0,0,0,0,0,0,0,0,0,0,0
4,I,1,Italy x Sweden,Non-Dormant,High Humidity,4-IS_ND_D,2,3/8/21,2.19,0,0,0,0,0,0,0,0,0,0,0,0,0
4,I,1,Italy x Sweden,Non-Dormant,High Humidity,4-IS_ND_D,2,3/25/21,2.2,0,0,0,0,0,0,0,0,0,0,0,0,0
4,I,1,Italy x Sweden,Non-Dormant,High Humidity,4-IS_ND_D,2,4/8/21,2.21,0,0,0,0,0,0,0,0,0,0,0,0,0
4,I,1,Italy x Sweden,Non-Dormant,High Humidity,4-IS_ND_D,3,8/17/21,3.14,0,0,0,0,0,0,0,0,0,0,0,0,0
4,I,1,Italy x Sweden,Non-Dormant,High Humidity,4-IS_ND_D,3,8/25/21,3.15,0,0,0,0,0,0,0,0,0,0,0,0,0
4,I,1,Italy x Sweden,Non-Dormant,High Humidity,4-IS_ND_D,3,9/2/21,3.16,0,0,0,0,0,0,0,0,0,0,0,0,0
4,I,1,Italy x Sweden,Non-Dormant,High Humidity,4-IS_ND_D,3,9/8/21,3.17,0,0,0,0,0,0,0,0,0,0,0,0,0
4,I,1,Italy x Sweden,Non-Dormant,High Humidity,4-IS_ND_D,3,9/15/21,3.18,0,0,0,0,0,0,0,0,0,0,0,0,0
4,I,1,Italy x Sweden,Non-Dormant,High Humidity,4-IS_ND_D,3,9/22/21,3.19,0,0,0,0,0,0,0,0,0,0,0,0,0
4,I,1,Italy x Sweden,Non-Dormant,High Humidity,4-IS_ND_D,3,10/1/21,3.2,1,0,0,0,0,0,0,0,0,0,0,0,1
4,I,1,Italy x Sweden,Non-Dormant,High Humidity,4-IS_ND_D,3,10/13/21,3.21,7,1,0,0,0,0,10,0,0,0,0,0,18
4,I,1,Italy x Sweden,Non-Dormant,High Humidity,4-IS_ND_D,3,11/12/21,3.22,4,1,0,0,0,0,9,8,0,0,0,0,22
4,I,1,Italy x Sweden,Non-Dormant,High Humidity,4-IS_ND_D,3,12/17/21,3.23,0,0,0,0,0,0,0,10,0,0,0,0,10
4,I,3,Germany x Tajikistan,Mixed,Control,4-BS_M_C,1,6/12/19,1.01,NA,NA,NA,NA,NA,NA,NA,NA,NA,NA,NA,NA,NA
4,I,3,Germany x Tajikistan,Mixed,Control,4-BS_M_C,1,6/16/19,1.02,NA,NA,NA,NA,NA,NA,NA,NA,NA,NA,NA,NA,NA
4,I,3,Germany x Tajikistan,Mixed,Control,4-BS_M_C,1,6/26/19,1.03,NA,NA,NA,NA,NA,NA,NA,NA,NA,NA,NA,NA,NA
4,I,3,Germany x Tajikistan,Mixed,Control,4-BS_M_C,1,7/3/19,1.04,NA,NA,NA,NA,NA,NA,NA,NA,NA,NA,NA,NA,NA
4,I,3,Germany x Tajikistan,Mixed,Control,4-BS_M_C,1,7/10/19,1.05,NA,NA,NA,NA,NA,NA,NA,NA,NA,NA,NA,NA,NA
4,I,3,Germany x Tajikistan,Mixed,Control,4-BS_M_C,1,7/17/19,1.06,0,0,0,0,0,0,NA,0,0,0,0,0,0
4,I,3,Germany x Tajikistan,Mixed,Control,4-BS_M_C,1,7/24/19,1.07,0,0,0,0,0,0,NA,0,0,0,0,0,0
4,I,3,Germany x Tajikistan,Mixed,Control,4-BS_M_C,1,7/31/19,1.08,0,0,0,0,0,0,NA,0,0,0,0,0,0
4,I,3,Germany x Tajikistan,Mixed,Control,4-BS_M_C,1,8/7/19,1.09,0,0,0,0,0,0,NA,0,0,0,0,0,0
4,I,3,Germany x Tajikistan,Mixed,Control,4-BS_M_C,1,8/15/19,1.1,0,0,0,0,0,0,NA,0,0,0,0,0,0
4,I,3,Germany x Tajikistan,Mixed,Control,4-BS_M_C,1,8/20/19,1.11,0,0,0,0,0,0,NA,0,0,0,0,0,0
4,I,3,Germany x Tajikistan,Mixed,Control,4-BS_M_C,1,8/28/19,1.12,0,0,0,0,0,0,NA,0,0,0,0,0,0
4,I,3,Germany x Tajikistan,Mixed,Control,4-BS_M_C,1,9/4/19,1.13,0,0,0,0,0,0,NA,0,0,0,0,0,0
4,I,3,Germany x Tajikistan,Mixed,Control,4-BS_M_C,1,9/11/19,1.14,0,0,0,0,0,0,NA,0,0,0,0,0,0
4,I,3,Germany x Tajikistan,Mixed,Control,4-BS_M_C,1,9/18/19,1.15,0,0,0,0,0,0,NA,0,0,0,0,0,0
4,I,3,Germany x Tajikistan,Mixed,Control,4-BS_M_C,1,9/25/19,1.16,0,0,0,0,0,0,NA,0,0,0,0,0,0
4,I,3,Germany x Tajikistan,Mixed,Control,4-BS_M_C,1,10/2/19,1.17,0,0,0,0,0,0,NA,0,0,0,0,0,0
4,I,3,Germany x Tajikistan,Mixed,Control,4-BS_M_C,1,10/9/19,1.18,0,0,0,0,0,0,NA,0,0,0,0,0,0
4,I,3,Germany x Tajikistan,Mixed,Control,4-BS_M_C,1,10/18/19,1.19,0,0,0,0,0,0,NA,NA,NA,NA,NA,0,0
4,I,3,Germany x Tajikistan,Mixed,Control,4-BS_M_C,1,10/23/19,1.2,8,0,0,0,0,0,NA,NA,NA,NA,NA,0,8
4,I,3,Germany x Tajikistan,Mixed,Control,4-BS_M_C,1,11/6/19,1.22,4,4,0,0,0,0,NA,NA,NA,NA,NA,0,8
4,I,3,Germany x Tajikistan,Mixed,Control,4-BS_M_C,1,11/20/19,1.23,0,0,0,0,0,0,NA,NA,NA,NA,NA,0,0
4,I,3,Germany x Tajikistan,Mixed,Control,4-BS_M_C,1,12/4/19,1.24,0,1,0,0,0,0,NA,NA,NA,NA,NA,0,1
4,I,3,Germany x Tajikistan,Mixed,Control,4-BS_M_C,1,12/20/19,1.25,0,0,0,0,0,0,NA,0,0,0,0,0,0
4,I,3,Germany x Tajikistan,Mixed,Control,4-BS_M_C,1,2/10/20,1.26,0,0,0,0,0,0,NA,NA,0,0,0,0,0
4,I,3,Germany x Tajikistan,Mixed,Control,4-BS_M_C,1,3/2/20,1.27,0,0,0,0,0,0,NA,NA,0,0,0,0,0
4,I,3,Germany x Tajikistan,Mixed,Control,4-BS_M_C,1,5/5/20,1.29,0,0,0,0,0,0,NA,0,0,0,0,1,1
4,I,3,Germany x Tajikistan,Mixed,Control,4-BS_M_C,2,5/27/20,2.01,0,0,0,0,0,0,0,0,0,0,0,0,0
4,I,3,Germany x Tajikistan,Mixed,Control,4-BS_M_C,2,6/4/20,2.02,0,0,0,0,0,0,0,0,0,0,0,0,0
4,I,3,Germany x Tajikistan,Mixed,Control,4-BS_M_C,2,7/23/20,2.03,0,0,0,0,0,0,0,0,0,0,0,0,0
4,I,3,Germany x Tajikistan,Mixed,Control,4-BS_M_C,2,8/7/20,2.04,0,0,0,0,0,0,0,0,0,0,0,0,0
4,I,3,Germany x Tajikistan,Mixed,Control,4-BS_M_C,2,8/13/20,2.05,0,0,0,0,0,0,0,0,0,0,0,0,0
4,I,3,Germany x Tajikistan,Mixed,Control,4-BS_M_C,2,8/18/20,2.06,0,0,0,0,0,0,0,0,0,0,0,0,0
4,I,3,Germany x Tajikistan,Mixed,Control,4-BS_M_C,2,8/25/20,2.07,0,0,0,0,0,0,0,0,0,0,0,0,0
4,I,3,Germany x Tajikistan,Mixed,Control,4-BS_M_C,2,9/10/20,2.08,0,0,0,0,0,0,0,0,0,0,0,0,0
4,I,3,Germany x Tajikistan,Mixed,Control,4-BS_M_C,2,9/18/20,2.09,0,0,0,0,0,0,0,0,0,0,0,0,0
4,I,3,Germany x Tajikistan,Mixed,Control,4-BS_M_C,2,10/2/20,2.1,0,0,0,0,0,0,0,0,0,0,0,0,0
4,I,3,Germany x Tajikistan,Mixed,Control,4-BS_M_C,2,10/19/20,2.11,0,0,0,0,0,0,0,0,0,0,0,0,0
4,I,3,Germany x Tajikistan,Mixed,Control,4-BS_M_C,2,10/30/20,2.12,0,0,0,0,0,0,0,0,0,0,0,0,0
4,I,3,Germany x Tajikistan,Mixed,Control,4-BS_M_C,2,11/13/20,2.13,0,0,0,0,0,0,0,0,0,0,0,0,0
4,I,3,Germany x Tajikistan,Mixed,Control,4-BS_M_C,2,12/4/20,2.14,0,0,0,0,0,0,0,0,0,0,0,0,0
4,I,3,Germany x Tajikistan,Mixed,Control,4-BS_M_C,2,12/17/20,2.15,0,0,0,0,0,0,0,0,0,0,0,0,0
4,I,3,Germany x Tajikistan,Mixed,Control,4-BS_M_C,2,1/15/21,2.16,0,0,0,0,0,0,0,0,0,0,0,0,0
4,I,3,Germany x Tajikistan,Mixed,Control,4-BS_M_C,2,2/1/21,2.17,0,0,0,0,0,0,0,0,0,0,0,0,0
4,I,3,Germany x Tajikistan,Mixed,Control,4-BS_M_C,2,2/25/21,2.18,0,0,0,0,0,0,0,0,0,0,0,0,0
4,I,3,Germany x Tajikistan,Mixed,Control,4-BS_M_C,2,3/8/21,2.19,0,0,0,0,0,0,0,0,0,0,0,0,0
4,I,3,Germany x Tajikistan,Mixed,Control,4-BS_M_C,2,3/25/21,2.2,0,0,0,0,0,0,0,0,0,0,0,0,0
4,I,3,Germany x Tajikistan,Mixed,Control,4-BS_M_C,2,4/8/21,2.21,0,0,0,0,0,0,0,0,0,0,0,0,0
4,I,3,Germany x Tajikistan,Mixed,Control,4-BS_M_C,3,8/17/21,3.14,0,0,0,0,0,0,0,0,0,0,0,0,0
4,I,3,Germany x Tajikistan,Mixed,Control,4-BS_M_C,3,8/25/21,3.15,0,0,0,0,0,0,0,0,0,0,0,0,0
4,I,3,Germany x Tajikistan,Mixed,Control,4-BS_M_C,3,9/2/21,3.16,0,0,0,0,0,0,0,0,0,0,0,0,0
4,I,3,Germany x Tajikistan,Mixed,Control,4-BS_M_C,3,9/8/21,3.17,0,0,0,0,0,0,0,0,0,0,0,0,0
4,I,3,Germany x Tajikistan,Mixed,Control,4-BS_M_C,3,9/15/21,3.18,0,0,0,0,0,0,0,0,0,0,0,0,0
4,I,3,Germany x Tajikistan,Mixed,Control,4-BS_M_C,3,9/22/21,3.19,0,0,0,0,0,0,0,0,0,0,0,0,0
4,I,3,Germany x Tajikistan,Mixed,Control,4-BS_M_C,3,10/1/21,3.2,0,0,0,0,0,0,22,0,0,0,0,0,22
4,I,3,Germany x Tajikistan,Mixed,Control,4-BS_M_C,3,10/13/21,3.21,0,0,0,0,0,0,0,0,0,0,0,0,0
4,I,3,Germany x Tajikistan,Mixed,Control,4-BS_M_C,3,11/12/21,3.22,0,0,0,0,0,0,1,15,0,0,0,0,16
4,I,3,Germany x Tajikistan,Mixed,Control,4-BS_M_C,3,12/17/21,3.23,0,0,0,0,0,0,0,0,0,0,0,0,0
4,I,4,Italy x Sweden,Dormant,Litter,4-IS_D_F,1,6/12/19,1.01,0,0,0,0,0,0,NA,NA,NA,NA,NA,NA,0
4,I,4,Italy x Sweden,Dormant,Litter,4-IS_D_F,1,6/16/19,1.02,0,0,0,0,0,0,NA,NA,NA,NA,NA,NA,0
4,I,4,Italy x Sweden,Dormant,Litter,4-IS_D_F,1,6/26/19,1.03,0,0,0,0,0,0,NA,0,0,0,0,0,0
4,I,4,Italy x Sweden,Dormant,Litter,4-IS_D_F,1,7/3/19,1.04,0,0,0,0,0,0,NA,0,0,0,0,0,0
4,I,4,Italy x Sweden,Dormant,Litter,4-IS_D_F,1,7/10/19,1.05,NA,0,0,0,0,0,NA,0,0,0,0,0,0
4,I,4,Italy x Sweden,Dormant,Litter,4-IS_D_F,1,7/17/19,1.06,0,0,0,0,0,0,NA,0,0,0,0,0,0
4,I,4,Italy x Sweden,Dormant,Litter,4-IS_D_F,1,7/24/19,1.07,0,0,0,0,0,0,NA,0,0,0,0,0,0
4,I,4,Italy x Sweden,Dormant,Litter,4-IS_D_F,1,7/31/19,1.08,0,0,0,0,0,0,NA,0,0,0,0,0,0
4,I,4,Italy x Sweden,Dormant,Litter,4-IS_D_F,1,8/7/19,1.09,0,0,0,0,0,0,NA,0,0,0,0,0,0
4,I,4,Italy x Sweden,Dormant,Litter,4-IS_D_F,1,8/15/19,1.1,0,0,0,0,0,0,NA,0,0,0,0,0,0
4,I,4,Italy x Sweden,Dormant,Litter,4-IS_D_F,1,8/20/19,1.11,0,0,0,0,0,0,NA,0,0,0,0,0,0
4,I,4,Italy x Sweden,Dormant,Litter,4-IS_D_F,1,8/28/19,1.12,0,0,0,0,0,0,NA,0,0,0,0,0,0
4,I,4,Italy x Sweden,Dormant,Litter,4-IS_D_F,1,9/4/19,1.13,0,0,0,0,0,0,NA,0,0,0,0,0,0
4,I,4,Italy x Sweden,Dormant,Litter,4-IS_D_F,1,9/11/19,1.14,0,0,0,0,0,0,NA,0,0,0,0,0,0
4,I,4,Italy x Sweden,Dormant,Litter,4-IS_D_F,1,9/18/19,1.15,0,0,0,0,0,0,NA,0,0,0,0,0,0
4,I,4,Italy x Sweden,Dormant,Litter,4-IS_D_F,1,9/25/19,1.16,0,0,0,0,0,0,NA,0,0,0,0,0,0
4,I,4,Italy x Sweden,Dormant,Litter,4-IS_D_F,1,10/2/19,1.17,0,0,0,0,0,0,NA,0,0,0,0,0,0
4,I,4,Italy x Sweden,Dormant,Litter,4-IS_D_F,1,10/9/19,1.18,0,0,0,0,0,0,NA,0,0,0,0,0,0
4,I,4,Italy x Sweden,Dormant,Litter,4-IS_D_F,1,10/18/19,1.19,0,0,0,0,0,0,NA,NA,NA,NA,NA,0,0
4,I,4,Italy x Sweden,Dormant,Litter,4-IS_D_F,1,10/23/19,1.2,0,0,0,0,0,0,NA,NA,NA,NA,NA,0,0
4,I,4,Italy x Sweden,Dormant,Litter,4-IS_D_F,1,11/6/19,1.22,0,0,0,0,0,0,NA,NA,NA,NA,NA,0,0
4,I,4,Italy x Sweden,Dormant,Litter,4-IS_D_F,1,11/20/19,1.23,0,0,0,0,0,0,NA,NA,NA,NA,NA,0,0
4,I,4,Italy x Sweden,Dormant,Litter,4-IS_D_F,1,12/4/19,1.24,0,0,0,0,0,0,NA,NA,NA,NA,NA,0,0
4,I,4,Italy x Sweden,Dormant,Litter,4-IS_D_F,1,12/20/19,1.25,0,0,0,0,0,0,NA,1,0,0,0,0,1
4,I,4,Italy x Sweden,Dormant,Litter,4-IS_D_F,1,2/10/20,1.26,0,0,0,0,0,0,NA,NA,0,0,0,0,0
4,I,4,Italy x Sweden,Dormant,Litter,4-IS_D_F,1,3/2/20,1.27,0,0,0,0,0,0,NA,NA,0,0,0,0,0
4,I,4,Italy x Sweden,Dormant,Litter,4-IS_D_F,1,5/5/20,1.29,0,0,0,0,0,0,NA,0,0,0,0,4,4
4,I,4,Italy x Sweden,Dormant,Litter,4-IS_D_F,2,5/27/20,2.01,0,0,0,0,0,0,0,0,0,0,0,0,0
4,I,4,Italy x Sweden,Dormant,Litter,4-IS_D_F,2,6/4/20,2.02,0,0,0,0,0,0,0,0,0,0,0,0,0
4,I,4,Italy x Sweden,Dormant,Litter,4-IS_D_F,2,7/23/20,2.03,0,0,0,0,0,0,0,0,0,0,0,0,0
4,I,4,Italy x Sweden,Dormant,Litter,4-IS_D_F,2,8/7/20,2.04,0,0,0,0,0,0,0,0,0,0,0,0,0
4,I,4,Italy x Sweden,Dormant,Litter,4-IS_D_F,2,8/13/20,2.05,0,0,0,0,0,0,0,0,0,0,0,0,0
4,I,4,Italy x Sweden,Dormant,Litter,4-IS_D_F,2,8/18/20,2.06,0,0,0,0,0,0,0,0,0,0,0,0,0
4,I,4,Italy x Sweden,Dormant,Litter,4-IS_D_F,2,8/25/20,2.07,0,0,0,0,0,0,0,0,0,0,0,0,0
4,I,4,Italy x Sweden,Dormant,Litter,4-IS_D_F,2,9/10/20,2.08,0,0,0,0,0,0,0,0,0,0,0,0,0
4,I,4,Italy x Sweden,Dormant,Litter,4-IS_D_F,2,9/18/20,2.09,0,0,0,0,0,0,0,0,0,0,0,0,0
4,I,4,Italy x Sweden,Dormant,Litter,4-IS_D_F,2,10/2/20,2.1,0,0,0,0,0,0,0,0,0,0,0,0,0
4,I,4,Italy x Sweden,Dormant,Litter,4-IS_D_F,2,10/19/20,2.11,0,0,0,0,0,0,0,0,0,0,0,0,0
4,I,4,Italy x Sweden,Dormant,Litter,4-IS_D_F,2,10/30/20,2.12,0,0,0,0,0,0,0,0,0,0,0,0,0
4,I,4,Italy x Sweden,Dormant,Litter,4-IS_D_F,2,11/13/20,2.13,0,0,0,0,0,0,0,0,0,0,0,0,0
4,I,4,Italy x Sweden,Dormant,Litter,4-IS_D_F,2,12/4/20,2.14,0,0,0,0,0,0,1,0,0,0,0,0,1
4,I,4,Italy x Sweden,Dormant,Litter,4-IS_D_F,2,12/17/20,2.15,0,0,0,0,0,0,0,0,0,0,0,0,0
4,I,4,Italy x Sweden,Dormant,Litter,4-IS_D_F,2,1/15/21,2.16,0,0,0,0,0,0,0,0,0,0,0,0,0
4,I,4,Italy x Sweden,Dormant,Litter,4-IS_D_F,2,2/1/21,2.17,0,0,0,0,0,0,0,0,0,0,0,0,0
4,I,4,Italy x Sweden,Dormant,Litter,4-IS_D_F,2,2/25/21,2.18,0,0,0,0,0,0,0,0,0,0,0,0,0
4,I,4,Italy x Sweden,Dormant,Litter,4-IS_D_F,2,3/8/21,2.19,0,0,0,0,0,0,0,0,0,0,0,0,0
4,I,4,Italy x Sweden,Dormant,Litter,4-IS_D_F,2,3/25/21,2.2,0,0,0,0,0,0,0,0,0,0,0,0,0
4,I,4,Italy x Sweden,Dormant,Litter,4-IS_D_F,2,4/8/21,2.21,0,0,0,0,0,0,0,0,0,0,0,0,0
4,I,4,Italy x Sweden,Dormant,Litter,4-IS_D_F,3,8/17/21,3.14,0,0,0,0,0,0,0,0,0,0,0,0,0
4,I,4,Italy x Sweden,Dormant,Litter,4-IS_D_F,3,8/25/21,3.15,0,0,0,0,0,0,0,0,0,0,0,0,0
4,I,4,Italy x Sweden,Dormant,Litter,4-IS_D_F,3,9/2/21,3.16,0,0,0,0,0,0,0,0,0,0,0,0,0
4,I,4,Italy x Sweden,Dormant,Litter,4-IS_D_F,3,9/8/21,3.17,0,0,0,0,0,0,0,0,0,0,0,0,0
4,I,4,Italy x Sweden,Dormant,Litter,4-IS_D_F,3,9/15/21,3.18,0,0,0,0,0,0,0,0,0,0,0,0,0
4,I,4,Italy x Sweden,Dormant,Litter,4-IS_D_F,3,9/22/21,3.19,0,0,0,0,0,0,0,0,0,0,0,0,0
4,I,4,Italy x Sweden,Dormant,Litter,4-IS_D_F,3,10/1/21,3.2,52,2,0,0,0,0,117,7,0,0,0,0,178
4,I,4,Italy x Sweden,Dormant,Litter,4-IS_D_F,3,10/13/21,3.21,5,19,0,0,0,0,48,107,0,0,0,0,179
4,I,4,Italy x Sweden,Dormant,Litter,4-IS_D_F,3,11/12/21,3.22,0,27,0,0,0,0,2,120,0,0,0,0,149
4,I,4,Italy x Sweden,Dormant,Litter,4-IS_D_F,3,12/17/21,3.23,0,20,0,0,0,0,0,80,0,0,0,0,100
5,I,5,Germany x Tajikistan,Non-Dormant,Control,5-BS_ND_C,1,6/12/19,1.01,NA,NA,NA,NA,NA,NA,NA,NA,NA,NA,NA,NA,NA
5,I,5,Germany x Tajikistan,Non-Dormant,Control,5-BS_ND_C,1,6/16/19,1.02,NA,NA,NA,NA,NA,NA,NA,NA,NA,NA,NA,NA,NA
5,I,5,Germany x Tajikistan,Non-Dormant,Control,5-BS_ND_C,1,6/26/19,1.03,NA,NA,NA,NA,NA,NA,NA,NA,NA,NA,NA,NA,NA
5,I,5,Germany x Tajikistan,Non-Dormant,Control,5-BS_ND_C,1,7/3/19,1.04,NA,NA,NA,NA,NA,NA,NA,NA,NA,NA,NA,NA,NA
5,I,5,Germany x Tajikistan,Non-Dormant,Control,5-BS_ND_C,1,7/10/19,1.05,NA,NA,NA,NA,NA,NA,NA,NA,NA,NA,NA,NA,NA
5,I,5,Germany x Tajikistan,Non-Dormant,Control,5-BS_ND_C,1,7/17/19,1.06,0,0,0,0,0,0,NA,0,0,0,0,0,0
5,I,5,Germany x Tajikistan,Non-Dormant,Control,5-BS_ND_C,1,7/24/19,1.07,0,0,0,0,0,0,NA,0,0,0,0,0,0
5,I,5,Germany x Tajikistan,Non-Dormant,Control,5-BS_ND_C,1,7/31/19,1.08,0,0,0,0,0,0,NA,0,0,0,0,0,0
5,I,5,Germany x Tajikistan,Non-Dormant,Control,5-BS_ND_C,1,8/7/19,1.09,0,0,0,0,0,0,NA,0,0,0,0,0,0
5,I,5,Germany x Tajikistan,Non-Dormant,Control,5-BS_ND_C,1,8/15/19,1.1,0,0,0,0,0,0,NA,0,0,0,0,0,0
5,I,5,Germany x Tajikistan,Non-Dormant,Control,5-BS_ND_C,1,8/20/19,1.11,0,0,0,0,0,0,NA,0,0,0,0,0,0
5,I,5,Germany x Tajikistan,Non-Dormant,Control,5-BS_ND_C,1,8/28/19,1.12,0,0,0,0,0,0,NA,0,0,0,0,0,0
5,I,5,Germany x Tajikistan,Non-Dormant,Control,5-BS_ND_C,1,9/4/19,1.13,0,0,0,0,0,0,NA,0,0,0,0,0,0
5,I,5,Germany x Tajikistan,Non-Dormant,Control,5-BS_ND_C,1,9/11/19,1.14,0,0,0,0,0,0,NA,0,0,0,0,0,0
5,I,5,Germany x Tajikistan,Non-Dormant,Control,5-BS_ND_C,1,9/18/19,1.15,0,0,0,0,0,0,NA,0,0,0,0,0,0
5,I,5,Germany x Tajikistan,Non-Dormant,Control,5-BS_ND_C,1,9/25/19,1.16,0,0,0,0,0,0,NA,0,0,0,0,0,0
5,I,5,Germany x Tajikistan,Non-Dormant,Control,5-BS_ND_C,1,10/2/19,1.17,0,0,0,0,0,0,NA,0,0,0,0,0,0
5,I,5,Germany x Tajikistan,Non-Dormant,Control,5-BS_ND_C,1,10/9/19,1.18,0,0,0,0,0,0,NA,0,0,0,0,0,0
5,I,5,Germany x Tajikistan,Non-Dormant,Control,5-BS_ND_C,1,10/18/19,1.19,0,0,0,0,0,0,NA,NA,NA,NA,NA,0,0
5,I,5,Germany x Tajikistan,Non-Dormant,Control,5-BS_ND_C,1,10/23/19,1.2,7,0,0,0,0,0,NA,NA,NA,NA,NA,0,7
5,I,5,Germany x Tajikistan,Non-Dormant,Control,5-BS_ND_C,1,11/6/19,1.22,2,0,0,0,0,0,NA,NA,NA,NA,NA,0,2
5,I,5,Germany x Tajikistan,Non-Dormant,Control,5-BS_ND_C,1,11/20/19,1.23,0,0,0,0,0,0,NA,NA,NA,NA,NA,0,0
5,I,5,Germany x Tajikistan,Non-Dormant,Control,5-BS_ND_C,1,12/4/19,1.24,0,0,0,0,0,0,NA,NA,NA,NA,NA,0,0
5,I,5,Germany x Tajikistan,Non-Dormant,Control,5-BS_ND_C,1,12/20/19,1.25,0,0,0,0,0,0,NA,0,0,0,0,0,0
5,I,5,Germany x Tajikistan,Non-Dormant,Control,5-BS_ND_C,1,2/10/20,1.26,0,0,0,0,0,0,NA,NA,0,0,0,0,0
5,I,5,Germany x Tajikistan,Non-Dormant,Control,5-BS_ND_C,1,3/2/20,1.27,0,0,0,0,0,0,NA,NA,0,0,0,0,0
5,I,5,Germany x Tajikistan,Non-Dormant,Control,5-BS_ND_C,1,5/5/20,1.29,0,0,0,0,0,0,NA,0,0,0,0,0,0
5,I,5,Germany x Tajikistan,Non-Dormant,Control,5-BS_ND_C,2,5/27/20,2.01,0,0,0,0,0,0,0,0,0,0,0,0,0
5,I,5,Germany x Tajikistan,Non-Dormant,Control,5-BS_ND_C,2,6/4/20,2.02,0,0,0,0,0,0,0,0,0,0,0,0,0
5,I,5,Germany x Tajikistan,Non-Dormant,Control,5-BS_ND_C,2,7/23/20,2.03,0,0,0,0,0,0,0,0,0,0,0,0,0
5,I,5,Germany x Tajikistan,Non-Dormant,Control,5-BS_ND_C,2,8/7/20,2.04,0,0,0,0,0,0,0,0,0,0,0,0,0
5,I,5,Germany x Tajikistan,Non-Dormant,Control,5-BS_ND_C,2,8/13/20,2.05,0,0,0,0,0,0,0,0,0,0,0,0,0
5,I,5,Germany x Tajikistan,Non-Dormant,Control,5-BS_ND_C,2,8/18/20,2.06,0,0,0,0,0,0,0,0,0,0,0,0,0
5,I,5,Germany x Tajikistan,Non-Dormant,Control,5-BS_ND_C,2,8/25/20,2.07,0,0,0,0,0,0,0,0,0,0,0,0,0
5,I,5,Germany x Tajikistan,Non-Dormant,Control,5-BS_ND_C,2,9/4/20,2.08,4,0,0,0,0,0,5,0,0,0,0,0,9
5,I,5,Germany x Tajikistan,Non-Dormant,Control,5-BS_ND_C,2,9/16/20,2.09,2,0,0,0,0,0,0,0,0,0,0,0,2
5,I,5,Germany x Tajikistan,Non-Dormant,Control,5-BS_ND_C,2,10/2/20,2.1,0,0,0,0,0,0,0,0,0,0,0,0,0
5,I,5,Germany x Tajikistan,Non-Dormant,Control,5-BS_ND_C,2,10/19/20,2.11,0,0,0,0,0,0,0,0,0,0,0,0,0
5,I,5,Germany x Tajikistan,Non-Dormant,Control,5-BS_ND_C,2,11/6/20,2.12,0,0,0,0,0,0,0,0,0,0,0,0,0
5,I,5,Germany x Tajikistan,Non-Dormant,Control,5-BS_ND_C,2,11/19/20,2.13,0,0,0,0,0,0,0,0,0,0,0,0,0
5,I,5,Germany x Tajikistan,Non-Dormant,Control,5-BS_ND_C,2,12/4/20,2.14,0,0,0,0,0,0,0,0,0,0,0,0,0
5,I,5,Germany x Tajikistan,Non-Dormant,Control,5-BS_ND_C,2,12/15/20,2.15,0,0,0,0,0,0,0,0,0,0,0,0,0
5,I,5,Germany x Tajikistan,Non-Dormant,Control,5-BS_ND_C,2,1/14/21,2.16,0,0,0,0,0,0,0,0,0,0,0,0,0
5,I,5,Germany x Tajikistan,Non-Dormant,Control,5-BS_ND_C,2,2/1/21,2.17,0,0,0,0,0,0,0,0,0,0,0,0,0
5,I,5,Germany x Tajikistan,Non-Dormant,Control,5-BS_ND_C,2,2/25/21,2.18,0,0,0,0,0,0,0,0,0,0,0,0,0
5,I,5,Germany x Tajikistan,Non-Dormant,Control,5-BS_ND_C,2,3/8/21,2.19,0,0,0,0,0,0,0,0,0,0,0,0,0
5,I,5,Germany x Tajikistan,Non-Dormant,Control,5-BS_ND_C,2,3/26/21,2.2,0,0,0,0,0,0,0,0,0,0,0,0,0
5,I,5,Germany x Tajikistan,Non-Dormant,Control,5-BS_ND_C,2,4/8/21,2.21,0,0,0,0,0,0,0,0,0,0,0,0,0
5,I,5,Germany x Tajikistan,Non-Dormant,Control,5-BS_ND_C,3,8/17/21,3.14,0,0,0,0,0,0,0,0,0,0,0,0,0
5,I,5,Germany x Tajikistan,Non-Dormant,Control,5-BS_ND_C,3,8/25/21,3.15,0,0,0,0,0,0,0,0,0,0,0,0,0
5,I,5,Germany x Tajikistan,Non-Dormant,Control,5-BS_ND_C,3,9/2/21,3.16,0,0,0,0,0,0,0,0,0,0,0,0,0
5,I,5,Germany x Tajikistan,Non-Dormant,Control,5-BS_ND_C,3,9/8/21,3.17,0,0,0,0,0,0,0,0,0,0,0,0,0
5,I,5,Germany x Tajikistan,Non-Dormant,Control,5-BS_ND_C,3,9/15/21,3.18,0,0,0,0,0,0,0,0,0,0,0,0,0
5,I,5,Germany x Tajikistan,Non-Dormant,Control,5-BS_ND_C,3,9/22/21,3.19,0,0,0,0,0,0,0,0,0,0,0,0,0
5,I,5,Germany x Tajikistan,Non-Dormant,Control,5-BS_ND_C,3,10/3/21,3.2,0,0,0,0,0,0,0,0,0,0,0,0,0
5,I,5,Germany x Tajikistan,Non-Dormant,Control,5-BS_ND_C,3,10/15/21,3.21,0,0,0,0,0,0,0,0,0,0,0,0,0
5,I,5,Germany x Tajikistan,Non-Dormant,Control,5-BS_ND_C,3,11/15/21,3.22,0,0,0,0,0,0,0,0,0,0,0,0,0
5,I,5,Germany x Tajikistan,Non-Dormant,Control,5-BS_ND_C,3,12/17/21,3.23,0,0,0,0,0,0,0,0,0,0,0,0,0
5,I,6,Germany x Tajikistan,Dormant,Litter,5-BS_D_F,1,6/12/19,1.01,NA,NA,NA,NA,NA,NA,NA,NA,NA,NA,NA,NA,NA
5,I,6,Germany x Tajikistan,Dormant,Litter,5-BS_D_F,1,6/16/19,1.02,NA,NA,NA,NA,NA,NA,NA,NA,NA,NA,NA,NA,NA
5,I,6,Germany x Tajikistan,Dormant,Litter,5-BS_D_F,1,6/26/19,1.03,NA,NA,NA,NA,NA,NA,NA,NA,NA,NA,NA,NA,NA
5,I,6,Germany x Tajikistan,Dormant,Litter,5-BS_D_F,1,7/3/19,1.04,NA,NA,NA,NA,NA,NA,NA,NA,NA,NA,NA,NA,NA
5,I,6,Germany x Tajikistan,Dormant,Litter,5-BS_D_F,1,7/10/19,1.05,NA,NA,NA,NA,NA,NA,NA,NA,NA,NA,NA,NA,NA
5,I,6,Germany x Tajikistan,Dormant,Litter,5-BS_D_F,1,7/17/19,1.06,0,0,0,0,0,0,NA,0,0,0,0,0,0
5,I,6,Germany x Tajikistan,Dormant,Litter,5-BS_D_F,1,7/24/19,1.07,0,0,0,0,0,0,NA,0,0,0,0,0,0
5,I,6,Germany x Tajikistan,Dormant,Litter,5-BS_D_F,1,7/31/19,1.08,0,0,0,0,0,0,NA,0,0,0,0,0,0
5,I,6,Germany x Tajikistan,Dormant,Litter,5-BS_D_F,1,8/7/19,1.09,0,0,0,0,0,0,NA,0,0,0,0,0,0
5,I,6,Germany x Tajikistan,Dormant,Litter,5-BS_D_F,1,8/15/19,1.1,0,0,0,0,0,0,NA,0,0,0,0,0,0
5,I,6,Germany x Tajikistan,Dormant,Litter,5-BS_D_F,1,8/20/19,1.11,0,0,0,0,0,0,NA,0,0,0,0,0,0
5,I,6,Germany x Tajikistan,Dormant,Litter,5-BS_D_F,1,8/28/19,1.12,0,0,0,0,0,0,NA,0,0,0,0,0,0
5,I,6,Germany x Tajikistan,Dormant,Litter,5-BS_D_F,1,9/4/19,1.13,0,0,0,0,0,0,NA,0,0,0,0,0,0
5,I,6,Germany x Tajikistan,Dormant,Litter,5-BS_D_F,1,9/11/19,1.14,0,0,0,0,0,0,NA,0,0,0,0,0,0
5,I,6,Germany x Tajikistan,Dormant,Litter,5-BS_D_F,1,9/18/19,1.15,0,0,0,0,0,0,NA,0,0,0,0,0,0
5,I,6,Germany x Tajikistan,Dormant,Litter,5-BS_D_F,1,9/25/19,1.16,0,0,0,0,0,0,NA,0,0,0,0,0,0
5,I,6,Germany x Tajikistan,Dormant,Litter,5-BS_D_F,1,10/2/19,1.17,0,0,0,0,0,0,NA,0,0,0,0,0,0
5,I,6,Germany x Tajikistan,Dormant,Litter,5-BS_D_F,1,10/9/19,1.18,0,0,0,0,0,0,NA,0,0,0,0,0,0
5,I,6,Germany x Tajikistan,Dormant,Litter,5-BS_D_F,1,10/18/19,1.19,0,0,0,0,0,0,NA,NA,NA,NA,NA,0,0
5,I,6,Germany x Tajikistan,Dormant,Litter,5-BS_D_F,1,10/23/19,1.2,12,0,0,0,0,0,NA,NA,NA,NA,NA,0,12
5,I,6,Germany x Tajikistan,Dormant,Litter,5-BS_D_F,1,11/6/19,1.22,6,0,0,0,0,0,NA,NA,NA,NA,NA,0,6
5,I,6,Germany x Tajikistan,Dormant,Litter,5-BS_D_F,1,11/20/19,1.23,0,0,0,0,0,0,NA,NA,NA,NA,NA,0,0
5,I,6,Germany x Tajikistan,Dormant,Litter,5-BS_D_F,1,12/4/19,1.24,0,0,0,0,0,0,NA,NA,NA,NA,NA,0,0
5,I,6,Germany x Tajikistan,Dormant,Litter,5-BS_D_F,1,12/20/19,1.25,0,0,0,0,0,0,NA,0,0,0,0,0,0
5,I,6,Germany x Tajikistan,Dormant,Litter,5-BS_D_F,1,2/10/20,1.26,0,0,0,0,0,0,NA,NA,0,0,0,0,0
5,I,6,Germany x Tajikistan,Dormant,Litter,5-BS_D_F,1,3/2/20,1.27,0,0,0,0,0,0,NA,NA,0,0,0,0,0
5,I,6,Germany x Tajikistan,Dormant,Litter,5-BS_D_F,1,5/5/20,1.29,0,0,0,0,0,0,NA,0,0,0,0,0,0
5,I,6,Germany x Tajikistan,Dormant,Litter,5-BS_D_F,2,5/27/20,2.01,0,0,0,0,0,0,1,0,0,0,0,0,1
5,I,6,Germany x Tajikistan,Dormant,Litter,5-BS_D_F,2,6/4/20,2.02,0,0,0,0,0,0,0,0,0,0,0,0,0
5,I,6,Germany x Tajikistan,Dormant,Litter,5-BS_D_F,2,9/4/20,2.08,3,0,0,0,0,0,10,0,0,0,0,0,13
5,I,6,Germany x Tajikistan,Dormant,Litter,5-BS_D_F,2,9/16/20,2.09,0,0,0,0,0,0,0,0,0,0,0,0,0
5,I,6,Germany x Tajikistan,Dormant,Litter,5-BS_D_F,2,10/2/20,2.1,0,0,0,0,0,0,0,0,0,0,0,0,0
5,I,6,Germany x Tajikistan,Dormant,Litter,5-BS_D_F,2,10/19/20,2.11,0,0,0,0,0,0,0,0,0,0,0,0,0
5,I,6,Germany x Tajikistan,Dormant,Litter,5-BS_D_F,2,11/6/20,2.12,0,0,0,0,0,0,0,0,0,0,0,0,0
5,I,6,Germany x Tajikistan,Dormant,Litter,5-BS_D_F,2,11/19/20,2.13,0,0,0,0,0,0,0,0,0,0,0,0,0
5,I,6,Germany x Tajikistan,Dormant,Litter,5-BS_D_F,2,12/4/20,2.14,0,0,0,0,0,0,0,0,0,0,0,0,0
5,I,6,Germany x Tajikistan,Dormant,Litter,5-BS_D_F,2,12/15/20,2.15,0,0,0,0,0,0,0,0,0,0,0,0,0
5,I,6,Germany x Tajikistan,Dormant,Litter,5-BS_D_F,2,1/14/21,2.16,0,0,0,0,0,0,0,0,0,0,0,0,0
5,I,6,Germany x Tajikistan,Dormant,Litter,5-BS_D_F,2,2/1/21,2.17,0,0,0,0,0,0,0,0,0,0,0,0,0
5,I,6,Germany x Tajikistan,Dormant,Litter,5-BS_D_F,2,2/25/21,2.18,0,0,0,0,0,0,0,0,0,0,0,0,0
5,I,6,Germany x Tajikistan,Dormant,Litter,5-BS_D_F,2,3/8/21,2.19,0,0,0,0,0,0,0,0,0,0,0,0,0
5,I,6,Germany x Tajikistan,Dormant,Litter,5-BS_D_F,2,3/26/21,2.2,0,0,0,0,0,0,0,0,0,0,0,0,0
5,I,6,Germany x Tajikistan,Dormant,Litter,5-BS_D_F,2,4/8/21,2.21,0,0,0,0,0,0,0,0,0,0,0,0,0
5,I,7,Italy x Sweden,Non-Dormant,High Humidity,5-IS_ND_D,1,6/12/19,1.01,2,0,0,0,0,0,NA,NA,NA,NA,NA,NA,2
5,I,7,Italy x Sweden,Non-Dormant,High Humidity,5-IS_ND_D,1,6/16/19,1.02,1,0,0,0,0,0,NA,NA,NA,NA,NA,NA,1
5,I,7,Italy x Sweden,Non-Dormant,High Humidity,5-IS_ND_D,1,6/26/19,1.03,0,0,0,0,0,0,NA,0,0,0,0,0,0
5,I,7,Italy x Sweden,Non-Dormant,High Humidity,5-IS_ND_D,1,7/3/19,1.04,0,0,0,0,0,0,NA,0,0,0,0,0,0
5,I,7,Italy x Sweden,Non-Dormant,High Humidity,5-IS_ND_D,1,7/10/19,1.05,NA,0,0,0,0,0,NA,0,0,0,0,0,0
5,I,7,Italy x Sweden,Non-Dormant,High Humidity,5-IS_ND_D,1,7/17/19,1.06,0,0,0,0,0,0,NA,0,0,0,0,0,0
5,I,7,Italy x Sweden,Non-Dormant,High Humidity,5-IS_ND_D,1,7/24/19,1.07,0,0,0,0,0,0,NA,0,0,0,0,0,0
5,I,7,Italy x Sweden,Non-Dormant,High Humidity,5-IS_ND_D,1,7/31/19,1.08,0,0,0,0,0,0,NA,0,0,0,0,0,0
5,I,7,Italy x Sweden,Non-Dormant,High Humidity,5-IS_ND_D,1,8/7/19,1.09,0,0,0,0,0,0,NA,0,0,0,0,0,0
5,I,7,Italy x Sweden,Non-Dormant,High Humidity,5-IS_ND_D,1,8/15/19,1.1,0,0,0,0,0,0,NA,0,0,0,0,0,0
5,I,7,Italy x Sweden,Non-Dormant,High Humidity,5-IS_ND_D,1,8/20/19,1.11,0,0,0,0,0,0,NA,0,0,0,0,0,0
5,I,7,Italy x Sweden,Non-Dormant,High Humidity,5-IS_ND_D,1,8/28/19,1.12,0,0,0,0,0,0,NA,0,0,0,0,0,0
5,I,7,Italy x Sweden,Non-Dormant,High Humidity,5-IS_ND_D,1,9/4/19,1.13,0,0,0,0,0,0,NA,0,0,0,0,0,0
5,I,7,Italy x Sweden,Non-Dormant,High Humidity,5-IS_ND_D,1,9/11/19,1.14,0,0,0,0,0,0,NA,0,0,0,0,0,0
5,I,7,Italy x Sweden,Non-Dormant,High Humidity,5-IS_ND_D,1,9/18/19,1.15,0,0,0,0,0,0,NA,0,0,0,0,0,0
5,I,7,Italy x Sweden,Non-Dormant,High Humidity,5-IS_ND_D,1,9/25/19,1.16,0,0,0,0,0,0,NA,0,0,0,0,0,0
5,I,7,Italy x Sweden,Non-Dormant,High Humidity,5-IS_ND_D,1,10/2/19,1.17,0,0,0,0,0,0,NA,0,0,0,0,0,0
5,I,7,Italy x Sweden,Non-Dormant,High Humidity,5-IS_ND_D,1,10/9/19,1.18,0,0,0,0,0,0,NA,0,0,0,0,0,0
5,I,7,Italy x Sweden,Non-Dormant,High Humidity,5-IS_ND_D,1,10/18/19,1.19,0,0,0,0,0,0,NA,NA,NA,NA,NA,0,0
5,I,7,Italy x Sweden,Non-Dormant,High Humidity,5-IS_ND_D,1,10/23/19,1.2,0,0,0,0,0,0,NA,NA,NA,NA,NA,0,0
5,I,7,Italy x Sweden,Non-Dormant,High Humidity,5-IS_ND_D,1,11/6/19,1.22,0,0,0,0,0,0,NA,NA,NA,NA,NA,0,0
5,I,7,Italy x Sweden,Non-Dormant,High Humidity,5-IS_ND_D,1,11/20/19,1.23,0,0,0,0,0,0,NA,NA,NA,NA,NA,0,0
5,I,7,Italy x Sweden,Non-Dormant,High Humidity,5-IS_ND_D,1,12/4/19,1.24,0,0,0,0,0,0,NA,NA,NA,NA,NA,0,0
5,I,7,Italy x Sweden,Non-Dormant,High Humidity,5-IS_ND_D,1,12/20/19,1.25,1,0,0,0,0,0,NA,0,0,0,0,0,1
5,I,7,Italy x Sweden,Non-Dormant,High Humidity,5-IS_ND_D,1,2/10/20,1.26,0,0,0,0,0,0,NA,NA,0,0,0,0,0
5,I,7,Italy x Sweden,Non-Dormant,High Humidity,5-IS_ND_D,1,3/2/20,1.27,0,0,0,0,0,0,NA,NA,0,0,0,0,0
5,I,7,Italy x Sweden,Non-Dormant,High Humidity,5-IS_ND_D,1,5/5/20,1.29,0,0,0,0,0,0,NA,0,0,0,0,0,0
5,I,7,Italy x Sweden,Non-Dormant,High Humidity,5-IS_ND_D,2,5/27/20,2.01,0,0,0,0,0,0,0,0,0,0,0,0,0
5,I,7,Italy x Sweden,Non-Dormant,High Humidity,5-IS_ND_D,2,6/4/20,2.02,0,0,0,0,0,0,0,0,0,0,0,0,0
5,I,7,Italy x Sweden,Non-Dormant,High Humidity,5-IS_ND_D,2,7/23/20,2.03,0,0,0,0,0,0,0,0,0,0,0,0,0
5,I,7,Italy x Sweden,Non-Dormant,High Humidity,5-IS_ND_D,2,8/7/20,2.04,0,0,0,0,0,0,0,0,0,0,0,0,0
5,I,7,Italy x Sweden,Non-Dormant,High Humidity,5-IS_ND_D,2,8/13/20,2.05,0,0,0,0,0,0,0,0,0,0,0,0,0
5,I,7,Italy x Sweden,Non-Dormant,High Humidity,5-IS_ND_D,2,8/18/20,2.06,0,0,0,0,0,0,0,0,0,0,0,0,0
5,I,7,Italy x Sweden,Non-Dormant,High Humidity,5-IS_ND_D,2,8/25/20,2.07,0,0,0,0,0,0,0,0,0,0,0,0,0
5,I,7,Italy x Sweden,Non-Dormant,High Humidity,5-IS_ND_D,2,9/4/20,2.08,35,0,0,0,0,0,70,0,0,0,0,0,105
5,I,7,Italy x Sweden,Non-Dormant,High Humidity,5-IS_ND_D,2,9/16/20,2.09,20,0,0,0,0,0,10,0,0,0,0,0,30
5,I,7,Italy x Sweden,Non-Dormant,High Humidity,5-IS_ND_D,2,10/2/20,2.1,0,0,0,0,0,0,0,0,0,0,0,0,0
5,I,7,Italy x Sweden,Non-Dormant,High Humidity,5-IS_ND_D,2,10/19/20,2.11,0,0,0,0,0,0,0,0,0,0,0,0,0
5,I,7,Italy x Sweden,Non-Dormant,High Humidity,5-IS_ND_D,2,11/6/20,2.12,0,0,0,0,0,0,0,0,0,0,0,0,0
5,I,7,Italy x Sweden,Non-Dormant,High Humidity,5-IS_ND_D,2,11/19/20,2.13,0,0,0,0,0,0,0,0,0,0,0,0,0
5,I,7,Italy x Sweden,Non-Dormant,High Humidity,5-IS_ND_D,2,12/4/20,2.14,0,0,0,0,0,0,0,0,0,0,0,0,0
5,I,7,Italy x Sweden,Non-Dormant,High Humidity,5-IS_ND_D,2,12/15/20,2.15,0,0,0,0,0,0,0,0,0,0,0,0,0
5,I,7,Italy x Sweden,Non-Dormant,High Humidity,5-IS_ND_D,2,1/14/21,2.16,0,0,0,0,0,0,0,0,0,0,0,0,0
5,I,7,Italy x Sweden,Non-Dormant,High Humidity,5-IS_ND_D,2,2/1/21,2.17,0,0,0,0,0,0,0,0,0,0,0,0,0
5,I,7,Italy x Sweden,Non-Dormant,High Humidity,5-IS_ND_D,2,2/25/21,2.18,0,0,0,0,0,0,0,0,0,0,0,0,0
5,I,7,Italy x Sweden,Non-Dormant,High Humidity,5-IS_ND_D,2,3/8/21,2.19,0,0,0,0,0,0,0,0,0,0,0,0,0
5,I,7,Italy x Sweden,Non-Dormant,High Humidity,5-IS_ND_D,2,3/26/21,2.2,0,0,0,0,0,0,0,0,0,0,0,0,0
5,I,7,Italy x Sweden,Non-Dormant,High Humidity,5-IS_ND_D,2,4/8/21,2.21,0,0,0,0,0,0,0,0,0,0,0,0,0
5,I,7,Italy x Sweden,Non-Dormant,High Humidity,5-IS_ND_D,3,8/17/21,3.14,0,0,0,0,0,0,0,0,0,0,0,0,0
5,I,7,Italy x Sweden,Non-Dormant,High Humidity,5-IS_ND_D,3,8/25/21,3.15,0,0,0,0,0,0,0,0,0,0,0,0,0
5,I,7,Italy x Sweden,Non-Dormant,High Humidity,5-IS_ND_D,3,9/2/21,3.16,0,0,0,0,0,0,0,0,0,0,0,0,0
5,I,7,Italy x Sweden,Non-Dormant,High Humidity,5-IS_ND_D,3,9/8/21,3.17,0,0,0,0,0,0,0,0,0,0,0,0,0
5,I,7,Italy x Sweden,Non-Dormant,High Humidity,5-IS_ND_D,3,9/15/21,3.18,0,0,0,0,0,0,0,0,0,0,0,0,0
5,I,7,Italy x Sweden,Non-Dormant,High Humidity,5-IS_ND_D,3,9/22/21,3.19,0,0,0,0,0,0,0,0,0,0,0,0,0
5,I,7,Italy x Sweden,Non-Dormant,High Humidity,5-IS_ND_D,3,10/3/21,3.2,0,0,0,0,0,0,0,0,0,0,0,0,0
5,I,7,Italy x Sweden,Non-Dormant,High Humidity,5-IS_ND_D,3,10/15/21,3.21,0,0,0,0,0,0,1,1,0,0,0,0,2
5,I,7,Italy x Sweden,Non-Dormant,High Humidity,5-IS_ND_D,3,11/15/21,3.22,0,0,0,0,0,0,0,0,0,0,0,0,0
5,I,7,Italy x Sweden,Non-Dormant,High Humidity,5-IS_ND_D,3,12/17/21,3.23,0,0,0,0,0,0,0,0,0,0,0,0,0
5,I,8,Germany x Tajikistan,Non-Dormant,Litter,5-BS_ND_F,1,6/12/19,1.01,NA,NA,NA,NA,NA,NA,NA,NA,NA,NA,NA,NA,NA
5,I,8,Germany x Tajikistan,Non-Dormant,Litter,5-BS_ND_F,1,6/16/19,1.02,NA,NA,NA,NA,NA,NA,NA,NA,NA,NA,NA,NA,NA
5,I,8,Germany x Tajikistan,Non-Dormant,Litter,5-BS_ND_F,1,6/26/19,1.03,NA,NA,NA,NA,NA,NA,NA,NA,NA,NA,NA,NA,NA
5,I,8,Germany x Tajikistan,Non-Dormant,Litter,5-BS_ND_F,1,7/3/19,1.04,NA,NA,NA,NA,NA,NA,NA,NA,NA,NA,NA,NA,NA
5,I,8,Germany x Tajikistan,Non-Dormant,Litter,5-BS_ND_F,1,7/10/19,1.05,NA,NA,NA,NA,NA,NA,NA,NA,NA,NA,NA,NA,NA
5,I,8,Germany x Tajikistan,Non-Dormant,Litter,5-BS_ND_F,1,7/17/19,1.06,0,0,0,0,0,0,NA,0,0,0,0,0,0
5,I,8,Germany x Tajikistan,Non-Dormant,Litter,5-BS_ND_F,1,7/24/19,1.07,0,0,0,0,0,0,NA,0,0,0,0,0,0
5,I,8,Germany x Tajikistan,Non-Dormant,Litter,5-BS_ND_F,1,7/31/19,1.08,0,0,0,0,0,0,NA,0,0,0,0,0,0
5,I,8,Germany x Tajikistan,Non-Dormant,Litter,5-BS_ND_F,1,8/7/19,1.09,0,0,0,0,0,0,NA,0,0,0,0,0,0
5,I,8,Germany x Tajikistan,Non-Dormant,Litter,5-BS_ND_F,1,8/15/19,1.1,0,0,0,0,0,0,NA,0,0,0,0,0,0
5,I,8,Germany x Tajikistan,Non-Dormant,Litter,5-BS_ND_F,1,8/20/19,1.11,0,0,0,0,0,0,NA,0,0,0,0,0,0
5,I,8,Germany x Tajikistan,Non-Dormant,Litter,5-BS_ND_F,1,8/28/19,1.12,0,0,0,0,0,0,NA,0,0,0,0,0,0
5,I,8,Germany x Tajikistan,Non-Dormant,Litter,5-BS_ND_F,1,9/4/19,1.13,0,0,0,0,0,0,NA,0,0,0,0,0,0
5,I,8,Germany x Tajikistan,Non-Dormant,Litter,5-BS_ND_F,1,9/11/19,1.14,0,0,0,0,0,0,NA,0,0,0,0,0,0
5,I,8,Germany x Tajikistan,Non-Dormant,Litter,5-BS_ND_F,1,9/18/19,1.15,0,0,0,0,0,0,NA,0,0,0,0,0,0
5,I,8,Germany x Tajikistan,Non-Dormant,Litter,5-BS_ND_F,1,9/25/19,1.16,0,0,0,0,0,0,NA,0,0,0,0,0,0
5,I,8,Germany x Tajikistan,Non-Dormant,Litter,5-BS_ND_F,1,10/2/19,1.17,0,0,0,0,0,0,NA,0,0,0,0,0,0
5,I,8,Germany x Tajikistan,Non-Dormant,Litter,5-BS_ND_F,1,10/9/19,1.18,0,0,0,0,0,0,NA,0,0,0,0,0,0
5,I,8,Germany x Tajikistan,Non-Dormant,Litter,5-BS_ND_F,1,10/18/19,1.19,0,0,0,0,0,0,NA,NA,NA,NA,NA,0,0
5,I,8,Germany x Tajikistan,Non-Dormant,Litter,5-BS_ND_F,1,10/23/19,1.2,8,0,0,0,0,0,NA,NA,NA,NA,NA,0,8
5,I,8,Germany x Tajikistan,Non-Dormant,Litter,5-BS_ND_F,1,11/6/19,1.22,1,0,0,0,0,0,NA,NA,NA,NA,NA,0,1
5,I,8,Germany x Tajikistan,Non-Dormant,Litter,5-BS_ND_F,1,11/20/19,1.23,0,0,0,0,0,0,NA,NA,NA,NA,NA,0,0
5,I,8,Germany x Tajikistan,Non-Dormant,Litter,5-BS_ND_F,1,12/4/19,1.24,0,0,0,0,0,0,NA,NA,NA,NA,NA,0,0
5,I,8,Germany x Tajikistan,Non-Dormant,Litter,5-BS_ND_F,1,12/20/19,1.25,0,0,0,0,0,0,NA,0,0,0,0,0,0
5,I,8,Germany x Tajikistan,Non-Dormant,Litter,5-BS_ND_F,1,2/10/20,1.26,0,0,0,0,0,0,NA,NA,0,0,0,0,0
5,I,8,Germany x Tajikistan,Non-Dormant,Litter,5-BS_ND_F,1,3/2/20,1.27,0,0,0,0,0,0,NA,NA,0,0,0,0,0
5,I,8,Germany x Tajikistan,Non-Dormant,Litter,5-BS_ND_F,1,5/5/20,1.29,0,0,0,0,0,0,NA,0,0,0,0,0,0
5,I,8,Germany x Tajikistan,Non-Dormant,Litter,5-BS_ND_F,2,5/27/20,2.01,0,0,0,0,0,0,0,0,0,0,0,0,0
5,I,8,Germany x Tajikistan,Non-Dormant,Litter,5-BS_ND_F,2,6/4/20,2.02,0,0,0,0,0,0,0,0,0,0,0,0,0
5,I,8,Germany x Tajikistan,Non-Dormant,Litter,5-BS_ND_F,2,9/4/20,2.08,13,0,0,0,0,0,15,0,0,0,0,0,28
5,I,8,Germany x Tajikistan,Non-Dormant,Litter,5-BS_ND_F,2,9/16/20,2.09,2,0,0,0,0,0,10,0,0,0,0,0,12
5,I,8,Germany x Tajikistan,Non-Dormant,Litter,5-BS_ND_F,2,10/2/20,2.1,0,0,0,0,0,0,0,0,0,0,0,0,0
5,I,8,Germany x Tajikistan,Non-Dormant,Litter,5-BS_ND_F,2,10/19/20,2.11,0,0,0,0,0,0,0,0,0,0,0,0,0
5,I,8,Germany x Tajikistan,Non-Dormant,Litter,5-BS_ND_F,2,11/6/20,2.12,0,0,0,0,0,0,0,0,0,0,0,0,0
5,I,8,Germany x Tajikistan,Non-Dormant,Litter,5-BS_ND_F,2,11/19/20,2.13,0,0,0,0,0,0,0,0,0,0,0,0,0
5,I,8,Germany x Tajikistan,Non-Dormant,Litter,5-BS_ND_F,2,12/4/20,2.14,0,0,0,0,0,0,0,0,0,0,0,0,0
5,I,8,Germany x Tajikistan,Non-Dormant,Litter,5-BS_ND_F,2,12/15/20,2.15,0,0,0,0,0,0,0,0,0,0,0,0,0
5,I,8,Germany x Tajikistan,Non-Dormant,Litter,5-BS_ND_F,2,1/14/21,2.16,0,0,0,0,0,0,0,0,0,0,0,0,0
5,I,8,Germany x Tajikistan,Non-Dormant,Litter,5-BS_ND_F,2,2/1/21,2.17,0,0,0,0,0,0,0,0,0,0,0,0,0
5,I,8,Germany x Tajikistan,Non-Dormant,Litter,5-BS_ND_F,2,2/25/21,2.18,0,0,0,0,0,0,0,0,0,0,0,0,0
5,I,8,Germany x Tajikistan,Non-Dormant,Litter,5-BS_ND_F,2,3/8/21,2.19,0,0,0,0,0,0,0,0,0,0,0,0,0
5,I,8,Germany x Tajikistan,Non-Dormant,Litter,5-BS_ND_F,2,3/26/21,2.2,0,0,0,0,0,0,0,0,0,0,0,0,0
5,I,8,Germany x Tajikistan,Non-Dormant,Litter,5-BS_ND_F,2,4/8/21,2.21,0,0,0,0,0,0,0,1,0,0,0,0,1
5,I,9,Italy x Sweden,Mixed,High Humidity,5-IS_M_D,1,6/12/19,1.01,12,0,0,0,0,0,NA,NA,NA,NA,NA,NA,12
5,I,9,Italy x Sweden,Mixed,High Humidity,5-IS_M_D,1,6/16/19,1.02,9,0,0,0,0,0,NA,NA,NA,NA,NA,NA,9
5,I,9,Italy x Sweden,Mixed,High Humidity,5-IS_M_D,1,6/26/19,1.03,0,0,0,0,0,0,NA,2,0,0,0,0,2
5,I,9,Italy x Sweden,Mixed,High Humidity,5-IS_M_D,1,7/3/19,1.04,0,0,0,0,0,0,NA,1,0,0,0,0,1
5,I,9,Italy x Sweden,Mixed,High Humidity,5-IS_M_D,1,7/10/19,1.05,NA,0,0,0,0,0,NA,1,0,0,0,0,1
5,I,9,Italy x Sweden,Mixed,High Humidity,5-IS_M_D,1,7/17/19,1.06,0,0,0,0,0,0,NA,1,0,0,0,0,1
5,I,9,Italy x Sweden,Mixed,High Humidity,5-IS_M_D,1,7/24/19,1.07,0,0,0,0,0,0,NA,1,0,0,0,0,1
5,I,9,Italy x Sweden,Mixed,High Humidity,5-IS_M_D,1,7/31/19,1.08,0,0,0,0,0,0,NA,0,0,0,0,0,0
5,I,9,Italy x Sweden,Mixed,High Humidity,5-IS_M_D,1,8/7/19,1.09,0,0,0,0,0,0,NA,0,0,0,0,0,0
5,I,9,Italy x Sweden,Mixed,High Humidity,5-IS_M_D,1,8/15/19,1.1,0,0,0,0,0,0,NA,0,0,0,0,0,0
5,I,9,Italy x Sweden,Mixed,High Humidity,5-IS_M_D,1,8/20/19,1.11,0,0,0,0,0,0,NA,0,0,0,0,0,0
5,I,9,Italy x Sweden,Mixed,High Humidity,5-IS_M_D,1,8/28/19,1.12,0,0,0,0,0,0,NA,0,0,0,0,0,0
5,I,9,Italy x Sweden,Mixed,High Humidity,5-IS_M_D,1,9/4/19,1.13,0,0,0,0,0,0,NA,0,0,0,0,0,0
5,I,9,Italy x Sweden,Mixed,High Humidity,5-IS_M_D,1,9/11/19,1.14,0,0,0,0,0,0,NA,0,0,0,0,0,0
5,I,9,Italy x Sweden,Mixed,High Humidity,5-IS_M_D,1,9/18/19,1.15,0,0,0,0,0,0,NA,0,0,0,0,0,0
5,I,9,Italy x Sweden,Mixed,High Humidity,5-IS_M_D,1,9/25/19,1.16,0,0,0,0,0,0,NA,0,0,0,0,0,0
5,I,9,Italy x Sweden,Mixed,High Humidity,5-IS_M_D,1,10/2/19,1.17,0,0,0,0,0,0,NA,0,0,0,0,0,0
5,I,9,Italy x Sweden,Mixed,High Humidity,5-IS_M_D,1,10/9/19,1.18,0,0,0,0,0,0,NA,0,0,0,0,0,0
5,I,9,Italy x Sweden,Mixed,High Humidity,5-IS_M_D,1,10/18/19,1.19,0,0,0,0,0,0,NA,NA,NA,NA,NA,0,0
5,I,9,Italy x Sweden,Mixed,High Humidity,5-IS_M_D,1,10/23/19,1.2,7,0,0,0,0,0,NA,NA,NA,NA,NA,0,7
5,I,9,Italy x Sweden,Mixed,High Humidity,5-IS_M_D,1,11/6/19,1.22,1,0,0,0,0,0,NA,NA,NA,NA,NA,0,1
5,I,9,Italy x Sweden,Mixed,High Humidity,5-IS_M_D,1,11/20/19,1.23,0,0,0,0,0,0,NA,NA,NA,NA,NA,0,0
5,I,9,Italy x Sweden,Mixed,High Humidity,5-IS_M_D,1,12/4/19,1.24,0,0,0,0,0,0,NA,NA,NA,NA,NA,0,0
5,I,9,Italy x Sweden,Mixed,High Humidity,5-IS_M_D,1,12/20/19,1.25,1,0,0,0,0,0,NA,0,0,0,0,0,1
5,I,9,Italy x Sweden,Mixed,High Humidity,5-IS_M_D,1,2/10/20,1.26,0,0,0,0,0,0,NA,NA,0,0,0,0,0
5,I,9,Italy x Sweden,Mixed,High Humidity,5-IS_M_D,1,3/2/20,1.27,0,0,0,0,0,0,NA,NA,0,0,0,0,0
5,I,9,Italy x Sweden,Mixed,High Humidity,5-IS_M_D,1,5/5/20,1.29,0,0,0,0,0,0,NA,0,0,0,0,0,0
5,I,9,Italy x Sweden,Mixed,High Humidity,5-IS_M_D,2,5/27/20,2.01,0,0,0,0,0,0,0,0,0,0,0,0,0
5,I,9,Italy x Sweden,Mixed,High Humidity,5-IS_M_D,2,6/4/20,2.02,0,0,0,0,0,0,0,0,0,0,0,0,0
5,I,9,Italy x Sweden,Mixed,High Humidity,5-IS_M_D,2,7/23/20,2.03,0,0,0,0,0,0,0,0,0,0,0,0,0
5,I,9,Italy x Sweden,Mixed,High Humidity,5-IS_M_D,2,8/7/20,2.04,0,0,0,0,0,0,0,0,0,0,0,0,0
5,I,9,Italy x Sweden,Mixed,High Humidity,5-IS_M_D,2,8/13/20,2.05,0,0,0,0,0,0,0,0,0,0,0,0,0
5,I,9,Italy x Sweden,Mixed,High Humidity,5-IS_M_D,2,8/18/20,2.06,0,0,0,0,0,0,0,0,0,0,0,0,0
5,I,9,Italy x Sweden,Mixed,High Humidity,5-IS_M_D,2,8/25/20,2.07,0,0,0,0,0,0,0,0,0,0,0,0,0
5,I,9,Italy x Sweden,Mixed,High Humidity,5-IS_M_D,2,9/4/20,2.08,120,0,0,0,0,0,230,0,0,0,0,0,350
5,I,9,Italy x Sweden,Mixed,High Humidity,5-IS_M_D,2,9/16/20,2.09,20,0,0,0,0,0,40,0,0,0,0,0,60
5,I,9,Italy x Sweden,Mixed,High Humidity,5-IS_M_D,2,10/2/20,2.1,0,0,0,0,0,0,0,0,0,0,0,0,0
5,I,9,Italy x Sweden,Mixed,High Humidity,5-IS_M_D,2,10/19/20,2.11,0,0,0,0,0,0,0,0,0,0,0,0,0
5,I,9,Italy x Sweden,Mixed,High Humidity,5-IS_M_D,2,11/6/20,2.12,0,0,0,0,0,0,0,0,0,0,0,0,0
5,I,9,Italy x Sweden,Mixed,High Humidity,5-IS_M_D,2,11/19/20,2.13,0,0,0,0,0,0,0,0,0,0,0,0,0
5,I,9,Italy x Sweden,Mixed,High Humidity,5-IS_M_D,2,12/4/20,2.14,0,0,0,0,0,0,0,0,0,0,0,0,0
5,I,9,Italy x Sweden,Mixed,High Humidity,5-IS_M_D,2,12/15/20,2.15,0,0,0,0,0,0,0,0,0,0,0,0,0
5,I,9,Italy x Sweden,Mixed,High Humidity,5-IS_M_D,2,1/14/21,2.16,0,0,0,0,0,0,0,0,0,0,0,0,0
5,I,9,Italy x Sweden,Mixed,High Humidity,5-IS_M_D,2,2/1/21,2.17,0,0,0,0,0,0,0,0,0,0,0,0,0
5,I,9,Italy x Sweden,Mixed,High Humidity,5-IS_M_D,2,2/25/21,2.18,0,0,0,0,0,0,0,0,0,0,0,0,0
5,I,9,Italy x Sweden,Mixed,High Humidity,5-IS_M_D,2,3/8/21,2.19,0,0,0,0,0,0,0,0,0,0,0,0,0
5,I,9,Italy x Sweden,Mixed,High Humidity,5-IS_M_D,2,3/26/21,2.2,0,0,0,0,0,0,0,0,0,0,0,0,0
5,I,9,Italy x Sweden,Mixed,High Humidity,5-IS_M_D,2,4/8/21,2.21,0,0,0,0,0,0,0,0,0,0,0,0,0
5,I,9,Italy x Sweden,Mixed,High Humidity,5-IS_M_D,3,8/17/21,3.14,0,0,0,0,0,0,0,0,0,0,0,0,0
5,I,9,Italy x Sweden,Mixed,High Humidity,5-IS_M_D,3,8/25/21,3.15,0,0,0,0,0,0,0,0,0,0,0,0,0
5,I,9,Italy x Sweden,Mixed,High Humidity,5-IS_M_D,3,9/2/21,3.16,0,0,0,0,0,0,0,0,0,0,0,0,0
5,I,9,Italy x Sweden,Mixed,High Humidity,5-IS_M_D,3,9/8/21,3.17,0,0,0,0,0,0,0,0,0,0,0,0,0
5,I,9,Italy x Sweden,Mixed,High Humidity,5-IS_M_D,3,9/15/21,3.18,0,0,0,0,0,0,0,0,0,0,0,0,0
5,I,9,Italy x Sweden,Mixed,High Humidity,5-IS_M_D,3,9/22/21,3.19,0,0,0,0,0,0,0,0,0,0,0,0,0
5,I,9,Italy x Sweden,Mixed,High Humidity,5-IS_M_D,3,10/3/21,3.2,4,0,0,0,0,0,1,0,0,0,0,0,5
5,I,9,Italy x Sweden,Mixed,High Humidity,5-IS_M_D,3,10/15/21,3.21,0,1,0,0,0,0,0,2,0,0,0,0,3
5,I,9,Italy x Sweden,Mixed,High Humidity,5-IS_M_D,3,11/15/21,3.22,0,0,0,0,0,0,0,0,0,0,0,0,0
5,I,9,Italy x Sweden,Mixed,High Humidity,5-IS_M_D,3,12/17/21,3.23,0,0,0,0,0,0,0,2,0,0,0,0,2
5,I,10,Italy x Sweden,Mixed,Litter,5-IS_M_F,1,6/12/19,1.01,4,0,0,0,0,0,NA,NA,NA,NA,NA,NA,4
5,I,10,Italy x Sweden,Mixed,Litter,5-IS_M_F,1,6/16/19,1.02,3,0,0,0,0,0,NA,NA,NA,NA,NA,NA,3
5,I,10,Italy x Sweden,Mixed,Litter,5-IS_M_F,1,6/26/19,1.03,0,0,0,0,0,0,NA,0,0,0,0,0,0
5,I,10,Italy x Sweden,Mixed,Litter,5-IS_M_F,1,7/3/19,1.04,0,0,0,0,0,0,NA,0,0,0,0,0,0
5,I,10,Italy x Sweden,Mixed,Litter,5-IS_M_F,1,7/10/19,1.05,NA,0,0,0,0,0,NA,0,0,0,0,0,0
5,I,10,Italy x Sweden,Mixed,Litter,5-IS_M_F,1,7/17/19,1.06,0,0,0,0,0,0,NA,0,0,0,0,0,0
5,I,10,Italy x Sweden,Mixed,Litter,5-IS_M_F,1,7/24/19,1.07,0,0,0,0,0,0,NA,0,0,0,0,0,0
5,I,10,Italy x Sweden,Mixed,Litter,5-IS_M_F,1,7/31/19,1.08,0,0,0,0,0,0,NA,0,0,0,0,0,0
5,I,10,Italy x Sweden,Mixed,Litter,5-IS_M_F,1,8/7/19,1.09,0,0,0,0,0,0,NA,0,0,0,0,0,0
5,I,10,Italy x Sweden,Mixed,Litter,5-IS_M_F,1,8/15/19,1.1,0,0,0,0,0,0,NA,0,0,0,0,0,0
5,I,10,Italy x Sweden,Mixed,Litter,5-IS_M_F,1,8/20/19,1.11,0,0,0,0,0,0,NA,0,0,0,0,0,0
5,I,10,Italy x Sweden,Mixed,Litter,5-IS_M_F,1,8/28/19,1.12,0,0,0,0,0,0,NA,0,0,0,0,0,0
5,I,10,Italy x Sweden,Mixed,Litter,5-IS_M_F,1,9/4/19,1.13,0,0,0,0,0,0,NA,0,0,0,0,0,0
5,I,10,Italy x Sweden,Mixed,Litter,5-IS_M_F,1,9/11/19,1.14,0,0,0,0,0,0,NA,0,0,0,0,0,0
5,I,10,Italy x Sweden,Mixed,Litter,5-IS_M_F,1,9/18/19,1.15,0,0,0,0,0,0,NA,0,0,0,0,0,0
5,I,10,Italy x Sweden,Mixed,Litter,5-IS_M_F,1,9/25/19,1.16,0,0,0,0,0,0,NA,0,0,0,0,0,0
5,I,10,Italy x Sweden,Mixed,Litter,5-IS_M_F,1,10/2/19,1.17,0,0,0,0,0,0,NA,0,0,0,0,0,0
5,I,10,Italy x Sweden,Mixed,Litter,5-IS_M_F,1,10/9/19,1.18,0,0,0,0,0,0,NA,0,0,0,0,0,0
5,I,10,Italy x Sweden,Mixed,Litter,5-IS_M_F,1,10/18/19,1.19,0,0,0,0,0,0,NA,NA,NA,NA,NA,0,0
5,I,10,Italy x Sweden,Mixed,Litter,5-IS_M_F,1,10/23/19,1.2,4,0,0,0,0,0,NA,NA,NA,NA,NA,0,4
5,I,10,Italy x Sweden,Mixed,Litter,5-IS_M_F,1,11/6/19,1.22,3,0,0,0,0,0,NA,NA,NA,NA,NA,0,3
5,I,10,Italy x Sweden,Mixed,Litter,5-IS_M_F,1,11/20/19,1.23,0,0,0,0,0,0,NA,NA,NA,NA,NA,0,0
5,I,10,Italy x Sweden,Mixed,Litter,5-IS_M_F,1,12/4/19,1.24,0,0,0,0,0,0,NA,NA,NA,NA,NA,0,0
5,I,10,Italy x Sweden,Mixed,Litter,5-IS_M_F,1,12/20/19,1.25,1,0,0,0,0,0,NA,0,0,0,0,0,1
5,I,10,Italy x Sweden,Mixed,Litter,5-IS_M_F,1,2/10/20,1.26,0,0,0,0,0,0,NA,NA,0,0,0,0,0
5,I,10,Italy x Sweden,Mixed,Litter,5-IS_M_F,1,3/2/20,1.27,0,0,0,0,0,0,NA,NA,0,0,0,0,0
5,I,10,Italy x Sweden,Mixed,Litter,5-IS_M_F,1,5/5/20,1.29,0,0,0,0,0,0,NA,0,0,0,0,0,0
5,I,10,Italy x Sweden,Mixed,Litter,5-IS_M_F,2,5/27/20,2.01,0,0,0,0,0,0,0,0,0,0,0,0,0
5,I,10,Italy x Sweden,Mixed,Litter,5-IS_M_F,2,6/4/20,2.02,0,0,0,0,0,0,0,0,0,0,0,0,0
5,I,10,Italy x Sweden,Mixed,Litter,5-IS_M_F,2,7/23/20,2.03,0,0,0,0,0,0,0,0,0,0,0,0,0
5,I,10,Italy x Sweden,Mixed,Litter,5-IS_M_F,2,8/7/20,2.04,0,0,0,0,0,0,0,0,0,0,0,0,0
5,I,10,Italy x Sweden,Mixed,Litter,5-IS_M_F,2,8/13/20,2.05,0,0,0,0,0,0,0,0,0,0,0,0,0
5,I,10,Italy x Sweden,Mixed,Litter,5-IS_M_F,2,8/18/20,2.06,0,0,0,0,0,0,0,0,0,0,0,0,0
5,I,10,Italy x Sweden,Mixed,Litter,5-IS_M_F,2,8/25/20,2.07,0,0,0,0,0,0,0,0,0,0,0,0,0
5,I,10,Italy x Sweden,Mixed,Litter,5-IS_M_F,2,9/4/20,2.08,0,0,0,0,0,0,35,0,0,0,0,0,35
5,I,10,Italy x Sweden,Mixed,Litter,5-IS_M_F,2,9/16/20,2.09,62,0,0,0,0,0,20,0,0,0,0,0,82
5,I,10,Italy x Sweden,Mixed,Litter,5-IS_M_F,2,10/2/20,2.1,0,0,0,0,0,0,0,0,0,0,0,0,0
5,I,10,Italy x Sweden,Mixed,Litter,5-IS_M_F,2,10/19/20,2.11,0,0,0,0,0,0,0,0,0,0,0,0,0
5,I,10,Italy x Sweden,Mixed,Litter,5-IS_M_F,2,11/6/20,2.12,0,0,0,0,0,0,0,0,0,0,0,0,0
5,I,10,Italy x Sweden,Mixed,Litter,5-IS_M_F,2,11/19/20,2.13,0,0,0,0,0,0,0,0,0,0,0,0,0
5,I,10,Italy x Sweden,Mixed,Litter,5-IS_M_F,2,12/4/20,2.14,0,0,0,0,0,0,0,0,0,0,0,0,0
5,I,10,Italy x Sweden,Mixed,Litter,5-IS_M_F,2,12/15/20,2.15,0,0,0,0,0,0,0,0,0,0,0,0,0
5,I,10,Italy x Sweden,Mixed,Litter,5-IS_M_F,2,1/14/21,2.16,0,0,0,0,0,0,0,0,0,0,0,0,0
5,I,10,Italy x Sweden,Mixed,Litter,5-IS_M_F,2,2/1/21,2.17,0,0,0,0,0,0,0,0,0,0,0,0,0
5,I,10,Italy x Sweden,Mixed,Litter,5-IS_M_F,2,2/25/21,2.18,0,0,0,0,0,0,0,0,0,0,0,0,0
5,I,10,Italy x Sweden,Mixed,Litter,5-IS_M_F,2,3/8/21,2.19,0,0,0,0,0,0,0,0,0,0,0,0,0
5,I,10,Italy x Sweden,Mixed,Litter,5-IS_M_F,2,3/26/21,2.2,0,0,0,0,0,0,0,0,0,0,0,0,0
5,I,10,Italy x Sweden,Mixed,Litter,5-IS_M_F,2,4/8/21,2.21,0,0,0,0,0,0,0,0,0,0,0,0,0
5,I,10,Italy x Sweden,Mixed,Litter,5-IS_M_F,3,8/17/21,3.14,0,0,0,0,0,0,0,0,0,0,0,0,0
5,I,10,Italy x Sweden,Mixed,Litter,5-IS_M_F,3,8/25/21,3.15,0,0,0,0,0,0,0,0,0,0,0,0,0
5,I,10,Italy x Sweden,Mixed,Litter,5-IS_M_F,3,9/2/21,3.16,0,0,0,0,0,0,0,0,0,0,0,0,0
5,I,10,Italy x Sweden,Mixed,Litter,5-IS_M_F,3,9/8/21,3.17,0,0,0,0,0,0,0,0,0,0,0,0,0
5,I,10,Italy x Sweden,Mixed,Litter,5-IS_M_F,3,9/15/21,3.18,0,0,0,0,0,0,0,0,0,0,0,0,0
5,I,10,Italy x Sweden,Mixed,Litter,5-IS_M_F,3,9/22/21,3.19,0,0,0,0,0,0,0,0,0,0,0,0,0
5,I,10,Italy x Sweden,Mixed,Litter,5-IS_M_F,3,10/3/21,3.2,6,0,0,0,0,0,13,0,0,0,0,0,19
5,I,10,Italy x Sweden,Mixed,Litter,5-IS_M_F,3,10/15/21,3.21,3,3,0,0,0,0,3,4,0,0,0,0,13
5,I,10,Italy x Sweden,Mixed,Litter,5-IS_M_F,3,11/15/21,3.22,0,0,0,0,0,0,0,1,0,0,0,0,1
5,I,10,Italy x Sweden,Mixed,Litter,5-IS_M_F,3,12/17/21,3.23,0,0,0,0,0,0,0,0,0,0,0,0,0
6,I,11,Italy x Sweden,Non-Dormant,Litter,6-IS_ND_F,1,6/12/19,1.01,0,0,0,0,0,0,NA,NA,NA,NA,NA,NA,0
6,I,11,Italy x Sweden,Non-Dormant,Litter,6-IS_ND_F,1,6/16/19,1.02,0,0,0,0,0,0,NA,NA,NA,NA,NA,NA,0
6,I,11,Italy x Sweden,Non-Dormant,Litter,6-IS_ND_F,1,6/26/19,1.03,0,0,0,0,0,0,NA,0,0,0,0,0,0
6,I,11,Italy x Sweden,Non-Dormant,Litter,6-IS_ND_F,1,7/3/19,1.04,0,0,0,0,0,0,NA,0,0,0,0,0,0
6,I,11,Italy x Sweden,Non-Dormant,Litter,6-IS_ND_F,1,7/10/19,1.05,NA,0,0,0,0,0,NA,0,0,0,0,0,0
6,I,11,Italy x Sweden,Non-Dormant,Litter,6-IS_ND_F,1,7/17/19,1.06,0,0,0,0,0,0,NA,0,0,0,0,0,0
6,I,11,Italy x Sweden,Non-Dormant,Litter,6-IS_ND_F,1,7/24/19,1.07,0,0,0,0,0,0,NA,0,0,0,0,0,0
6,I,11,Italy x Sweden,Non-Dormant,Litter,6-IS_ND_F,1,7/31/19,1.08,0,0,0,0,0,0,NA,0,0,0,0,0,0
6,I,11,Italy x Sweden,Non-Dormant,Litter,6-IS_ND_F,1,8/7/19,1.09,0,0,0,0,0,0,NA,0,0,0,0,0,0
6,I,11,Italy x Sweden,Non-Dormant,Litter,6-IS_ND_F,1,8/15/19,1.1,0,0,0,0,0,0,NA,0,0,0,0,0,0
6,I,11,Italy x Sweden,Non-Dormant,Litter,6-IS_ND_F,1,8/20/19,1.11,0,0,0,0,0,0,NA,0,0,0,0,0,0
6,I,11,Italy x Sweden,Non-Dormant,Litter,6-IS_ND_F,1,8/28/19,1.12,0,0,0,0,0,0,NA,0,0,0,0,0,0
6,I,11,Italy x Sweden,Non-Dormant,Litter,6-IS_ND_F,1,9/4/19,1.13,0,0,0,0,0,0,NA,0,0,0,0,0,0
6,I,11,Italy x Sweden,Non-Dormant,Litter,6-IS_ND_F,1,9/11/19,1.14,0,0,0,0,0,0,NA,0,0,0,0,0,0
6,I,11,Italy x Sweden,Non-Dormant,Litter,6-IS_ND_F,1,9/18/19,1.15,0,0,0,0,0,0,NA,0,0,0,0,0,0
6,I,11,Italy x Sweden,Non-Dormant,Litter,6-IS_ND_F,1,9/25/19,1.16,0,0,0,0,0,0,NA,0,0,0,0,0,0
6,I,11,Italy x Sweden,Non-Dormant,Litter,6-IS_ND_F,1,10/2/19,1.17,0,0,0,0,0,0,NA,0,0,0,0,0,0
6,I,11,Italy x Sweden,Non-Dormant,Litter,6-IS_ND_F,1,10/9/19,1.18,0,0,0,0,0,0,NA,0,0,0,0,0,0
6,I,11,Italy x Sweden,Non-Dormant,Litter,6-IS_ND_F,1,10/18/19,1.19,0,0,0,0,0,0,NA,NA,NA,NA,NA,0,0
6,I,11,Italy x Sweden,Non-Dormant,Litter,6-IS_ND_F,1,10/23/19,1.2,0,0,0,0,0,0,NA,NA,NA,NA,NA,0,0
6,I,11,Italy x Sweden,Non-Dormant,Litter,6-IS_ND_F,1,11/6/19,1.22,0,0,0,0,0,0,NA,NA,NA,NA,NA,0,0
6,I,11,Italy x Sweden,Non-Dormant,Litter,6-IS_ND_F,1,11/20/19,1.23,0,0,0,0,0,0,NA,NA,NA,NA,NA,0,0
6,I,11,Italy x Sweden,Non-Dormant,Litter,6-IS_ND_F,1,12/4/19,1.24,0,0,0,0,0,0,NA,NA,NA,NA,NA,0,0
6,I,11,Italy x Sweden,Non-Dormant,Litter,6-IS_ND_F,1,12/20/19,1.25,0,0,0,0,0,0,NA,0,0,0,0,0,0
6,I,11,Italy x Sweden,Non-Dormant,Litter,6-IS_ND_F,1,2/10/20,1.26,0,0,0,0,0,0,NA,NA,0,0,0,0,0
6,I,11,Italy x Sweden,Non-Dormant,Litter,6-IS_ND_F,1,3/2/20,1.27,0,0,0,0,0,0,NA,NA,0,0,0,0,0
6,I,11,Italy x Sweden,Non-Dormant,Litter,6-IS_ND_F,1,5/5/20,1.29,0,0,0,0,0,0,NA,0,0,0,0,0,0
6,I,11,Italy x Sweden,Non-Dormant,Litter,6-IS_ND_F,2,5/27/20,2.01,0,0,0,0,0,0,0,0,0,0,0,0,0
6,I,11,Italy x Sweden,Non-Dormant,Litter,6-IS_ND_F,2,6/4/20,2.02,0,0,0,0,0,0,0,0,0,0,0,0,0
6,I,11,Italy x Sweden,Non-Dormant,Litter,6-IS_ND_F,2,7/23/20,2.03,0,0,0,0,0,0,0,0,0,0,0,0,0
6,I,11,Italy x Sweden,Non-Dormant,Litter,6-IS_ND_F,2,8/7/20,2.04,0,0,0,0,0,0,0,0,0,0,0,0,0
6,I,11,Italy x Sweden,Non-Dormant,Litter,6-IS_ND_F,2,8/13/20,2.05,0,0,0,0,0,0,0,0,0,0,0,0,0
6,I,11,Italy x Sweden,Non-Dormant,Litter,6-IS_ND_F,2,8/18/20,2.06,0,0,0,0,0,0,0,0,0,0,0,0,0
6,I,11,Italy x Sweden,Non-Dormant,Litter,6-IS_ND_F,2,8/25/20,2.07,0,0,0,0,0,0,0,0,0,0,0,0,0
6,I,11,Italy x Sweden,Non-Dormant,Litter,6-IS_ND_F,2,9/4/20,2.08,7,0,0,0,0,0,50,0,0,0,0,0,57
6,I,11,Italy x Sweden,Non-Dormant,Litter,6-IS_ND_F,2,9/16/20,2.09,0,0,0,0,0,0,0,0,0,0,0,0,0
6,I,11,Italy x Sweden,Non-Dormant,Litter,6-IS_ND_F,2,10/2/20,2.1,0,0,0,0,0,0,0,0,0,0,0,0,0
6,I,11,Italy x Sweden,Non-Dormant,Litter,6-IS_ND_F,2,10/19/20,2.11,0,0,0,0,0,0,0,0,0,0,0,0,0
6,I,11,Italy x Sweden,Non-Dormant,Litter,6-IS_ND_F,2,11/6/20,2.12,0,0,0,0,0,0,0,0,0,0,0,0,0
6,I,11,Italy x Sweden,Non-Dormant,Litter,6-IS_ND_F,2,11/19/20,2.13,0,0,0,0,0,0,0,0,0,0,0,0,0
6,I,11,Italy x Sweden,Non-Dormant,Litter,6-IS_ND_F,2,12/4/20,2.14,0,0,0,0,0,0,0,0,0,0,0,0,0
6,I,11,Italy x Sweden,Non-Dormant,Litter,6-IS_ND_F,2,12/15/20,2.15,0,0,0,0,0,0,0,0,0,0,0,0,0
6,I,11,Italy x Sweden,Non-Dormant,Litter,6-IS_ND_F,2,1/14/21,2.16,0,0,0,0,0,0,0,0,0,0,0,0,0
6,I,11,Italy x Sweden,Non-Dormant,Litter,6-IS_ND_F,2,2/1/21,2.17,0,0,0,0,0,0,0,0,0,0,0,0,0
6,I,11,Italy x Sweden,Non-Dormant,Litter,6-IS_ND_F,2,2/25/21,2.18,0,0,0,0,0,0,0,0,0,0,0,0,0
6,I,11,Italy x Sweden,Non-Dormant,Litter,6-IS_ND_F,2,3/8/21,2.19,0,0,0,0,0,0,0,0,0,0,0,0,0
6,I,11,Italy x Sweden,Non-Dormant,Litter,6-IS_ND_F,2,3/26/21,2.2,0,0,0,0,0,0,0,0,0,0,0,0,0
6,I,11,Italy x Sweden,Non-Dormant,Litter,6-IS_ND_F,2,4/8/21,2.21,0,0,0,0,0,0,0,0,0,0,0,0,0
6,I,11,Italy x Sweden,Non-Dormant,Litter,6-IS_ND_F,3,8/17/21,3.14,0,0,0,0,0,0,0,0,0,0,0,0,0
6,I,11,Italy x Sweden,Non-Dormant,Litter,6-IS_ND_F,3,8/25/21,3.15,0,0,0,0,0,0,0,0,0,0,0,0,0
6,I,11,Italy x Sweden,Non-Dormant,Litter,6-IS_ND_F,3,9/2/21,3.16,0,0,0,0,0,0,0,0,0,0,0,0,0
6,I,11,Italy x Sweden,Non-Dormant,Litter,6-IS_ND_F,3,9/8/21,3.17,0,0,0,0,0,0,0,0,0,0,0,0,0
6,I,11,Italy x Sweden,Non-Dormant,Litter,6-IS_ND_F,3,9/15/21,3.18,0,0,0,0,0,0,0,0,0,0,0,0,0
6,I,11,Italy x Sweden,Non-Dormant,Litter,6-IS_ND_F,3,9/22/21,3.19,0,0,0,0,0,0,0,0,0,0,0,0,0
6,I,11,Italy x Sweden,Non-Dormant,Litter,6-IS_ND_F,3,10/3/21,3.2,0,0,0,0,0,0,0,0,0,0,0,0,0
6,I,11,Italy x Sweden,Non-Dormant,Litter,6-IS_ND_F,3,10/15/21,3.21,0,1,0,0,0,0,0,2,0,0,0,0,3
6,I,11,Italy x Sweden,Non-Dormant,Litter,6-IS_ND_F,3,11/15/21,3.22,0,0,0,0,0,0,0,0,0,0,0,0,0
6,I,11,Italy x Sweden,Non-Dormant,Litter,6-IS_ND_F,3,12/17/21,3.23,0,0,0,0,0,0,0,0,0,0,0,0,0
6,I,12,Italy x Sweden,Non-Dormant,High Humidity,6-IS_ND_D,1,6/12/19,1.01,14,0,0,0,0,0,NA,NA,NA,NA,NA,NA,14
6,I,12,Italy x Sweden,Non-Dormant,High Humidity,6-IS_ND_D,1,6/16/19,1.02,5,0,0,0,0,0,NA,NA,NA,NA,NA,NA,5
6,I,12,Italy x Sweden,Non-Dormant,High Humidity,6-IS_ND_D,1,6/26/19,1.03,0,0,0,0,0,0,NA,0,0,0,0,0,0
6,I,12,Italy x Sweden,Non-Dormant,High Humidity,6-IS_ND_D,1,7/3/19,1.04,0,0,0,0,0,0,NA,0,0,0,0,0,0
6,I,12,Italy x Sweden,Non-Dormant,High Humidity,6-IS_ND_D,1,7/10/19,1.05,NA,0,0,0,0,0,NA,0,0,0,0,0,0
6,I,12,Italy x Sweden,Non-Dormant,High Humidity,6-IS_ND_D,1,7/17/19,1.06,0,0,0,0,0,0,NA,0,0,0,0,0,0
6,I,12,Italy x Sweden,Non-Dormant,High Humidity,6-IS_ND_D,1,7/24/19,1.07,0,0,0,0,0,0,NA,0,0,0,0,0,0
6,I,12,Italy x Sweden,Non-Dormant,High Humidity,6-IS_ND_D,1,7/31/19,1.08,0,0,0,0,0,0,NA,0,0,0,0,0,0
6,I,12,Italy x Sweden,Non-Dormant,High Humidity,6-IS_ND_D,1,8/7/19,1.09,0,0,0,0,0,0,NA,0,0,0,0,0,0
6,I,12,Italy x Sweden,Non-Dormant,High Humidity,6-IS_ND_D,1,8/15/19,1.1,0,0,0,0,0,0,NA,0,0,0,0,0,0
6,I,12,Italy x Sweden,Non-Dormant,High Humidity,6-IS_ND_D,1,8/20/19,1.11,0,0,0,0,0,0,NA,0,0,0,0,0,0
6,I,12,Italy x Sweden,Non-Dormant,High Humidity,6-IS_ND_D,1,8/28/19,1.12,0,0,0,0,0,0,NA,0,0,0,0,0,0
6,I,12,Italy x Sweden,Non-Dormant,High Humidity,6-IS_ND_D,1,9/4/19,1.13,0,0,0,0,0,0,NA,0,0,0,0,0,0
6,I,12,Italy x Sweden,Non-Dormant,High Humidity,6-IS_ND_D,1,9/11/19,1.14,0,0,0,0,0,0,NA,0,0,0,0,0,0
6,I,12,Italy x Sweden,Non-Dormant,High Humidity,6-IS_ND_D,1,9/18/19,1.15,0,0,0,0,0,0,NA,0,0,0,0,0,0
6,I,12,Italy x Sweden,Non-Dormant,High Humidity,6-IS_ND_D,1,9/25/19,1.16,0,0,0,0,0,0,NA,0,0,0,0,0,0
6,I,12,Italy x Sweden,Non-Dormant,High Humidity,6-IS_ND_D,1,10/2/19,1.17,0,0,0,0,0,0,NA,0,0,0,0,0,0
6,I,12,Italy x Sweden,Non-Dormant,High Humidity,6-IS_ND_D,1,10/9/19,1.18,0,0,0,0,0,0,NA,0,0,0,0,0,0
6,I,12,Italy x Sweden,Non-Dormant,High Humidity,6-IS_ND_D,1,10/18/19,1.19,0,0,0,0,0,0,NA,NA,NA,NA,NA,0,0
6,I,12,Italy x Sweden,Non-Dormant,High Humidity,6-IS_ND_D,1,10/23/19,1.2,2,0,0,0,0,0,NA,NA,NA,NA,NA,0,2
6,I,12,Italy x Sweden,Non-Dormant,High Humidity,6-IS_ND_D,1,11/6/19,1.22,0,1,0,0,0,0,NA,NA,NA,NA,NA,0,1
6,I,12,Italy x Sweden,Non-Dormant,High Humidity,6-IS_ND_D,1,11/20/19,1.23,0,1,0,0,0,0,NA,NA,NA,NA,NA,0,1
6,I,12,Italy x Sweden,Non-Dormant,High Humidity,6-IS_ND_D,1,12/4/19,1.24,0,0,0,0,0,0,NA,NA,NA,NA,NA,0,0
6,I,12,Italy x Sweden,Non-Dormant,High Humidity,6-IS_ND_D,1,12/20/19,1.25,0,0,0,0,0,0,NA,0,0,0,0,0,0
6,I,12,Italy x Sweden,Non-Dormant,High Humidity,6-IS_ND_D,1,2/10/20,1.26,0,0,0,0,0,0,NA,NA,0,0,0,0,0
6,I,12,Italy x Sweden,Non-Dormant,High Humidity,6-IS_ND_D,1,3/2/20,1.27,0,0,0,0,0,0,NA,NA,0,0,0,0,0
6,I,12,Italy x Sweden,Non-Dormant,High Humidity,6-IS_ND_D,1,5/5/20,1.29,0,0,0,0,0,0,NA,0,0,0,0,0,0
6,I,12,Italy x Sweden,Non-Dormant,High Humidity,6-IS_ND_D,2,5/27/20,2.01,12,0,0,0,0,0,18,0,0,0,0,0,30
6,I,12,Italy x Sweden,Non-Dormant,High Humidity,6-IS_ND_D,2,6/4/20,2.02,0,0,0,0,0,0,0,0,0,0,0,0,0
6,I,12,Italy x Sweden,Non-Dormant,High Humidity,6-IS_ND_D,2,7/23/20,2.03,0,0,0,0,0,0,0,0,0,0,0,0,0
6,I,12,Italy x Sweden,Non-Dormant,High Humidity,6-IS_ND_D,2,8/7/20,2.04,0,0,0,0,0,0,0,0,0,0,0,0,0
6,I,12,Italy x Sweden,Non-Dormant,High Humidity,6-IS_ND_D,2,8/13/20,2.05,0,0,0,0,0,0,0,0,0,0,0,0,0
6,I,12,Italy x Sweden,Non-Dormant,High Humidity,6-IS_ND_D,2,8/18/20,2.06,0,0,0,0,0,0,0,0,0,0,0,0,0
6,I,12,Italy x Sweden,Non-Dormant,High Humidity,6-IS_ND_D,2,8/25/20,2.07,0,0,0,0,0,0,0,0,0,0,0,0,0
6,I,12,Italy x Sweden,Non-Dormant,High Humidity,6-IS_ND_D,2,9/4/20,2.08,4,0,0,0,0,0,5,0,0,0,0,0,9
6,I,12,Italy x Sweden,Non-Dormant,High Humidity,6-IS_ND_D,2,9/16/20,2.09,0,0,0,0,0,0,0,0,0,0,0,0,0
6,I,12,Italy x Sweden,Non-Dormant,High Humidity,6-IS_ND_D,2,10/2/20,2.1,0,0,0,0,0,0,0,0,0,0,0,0,0
6,I,12,Italy x Sweden,Non-Dormant,High Humidity,6-IS_ND_D,2,10/19/20,2.11,0,0,0,0,0,0,0,0,0,0,0,0,0
6,I,12,Italy x Sweden,Non-Dormant,High Humidity,6-IS_ND_D,2,11/6/20,2.12,0,0,0,0,0,0,0,0,0,0,0,0,0
6,I,12,Italy x Sweden,Non-Dormant,High Humidity,6-IS_ND_D,2,11/19/20,2.13,0,0,0,0,0,0,0,0,0,0,0,0,0
6,I,12,Italy x Sweden,Non-Dormant,High Humidity,6-IS_ND_D,2,12/4/20,2.14,0,0,0,0,0,0,0,0,0,0,0,0,0
6,I,12,Italy x Sweden,Non-Dormant,High Humidity,6-IS_ND_D,2,12/15/20,2.15,0,0,0,0,0,0,0,0,0,0,0,0,0
6,I,12,Italy x Sweden,Non-Dormant,High Humidity,6-IS_ND_D,2,1/14/21,2.16,0,0,0,0,0,0,0,0,0,0,0,0,0
6,I,12,Italy x Sweden,Non-Dormant,High Humidity,6-IS_ND_D,2,2/1/21,2.17,0,0,0,0,0,0,0,0,0,0,0,0,0
6,I,12,Italy x Sweden,Non-Dormant,High Humidity,6-IS_ND_D,2,2/25/21,2.18,0,0,0,0,0,0,0,0,0,0,0,0,0
6,I,12,Italy x Sweden,Non-Dormant,High Humidity,6-IS_ND_D,2,3/8/21,2.19,0,0,0,0,0,0,0,0,0,0,0,0,0
6,I,12,Italy x Sweden,Non-Dormant,High Humidity,6-IS_ND_D,2,3/26/21,2.2,0,0,0,0,0,0,0,0,0,0,0,0,0
6,I,12,Italy x Sweden,Non-Dormant,High Humidity,6-IS_ND_D,2,4/8/21,2.21,0,0,0,0,0,0,0,0,0,0,0,0,0
6,I,12,Italy x Sweden,Non-Dormant,High Humidity,6-IS_ND_D,3,8/17/21,3.14,0,0,0,0,0,0,0,0,0,0,0,0,0
6,I,12,Italy x Sweden,Non-Dormant,High Humidity,6-IS_ND_D,3,8/25/21,3.15,0,0,0,0,0,0,0,0,0,0,0,0,0
6,I,12,Italy x Sweden,Non-Dormant,High Humidity,6-IS_ND_D,3,9/2/21,3.16,0,0,0,0,0,0,0,0,0,0,0,0,0
6,I,12,Italy x Sweden,Non-Dormant,High Humidity,6-IS_ND_D,3,9/8/21,3.17,0,0,0,0,0,0,0,0,0,0,0,0,0
6,I,12,Italy x Sweden,Non-Dormant,High Humidity,6-IS_ND_D,3,9/15/21,3.18,0,0,0,0,0,0,0,0,0,0,0,0,0
6,I,12,Italy x Sweden,Non-Dormant,High Humidity,6-IS_ND_D,3,9/22/21,3.19,0,0,0,0,0,0,0,0,0,0,0,0,0
6,I,12,Italy x Sweden,Non-Dormant,High Humidity,6-IS_ND_D,3,10/3/21,3.2,0,0,0,0,0,0,0,0,0,0,0,0,0
6,I,12,Italy x Sweden,Non-Dormant,High Humidity,6-IS_ND_D,3,10/15/21,3.21,1,0,0,0,0,0,0,0,0,0,0,0,1
6,I,12,Italy x Sweden,Non-Dormant,High Humidity,6-IS_ND_D,3,11/15/21,3.22,0,0,0,0,0,0,0,0,0,0,0,0,0
6,I,12,Italy x Sweden,Non-Dormant,High Humidity,6-IS_ND_D,3,12/17/21,3.23,0,1,0,0,0,0,0,1,0,0,0,0,2
4,J,2,Italy x Sweden,Dormant,Native Soil,4-IS-D-Soil,1,6/12/19,1.01,1,0,0,0,0,0,NA,NA,NA,NA,NA,NA,1
4,J,2,Italy x Sweden,Dormant,Native Soil,4-IS-D-Soil,1,6/16/19,1.02,0,0,0,0,0,0,NA,NA,NA,NA,NA,NA,0
4,J,2,Italy x Sweden,Dormant,Native Soil,4-IS-D-Soil,1,6/26/19,1.03,0,0,0,0,0,0,NA,0,0,0,0,0,0
4,J,2,Italy x Sweden,Dormant,Native Soil,4-IS-D-Soil,1,7/3/19,1.04,0,0,0,0,0,0,NA,0,0,0,0,0,0
4,J,2,Italy x Sweden,Dormant,Native Soil,4-IS-D-Soil,1,7/10/19,1.05,NA,0,0,0,0,0,NA,0,0,0,0,0,0
4,J,2,Italy x Sweden,Dormant,Native Soil,4-IS-D-Soil,1,7/17/19,1.06,0,0,0,0,0,0,NA,0,0,0,0,0,0
4,J,2,Italy x Sweden,Dormant,Native Soil,4-IS-D-Soil,1,7/24/19,1.07,0,0,0,0,0,0,NA,0,0,0,0,0,0
4,J,2,Italy x Sweden,Dormant,Native Soil,4-IS-D-Soil,1,7/31/19,1.08,0,0,0,0,0,0,NA,0,0,0,0,0,0
4,J,2,Italy x Sweden,Dormant,Native Soil,4-IS-D-Soil,1,8/7/19,1.09,0,0,0,0,0,0,NA,0,0,0,0,0,0
4,J,2,Italy x Sweden,Dormant,Native Soil,4-IS-D-Soil,1,8/15/19,1.1,0,0,0,0,0,0,NA,0,0,0,0,0,0
4,J,2,Italy x Sweden,Dormant,Native Soil,4-IS-D-Soil,1,8/20/19,1.11,0,0,0,0,0,0,NA,0,0,0,0,0,0
4,J,2,Italy x Sweden,Dormant,Native Soil,4-IS-D-Soil,1,8/28/19,1.12,0,0,0,0,0,0,NA,0,0,0,0,0,0
4,J,2,Italy x Sweden,Dormant,Native Soil,4-IS-D-Soil,1,9/4/19,1.13,0,0,0,0,0,0,NA,0,0,0,0,0,0
4,J,2,Italy x Sweden,Dormant,Native Soil,4-IS-D-Soil,1,9/11/19,1.14,0,0,0,0,0,0,NA,0,0,0,0,0,0
4,J,2,Italy x Sweden,Dormant,Native Soil,4-IS-D-Soil,1,9/18/19,1.15,0,0,0,0,0,0,NA,0,0,0,0,0,0
4,J,2,Italy x Sweden,Dormant,Native Soil,4-IS-D-Soil,1,9/25/19,1.16,0,0,0,0,0,0,NA,0,0,0,0,0,0
4,J,2,Italy x Sweden,Dormant,Native Soil,4-IS-D-Soil,1,10/2/19,1.17,0,0,0,0,0,0,NA,0,0,0,0,0,0
4,J,2,Italy x Sweden,Dormant,Native Soil,4-IS-D-Soil,1,10/9/19,1.18,0,0,0,0,0,0,NA,0,0,0,0,0,0
4,J,2,Italy x Sweden,Dormant,Native Soil,4-IS-D-Soil,1,10/18/19,1.19,0,0,0,0,0,0,NA,NA,NA,NA,NA,0,0
4,J,2,Italy x Sweden,Dormant,Native Soil,4-IS-D-Soil,1,10/23/19,1.2,9,0,0,0,0,0,NA,NA,NA,NA,NA,0,9
4,J,2,Italy x Sweden,Dormant,Native Soil,4-IS-D-Soil,1,11/6/19,1.22,1,13,0,0,0,0,NA,NA,NA,NA,NA,0,14
4,J,2,Italy x Sweden,Dormant,Native Soil,4-IS-D-Soil,1,11/20/19,1.23,0,16,0,0,0,0,NA,NA,NA,NA,NA,0,16
4,J,2,Italy x Sweden,Dormant,Native Soil,4-IS-D-Soil,1,12/4/19,1.24,0,17,0,0,0,0,NA,NA,NA,NA,NA,0,17
4,J,2,Italy x Sweden,Dormant,Native Soil,4-IS-D-Soil,1,12/20/19,1.25,5,18,0,0,0,0,NA,30,0,0,0,0,53
4,J,2,Italy x Sweden,Dormant,Native Soil,4-IS-D-Soil,1,2/10/20,1.26,0,2,0,10,8,0,NA,NA,1,5,10,0,36
4,J,2,Italy x Sweden,Dormant,Native Soil,4-IS-D-Soil,1,3/2/20,1.27,0,0,0,4,9,0,NA,NA,0,4,19,0,36
4,J,2,Italy x Sweden,Dormant,Native Soil,4-IS-D-Soil,1,5/5/20,1.29,0,0,0,0,0,22,NA,0,0,0,0,20,42
4,J,2,Italy x Sweden,Dormant,Native Soil,4-IS-D-Soil,2,5/27/20,2.01,2,0,0,0,0,0,3,0,0,0,0,0,5
4,J,2,Italy x Sweden,Dormant,Native Soil,4-IS-D-Soil,2,6/4/20,2.02,0,0,0,0,0,0,0,0,0,0,0,0,0
4,J,2,Italy x Sweden,Dormant,Native Soil,4-IS-D-Soil,2,7/23/20,2.03,0,0,0,0,0,0,0,0,0,0,0,0,0
4,J,2,Italy x Sweden,Dormant,Native Soil,4-IS-D-Soil,2,8/7/20,2.04,0,0,0,0,0,0,0,0,0,0,0,0,0
4,J,2,Italy x Sweden,Dormant,Native Soil,4-IS-D-Soil,2,8/13/20,2.05,0,0,0,0,0,0,0,0,0,0,0,0,0
4,J,2,Italy x Sweden,Dormant,Native Soil,4-IS-D-Soil,2,8/18/20,2.06,0,0,0,0,0,0,0,0,0,0,0,0,0
4,J,2,Italy x Sweden,Dormant,Native Soil,4-IS-D-Soil,2,8/25/20,2.07,0,0,0,0,0,0,0,0,0,0,0,0,0
4,J,2,Italy x Sweden,Dormant,Native Soil,4-IS-D-Soil,2,9/10/20,2.08,NA,NA,0,0,0,NA,NA,NA,0,0,0,NA,0
4,J,2,Italy x Sweden,Dormant,Native Soil,4-IS-D-Soil,2,9/18/20,2.09,0,0,0,0,0,0,0,0,0,0,0,0,0
4,J,2,Italy x Sweden,Dormant,Native Soil,4-IS-D-Soil,2,10/2/20,2.1,0,0,0,0,0,0,0,0,0,0,0,0,0
4,J,2,Italy x Sweden,Dormant,Native Soil,4-IS-D-Soil,2,10/19/20,2.11,0,0,0,0,0,0,0,0,0,0,0,0,0
4,J,2,Italy x Sweden,Dormant,Native Soil,4-IS-D-Soil,2,10/30/20,2.12,0,0,0,0,0,0,0,0,0,0,0,0,0
4,J,2,Italy x Sweden,Dormant,Native Soil,4-IS-D-Soil,2,11/13/20,2.13,13,10,0,0,0,0,10,5,0,0,0,0,38
4,J,2,Italy x Sweden,Dormant,Native Soil,4-IS-D-Soil,2,12/4/20,2.14,14,18,0,0,0,0,10,10,0,0,0,0,52
4,J,2,Italy x Sweden,Dormant,Native Soil,4-IS-D-Soil,2,12/17/20,2.15,20,19,0,0,0,0,19,26,0,0,0,0,84
4,J,2,Italy x Sweden,Dormant,Native Soil,4-IS-D-Soil,2,1/15/21,2.16,2,6,0,0,0,0,9,22,0,0,0,0,39
4,J,2,Italy x Sweden,Dormant,Native Soil,4-IS-D-Soil,2,2/1/21,2.17,0,0,0,0,0,0,0,5,0,0,0,0,5
4,J,2,Italy x Sweden,Dormant,Native Soil,4-IS-D-Soil,2,2/25/21,2.18,0,0,0,0,0,0,0,3,0,0,0,0,3
4,J,2,Italy x Sweden,Dormant,Native Soil,4-IS-D-Soil,2,3/8/21,2.19,0,0,0,0,0,0,0,1,1,0,0,0,2
4,J,2,Italy x Sweden,Dormant,Native Soil,4-IS-D-Soil,2,3/25/21,2.2,0,0,0,0,0,0,0,0,0,0,1,0,1
4,J,2,Italy x Sweden,Dormant,Native Soil,4-IS-D-Soil,2,4/8/21,2.21,0,0,0,0,0,0,0,0,0,0,1,0,1
4,J,2,Italy x Sweden,Dormant,Native Soil,4-IS-D-Soil,3,8/17/21,3.14,0,0,0,0,0,0,0,0,0,0,0,0,0
4,J,2,Italy x Sweden,Dormant,Native Soil,4-IS-D-Soil,3,8/25/21,3.15,0,0,0,0,0,0,0,0,0,0,0,0,0
4,J,2,Italy x Sweden,Dormant,Native Soil,4-IS-D-Soil,3,9/2/21,3.16,0,0,0,0,0,0,0,0,0,0,0,0,0
4,J,2,Italy x Sweden,Dormant,Native Soil,4-IS-D-Soil,3,9/8/21,3.17,0,0,0,0,0,0,0,0,0,0,0,0,0
4,J,2,Italy x Sweden,Dormant,Native Soil,4-IS-D-Soil,3,9/15/21,3.18,0,0,0,0,0,0,0,0,0,0,0,0,0
4,J,2,Italy x Sweden,Dormant,Native Soil,4-IS-D-Soil,3,9/22/21,3.19,0,0,0,0,0,0,0,0,0,0,0,0,0
4,J,2,Italy x Sweden,Dormant,Native Soil,4-IS-D-Soil,3,10/1/21,3.2,1,0,0,0,0,0,69,0,0,0,0,0,70
4,J,2,Italy x Sweden,Dormant,Native Soil,4-IS-D-Soil,3,10/13/21,3.21,70,4,0,0,0,0,160,15,0,0,0,0,249
4,J,2,Italy x Sweden,Dormant,Native Soil,4-IS-D-Soil,3,11/12/21,3.22,1,6,0,0,0,0,24,77,0,0,0,0,108
4,J,2,Italy x Sweden,Dormant,Native Soil,4-IS-D-Soil,3,12/17/21,3.23,3,8,0,0,0,0,8,80,0,0,0,0,99
4,J,3,UK x USA,Mixed,Control,4-TC_M_C,1,6/12/19,1.01,NA,NA,NA,NA,NA,NA,NA,NA,NA,NA,NA,NA,NA
4,J,3,UK x USA,Mixed,Control,4-TC_M_C,1,6/16/19,1.02,NA,NA,NA,NA,NA,NA,NA,NA,NA,NA,NA,NA,NA
4,J,3,UK x USA,Mixed,Control,4-TC_M_C,1,6/26/19,1.03,NA,NA,NA,NA,NA,NA,NA,NA,NA,NA,NA,NA,NA
4,J,3,UK x USA,Mixed,Control,4-TC_M_C,1,7/3/19,1.04,NA,NA,NA,NA,NA,NA,NA,NA,NA,NA,NA,NA,NA
4,J,3,UK x USA,Mixed,Control,4-TC_M_C,1,7/10/19,1.05,NA,NA,NA,NA,NA,NA,NA,NA,NA,NA,NA,NA,NA
4,J,3,UK x USA,Mixed,Control,4-TC_M_C,1,7/17/19,1.06,0,0,0,0,0,0,NA,0,0,0,0,0,0
4,J,3,UK x USA,Mixed,Control,4-TC_M_C,1,7/24/19,1.07,0,0,0,0,0,0,NA,0,0,0,0,0,0
4,J,3,UK x USA,Mixed,Control,4-TC_M_C,1,7/31/19,1.08,0,0,0,0,0,0,NA,0,0,0,0,0,0
4,J,3,UK x USA,Mixed,Control,4-TC_M_C,1,8/7/19,1.09,0,0,0,0,0,0,NA,0,0,0,0,0,0
4,J,3,UK x USA,Mixed,Control,4-TC_M_C,1,8/15/19,1.1,0,0,0,0,0,0,NA,0,0,0,0,0,0
4,J,3,UK x USA,Mixed,Control,4-TC_M_C,1,8/20/19,1.11,0,0,0,0,0,0,NA,0,0,0,0,0,0
4,J,3,UK x USA,Mixed,Control,4-TC_M_C,1,8/28/19,1.12,0,0,0,0,0,0,NA,0,0,0,0,0,0
4,J,3,UK x USA,Mixed,Control,4-TC_M_C,1,9/4/19,1.13,0,0,0,0,0,0,NA,0,0,0,0,0,0
4,J,3,UK x USA,Mixed,Control,4-TC_M_C,1,9/11/19,1.14,0,0,0,0,0,0,NA,0,0,0,0,0,0
4,J,3,UK x USA,Mixed,Control,4-TC_M_C,1,9/18/19,1.15,0,0,0,0,0,0,NA,0,0,0,0,0,0
4,J,3,UK x USA,Mixed,Control,4-TC_M_C,1,9/25/19,1.16,0,0,0,0,0,0,NA,0,0,0,0,0,0
4,J,3,UK x USA,Mixed,Control,4-TC_M_C,1,10/2/19,1.17,0,0,0,0,0,0,NA,0,0,0,0,0,0
4,J,3,UK x USA,Mixed,Control,4-TC_M_C,1,10/9/19,1.18,0,0,0,0,0,0,NA,0,0,0,0,0,0
4,J,3,UK x USA,Mixed,Control,4-TC_M_C,1,10/18/19,1.19,0,0,0,0,0,0,NA,NA,NA,NA,NA,0,0
4,J,3,UK x USA,Mixed,Control,4-TC_M_C,1,10/23/19,1.2,11,0,0,0,0,0,NA,NA,NA,NA,NA,0,11
4,J,3,UK x USA,Mixed,Control,4-TC_M_C,1,11/6/19,1.22,2,0,0,0,0,0,NA,NA,NA,NA,NA,0,2
4,J,3,UK x USA,Mixed,Control,4-TC_M_C,1,11/20/19,1.23,0,0,0,0,0,0,NA,NA,NA,NA,NA,0,0
4,J,3,UK x USA,Mixed,Control,4-TC_M_C,1,12/4/19,1.24,0,0,0,0,0,0,NA,NA,NA,NA,NA,0,0
4,J,3,UK x USA,Mixed,Control,4-TC_M_C,1,12/20/19,1.25,0,0,0,0,0,0,NA,0,0,0,0,0,0
4,J,3,UK x USA,Mixed,Control,4-TC_M_C,1,2/10/20,1.26,0,0,0,0,0,0,NA,NA,0,0,0,0,0
4,J,3,UK x USA,Mixed,Control,4-TC_M_C,1,3/2/20,1.27,0,0,0,0,0,0,NA,NA,0,0,0,0,0
4,J,3,UK x USA,Mixed,Control,4-TC_M_C,1,5/5/20,1.29,0,0,0,0,0,0,NA,0,0,0,0,2,2
4,J,3,UK x USA,Mixed,Control,4-TC_M_C,2,5/27/20,2.01,1,0,0,0,0,0,0,0,0,0,0,0,1
4,J,3,UK x USA,Mixed,Control,4-TC_M_C,2,6/4/20,2.02,0,0,0,0,0,0,0,0,0,0,0,0,0
4,J,3,UK x USA,Mixed,Control,4-TC_M_C,2,7/23/20,2.03,0,0,0,0,0,0,0,0,0,0,0,0,0
4,J,3,UK x USA,Mixed,Control,4-TC_M_C,2,8/7/20,2.04,0,0,0,0,0,0,0,0,0,0,0,0,0
4,J,3,UK x USA,Mixed,Control,4-TC_M_C,2,8/13/20,2.05,0,0,0,0,0,0,0,0,0,0,0,0,0
4,J,3,UK x USA,Mixed,Control,4-TC_M_C,2,8/18/20,2.06,0,0,0,0,0,0,0,0,0,0,0,0,0
4,J,3,UK x USA,Mixed,Control,4-TC_M_C,2,8/25/20,2.07,0,0,0,0,0,0,0,0,0,0,0,0,0
4,J,3,UK x USA,Mixed,Control,4-TC_M_C,2,9/10/20,2.08,0,0,0,0,0,0,0,0,0,0,0,0,0
4,J,3,UK x USA,Mixed,Control,4-TC_M_C,2,9/18/20,2.09,0,0,0,0,0,0,0,0,0,0,0,0,0
4,J,3,UK x USA,Mixed,Control,4-TC_M_C,2,10/2/20,2.1,0,0,0,0,0,0,0,0,0,0,0,0,0
4,J,3,UK x USA,Mixed,Control,4-TC_M_C,2,10/19/20,2.11,0,0,0,0,0,0,0,0,0,0,0,0,0
4,J,3,UK x USA,Mixed,Control,4-TC_M_C,2,10/30/20,2.12,0,0,0,0,0,0,0,0,0,0,0,0,0
4,J,3,UK x USA,Mixed,Control,4-TC_M_C,2,11/13/20,2.13,0,0,0,0,0,0,0,0,0,0,0,0,0
4,J,3,UK x USA,Mixed,Control,4-TC_M_C,2,12/4/20,2.14,0,0,0,0,0,0,0,0,0,0,0,0,0
4,J,3,UK x USA,Mixed,Control,4-TC_M_C,2,12/17/20,2.15,0,0,0,0,0,0,0,0,0,0,0,0,0
4,J,3,UK x USA,Mixed,Control,4-TC_M_C,2,1/15/21,2.16,0,0,0,0,0,0,0,0,0,0,0,0,0
4,J,3,UK x USA,Mixed,Control,4-TC_M_C,2,2/1/21,2.17,0,0,0,0,0,0,0,0,0,0,0,0,0
4,J,3,UK x USA,Mixed,Control,4-TC_M_C,2,2/25/21,2.18,0,0,0,0,0,0,0,0,0,0,0,0,0
4,J,3,UK x USA,Mixed,Control,4-TC_M_C,2,3/8/21,2.19,0,0,0,0,0,0,0,0,0,0,0,0,0
4,J,3,UK x USA,Mixed,Control,4-TC_M_C,2,3/25/21,2.2,0,0,0,0,0,0,0,0,0,0,0,0,0
4,J,3,UK x USA,Mixed,Control,4-TC_M_C,2,4/8/21,2.21,0,0,0,0,0,0,0,0,0,0,0,0,0
4,J,3,UK x USA,Mixed,Control,4-TC_M_C,3,8/17/21,3.14,0,0,0,0,0,0,0,0,0,0,0,0,0
4,J,3,UK x USA,Mixed,Control,4-TC_M_C,3,8/25/21,3.15,0,0,0,0,0,0,0,0,0,0,0,0,0
4,J,3,UK x USA,Mixed,Control,4-TC_M_C,3,9/2/21,3.16,0,0,0,0,0,0,0,0,0,0,0,0,0
4,J,3,UK x USA,Mixed,Control,4-TC_M_C,3,9/8/21,3.17,0,0,0,0,0,0,0,0,0,0,0,0,0
4,J,3,UK x USA,Mixed,Control,4-TC_M_C,3,9/15/21,3.18,0,0,0,0,0,0,0,0,0,0,0,0,0
4,J,3,UK x USA,Mixed,Control,4-TC_M_C,3,9/22/21,3.19,0,0,0,0,0,0,0,0,0,0,0,0,0
4,J,3,UK x USA,Mixed,Control,4-TC_M_C,3,10/1/21,3.2,19,0,0,0,0,0,3,0,0,0,0,0,22
4,J,3,UK x USA,Mixed,Control,4-TC_M_C,3,10/13/21,3.21,1,1,0,0,0,0,3,5,0,0,0,0,10
4,J,3,UK x USA,Mixed,Control,4-TC_M_C,3,11/12/21,3.22,0,4,0,0,0,0,0,5,0,0,0,0,9
4,J,3,UK x USA,Mixed,Control,4-TC_M_C,3,12/17/21,3.23,0,4,0,0,0,0,0,2,0,0,0,0,6
4,J,4,Italy x Sweden,Mixed,Native Soil,4-IS-M-Soil,1,6/12/19,1.01,2,0,0,0,0,0,NA,NA,NA,NA,NA,NA,2
4,J,4,Italy x Sweden,Mixed,Native Soil,4-IS-M-Soil,1,6/16/19,1.02,0,0,0,0,0,0,NA,NA,NA,NA,NA,NA,0
4,J,4,Italy x Sweden,Mixed,Native Soil,4-IS-M-Soil,1,6/26/19,1.03,0,0,0,0,0,0,NA,0,0,0,0,0,0
4,J,4,Italy x Sweden,Mixed,Native Soil,4-IS-M-Soil,1,7/3/19,1.04,0,0,0,0,0,0,NA,0,0,0,0,0,0
4,J,4,Italy x Sweden,Mixed,Native Soil,4-IS-M-Soil,1,7/10/19,1.05,NA,0,0,0,0,0,NA,0,0,0,0,0,0
4,J,4,Italy x Sweden,Mixed,Native Soil,4-IS-M-Soil,1,7/17/19,1.06,0,0,0,0,0,0,NA,0,0,0,0,0,0
4,J,4,Italy x Sweden,Mixed,Native Soil,4-IS-M-Soil,1,7/24/19,1.07,0,0,0,0,0,0,NA,0,0,0,0,0,0
4,J,4,Italy x Sweden,Mixed,Native Soil,4-IS-M-Soil,1,7/31/19,1.08,0,0,0,0,0,0,NA,0,0,0,0,0,0
4,J,4,Italy x Sweden,Mixed,Native Soil,4-IS-M-Soil,1,8/7/19,1.09,0,0,0,0,0,0,NA,0,0,0,0,0,0
4,J,4,Italy x Sweden,Mixed,Native Soil,4-IS-M-Soil,1,8/15/19,1.1,0,0,0,0,0,0,NA,0,0,0,0,0,0
4,J,4,Italy x Sweden,Mixed,Native Soil,4-IS-M-Soil,1,8/20/19,1.11,0,0,0,0,0,0,NA,0,0,0,0,0,0
4,J,4,Italy x Sweden,Mixed,Native Soil,4-IS-M-Soil,1,8/28/19,1.12,0,0,0,0,0,0,NA,0,0,0,0,0,0
4,J,4,Italy x Sweden,Mixed,Native Soil,4-IS-M-Soil,1,9/4/19,1.13,0,0,0,0,0,0,NA,0,0,0,0,0,0
4,J,4,Italy x Sweden,Mixed,Native Soil,4-IS-M-Soil,1,9/11/19,1.14,0,0,0,0,0,0,NA,0,0,0,0,0,0
4,J,4,Italy x Sweden,Mixed,Native Soil,4-IS-M-Soil,1,9/18/19,1.15,0,0,0,0,0,0,NA,0,0,0,0,0,0
4,J,4,Italy x Sweden,Mixed,Native Soil,4-IS-M-Soil,1,9/25/19,1.16,0,0,0,0,0,0,NA,0,0,0,0,0,0
4,J,4,Italy x Sweden,Mixed,Native Soil,4-IS-M-Soil,1,10/2/19,1.17,0,0,0,0,0,0,NA,0,0,0,0,0,0
4,J,4,Italy x Sweden,Mixed,Native Soil,4-IS-M-Soil,1,10/9/19,1.18,0,0,0,0,0,0,NA,0,0,0,0,0,0
4,J,4,Italy x Sweden,Mixed,Native Soil,4-IS-M-Soil,1,10/18/19,1.19,0,0,0,0,0,0,NA,NA,NA,NA,NA,0,0
4,J,4,Italy x Sweden,Mixed,Native Soil,4-IS-M-Soil,1,10/23/19,1.2,3,0,0,0,0,0,NA,NA,NA,NA,NA,0,3
4,J,4,Italy x Sweden,Mixed,Native Soil,4-IS-M-Soil,1,11/6/19,1.22,0,4,0,0,0,0,NA,NA,NA,NA,NA,0,4
4,J,4,Italy x Sweden,Mixed,Native Soil,4-IS-M-Soil,1,11/20/19,1.23,1,4,0,0,0,0,NA,NA,NA,NA,NA,0,5
4,J,4,Italy x Sweden,Mixed,Native Soil,4-IS-M-Soil,1,12/4/19,1.24,0,5,0,0,0,0,NA,NA,NA,NA,NA,0,5
4,J,4,Italy x Sweden,Mixed,Native Soil,4-IS-M-Soil,1,12/20/19,1.25,1,5,0,0,0,0,NA,25,0,0,0,0,31
4,J,4,Italy x Sweden,Mixed,Native Soil,4-IS-M-Soil,1,2/10/20,1.26,0,1,1,1,2,0,NA,NA,4,4,15,0,28
4,J,4,Italy x Sweden,Mixed,Native Soil,4-IS-M-Soil,1,3/2/20,1.27,0,3,0,0,4,0,NA,NA,0,0,28,0,35
4,J,4,Italy x Sweden,Mixed,Native Soil,4-IS-M-Soil,1,5/5/20,1.29,0,0,0,0,0,4,NA,0,0,0,0,21,25
4,J,4,Italy x Sweden,Mixed,Native Soil,4-IS-M-Soil,2,5/27/20,2.01,72,0,0,0,0,0,86,0,0,0,0,0,158
4,J,4,Italy x Sweden,Mixed,Native Soil,4-IS-M-Soil,2,6/4/20,2.02,1,0,0,0,0,0,87,0,0,0,0,0,88
4,J,4,Italy x Sweden,Mixed,Native Soil,4-IS-M-Soil,2,7/23/20,2.03,0,0,0,0,0,0,0,0,0,0,0,0,0
4,J,4,Italy x Sweden,Mixed,Native Soil,4-IS-M-Soil,2,8/7/20,2.04,0,0,0,0,0,0,0,0,0,0,0,0,0
4,J,4,Italy x Sweden,Mixed,Native Soil,4-IS-M-Soil,2,8/13/20,2.05,0,0,0,0,0,0,0,0,0,0,0,0,0
4,J,4,Italy x Sweden,Mixed,Native Soil,4-IS-M-Soil,2,8/18/20,2.06,0,0,0,0,0,0,0,0,0,0,0,0,0
4,J,4,Italy x Sweden,Mixed,Native Soil,4-IS-M-Soil,2,8/25/20,2.07,0,0,0,0,0,0,0,0,0,0,0,0,0
4,J,4,Italy x Sweden,Mixed,Native Soil,4-IS-M-Soil,2,9/10/20,2.08,NA,NA,0,0,0,NA,NA,NA,0,0,0,NA,0
4,J,4,Italy x Sweden,Mixed,Native Soil,4-IS-M-Soil,2,9/18/20,2.09,0,0,0,0,0,0,0,0,0,0,0,0,0
4,J,4,Italy x Sweden,Mixed,Native Soil,4-IS-M-Soil,2,10/2/20,2.1,0,0,0,0,0,0,0,0,0,0,0,0,0
4,J,4,Italy x Sweden,Mixed,Native Soil,4-IS-M-Soil,2,10/19/20,2.11,0,0,0,0,0,0,0,0,0,0,0,0,0
4,J,4,Italy x Sweden,Mixed,Native Soil,4-IS-M-Soil,2,10/30/20,2.12,0,0,0,0,0,0,0,0,0,0,0,0,0
4,J,4,Italy x Sweden,Mixed,Native Soil,4-IS-M-Soil,2,11/13/20,2.13,0,0,0,0,0,0,0,0,0,0,0,0,0
4,J,4,Italy x Sweden,Mixed,Native Soil,4-IS-M-Soil,2,12/4/20,2.14,0,0,0,0,0,0,0,0,0,0,0,0,0
4,J,4,Italy x Sweden,Mixed,Native Soil,4-IS-M-Soil,2,12/17/20,2.15,0,0,0,0,0,0,0,0,0,0,0,0,0
4,J,4,Italy x Sweden,Mixed,Native Soil,4-IS-M-Soil,2,1/15/21,2.16,0,0,0,0,0,0,0,0,0,0,0,0,0
4,J,4,Italy x Sweden,Mixed,Native Soil,4-IS-M-Soil,2,2/1/21,2.17,0,0,0,0,0,0,0,0,0,0,0,0,0
4,J,4,Italy x Sweden,Mixed,Native Soil,4-IS-M-Soil,2,2/25/21,2.18,0,0,0,0,0,0,0,0,0,0,0,0,0
4,J,4,Italy x Sweden,Mixed,Native Soil,4-IS-M-Soil,2,3/8/21,2.19,0,0,0,0,0,0,0,0,0,0,0,0,0
4,J,4,Italy x Sweden,Mixed,Native Soil,4-IS-M-Soil,2,3/25/21,2.2,0,0,0,0,0,0,0,0,0,0,0,0,0
4,J,4,Italy x Sweden,Mixed,Native Soil,4-IS-M-Soil,2,4/8/21,2.21,0,0,0,0,0,0,0,0,0,0,0,0,0
4,J,4,Italy x Sweden,Mixed,Native Soil,4-IS-M-Soil,3,8/17/21,3.14,0,0,0,0,0,0,0,0,0,0,0,0,0
4,J,4,Italy x Sweden,Mixed,Native Soil,4-IS-M-Soil,3,8/25/21,3.15,0,0,0,0,0,0,0,0,0,0,0,0,0
4,J,4,Italy x Sweden,Mixed,Native Soil,4-IS-M-Soil,3,9/2/21,3.16,0,0,0,0,0,0,0,0,0,0,0,0,0
4,J,4,Italy x Sweden,Mixed,Native Soil,4-IS-M-Soil,3,9/8/21,3.17,0,0,0,0,0,0,0,0,0,0,0,0,0
4,J,4,Italy x Sweden,Mixed,Native Soil,4-IS-M-Soil,3,9/15/21,3.18,0,0,0,0,0,0,0,0,0,0,0,0,0
4,J,4,Italy x Sweden,Mixed,Native Soil,4-IS-M-Soil,3,9/22/21,3.19,0,0,0,0,0,0,0,0,0,0,0,0,0
4,J,4,Italy x Sweden,Mixed,Native Soil,4-IS-M-Soil,3,10/1/21,3.2,23,0,0,0,0,0,33,0,0,0,0,0,56
4,J,4,Italy x Sweden,Mixed,Native Soil,4-IS-M-Soil,3,10/13/21,3.21,64,6,0,0,0,0,233,37,0,0,0,0,340
4,J,4,Italy x Sweden,Mixed,Native Soil,4-IS-M-Soil,3,11/12/21,3.22,9,16,0,0,0,0,17,76,0,0,0,0,118
4,J,4,Italy x Sweden,Mixed,Native Soil,4-IS-M-Soil,3,12/17/21,3.23,3,28,0,0,0,0,26,90,0,0,0,0,147
5,J,5,Italy x Sweden,Dormant,Native Soil,5-IS-D-Soil,1,6/12/19,1.01,0,0,0,0,0,0,NA,NA,NA,NA,NA,NA,0
5,J,5,Italy x Sweden,Dormant,Native Soil,5-IS-D-Soil,1,6/16/19,1.02,0,0,0,0,0,0,NA,NA,NA,NA,NA,NA,0
5,J,5,Italy x Sweden,Dormant,Native Soil,5-IS-D-Soil,1,6/26/19,1.03,0,0,0,0,0,0,NA,0,0,0,0,0,0
5,J,5,Italy x Sweden,Dormant,Native Soil,5-IS-D-Soil,1,7/3/19,1.04,0,0,0,0,0,0,NA,0,0,0,0,0,0
5,J,5,Italy x Sweden,Dormant,Native Soil,5-IS-D-Soil,1,7/10/19,1.05,NA,0,0,0,0,0,NA,0,0,0,0,0,0
5,J,5,Italy x Sweden,Dormant,Native Soil,5-IS-D-Soil,1,7/17/19,1.06,0,0,0,0,0,0,NA,0,0,0,0,0,0
5,J,5,Italy x Sweden,Dormant,Native Soil,5-IS-D-Soil,1,7/24/19,1.07,0,0,0,0,0,0,NA,0,0,0,0,0,0
5,J,5,Italy x Sweden,Dormant,Native Soil,5-IS-D-Soil,1,7/31/19,1.08,0,0,0,0,0,0,NA,0,0,0,0,0,0
5,J,5,Italy x Sweden,Dormant,Native Soil,5-IS-D-Soil,1,8/7/19,1.09,0,0,0,0,0,0,NA,0,0,0,0,0,0
5,J,5,Italy x Sweden,Dormant,Native Soil,5-IS-D-Soil,1,8/15/19,1.1,0,0,0,0,0,0,NA,0,0,0,0,0,0
5,J,5,Italy x Sweden,Dormant,Native Soil,5-IS-D-Soil,1,8/20/19,1.11,0,0,0,0,0,0,NA,0,0,0,0,0,0
5,J,5,Italy x Sweden,Dormant,Native Soil,5-IS-D-Soil,1,8/28/19,1.12,0,0,0,0,0,0,NA,0,0,0,0,0,0
5,J,5,Italy x Sweden,Dormant,Native Soil,5-IS-D-Soil,1,9/4/19,1.13,0,0,0,0,0,0,NA,0,0,0,0,0,0
5,J,5,Italy x Sweden,Dormant,Native Soil,5-IS-D-Soil,1,9/11/19,1.14,0,0,0,0,0,0,NA,0,0,0,0,0,0
5,J,5,Italy x Sweden,Dormant,Native Soil,5-IS-D-Soil,1,9/18/19,1.15,0,0,0,0,0,0,NA,0,0,0,0,0,0
5,J,5,Italy x Sweden,Dormant,Native Soil,5-IS-D-Soil,1,9/25/19,1.16,0,0,0,0,0,0,NA,0,0,0,0,0,0
5,J,5,Italy x Sweden,Dormant,Native Soil,5-IS-D-Soil,1,10/2/19,1.17,0,0,0,0,0,0,NA,0,0,0,0,0,0
5,J,5,Italy x Sweden,Dormant,Native Soil,5-IS-D-Soil,1,10/9/19,1.18,0,0,0,0,0,0,NA,0,0,0,0,0,0
5,J,5,Italy x Sweden,Dormant,Native Soil,5-IS-D-Soil,1,10/18/19,1.19,0,0,0,0,0,0,NA,NA,NA,NA,NA,0,0
5,J,5,Italy x Sweden,Dormant,Native Soil,5-IS-D-Soil,1,10/23/19,1.2,22,0,0,0,0,0,NA,NA,NA,NA,NA,0,22
5,J,5,Italy x Sweden,Dormant,Native Soil,5-IS-D-Soil,1,11/6/19,1.22,0,25,0,0,0,0,NA,NA,NA,NA,NA,0,25
5,J,5,Italy x Sweden,Dormant,Native Soil,5-IS-D-Soil,1,11/20/19,1.23,0,20,0,0,0,0,NA,NA,NA,NA,NA,0,20
5,J,5,Italy x Sweden,Dormant,Native Soil,5-IS-D-Soil,1,12/4/19,1.24,0,20,0,0,0,0,NA,NA,NA,NA,NA,0,20
5,J,5,Italy x Sweden,Dormant,Native Soil,5-IS-D-Soil,1,12/20/19,1.25,1,15,0,0,0,0,NA,30,0,0,0,0,46
5,J,5,Italy x Sweden,Dormant,Native Soil,5-IS-D-Soil,1,2/10/20,1.26,0,3,4,0,1,0,NA,NA,8,11,11,0,38
5,J,5,Italy x Sweden,Dormant,Native Soil,5-IS-D-Soil,1,3/2/20,1.27,0,0,0,0,4,0,NA,NA,0,5,26,0,35
5,J,5,Italy x Sweden,Dormant,Native Soil,5-IS-D-Soil,1,5/5/20,1.29,0,0,0,0,0,5,NA,0,0,0,0,29,34
5,J,5,Italy x Sweden,Dormant,Native Soil,5-IS-D-Soil,2,5/27/20,2.01,1,0,0,0,0,0,5,0,0,0,0,0,6
5,J,5,Italy x Sweden,Dormant,Native Soil,5-IS-D-Soil,2,6/4/20,2.02,0,0,0,0,0,0,1,0,0,0,0,0,1
5,J,5,Italy x Sweden,Dormant,Native Soil,5-IS-D-Soil,2,7/23/20,2.03,0,0,0,0,0,0,0,0,0,0,0,0,0
5,J,5,Italy x Sweden,Dormant,Native Soil,5-IS-D-Soil,2,8/7/20,2.04,0,0,0,0,0,0,0,0,0,0,0,0,0
5,J,5,Italy x Sweden,Dormant,Native Soil,5-IS-D-Soil,2,8/13/20,2.05,0,0,0,0,0,0,0,0,0,0,0,0,0
5,J,5,Italy x Sweden,Dormant,Native Soil,5-IS-D-Soil,2,8/18/20,2.06,0,0,0,0,0,0,0,0,0,0,0,0,0
5,J,5,Italy x Sweden,Dormant,Native Soil,5-IS-D-Soil,2,8/25/20,2.07,0,0,0,0,0,0,0,0,0,0,0,0,0
5,J,5,Italy x Sweden,Dormant,Native Soil,5-IS-D-Soil,2,9/4/20,2.08,0,0,0,0,0,0,15,0,0,0,0,0,15
5,J,5,Italy x Sweden,Dormant,Native Soil,5-IS-D-Soil,2,9/16/20,2.09,82,0,0,0,0,0,5,0,0,0,0,0,87
5,J,5,Italy x Sweden,Dormant,Native Soil,5-IS-D-Soil,2,10/2/20,2.1,129,0,0,0,0,0,30,0,0,0,0,0,159
5,J,5,Italy x Sweden,Dormant,Native Soil,5-IS-D-Soil,2,10/19/20,2.11,0,0,0,0,0,0,0,0,0,0,0,0,0
5,J,5,Italy x Sweden,Dormant,Native Soil,5-IS-D-Soil,2,11/6/20,2.12,0,0,0,0,0,0,0,0,0,0,0,0,0
5,J,5,Italy x Sweden,Dormant,Native Soil,5-IS-D-Soil,2,11/19/20,2.13,0,0,0,0,0,0,0,0,0,0,0,0,0
5,J,5,Italy x Sweden,Dormant,Native Soil,5-IS-D-Soil,2,12/4/20,2.14,0,0,0,0,0,0,0,0,0,0,0,0,0
5,J,5,Italy x Sweden,Dormant,Native Soil,5-IS-D-Soil,2,12/15/20,2.15,0,0,0,0,0,0,0,0,0,0,0,0,0
5,J,5,Italy x Sweden,Dormant,Native Soil,5-IS-D-Soil,2,1/14/21,2.16,0,0,0,0,0,0,0,0,0,0,0,0,0
5,J,5,Italy x Sweden,Dormant,Native Soil,5-IS-D-Soil,2,2/1/21,2.17,0,0,0,0,0,0,0,0,0,0,0,0,0
5,J,5,Italy x Sweden,Dormant,Native Soil,5-IS-D-Soil,2,2/25/21,2.18,0,0,0,0,0,0,0,0,0,0,0,0,0
5,J,5,Italy x Sweden,Dormant,Native Soil,5-IS-D-Soil,2,3/8/21,2.19,0,0,0,0,0,0,0,0,0,0,0,0,0
5,J,5,Italy x Sweden,Dormant,Native Soil,5-IS-D-Soil,2,3/26/21,2.2,0,0,0,0,0,0,0,0,0,0,0,0,0
5,J,5,Italy x Sweden,Dormant,Native Soil,5-IS-D-Soil,2,4/8/21,2.21,0,0,0,0,0,0,0,0,0,0,0,0,0
5,J,5,Italy x Sweden,Dormant,Native Soil,5-IS-D-Soil,3,8/17/21,3.14,0,0,0,0,0,0,0,0,0,0,0,0,0
5,J,5,Italy x Sweden,Dormant,Native Soil,5-IS-D-Soil,3,8/25/21,3.15,0,0,0,0,0,0,0,0,0,0,0,0,0
5,J,5,Italy x Sweden,Dormant,Native Soil,5-IS-D-Soil,3,9/2/21,3.16,0,0,0,0,0,0,0,0,0,0,0,0,0
5,J,5,Italy x Sweden,Dormant,Native Soil,5-IS-D-Soil,3,9/8/21,3.17,0,0,0,0,0,0,0,0,0,0,0,0,0
5,J,5,Italy x Sweden,Dormant,Native Soil,5-IS-D-Soil,3,9/15/21,3.18,0,0,0,0,0,0,0,0,0,0,0,0,0
5,J,5,Italy x Sweden,Dormant,Native Soil,5-IS-D-Soil,3,9/22/21,3.19,0,0,0,0,0,0,0,0,0,0,0,0,0
5,J,5,Italy x Sweden,Dormant,Native Soil,5-IS-D-Soil,3,10/3/21,3.2,59,0,0,0,0,0,581,1,0,0,0,0,641
5,J,5,Italy x Sweden,Dormant,Native Soil,5-IS-D-Soil,3,10/15/21,3.21,57,28,0,0,0,0,408,286,0,0,0,0,779
5,J,5,Italy x Sweden,Dormant,Native Soil,5-IS-D-Soil,3,11/15/21,3.22,0,3,0,0,0,0,37,189,0,0,0,0,229
5,J,5,Italy x Sweden,Dormant,Native Soil,5-IS-D-Soil,3,12/17/21,3.23,2,4,0,0,0,0,18,175,0,0,0,0,199
5,J,6,Italy x Sweden,Non-Dormant,Native Soil,5-IS-ND-Soil,1,6/12/19,1.01,0,0,0,0,0,0,NA,NA,NA,NA,NA,NA,0
5,J,6,Italy x Sweden,Non-Dormant,Native Soil,5-IS-ND-Soil,1,6/16/19,1.02,0,0,0,0,0,0,NA,NA,NA,NA,NA,NA,0
5,J,6,Italy x Sweden,Non-Dormant,Native Soil,5-IS-ND-Soil,1,6/26/19,1.03,0,0,0,0,0,0,NA,0,0,0,0,0,0
5,J,6,Italy x Sweden,Non-Dormant,Native Soil,5-IS-ND-Soil,1,7/3/19,1.04,0,0,0,0,0,0,NA,0,0,0,0,0,0
5,J,6,Italy x Sweden,Non-Dormant,Native Soil,5-IS-ND-Soil,1,7/10/19,1.05,NA,0,0,0,0,0,NA,0,0,0,0,0,0
5,J,6,Italy x Sweden,Non-Dormant,Native Soil,5-IS-ND-Soil,1,7/17/19,1.06,0,0,0,0,0,0,NA,0,0,0,0,0,0
5,J,6,Italy x Sweden,Non-Dormant,Native Soil,5-IS-ND-Soil,1,7/24/19,1.07,0,0,0,0,0,0,NA,0,0,0,0,0,0
5,J,6,Italy x Sweden,Non-Dormant,Native Soil,5-IS-ND-Soil,1,7/31/19,1.08,0,0,0,0,0,0,NA,0,0,0,0,0,0
5,J,6,Italy x Sweden,Non-Dormant,Native Soil,5-IS-ND-Soil,1,8/7/19,1.09,0,0,0,0,0,0,NA,0,0,0,0,0,0
5,J,6,Italy x Sweden,Non-Dormant,Native Soil,5-IS-ND-Soil,1,8/15/19,1.1,0,0,0,0,0,0,NA,0,0,0,0,0,0
5,J,6,Italy x Sweden,Non-Dormant,Native Soil,5-IS-ND-Soil,1,8/20/19,1.11,0,0,0,0,0,0,NA,0,0,0,0,0,0
5,J,6,Italy x Sweden,Non-Dormant,Native Soil,5-IS-ND-Soil,1,8/28/19,1.12,0,0,0,0,0,0,NA,0,0,0,0,0,0
5,J,6,Italy x Sweden,Non-Dormant,Native Soil,5-IS-ND-Soil,1,9/4/19,1.13,0,0,0,0,0,0,NA,0,0,0,0,0,0
5,J,6,Italy x Sweden,Non-Dormant,Native Soil,5-IS-ND-Soil,1,9/11/19,1.14,0,0,0,0,0,0,NA,0,0,0,0,0,0
5,J,6,Italy x Sweden,Non-Dormant,Native Soil,5-IS-ND-Soil,1,9/18/19,1.15,0,0,0,0,0,0,NA,0,0,0,0,0,0
5,J,6,Italy x Sweden,Non-Dormant,Native Soil,5-IS-ND-Soil,1,9/25/19,1.16,0,0,0,0,0,0,NA,0,0,0,0,0,0
5,J,6,Italy x Sweden,Non-Dormant,Native Soil,5-IS-ND-Soil,1,10/2/19,1.17,0,0,0,0,0,0,NA,0,0,0,0,0,0
5,J,6,Italy x Sweden,Non-Dormant,Native Soil,5-IS-ND-Soil,1,10/9/19,1.18,0,0,0,0,0,0,NA,0,0,0,0,0,0
5,J,6,Italy x Sweden,Non-Dormant,Native Soil,5-IS-ND-Soil,1,10/18/19,1.19,0,0,0,0,0,0,NA,NA,NA,NA,NA,0,0
5,J,6,Italy x Sweden,Non-Dormant,Native Soil,5-IS-ND-Soil,1,10/23/19,1.2,0,0,0,0,0,0,NA,NA,NA,NA,NA,0,0
5,J,6,Italy x Sweden,Non-Dormant,Native Soil,5-IS-ND-Soil,1,11/6/19,1.22,0,1,0,0,0,0,NA,NA,NA,NA,NA,0,1
5,J,6,Italy x Sweden,Non-Dormant,Native Soil,5-IS-ND-Soil,1,11/20/19,1.23,0,3,0,0,0,0,NA,NA,NA,NA,NA,0,3
5,J,6,Italy x Sweden,Non-Dormant,Native Soil,5-IS-ND-Soil,1,12/4/19,1.24,0,3,0,0,0,0,NA,NA,NA,NA,NA,0,3
5,J,6,Italy x Sweden,Non-Dormant,Native Soil,5-IS-ND-Soil,1,12/20/19,1.25,4,4,0,0,0,0,NA,5,0,0,0,0,13
5,J,6,Italy x Sweden,Non-Dormant,Native Soil,5-IS-ND-Soil,1,2/10/20,1.26,0,3,1,0,0,0,NA,NA,2,0,0,0,6
5,J,6,Italy x Sweden,Non-Dormant,Native Soil,5-IS-ND-Soil,1,3/2/20,1.27,0,1,2,1,1,0,NA,NA,0,1,3,0,9
5,J,6,Italy x Sweden,Non-Dormant,Native Soil,5-IS-ND-Soil,1,5/5/20,1.29,0,0,0,0,0,6,NA,0,0,0,0,2,8
5,J,6,Italy x Sweden,Non-Dormant,Native Soil,5-IS-ND-Soil,2,5/27/20,2.01,4,0,0,0,0,0,16,0,0,0,0,0,20
5,J,6,Italy x Sweden,Non-Dormant,Native Soil,5-IS-ND-Soil,2,6/4/20,2.02,0,0,0,0,0,0,0,0,0,0,0,0,0
5,J,6,Italy x Sweden,Non-Dormant,Native Soil,5-IS-ND-Soil,2,7/23/20,2.03,0,0,0,0,0,0,0,0,0,0,0,0,0
5,J,6,Italy x Sweden,Non-Dormant,Native Soil,5-IS-ND-Soil,2,8/7/20,2.04,0,0,0,0,0,0,0,0,0,0,0,0,0
5,J,6,Italy x Sweden,Non-Dormant,Native Soil,5-IS-ND-Soil,2,8/13/20,2.05,0,0,0,0,0,0,0,0,0,0,0,0,0
5,J,6,Italy x Sweden,Non-Dormant,Native Soil,5-IS-ND-Soil,2,8/18/20,2.06,0,0,0,0,0,0,0,0,0,0,0,0,0
5,J,6,Italy x Sweden,Non-Dormant,Native Soil,5-IS-ND-Soil,2,8/25/20,2.07,0,0,0,0,0,0,0,0,0,0,0,0,0
5,J,6,Italy x Sweden,Non-Dormant,Native Soil,5-IS-ND-Soil,2,9/4/20,2.08,3,0,0,0,0,0,10,0,0,0,0,0,13
5,J,6,Italy x Sweden,Non-Dormant,Native Soil,5-IS-ND-Soil,2,9/16/20,2.09,0,0,0,0,0,0,0,0,0,0,0,0,0
5,J,6,Italy x Sweden,Non-Dormant,Native Soil,5-IS-ND-Soil,2,10/2/20,2.1,0,0,0,0,0,0,0,0,0,0,0,0,0
5,J,6,Italy x Sweden,Non-Dormant,Native Soil,5-IS-ND-Soil,2,10/19/20,2.11,0,0,0,0,0,0,0,0,0,0,0,0,0
5,J,6,Italy x Sweden,Non-Dormant,Native Soil,5-IS-ND-Soil,2,11/6/20,2.12,0,0,0,0,0,0,0,0,0,0,0,0,0
5,J,6,Italy x Sweden,Non-Dormant,Native Soil,5-IS-ND-Soil,2,11/19/20,2.13,0,0,0,0,0,0,0,0,0,0,0,0,0
5,J,6,Italy x Sweden,Non-Dormant,Native Soil,5-IS-ND-Soil,2,12/4/20,2.14,0,0,0,0,0,0,0,0,0,0,0,0,0
5,J,6,Italy x Sweden,Non-Dormant,Native Soil,5-IS-ND-Soil,2,12/15/20,2.15,0,0,0,0,0,0,0,0,0,0,0,0,0
5,J,6,Italy x Sweden,Non-Dormant,Native Soil,5-IS-ND-Soil,2,1/14/21,2.16,0,0,0,0,0,0,0,0,0,0,0,0,0
5,J,6,Italy x Sweden,Non-Dormant,Native Soil,5-IS-ND-Soil,2,2/1/21,2.17,0,0,0,0,0,0,0,0,0,0,0,0,0
5,J,6,Italy x Sweden,Non-Dormant,Native Soil,5-IS-ND-Soil,2,2/25/21,2.18,0,0,0,0,0,0,0,0,0,0,0,0,0
5,J,6,Italy x Sweden,Non-Dormant,Native Soil,5-IS-ND-Soil,2,3/8/21,2.19,0,0,0,0,0,0,0,0,0,0,0,0,0
5,J,6,Italy x Sweden,Non-Dormant,Native Soil,5-IS-ND-Soil,2,3/26/21,2.2,0,0,0,0,0,0,0,0,0,0,0,0,0
5,J,6,Italy x Sweden,Non-Dormant,Native Soil,5-IS-ND-Soil,2,4/8/21,2.21,0,0,0,0,0,0,0,0,0,0,0,0,0
5,J,6,Italy x Sweden,Non-Dormant,Native Soil,5-IS-ND-Soil,3,8/17/21,3.14,0,0,0,0,0,0,0,0,0,0,0,0,0
5,J,6,Italy x Sweden,Non-Dormant,Native Soil,5-IS-ND-Soil,3,8/25/21,3.15,0,0,0,0,0,0,0,0,0,0,0,0,0
5,J,6,Italy x Sweden,Non-Dormant,Native Soil,5-IS-ND-Soil,3,9/2/21,3.16,0,0,0,0,0,0,0,0,0,0,0,0,0
5,J,6,Italy x Sweden,Non-Dormant,Native Soil,5-IS-ND-Soil,3,9/8/21,3.17,0,0,0,0,0,0,0,0,0,0,0,0,0
5,J,6,Italy x Sweden,Non-Dormant,Native Soil,5-IS-ND-Soil,3,9/15/21,3.18,0,0,0,0,0,0,0,0,0,0,0,0,0
5,J,6,Italy x Sweden,Non-Dormant,Native Soil,5-IS-ND-Soil,3,9/22/21,3.19,0,0,0,0,0,0,0,0,0,0,0,0,0
5,J,6,Italy x Sweden,Non-Dormant,Native Soil,5-IS-ND-Soil,3,10/3/21,3.2,3,0,0,0,0,0,18,0,0,0,0,0,21
5,J,6,Italy x Sweden,Non-Dormant,Native Soil,5-IS-ND-Soil,3,10/15/21,3.21,0,3,0,0,0,0,2,6,0,0,0,0,11
5,J,6,Italy x Sweden,Non-Dormant,Native Soil,5-IS-ND-Soil,3,11/15/21,3.22,0,0,0,0,0,0,0,8,0,0,0,0,8
5,J,6,Italy x Sweden,Non-Dormant,Native Soil,5-IS-ND-Soil,3,12/17/21,3.23,0,0,0,0,0,0,0,0,0,0,0,0,0
5,J,7,Italy x Sweden,Dormant,High Humidity,5-IS_D_D,1,6/12/19,1.01,1,0,0,0,0,0,NA,NA,NA,NA,NA,NA,1
5,J,7,Italy x Sweden,Dormant,High Humidity,5-IS_D_D,1,6/16/19,1.02,2,0,0,0,0,0,NA,NA,NA,NA,NA,NA,2
5,J,7,Italy x Sweden,Dormant,High Humidity,5-IS_D_D,1,6/26/19,1.03,0,0,0,0,0,0,NA,0,0,0,0,0,0
5,J,7,Italy x Sweden,Dormant,High Humidity,5-IS_D_D,1,7/3/19,1.04,0,0,0,0,0,0,NA,0,0,0,0,0,0
5,J,7,Italy x Sweden,Dormant,High Humidity,5-IS_D_D,1,7/10/19,1.05,NA,0,0,0,0,0,NA,0,0,0,0,0,0
5,J,7,Italy x Sweden,Dormant,High Humidity,5-IS_D_D,1,7/17/19,1.06,0,0,0,0,0,0,NA,0,0,0,0,0,0
5,J,7,Italy x Sweden,Dormant,High Humidity,5-IS_D_D,1,7/24/19,1.07,0,0,0,0,0,0,NA,0,0,0,0,0,0
5,J,7,Italy x Sweden,Dormant,High Humidity,5-IS_D_D,1,7/31/19,1.08,0,0,0,0,0,0,NA,0,0,0,0,0,0
5,J,7,Italy x Sweden,Dormant,High Humidity,5-IS_D_D,1,8/7/19,1.09,0,0,0,0,0,0,NA,0,0,0,0,0,0
5,J,7,Italy x Sweden,Dormant,High Humidity,5-IS_D_D,1,8/15/19,1.1,0,0,0,0,0,0,NA,0,0,0,0,0,0
5,J,7,Italy x Sweden,Dormant,High Humidity,5-IS_D_D,1,8/20/19,1.11,0,0,0,0,0,0,NA,0,0,0,0,0,0
5,J,7,Italy x Sweden,Dormant,High Humidity,5-IS_D_D,1,8/28/19,1.12,0,0,0,0,0,0,NA,0,0,0,0,0,0
5,J,7,Italy x Sweden,Dormant,High Humidity,5-IS_D_D,1,9/4/19,1.13,0,0,0,0,0,0,NA,0,0,0,0,0,0
5,J,7,Italy x Sweden,Dormant,High Humidity,5-IS_D_D,1,9/11/19,1.14,0,0,0,0,0,0,NA,0,0,0,0,0,0
5,J,7,Italy x Sweden,Dormant,High Humidity,5-IS_D_D,1,9/18/19,1.15,0,0,0,0,0,0,NA,0,0,0,0,0,0
5,J,7,Italy x Sweden,Dormant,High Humidity,5-IS_D_D,1,9/25/19,1.16,0,0,0,0,0,0,NA,0,0,0,0,0,0
5,J,7,Italy x Sweden,Dormant,High Humidity,5-IS_D_D,1,10/2/19,1.17,0,0,0,0,0,0,NA,0,0,0,0,0,0
5,J,7,Italy x Sweden,Dormant,High Humidity,5-IS_D_D,1,10/9/19,1.18,0,0,0,0,0,0,NA,0,0,0,0,0,0
5,J,7,Italy x Sweden,Dormant,High Humidity,5-IS_D_D,1,10/18/19,1.19,0,0,0,0,0,0,NA,NA,NA,NA,NA,0,0
5,J,7,Italy x Sweden,Dormant,High Humidity,5-IS_D_D,1,10/23/19,1.2,4,0,0,0,0,0,NA,NA,NA,NA,NA,0,4
5,J,7,Italy x Sweden,Dormant,High Humidity,5-IS_D_D,1,11/6/19,1.22,1,1,0,0,0,0,NA,NA,NA,NA,NA,0,2
5,J,7,Italy x Sweden,Dormant,High Humidity,5-IS_D_D,1,11/20/19,1.23,3,0,0,0,0,0,NA,NA,NA,NA,NA,0,3
5,J,7,Italy x Sweden,Dormant,High Humidity,5-IS_D_D,1,12/4/19,1.24,3,2,0,0,0,0,NA,NA,NA,NA,NA,0,5
5,J,7,Italy x Sweden,Dormant,High Humidity,5-IS_D_D,1,12/20/19,1.25,1,1,0,0,0,0,NA,0,0,0,0,0,2
5,J,7,Italy x Sweden,Dormant,High Humidity,5-IS_D_D,1,2/10/20,1.26,0,1,0,0,0,0,NA,NA,1,0,0,0,2
5,J,7,Italy x Sweden,Dormant,High Humidity,5-IS_D_D,1,3/2/20,1.27,0,0,2,0,1,0,NA,NA,0,0,2,0,5
5,J,7,Italy x Sweden,Dormant,High Humidity,5-IS_D_D,1,5/5/20,1.29,0,0,0,0,0,10,NA,0,0,0,0,1,11
5,J,7,Italy x Sweden,Dormant,High Humidity,5-IS_D_D,2,5/27/20,2.01,0,0,0,0,0,0,0,0,0,0,0,0,0
5,J,7,Italy x Sweden,Dormant,High Humidity,5-IS_D_D,2,6/4/20,2.02,0,0,0,0,0,0,0,0,0,0,0,0,0
5,J,7,Italy x Sweden,Dormant,High Humidity,5-IS_D_D,2,7/23/20,2.03,0,0,0,0,0,0,0,0,0,0,0,0,0
5,J,7,Italy x Sweden,Dormant,High Humidity,5-IS_D_D,2,8/7/20,2.04,0,0,0,0,0,0,0,0,0,0,0,0,0
5,J,7,Italy x Sweden,Dormant,High Humidity,5-IS_D_D,2,8/13/20,2.05,0,0,0,0,0,0,0,0,0,0,0,0,0
5,J,7,Italy x Sweden,Dormant,High Humidity,5-IS_D_D,2,8/18/20,2.06,0,0,0,0,0,0,0,0,0,0,0,0,0
5,J,7,Italy x Sweden,Dormant,High Humidity,5-IS_D_D,2,8/25/20,2.07,0,0,0,0,0,0,0,0,0,0,0,0,0
5,J,7,Italy x Sweden,Dormant,High Humidity,5-IS_D_D,2,9/4/20,2.08,3,0,0,0,0,0,15,0,0,0,0,0,18
5,J,7,Italy x Sweden,Dormant,High Humidity,5-IS_D_D,2,9/16/20,2.09,0,0,0,0,0,0,0,0,0,0,0,0,0
5,J,7,Italy x Sweden,Dormant,High Humidity,5-IS_D_D,2,10/2/20,2.1,0,0,0,0,0,0,15,0,0,0,0,0,15
5,J,7,Italy x Sweden,Dormant,High Humidity,5-IS_D_D,2,10/19/20,2.11,0,0,0,0,0,0,0,0,0,0,0,0,0
5,J,7,Italy x Sweden,Dormant,High Humidity,5-IS_D_D,2,11/6/20,2.12,0,0,0,0,0,0,0,0,0,0,0,0,0
5,J,7,Italy x Sweden,Dormant,High Humidity,5-IS_D_D,2,11/19/20,2.13,0,0,0,0,0,0,0,0,0,0,0,0,0
5,J,7,Italy x Sweden,Dormant,High Humidity,5-IS_D_D,2,12/4/20,2.14,0,0,0,0,0,0,0,0,0,0,0,0,0
5,J,7,Italy x Sweden,Dormant,High Humidity,5-IS_D_D,2,12/15/20,2.15,0,0,0,0,0,0,0,0,0,0,0,0,0
5,J,7,Italy x Sweden,Dormant,High Humidity,5-IS_D_D,2,1/14/21,2.16,0,0,0,0,0,0,0,0,0,0,0,0,0
5,J,7,Italy x Sweden,Dormant,High Humidity,5-IS_D_D,2,2/1/21,2.17,0,0,0,0,0,0,0,0,0,0,0,0,0
5,J,7,Italy x Sweden,Dormant,High Humidity,5-IS_D_D,2,2/25/21,2.18,0,0,0,0,0,0,0,0,0,0,0,0,0
5,J,7,Italy x Sweden,Dormant,High Humidity,5-IS_D_D,2,3/8/21,2.19,0,0,0,0,0,0,0,0,0,0,0,0,0
5,J,7,Italy x Sweden,Dormant,High Humidity,5-IS_D_D,2,3/26/21,2.2,0,0,0,0,0,0,0,0,0,0,0,0,0
5,J,7,Italy x Sweden,Dormant,High Humidity,5-IS_D_D,2,4/8/21,2.21,0,0,0,0,0,0,0,0,0,1,0,0,1
5,J,7,Italy x Sweden,Dormant,High Humidity,5-IS_D_D,3,8/17/21,3.14,0,0,0,0,0,0,0,0,0,0,0,0,0
5,J,7,Italy x Sweden,Dormant,High Humidity,5-IS_D_D,3,8/25/21,3.15,0,0,0,0,0,0,0,0,0,0,0,0,0
5,J,7,Italy x Sweden,Dormant,High Humidity,5-IS_D_D,3,9/2/21,3.16,0,0,0,0,0,0,0,0,0,0,0,0,0
5,J,7,Italy x Sweden,Dormant,High Humidity,5-IS_D_D,3,9/8/21,3.17,0,0,0,0,0,0,0,0,0,0,0,0,0
5,J,7,Italy x Sweden,Dormant,High Humidity,5-IS_D_D,3,9/15/21,3.18,0,0,0,0,0,0,0,0,0,0,0,0,0
5,J,7,Italy x Sweden,Dormant,High Humidity,5-IS_D_D,3,9/22/21,3.19,0,0,0,0,0,0,0,0,0,0,0,0,0
5,J,7,Italy x Sweden,Dormant,High Humidity,5-IS_D_D,3,10/3/21,3.2,2,0,0,0,0,0,93,0,0,0,0,0,95
5,J,7,Italy x Sweden,Dormant,High Humidity,5-IS_D_D,3,10/15/21,3.21,26,15,0,0,0,0,36,81,0,0,0,0,158
5,J,7,Italy x Sweden,Dormant,High Humidity,5-IS_D_D,3,11/15/21,3.22,0,2,0,0,0,0,2,42,0,0,0,0,46
5,J,7,Italy x Sweden,Dormant,High Humidity,5-IS_D_D,3,12/17/21,3.23,4,2,0,0,0,0,10,34,0,0,0,0,50
5,J,8,Germany x Tajikistan,Mixed,Control,5-BS_M_C,1,6/12/19,1.01,NA,NA,NA,NA,NA,NA,NA,NA,NA,NA,NA,NA,NA
5,J,8,Germany x Tajikistan,Mixed,Control,5-BS_M_C,1,6/16/19,1.02,NA,NA,NA,NA,NA,NA,NA,NA,NA,NA,NA,NA,NA
5,J,8,Germany x Tajikistan,Mixed,Control,5-BS_M_C,1,6/26/19,1.03,NA,NA,NA,NA,NA,NA,NA,NA,NA,NA,NA,NA,NA
5,J,8,Germany x Tajikistan,Mixed,Control,5-BS_M_C,1,7/3/19,1.04,NA,NA,NA,NA,NA,NA,NA,NA,NA,NA,NA,NA,NA
5,J,8,Germany x Tajikistan,Mixed,Control,5-BS_M_C,1,7/10/19,1.05,NA,NA,NA,NA,NA,NA,NA,NA,NA,NA,NA,NA,NA
5,J,8,Germany x Tajikistan,Mixed,Control,5-BS_M_C,1,7/17/19,1.06,0,0,0,0,0,0,NA,0,0,0,0,0,0
5,J,8,Germany x Tajikistan,Mixed,Control,5-BS_M_C,1,7/24/19,1.07,0,0,0,0,0,0,NA,0,0,0,0,0,0
5,J,8,Germany x Tajikistan,Mixed,Control,5-BS_M_C,1,7/31/19,1.08,0,0,0,0,0,0,NA,0,0,0,0,0,0
5,J,8,Germany x Tajikistan,Mixed,Control,5-BS_M_C,1,8/7/19,1.09,0,0,0,0,0,0,NA,0,0,0,0,0,0
5,J,8,Germany x Tajikistan,Mixed,Control,5-BS_M_C,1,8/15/19,1.1,0,0,0,0,0,0,NA,0,0,0,0,0,0
5,J,8,Germany x Tajikistan,Mixed,Control,5-BS_M_C,1,8/20/19,1.11,0,0,0,0,0,0,NA,0,0,0,0,0,0
5,J,8,Germany x Tajikistan,Mixed,Control,5-BS_M_C,1,8/28/19,1.12,0,0,0,0,0,0,NA,0,0,0,0,0,0
5,J,8,Germany x Tajikistan,Mixed,Control,5-BS_M_C,1,9/4/19,1.13,0,0,0,0,0,0,NA,0,0,0,0,0,0
5,J,8,Germany x Tajikistan,Mixed,Control,5-BS_M_C,1,9/11/19,1.14,0,0,0,0,0,0,NA,0,0,0,0,0,0
5,J,8,Germany x Tajikistan,Mixed,Control,5-BS_M_C,1,9/18/19,1.15,0,0,0,0,0,0,NA,0,0,0,0,0,0
5,J,8,Germany x Tajikistan,Mixed,Control,5-BS_M_C,1,9/25/19,1.16,0,0,0,0,0,0,NA,0,0,0,0,0,0
5,J,8,Germany x Tajikistan,Mixed,Control,5-BS_M_C,1,10/2/19,1.17,0,0,0,0,0,0,NA,0,0,0,0,0,0
5,J,8,Germany x Tajikistan,Mixed,Control,5-BS_M_C,1,10/9/19,1.18,0,0,0,0,0,0,NA,0,0,0,0,0,0
5,J,8,Germany x Tajikistan,Mixed,Control,5-BS_M_C,1,10/18/19,1.19,0,0,0,0,0,0,NA,NA,NA,NA,NA,0,0
5,J,8,Germany x Tajikistan,Mixed,Control,5-BS_M_C,1,10/23/19,1.2,0,0,0,0,0,0,NA,NA,NA,NA,NA,0,0
5,J,8,Germany x Tajikistan,Mixed,Control,5-BS_M_C,1,11/6/19,1.22,0,0,0,0,0,0,NA,NA,NA,NA,NA,0,0
5,J,8,Germany x Tajikistan,Mixed,Control,5-BS_M_C,1,11/20/19,1.23,0,0,0,0,0,0,NA,NA,NA,NA,NA,0,0
5,J,8,Germany x Tajikistan,Mixed,Control,5-BS_M_C,1,12/4/19,1.24,0,0,0,0,0,0,NA,NA,NA,NA,NA,0,0
5,J,8,Germany x Tajikistan,Mixed,Control,5-BS_M_C,1,12/20/19,1.25,0,1,0,0,0,0,NA,1,0,0,0,0,2
5,J,8,Germany x Tajikistan,Mixed,Control,5-BS_M_C,1,2/10/20,1.26,0,0,0,0,0,0,NA,NA,0,0,0,0,0
5,J,8,Germany x Tajikistan,Mixed,Control,5-BS_M_C,1,3/2/20,1.27,0,0,0,0,0,0,NA,NA,0,0,1,0,1
5,J,8,Germany x Tajikistan,Mixed,Control,5-BS_M_C,1,5/5/20,1.29,0,0,0,0,0,0,NA,0,0,0,0,1,1
5,J,8,Germany x Tajikistan,Mixed,Control,5-BS_M_C,2,5/27/20,2.01,0,0,0,0,0,0,0,0,0,0,0,0,0
5,J,8,Germany x Tajikistan,Mixed,Control,5-BS_M_C,2,6/4/20,2.02,0,0,0,0,0,0,0,0,0,0,0,0,0
5,J,8,Germany x Tajikistan,Mixed,Control,5-BS_M_C,2,7/23/20,2.03,0,0,0,0,0,0,0,0,0,0,0,0,0
5,J,8,Germany x Tajikistan,Mixed,Control,5-BS_M_C,2,8/7/20,2.04,0,0,0,0,0,0,0,0,0,0,0,0,0
5,J,8,Germany x Tajikistan,Mixed,Control,5-BS_M_C,2,8/13/20,2.05,0,0,0,0,0,0,0,0,0,0,0,0,0
5,J,8,Germany x Tajikistan,Mixed,Control,5-BS_M_C,2,8/18/20,2.06,0,0,0,0,0,0,0,0,0,0,0,0,0
5,J,8,Germany x Tajikistan,Mixed,Control,5-BS_M_C,2,8/25/20,2.07,0,0,0,0,0,0,0,0,0,0,0,0,0
5,J,8,Germany x Tajikistan,Mixed,Control,5-BS_M_C,2,9/4/20,2.08,10,0,0,0,0,0,25,0,0,0,0,0,35
5,J,8,Germany x Tajikistan,Mixed,Control,5-BS_M_C,2,9/16/20,2.09,3,0,0,0,0,0,10,0,0,0,0,0,13
5,J,8,Germany x Tajikistan,Mixed,Control,5-BS_M_C,2,10/2/20,2.1,0,0,0,0,0,0,0,0,0,0,0,0,0
5,J,8,Germany x Tajikistan,Mixed,Control,5-BS_M_C,2,10/19/20,2.11,0,0,0,0,0,0,0,0,0,0,0,0,0
5,J,8,Germany x Tajikistan,Mixed,Control,5-BS_M_C,2,11/6/20,2.12,0,0,0,0,0,0,0,0,0,0,0,0,0
5,J,8,Germany x Tajikistan,Mixed,Control,5-BS_M_C,2,11/19/20,2.13,0,0,0,0,0,0,0,0,0,0,0,0,0
5,J,8,Germany x Tajikistan,Mixed,Control,5-BS_M_C,2,12/4/20,2.14,0,0,0,0,0,0,0,0,0,0,0,0,0
5,J,8,Germany x Tajikistan,Mixed,Control,5-BS_M_C,2,12/15/20,2.15,0,0,0,0,0,0,0,0,0,0,0,0,0
5,J,8,Germany x Tajikistan,Mixed,Control,5-BS_M_C,2,1/14/21,2.16,0,0,0,0,0,0,0,0,0,0,0,0,0
5,J,8,Germany x Tajikistan,Mixed,Control,5-BS_M_C,2,2/1/21,2.17,0,0,0,0,0,0,0,0,0,0,0,0,0
5,J,8,Germany x Tajikistan,Mixed,Control,5-BS_M_C,2,2/25/21,2.18,0,0,0,0,0,0,0,0,0,0,0,0,0
5,J,8,Germany x Tajikistan,Mixed,Control,5-BS_M_C,2,3/8/21,2.19,0,0,0,0,0,0,0,0,0,0,0,0,0
5,J,8,Germany x Tajikistan,Mixed,Control,5-BS_M_C,2,3/26/21,2.2,0,0,0,0,0,0,0,0,0,0,0,0,0
5,J,8,Germany x Tajikistan,Mixed,Control,5-BS_M_C,2,4/8/21,2.21,0,0,0,0,0,0,0,0,0,0,0,0,0
5,J,8,Germany x Tajikistan,Mixed,Control,5-BS_M_C,3,8/17/21,3.14,0,0,0,0,0,0,0,0,0,0,0,0,0
5,J,8,Germany x Tajikistan,Mixed,Control,5-BS_M_C,3,8/25/21,3.15,0,0,0,0,0,0,0,0,0,0,0,0,0
5,J,8,Germany x Tajikistan,Mixed,Control,5-BS_M_C,3,9/2/21,3.16,0,0,0,0,0,0,0,0,0,0,0,0,0
5,J,8,Germany x Tajikistan,Mixed,Control,5-BS_M_C,3,9/8/21,3.17,0,0,0,0,0,0,0,0,0,0,0,0,0
5,J,8,Germany x Tajikistan,Mixed,Control,5-BS_M_C,3,9/15/21,3.18,0,0,0,0,0,0,0,0,0,0,0,0,0
5,J,8,Germany x Tajikistan,Mixed,Control,5-BS_M_C,3,9/22/21,3.19,0,0,0,0,0,0,0,0,0,0,0,0,0
5,J,8,Germany x Tajikistan,Mixed,Control,5-BS_M_C,3,10/3/21,3.2,0,0,0,0,0,0,0,0,0,0,0,0,0
5,J,8,Germany x Tajikistan,Mixed,Control,5-BS_M_C,3,10/15/21,3.21,0,0,0,0,0,0,0,0,0,0,0,0,0
5,J,8,Germany x Tajikistan,Mixed,Control,5-BS_M_C,3,11/15/21,3.22,0,0,0,0,0,0,0,0,0,0,0,0,0
5,J,8,Germany x Tajikistan,Mixed,Control,5-BS_M_C,3,12/17/21,3.23,0,0,0,0,0,0,0,0,0,0,0,0,0
5,J,9,Italy x Sweden,Mixed,Native Soil,5-IS-M-Soil,1,6/12/19,1.01,4,0,0,0,0,0,NA,NA,NA,NA,NA,NA,4
5,J,9,Italy x Sweden,Mixed,Native Soil,5-IS-M-Soil,1,6/16/19,1.02,0,0,0,0,0,0,NA,NA,NA,NA,NA,NA,0
5,J,9,Italy x Sweden,Mixed,Native Soil,5-IS-M-Soil,1,6/26/19,1.03,0,0,0,0,0,0,NA,0,0,0,0,0,0
5,J,9,Italy x Sweden,Mixed,Native Soil,5-IS-M-Soil,1,7/3/19,1.04,0,0,0,0,0,0,NA,0,0,0,0,0,0
5,J,9,Italy x Sweden,Mixed,Native Soil,5-IS-M-Soil,1,7/10/19,1.05,NA,0,0,0,0,0,NA,0,0,0,0,0,0
5,J,9,Italy x Sweden,Mixed,Native Soil,5-IS-M-Soil,1,7/17/19,1.06,0,0,0,0,0,0,NA,0,0,0,0,0,0
5,J,9,Italy x Sweden,Mixed,Native Soil,5-IS-M-Soil,1,7/24/19,1.07,0,0,0,0,0,0,NA,0,0,0,0,0,0
5,J,9,Italy x Sweden,Mixed,Native Soil,5-IS-M-Soil,1,7/31/19,1.08,0,0,0,0,0,0,NA,0,0,0,0,0,0
5,J,9,Italy x Sweden,Mixed,Native Soil,5-IS-M-Soil,1,8/7/19,1.09,0,0,0,0,0,0,NA,0,0,0,0,0,0
5,J,9,Italy x Sweden,Mixed,Native Soil,5-IS-M-Soil,1,8/15/19,1.1,0,0,0,0,0,0,NA,0,0,0,0,0,0
5,J,9,Italy x Sweden,Mixed,Native Soil,5-IS-M-Soil,1,8/20/19,1.11,0,0,0,0,0,0,NA,0,0,0,0,0,0
5,J,9,Italy x Sweden,Mixed,Native Soil,5-IS-M-Soil,1,8/28/19,1.12,0,0,0,0,0,0,NA,0,0,0,0,0,0
5,J,9,Italy x Sweden,Mixed,Native Soil,5-IS-M-Soil,1,9/4/19,1.13,0,0,0,0,0,0,NA,0,0,0,0,0,0
5,J,9,Italy x Sweden,Mixed,Native Soil,5-IS-M-Soil,1,9/11/19,1.14,0,0,0,0,0,0,NA,0,0,0,0,0,0
5,J,9,Italy x Sweden,Mixed,Native Soil,5-IS-M-Soil,1,9/18/19,1.15,0,0,0,0,0,0,NA,0,0,0,0,0,0
5,J,9,Italy x Sweden,Mixed,Native Soil,5-IS-M-Soil,1,9/25/19,1.16,0,0,0,0,0,0,NA,0,0,0,0,0,0
5,J,9,Italy x Sweden,Mixed,Native Soil,5-IS-M-Soil,1,10/2/19,1.17,0,0,0,0,0,0,NA,0,0,0,0,0,0
5,J,9,Italy x Sweden,Mixed,Native Soil,5-IS-M-Soil,1,10/9/19,1.18,0,0,0,0,0,0,NA,0,0,0,0,0,0
5,J,9,Italy x Sweden,Mixed,Native Soil,5-IS-M-Soil,1,10/18/19,1.19,0,0,0,0,0,0,NA,NA,NA,NA,NA,0,0
5,J,9,Italy x Sweden,Mixed,Native Soil,5-IS-M-Soil,1,10/23/19,1.2,12,0,0,0,0,0,NA,NA,NA,NA,NA,0,12
5,J,9,Italy x Sweden,Mixed,Native Soil,5-IS-M-Soil,1,11/6/19,1.22,1,17,0,0,0,0,NA,NA,NA,NA,NA,0,18
5,J,9,Italy x Sweden,Mixed,Native Soil,5-IS-M-Soil,1,11/20/19,1.23,0,17,0,0,0,0,NA,NA,NA,NA,NA,0,17
5,J,9,Italy x Sweden,Mixed,Native Soil,5-IS-M-Soil,1,12/4/19,1.24,0,16,0,0,0,0,NA,NA,NA,NA,NA,0,16
5,J,9,Italy x Sweden,Mixed,Native Soil,5-IS-M-Soil,1,12/20/19,1.25,1,16,0,0,0,0,NA,30,0,0,0,0,47
5,J,9,Italy x Sweden,Mixed,Native Soil,5-IS-M-Soil,1,2/10/20,1.26,0,1,4,2,8,0,NA,NA,7,3,11,0,36
5,J,9,Italy x Sweden,Mixed,Native Soil,5-IS-M-Soil,1,3/2/20,1.27,0,0,1,0,15,0,NA,NA,0,1,20,0,37
5,J,9,Italy x Sweden,Mixed,Native Soil,5-IS-M-Soil,1,5/5/20,1.29,0,0,0,0,0,10,NA,0,0,0,0,11,21
5,J,9,Italy x Sweden,Mixed,Native Soil,5-IS-M-Soil,2,5/27/20,2.01,30,0,0,0,0,0,28,0,0,0,0,0,58
5,J,9,Italy x Sweden,Mixed,Native Soil,5-IS-M-Soil,2,6/4/20,2.02,0,0,0,0,0,0,0,0,0,0,0,0,0
5,J,9,Italy x Sweden,Mixed,Native Soil,5-IS-M-Soil,2,7/23/20,2.03,0,0,0,0,0,0,0,0,0,0,0,0,0
5,J,9,Italy x Sweden,Mixed,Native Soil,5-IS-M-Soil,2,8/7/20,2.04,0,0,0,0,0,0,0,0,0,0,0,0,0
5,J,9,Italy x Sweden,Mixed,Native Soil,5-IS-M-Soil,2,8/13/20,2.05,0,0,0,0,0,0,0,0,0,0,0,0,0
5,J,9,Italy x Sweden,Mixed,Native Soil,5-IS-M-Soil,2,8/18/20,2.06,0,0,0,0,0,0,0,0,0,0,0,0,0
5,J,9,Italy x Sweden,Mixed,Native Soil,5-IS-M-Soil,2,8/25/20,2.07,0,0,0,0,0,0,0,0,0,0,0,0,0
5,J,9,Italy x Sweden,Mixed,Native Soil,5-IS-M-Soil,2,9/4/20,2.08,16,0,0,0,0,0,30,0,0,0,0,0,46
5,J,9,Italy x Sweden,Mixed,Native Soil,5-IS-M-Soil,2,9/16/20,2.09,108,0,0,0,0,0,10,0,0,0,0,0,118
5,J,9,Italy x Sweden,Mixed,Native Soil,5-IS-M-Soil,2,10/2/20,2.1,0,0,0,0,0,0,0,0,0,0,0,0,0
5,J,9,Italy x Sweden,Mixed,Native Soil,5-IS-M-Soil,2,10/19/20,2.11,0,0,0,0,0,0,0,0,0,0,0,0,0
5,J,9,Italy x Sweden,Mixed,Native Soil,5-IS-M-Soil,2,11/6/20,2.12,0,0,0,0,0,0,0,0,0,0,0,0,0
5,J,9,Italy x Sweden,Mixed,Native Soil,5-IS-M-Soil,2,11/19/20,2.13,6,3,0,0,0,0,0,20,0,0,0,0,29
5,J,9,Italy x Sweden,Mixed,Native Soil,5-IS-M-Soil,2,12/4/20,2.14,3,3,0,0,0,0,0,5,0,0,0,0,11
5,J,9,Italy x Sweden,Mixed,Native Soil,5-IS-M-Soil,2,12/15/20,2.15,9,6,0,0,0,0,4,28,0,0,0,0,47
5,J,9,Italy x Sweden,Mixed,Native Soil,5-IS-M-Soil,2,1/14/21,2.16,1,9,0,0,0,0,0,21,0,0,0,0,31
5,J,9,Italy x Sweden,Mixed,Native Soil,5-IS-M-Soil,2,2/1/21,2.17,0,0,0,0,0,0,0,0,0,0,0,0,0
5,J,9,Italy x Sweden,Mixed,Native Soil,5-IS-M-Soil,2,2/25/21,2.18,0,0,0,0,0,0,0,0,0,0,0,0,0
5,J,9,Italy x Sweden,Mixed,Native Soil,5-IS-M-Soil,2,3/8/21,2.19,0,0,0,0,0,0,0,0,0,1,1,0,2
5,J,9,Italy x Sweden,Mixed,Native Soil,5-IS-M-Soil,2,3/26/21,2.2,0,0,0,0,0,0,0,0,0,0,3,0,3
5,J,9,Italy x Sweden,Mixed,Native Soil,5-IS-M-Soil,2,4/8/21,2.21,0,0,0,0,0,0,0,0,0,0,0,1,1
5,J,9,Italy x Sweden,Mixed,Native Soil,5-IS-M-Soil,3,8/17/21,3.14,0,0,0,0,0,0,0,0,0,0,0,0,0
5,J,9,Italy x Sweden,Mixed,Native Soil,5-IS-M-Soil,3,8/25/21,3.15,0,0,0,0,0,0,0,0,0,0,0,0,0
5,J,9,Italy x Sweden,Mixed,Native Soil,5-IS-M-Soil,3,9/2/21,3.16,0,0,0,0,0,0,0,0,0,0,0,0,0
5,J,9,Italy x Sweden,Mixed,Native Soil,5-IS-M-Soil,3,9/8/21,3.17,0,0,0,0,0,0,0,0,0,0,0,0,0
5,J,9,Italy x Sweden,Mixed,Native Soil,5-IS-M-Soil,3,9/15/21,3.18,0,0,0,0,0,0,0,0,0,0,0,0,0
5,J,9,Italy x Sweden,Mixed,Native Soil,5-IS-M-Soil,3,9/22/21,3.19,0,0,0,0,0,0,0,0,0,0,0,0,0
5,J,9,Italy x Sweden,Mixed,Native Soil,5-IS-M-Soil,3,10/3/21,3.2,182,0,0,0,0,0,483,5,0,0,0,0,670
5,J,9,Italy x Sweden,Mixed,Native Soil,5-IS-M-Soil,3,10/15/21,3.21,55,71,0,0,0,0,205,205,0,0,0,0,536
5,J,9,Italy x Sweden,Mixed,Native Soil,5-IS-M-Soil,3,11/15/21,3.22,16,69,0,0,0,0,83,233,0,0,0,0,401
5,J,9,Italy x Sweden,Mixed,Native Soil,5-IS-M-Soil,3,12/17/21,3.23,14,58,0,0,0,0,40,145,0,0,0,0,257
5,J,10,UK x USA,Non-Dormant,Control,5-TC_ND_C,1,6/12/19,1.01,NA,NA,NA,NA,NA,NA,NA,NA,NA,NA,NA,NA,NA
5,J,10,UK x USA,Non-Dormant,Control,5-TC_ND_C,1,6/16/19,1.02,NA,NA,NA,NA,NA,NA,NA,NA,NA,NA,NA,NA,NA
5,J,10,UK x USA,Non-Dormant,Control,5-TC_ND_C,1,6/26/19,1.03,NA,NA,NA,NA,NA,NA,NA,NA,NA,NA,NA,NA,NA
5,J,10,UK x USA,Non-Dormant,Control,5-TC_ND_C,1,7/3/19,1.04,NA,NA,NA,NA,NA,NA,NA,NA,NA,NA,NA,NA,NA
5,J,10,UK x USA,Non-Dormant,Control,5-TC_ND_C,1,7/10/19,1.05,NA,NA,NA,NA,NA,NA,NA,NA,NA,NA,NA,NA,NA
5,J,10,UK x USA,Non-Dormant,Control,5-TC_ND_C,1,7/17/19,1.06,0,0,0,0,0,0,NA,0,0,0,0,0,0
5,J,10,UK x USA,Non-Dormant,Control,5-TC_ND_C,1,7/24/19,1.07,0,0,0,0,0,0,NA,0,0,0,0,0,0
5,J,10,UK x USA,Non-Dormant,Control,5-TC_ND_C,1,7/31/19,1.08,0,0,0,0,0,0,NA,0,0,0,0,0,0
5,J,10,UK x USA,Non-Dormant,Control,5-TC_ND_C,1,8/7/19,1.09,0,0,0,0,0,0,NA,0,0,0,0,0,0
5,J,10,UK x USA,Non-Dormant,Control,5-TC_ND_C,1,8/15/19,1.1,0,0,0,0,0,0,NA,0,0,0,0,0,0
5,J,10,UK x USA,Non-Dormant,Control,5-TC_ND_C,1,8/20/19,1.11,0,0,0,0,0,0,NA,0,0,0,0,0,0
5,J,10,UK x USA,Non-Dormant,Control,5-TC_ND_C,1,8/28/19,1.12,0,0,0,0,0,0,NA,0,0,0,0,0,0
5,J,10,UK x USA,Non-Dormant,Control,5-TC_ND_C,1,9/4/19,1.13,0,0,0,0,0,0,NA,0,0,0,0,0,0
5,J,10,UK x USA,Non-Dormant,Control,5-TC_ND_C,1,9/11/19,1.14,0,0,0,0,0,0,NA,0,0,0,0,0,0
5,J,10,UK x USA,Non-Dormant,Control,5-TC_ND_C,1,9/18/19,1.15,0,0,0,0,0,0,NA,0,0,0,0,0,0
5,J,10,UK x USA,Non-Dormant,Control,5-TC_ND_C,1,9/25/19,1.16,0,0,0,0,0,0,NA,0,0,0,0,0,0
5,J,10,UK x USA,Non-Dormant,Control,5-TC_ND_C,1,10/2/19,1.17,0,0,0,0,0,0,NA,0,0,0,0,0,0
5,J,10,UK x USA,Non-Dormant,Control,5-TC_ND_C,1,10/9/19,1.18,0,0,0,0,0,0,NA,0,0,0,0,0,0
5,J,10,UK x USA,Non-Dormant,Control,5-TC_ND_C,1,10/18/19,1.19,0,0,0,0,0,0,NA,NA,NA,NA,NA,0,0
5,J,10,UK x USA,Non-Dormant,Control,5-TC_ND_C,1,10/23/19,1.2,0,0,0,0,0,0,NA,NA,NA,NA,NA,0,0
5,J,10,UK x USA,Non-Dormant,Control,5-TC_ND_C,1,11/6/19,1.22,0,0,0,0,0,0,NA,NA,NA,NA,NA,0,0
5,J,10,UK x USA,Non-Dormant,Control,5-TC_ND_C,1,11/20/19,1.23,0,0,0,0,0,0,NA,NA,NA,NA,NA,0,0
5,J,10,UK x USA,Non-Dormant,Control,5-TC_ND_C,1,12/4/19,1.24,0,0,0,0,0,0,NA,NA,NA,NA,NA,0,0
5,J,10,UK x USA,Non-Dormant,Control,5-TC_ND_C,1,12/20/19,1.25,0,0,0,0,0,0,NA,0,0,0,0,0,0
5,J,10,UK x USA,Non-Dormant,Control,5-TC_ND_C,1,2/10/20,1.26,0,0,0,0,0,0,NA,NA,0,0,0,0,0
5,J,10,UK x USA,Non-Dormant,Control,5-TC_ND_C,1,3/2/20,1.27,0,0,0,0,0,0,NA,NA,0,0,0,0,0
5,J,10,UK x USA,Non-Dormant,Control,5-TC_ND_C,1,5/5/20,1.29,0,0,0,0,0,0,NA,0,0,0,0,0,0
5,J,10,UK x USA,Non-Dormant,Control,5-TC_ND_C,2,5/27/20,2.01,0,0,0,0,0,0,0,0,0,0,0,0,0
5,J,10,UK x USA,Non-Dormant,Control,5-TC_ND_C,2,6/4/20,2.02,0,0,0,0,0,0,1,0,0,0,0,0,1
5,J,10,UK x USA,Non-Dormant,Control,5-TC_ND_C,2,7/23/20,2.03,0,0,0,0,0,0,0,0,0,0,0,0,0
5,J,10,UK x USA,Non-Dormant,Control,5-TC_ND_C,2,8/7/20,2.04,0,0,0,0,0,0,0,0,0,0,0,0,0
5,J,10,UK x USA,Non-Dormant,Control,5-TC_ND_C,2,8/13/20,2.05,0,0,0,0,0,0,0,0,0,0,0,0,0
5,J,10,UK x USA,Non-Dormant,Control,5-TC_ND_C,2,8/18/20,2.06,0,0,0,0,0,0,0,0,0,0,0,0,0
5,J,10,UK x USA,Non-Dormant,Control,5-TC_ND_C,2,8/25/20,2.07,0,0,0,0,0,0,0,0,0,0,0,0,0
5,J,10,UK x USA,Non-Dormant,Control,5-TC_ND_C,2,9/4/20,2.08,70,0,0,0,0,0,20,0,0,0,0,0,90
5,J,10,UK x USA,Non-Dormant,Control,5-TC_ND_C,2,9/16/20,2.09,4,0,0,0,0,0,5,0,0,0,0,0,9
5,J,10,UK x USA,Non-Dormant,Control,5-TC_ND_C,2,10/2/20,2.1,0,0,0,0,0,0,0,0,0,0,0,0,0
5,J,10,UK x USA,Non-Dormant,Control,5-TC_ND_C,2,10/19/20,2.11,0,0,0,0,0,0,0,0,0,0,0,0,0
5,J,10,UK x USA,Non-Dormant,Control,5-TC_ND_C,2,11/6/20,2.12,0,0,0,0,0,0,0,0,0,0,0,0,0
5,J,10,UK x USA,Non-Dormant,Control,5-TC_ND_C,2,11/19/20,2.13,0,0,0,0,0,0,0,0,0,0,0,0,0
5,J,10,UK x USA,Non-Dormant,Control,5-TC_ND_C,2,12/4/20,2.14,0,0,0,0,0,0,0,0,0,0,0,0,0
5,J,10,UK x USA,Non-Dormant,Control,5-TC_ND_C,2,12/15/20,2.15,0,0,0,0,0,0,0,0,0,0,0,0,0
5,J,10,UK x USA,Non-Dormant,Control,5-TC_ND_C,2,1/14/21,2.16,0,0,0,0,0,0,0,0,0,0,0,0,0
5,J,10,UK x USA,Non-Dormant,Control,5-TC_ND_C,2,2/1/21,2.17,0,0,0,0,0,0,0,0,0,0,0,0,0
5,J,10,UK x USA,Non-Dormant,Control,5-TC_ND_C,2,2/25/21,2.18,0,0,0,0,0,0,0,0,0,0,0,0,0
5,J,10,UK x USA,Non-Dormant,Control,5-TC_ND_C,2,3/8/21,2.19,0,0,0,0,0,0,0,0,0,0,0,0,0
5,J,10,UK x USA,Non-Dormant,Control,5-TC_ND_C,2,3/26/21,2.2,0,0,0,0,0,0,0,0,0,0,0,0,0
5,J,10,UK x USA,Non-Dormant,Control,5-TC_ND_C,2,4/8/21,2.21,0,0,0,0,0,0,0,0,0,0,0,0,0
5,J,10,UK x USA,Non-Dormant,Control,5-TC_ND_C,3,8/17/21,3.14,0,0,0,0,0,0,0,0,0,0,0,0,0
5,J,10,UK x USA,Non-Dormant,Control,5-TC_ND_C,3,8/25/21,3.15,0,0,0,0,0,0,0,0,0,0,0,0,0
5,J,10,UK x USA,Non-Dormant,Control,5-TC_ND_C,3,9/2/21,3.16,0,0,0,0,0,0,0,0,0,0,0,0,0
5,J,10,UK x USA,Non-Dormant,Control,5-TC_ND_C,3,9/8/21,3.17,0,0,0,0,0,0,0,0,0,0,0,0,0
5,J,10,UK x USA,Non-Dormant,Control,5-TC_ND_C,3,9/15/21,3.18,0,0,0,0,0,0,0,0,0,0,0,0,0
5,J,10,UK x USA,Non-Dormant,Control,5-TC_ND_C,3,9/22/21,3.19,0,0,0,0,0,0,0,0,0,0,0,0,0
5,J,10,UK x USA,Non-Dormant,Control,5-TC_ND_C,3,10/3/21,3.2,2,0,0,0,0,0,0,0,0,0,0,0,2
5,J,10,UK x USA,Non-Dormant,Control,5-TC_ND_C,3,10/15/21,3.21,0,1,0,0,0,0,1,2,0,0,0,0,4
5,J,10,UK x USA,Non-Dormant,Control,5-TC_ND_C,3,11/15/21,3.22,0,0,0,0,0,0,0,0,0,0,0,0,0
5,J,10,UK x USA,Non-Dormant,Control,5-TC_ND_C,3,12/17/21,3.23,0,0,0,0,0,0,0,0,0,0,0,0,0
8,J,11,Italy x Sweden,Dormant,High Humidity,8-IS_D_D,1,6/12/19,1.01,0,0,0,0,0,0,NA,NA,NA,NA,NA,NA,0
8,J,11,Italy x Sweden,Dormant,High Humidity,8-IS_D_D,1,6/16/19,1.02,0,0,0,0,0,0,NA,NA,NA,NA,NA,NA,0
8,J,11,Italy x Sweden,Dormant,High Humidity,8-IS_D_D,1,6/26/19,1.03,0,0,0,0,0,0,NA,1,0,0,0,0,1
8,J,11,Italy x Sweden,Dormant,High Humidity,8-IS_D_D,1,7/3/19,1.04,0,0,0,0,0,0,NA,1,0,0,0,0,1
8,J,11,Italy x Sweden,Dormant,High Humidity,8-IS_D_D,1,7/10/19,1.05,NA,0,0,0,0,0,NA,1,0,0,0,0,1
8,J,11,Italy x Sweden,Dormant,High Humidity,8-IS_D_D,1,7/17/19,1.06,0,0,0,0,0,0,NA,1,0,0,0,0,1
8,J,11,Italy x Sweden,Dormant,High Humidity,8-IS_D_D,1,7/24/19,1.07,0,0,0,0,0,0,NA,1,0,0,0,0,1
8,J,11,Italy x Sweden,Dormant,High Humidity,8-IS_D_D,1,7/31/19,1.08,0,0,0,0,0,0,NA,0,0,0,0,0,0
8,J,11,Italy x Sweden,Dormant,High Humidity,8-IS_D_D,1,8/7/19,1.09,0,0,0,0,0,0,NA,0,0,0,0,0,0
8,J,11,Italy x Sweden,Dormant,High Humidity,8-IS_D_D,1,8/15/19,1.1,0,0,0,0,0,0,NA,0,0,0,0,0,0
8,J,11,Italy x Sweden,Dormant,High Humidity,8-IS_D_D,1,8/20/19,1.11,0,0,0,0,0,0,NA,0,0,0,0,0,0
8,J,11,Italy x Sweden,Dormant,High Humidity,8-IS_D_D,1,8/28/19,1.12,0,0,0,0,0,0,NA,0,0,0,0,0,0
8,J,11,Italy x Sweden,Dormant,High Humidity,8-IS_D_D,1,9/4/19,1.13,0,0,0,0,0,0,NA,0,0,0,0,0,0
8,J,11,Italy x Sweden,Dormant,High Humidity,8-IS_D_D,1,9/11/19,1.14,0,0,0,0,0,0,NA,0,0,0,0,0,0
8,J,11,Italy x Sweden,Dormant,High Humidity,8-IS_D_D,1,9/18/19,1.15,0,0,0,0,0,0,NA,0,0,0,0,0,0
8,J,11,Italy x Sweden,Dormant,High Humidity,8-IS_D_D,1,9/25/19,1.16,0,0,0,0,0,0,NA,0,0,0,0,0,0
8,J,11,Italy x Sweden,Dormant,High Humidity,8-IS_D_D,1,10/2/19,1.17,0,0,0,0,0,0,NA,0,0,0,0,0,0
8,J,11,Italy x Sweden,Dormant,High Humidity,8-IS_D_D,1,10/9/19,1.18,0,0,0,0,0,0,NA,0,0,0,0,0,0
8,J,11,Italy x Sweden,Dormant,High Humidity,8-IS_D_D,1,10/18/19,1.19,0,0,0,0,0,0,NA,NA,NA,NA,NA,0,0
8,J,11,Italy x Sweden,Dormant,High Humidity,8-IS_D_D,1,10/23/19,1.2,1,0,0,0,0,0,NA,NA,NA,NA,NA,0,1
8,J,11,Italy x Sweden,Dormant,High Humidity,8-IS_D_D,1,11/6/19,1.22,4,0,0,0,0,0,NA,NA,NA,NA,NA,0,4
8,J,11,Italy x Sweden,Dormant,High Humidity,8-IS_D_D,1,11/20/19,1.23,0,0,0,0,0,0,NA,NA,NA,NA,NA,0,0
8,J,11,Italy x Sweden,Dormant,High Humidity,8-IS_D_D,1,12/4/19,1.24,0,0,0,0,0,0,NA,NA,NA,NA,NA,0,0
8,J,11,Italy x Sweden,Dormant,High Humidity,8-IS_D_D,1,12/20/19,1.25,0,1,0,0,0,0,NA,0,0,0,0,0,1
8,J,11,Italy x Sweden,Dormant,High Humidity,8-IS_D_D,1,2/10/20,1.26,0,0,0,0,0,0,NA,NA,0,0,0,0,0
8,J,11,Italy x Sweden,Dormant,High Humidity,8-IS_D_D,1,3/2/20,1.27,0,0,0,0,0,0,NA,NA,0,0,0,0,0
8,J,11,Italy x Sweden,Dormant,High Humidity,8-IS_D_D,1,5/5/20,1.29,0,0,0,0,0,0,NA,0,0,0,0,0,0
8,J,11,Italy x Sweden,Dormant,High Humidity,8-IS_D_D,2,5/27/20,2.01,0,0,0,0,0,0,0,0,0,0,0,0,0
8,J,11,Italy x Sweden,Dormant,High Humidity,8-IS_D_D,2,6/4/20,2.02,0,0,0,0,0,0,0,0,0,0,0,0,0
8,J,11,Italy x Sweden,Dormant,High Humidity,8-IS_D_D,2,7/23/20,2.03,0,0,0,0,0,0,0,0,0,0,0,0,0
8,J,11,Italy x Sweden,Dormant,High Humidity,8-IS_D_D,2,8/7/20,2.04,0,0,0,0,0,0,0,0,0,0,0,0,0
8,J,11,Italy x Sweden,Dormant,High Humidity,8-IS_D_D,2,8/13/20,2.05,0,0,0,0,0,0,0,0,0,0,0,0,0
8,J,11,Italy x Sweden,Dormant,High Humidity,8-IS_D_D,2,8/18/20,2.06,0,0,0,0,0,0,0,0,0,0,0,0,0
8,J,11,Italy x Sweden,Dormant,High Humidity,8-IS_D_D,2,8/25/20,2.07,0,0,0,0,0,0,0,0,0,0,0,0,0
8,J,11,Italy x Sweden,Dormant,High Humidity,8-IS_D_D,2,9/4/20,2.08,3,0,0,0,0,0,5,0,0,0,0,0,8
8,J,11,Italy x Sweden,Dormant,High Humidity,8-IS_D_D,2,9/16/20,2.09,0,0,0,0,0,0,0,0,0,0,0,0,0
8,J,11,Italy x Sweden,Dormant,High Humidity,8-IS_D_D,2,10/2/20,2.1,0,0,0,0,0,0,0,0,0,0,0,0,0
8,J,11,Italy x Sweden,Dormant,High Humidity,8-IS_D_D,2,10/19/20,2.11,0,0,0,0,0,0,0,0,0,0,0,0,0
8,J,11,Italy x Sweden,Dormant,High Humidity,8-IS_D_D,2,10/30/20,2.12,0,0,0,0,0,0,0,0,0,0,0,0,0
8,J,11,Italy x Sweden,Dormant,High Humidity,8-IS_D_D,2,11/13/20,2.13,0,0,0,0,0,0,0,0,0,0,0,0,0
8,J,11,Italy x Sweden,Dormant,High Humidity,8-IS_D_D,2,12/1/20,2.14,0,0,0,0,0,0,0,0,0,0,0,0,0
8,J,11,Italy x Sweden,Dormant,High Humidity,8-IS_D_D,2,12/15/20,2.15,0,0,0,0,0,0,0,0,0,0,0,0,0
8,J,11,Italy x Sweden,Dormant,High Humidity,8-IS_D_D,2,1/12/21,2.16,0,0,0,0,0,0,0,0,0,0,0,0,0
8,J,11,Italy x Sweden,Dormant,High Humidity,8-IS_D_D,2,2/1/21,2.17,0,0,0,0,0,0,0,0,0,0,0,0,0
8,J,11,Italy x Sweden,Dormant,High Humidity,8-IS_D_D,2,2/25/21,2.18,0,0,0,0,0,0,0,0,0,0,0,0,0
8,J,11,Italy x Sweden,Dormant,High Humidity,8-IS_D_D,2,3/8/21,2.19,0,0,0,0,0,0,0,0,0,0,0,0,0
8,J,11,Italy x Sweden,Dormant,High Humidity,8-IS_D_D,2,3/26/21,2.2,0,0,0,0,0,0,0,0,0,0,0,0,0
8,J,11,Italy x Sweden,Dormant,High Humidity,8-IS_D_D,2,4/8/21,2.21,0,0,0,0,0,0,0,0,0,0,0,0,0
8,J,11,Italy x Sweden,Dormant,High Humidity,8-IS_D_D,3,8/17/21,3.14,0,0,0,0,0,0,0,0,0,0,0,0,0
8,J,11,Italy x Sweden,Dormant,High Humidity,8-IS_D_D,3,8/25/21,3.15,0,0,0,0,0,0,0,0,0,0,0,0,0
8,J,11,Italy x Sweden,Dormant,High Humidity,8-IS_D_D,3,9/2/21,3.16,0,0,0,0,0,0,0,0,0,0,0,0,0
8,J,11,Italy x Sweden,Dormant,High Humidity,8-IS_D_D,3,9/8/21,3.17,0,0,0,0,0,0,0,0,0,0,0,0,0
8,J,11,Italy x Sweden,Dormant,High Humidity,8-IS_D_D,3,9/15/21,3.18,0,0,0,0,0,0,0,0,0,0,0,0,0
8,J,11,Italy x Sweden,Dormant,High Humidity,8-IS_D_D,3,9/22/21,3.19,0,0,0,0,0,0,0,0,0,0,0,0,0
8,J,11,Italy x Sweden,Dormant,High Humidity,8-IS_D_D,3,10/4/21,3.2,31,1,0,0,0,0,22,0,0,0,0,0,54
8,J,11,Italy x Sweden,Dormant,High Humidity,8-IS_D_D,3,10/16/21,3.21,13,29,0,0,0,0,14,51,0,0,0,0,107
8,J,11,Italy x Sweden,Dormant,High Humidity,8-IS_D_D,3,11/17/21,3.22,0,13,0,0,0,0,0,24,0,0,0,0,37
8,J,11,Italy x Sweden,Dormant,High Humidity,8-IS_D_D,3,12/9/21,3.23,0,13,0,0,0,0,0,17,0,0,0,0,0
8,J,12,Italy x Sweden,Non-Dormant,Control,8-IS_ND_C,1,6/12/19,1.01,0,0,0,0,0,0,NA,NA,NA,NA,NA,NA,0
8,J,12,Italy x Sweden,Non-Dormant,Control,8-IS_ND_C,1,6/16/19,1.02,0,0,0,0,0,0,NA,NA,NA,NA,NA,NA,0
8,J,12,Italy x Sweden,Non-Dormant,Control,8-IS_ND_C,1,6/26/19,1.03,0,0,0,0,0,0,NA,0,0,0,0,0,0
8,J,12,Italy x Sweden,Non-Dormant,Control,8-IS_ND_C,1,7/3/19,1.04,0,0,0,0,0,0,NA,0,0,0,0,0,0
8,J,12,Italy x Sweden,Non-Dormant,Control,8-IS_ND_C,1,7/10/19,1.05,NA,0,0,0,0,0,NA,0,0,0,0,0,0
8,J,12,Italy x Sweden,Non-Dormant,Control,8-IS_ND_C,1,7/17/19,1.06,0,0,0,0,0,0,NA,0,0,0,0,0,0
8,J,12,Italy x Sweden,Non-Dormant,Control,8-IS_ND_C,1,7/24/19,1.07,0,0,0,0,0,0,NA,0,0,0,0,0,0
8,J,12,Italy x Sweden,Non-Dormant,Control,8-IS_ND_C,1,7/31/19,1.08,0,0,0,0,0,0,NA,0,0,0,0,0,0
8,J,12,Italy x Sweden,Non-Dormant,Control,8-IS_ND_C,1,8/7/19,1.09,0,0,0,0,0,0,NA,0,0,0,0,0,0
8,J,12,Italy x Sweden,Non-Dormant,Control,8-IS_ND_C,1,8/15/19,1.1,0,0,0,0,0,0,NA,0,0,0,0,0,0
8,J,12,Italy x Sweden,Non-Dormant,Control,8-IS_ND_C,1,8/20/19,1.11,0,0,0,0,0,0,NA,0,0,0,0,0,0
8,J,12,Italy x Sweden,Non-Dormant,Control,8-IS_ND_C,1,8/28/19,1.12,0,0,0,0,0,0,NA,0,0,0,0,0,0
8,J,12,Italy x Sweden,Non-Dormant,Control,8-IS_ND_C,1,9/4/19,1.13,0,0,0,0,0,0,NA,0,0,0,0,0,0
8,J,12,Italy x Sweden,Non-Dormant,Control,8-IS_ND_C,1,9/11/19,1.14,0,0,0,0,0,0,NA,0,0,0,0,0,0
8,J,12,Italy x Sweden,Non-Dormant,Control,8-IS_ND_C,1,9/18/19,1.15,0,0,0,0,0,0,NA,0,0,0,0,0,0
8,J,12,Italy x Sweden,Non-Dormant,Control,8-IS_ND_C,1,9/25/19,1.16,0,0,0,0,0,0,NA,0,0,0,0,0,0
8,J,12,Italy x Sweden,Non-Dormant,Control,8-IS_ND_C,1,10/2/19,1.17,0,0,0,0,0,0,NA,0,0,0,0,0,0
8,J,12,Italy x Sweden,Non-Dormant,Control,8-IS_ND_C,1,10/9/19,1.18,0,0,0,0,0,0,NA,0,0,0,0,0,0
8,J,12,Italy x Sweden,Non-Dormant,Control,8-IS_ND_C,1,10/18/19,1.19,0,0,0,0,0,0,NA,NA,NA,NA,NA,0,0
8,J,12,Italy x Sweden,Non-Dormant,Control,8-IS_ND_C,1,10/23/19,1.2,4,0,0,0,0,0,NA,NA,NA,NA,NA,0,4
8,J,12,Italy x Sweden,Non-Dormant,Control,8-IS_ND_C,1,11/6/19,1.22,1,0,0,0,0,0,NA,NA,NA,NA,NA,0,1
8,J,12,Italy x Sweden,Non-Dormant,Control,8-IS_ND_C,1,11/20/19,1.23,0,0,0,0,0,0,NA,NA,NA,NA,NA,0,0
8,J,12,Italy x Sweden,Non-Dormant,Control,8-IS_ND_C,1,12/4/19,1.24,0,0,0,0,0,0,NA,NA,NA,NA,NA,0,0
8,J,12,Italy x Sweden,Non-Dormant,Control,8-IS_ND_C,1,12/20/19,1.25,0,0,0,0,0,0,NA,0,0,0,0,0,0
8,J,12,Italy x Sweden,Non-Dormant,Control,8-IS_ND_C,1,2/10/20,1.26,0,0,0,0,0,0,NA,NA,0,0,0,0,0
8,J,12,Italy x Sweden,Non-Dormant,Control,8-IS_ND_C,1,3/2/20,1.27,0,0,0,0,0,0,NA,NA,0,0,0,0,0
8,J,12,Italy x Sweden,Non-Dormant,Control,8-IS_ND_C,1,5/5/20,1.29,0,0,0,0,0,0,NA,0,0,0,0,0,0
8,J,12,Italy x Sweden,Non-Dormant,Control,8-IS_ND_C,2,5/27/20,2.01,1,0,0,0,0,0,0,0,0,0,0,0,1
8,J,12,Italy x Sweden,Non-Dormant,Control,8-IS_ND_C,2,6/4/20,2.02,0,0,0,0,0,0,0,0,0,0,0,0,0
8,J,12,Italy x Sweden,Non-Dormant,Control,8-IS_ND_C,2,7/23/20,2.03,0,0,0,0,0,0,0,0,0,0,0,0,0
8,J,12,Italy x Sweden,Non-Dormant,Control,8-IS_ND_C,2,8/7/20,2.04,0,0,0,0,0,0,0,0,0,0,0,0,0
8,J,12,Italy x Sweden,Non-Dormant,Control,8-IS_ND_C,2,8/13/20,2.05,0,0,0,0,0,0,0,0,0,0,0,0,0
8,J,12,Italy x Sweden,Non-Dormant,Control,8-IS_ND_C,2,8/18/20,2.06,0,0,0,0,0,0,0,0,0,0,0,0,0
8,J,12,Italy x Sweden,Non-Dormant,Control,8-IS_ND_C,2,8/25/20,2.07,0,0,0,0,0,0,0,0,0,0,0,0,0
8,J,12,Italy x Sweden,Non-Dormant,Control,8-IS_ND_C,2,9/4/20,2.08,0,0,0,0,0,0,5,0,0,0,0,0,5
8,J,12,Italy x Sweden,Non-Dormant,Control,8-IS_ND_C,2,9/16/20,2.09,5,0,0,0,0,0,21,0,0,0,0,0,26
8,J,12,Italy x Sweden,Non-Dormant,Control,8-IS_ND_C,2,10/2/20,2.1,3,0,0,0,0,0,40,0,0,0,0,0,43
8,J,12,Italy x Sweden,Non-Dormant,Control,8-IS_ND_C,2,10/19/20,2.11,3,0,0,0,0,0,15,0,0,0,0,0,18
8,J,12,Italy x Sweden,Non-Dormant,Control,8-IS_ND_C,2,10/30/20,2.12,2,0,0,0,0,0,5,0,0,0,0,0,7
8,J,12,Italy x Sweden,Non-Dormant,Control,8-IS_ND_C,2,11/13/20,2.13,0,0,0,0,0,0,0,0,0,0,0,0,0
8,J,12,Italy x Sweden,Non-Dormant,Control,8-IS_ND_C,2,12/1/20,2.14,0,0,0,0,0,0,0,0,0,0,0,0,0
8,J,12,Italy x Sweden,Non-Dormant,Control,8-IS_ND_C,2,12/15/20,2.15,0,0,0,0,0,0,0,0,0,0,0,0,0
8,J,12,Italy x Sweden,Non-Dormant,Control,8-IS_ND_C,2,1/12/21,2.16,0,0,0,0,0,0,0,0,0,0,0,0,0
8,J,12,Italy x Sweden,Non-Dormant,Control,8-IS_ND_C,2,2/1/21,2.17,0,0,0,0,0,0,0,0,0,0,0,0,0
8,J,12,Italy x Sweden,Non-Dormant,Control,8-IS_ND_C,2,2/25/21,2.18,0,0,0,0,0,0,0,0,0,0,0,0,0
8,J,12,Italy x Sweden,Non-Dormant,Control,8-IS_ND_C,2,3/8/21,2.19,0,0,0,0,0,0,0,0,0,0,0,0,0
8,J,12,Italy x Sweden,Non-Dormant,Control,8-IS_ND_C,2,3/26/21,2.2,0,0,0,0,0,0,0,0,0,0,0,0,0
8,J,12,Italy x Sweden,Non-Dormant,Control,8-IS_ND_C,2,4/8/21,2.21,0,0,0,0,0,0,0,0,0,0,0,0,0
8,J,12,Italy x Sweden,Non-Dormant,Control,8-IS_ND_C,3,8/17/21,3.14,0,0,0,0,0,0,0,0,0,0,0,0,0
8,J,12,Italy x Sweden,Non-Dormant,Control,8-IS_ND_C,3,8/25/21,3.15,0,0,0,0,0,0,0,0,0,0,0,0,0
8,J,12,Italy x Sweden,Non-Dormant,Control,8-IS_ND_C,3,9/2/21,3.16,0,0,0,0,0,0,0,0,0,0,0,0,0
8,J,12,Italy x Sweden,Non-Dormant,Control,8-IS_ND_C,3,9/8/21,3.17,0,0,0,0,0,0,0,0,0,0,0,0,0
8,J,12,Italy x Sweden,Non-Dormant,Control,8-IS_ND_C,3,9/15/21,3.18,0,0,0,0,0,0,0,0,0,0,0,0,0
8,J,12,Italy x Sweden,Non-Dormant,Control,8-IS_ND_C,3,9/22/21,3.19,0,0,0,0,0,0,0,0,0,0,0,0,0
8,J,12,Italy x Sweden,Non-Dormant,Control,8-IS_ND_C,3,10/4/21,3.2,2,0,0,0,0,0,0,0,0,0,0,0,2
8,J,12,Italy x Sweden,Non-Dormant,Control,8-IS_ND_C,3,10/16/21,3.21,0,0,0,0,0,0,0,0,0,0,0,0,0
8,J,12,Italy x Sweden,Non-Dormant,Control,8-IS_ND_C,3,11/17/21,3.22,0,0,0,0,0,0,0,0,0,0,0,0,0
8,J,12,Italy x Sweden,Non-Dormant,Control,8-IS_ND_C,3,12/9/21,3.23,0,0,0,0,0,0,0,0,0,0,0,0,0
7,K,1,Italy x Sweden,Non-Dormant,Litter,7-IS_ND_F,1,6/12/19,1.01,0,0,0,0,0,0,NA,NA,NA,NA,NA,NA,0
7,K,1,Italy x Sweden,Non-Dormant,Litter,7-IS_ND_F,1,6/16/19,1.02,0,0,0,0,0,0,NA,NA,NA,NA,NA,NA,0
7,K,1,Italy x Sweden,Non-Dormant,Litter,7-IS_ND_F,1,6/26/19,1.03,0,0,0,0,0,0,NA,0,0,0,0,0,0
7,K,1,Italy x Sweden,Non-Dormant,Litter,7-IS_ND_F,1,7/3/19,1.04,0,0,0,0,0,0,NA,0,0,0,0,0,0
7,K,1,Italy x Sweden,Non-Dormant,Litter,7-IS_ND_F,1,7/10/19,1.05,NA,0,0,0,0,0,NA,0,0,0,0,0,0
7,K,1,Italy x Sweden,Non-Dormant,Litter,7-IS_ND_F,1,7/17/19,1.06,0,0,0,0,0,0,NA,0,0,0,0,0,0
7,K,1,Italy x Sweden,Non-Dormant,Litter,7-IS_ND_F,1,7/24/19,1.07,0,0,0,0,0,0,NA,0,0,0,0,0,0
7,K,1,Italy x Sweden,Non-Dormant,Litter,7-IS_ND_F,1,7/31/19,1.08,0,0,0,0,0,0,NA,0,0,0,0,0,0
7,K,1,Italy x Sweden,Non-Dormant,Litter,7-IS_ND_F,1,8/7/19,1.09,0,0,0,0,0,0,NA,0,0,0,0,0,0
7,K,1,Italy x Sweden,Non-Dormant,Litter,7-IS_ND_F,1,8/15/19,1.1,0,0,0,0,0,0,NA,0,0,0,0,0,0
7,K,1,Italy x Sweden,Non-Dormant,Litter,7-IS_ND_F,1,8/20/19,1.11,0,0,0,0,0,0,NA,0,0,0,0,0,0
7,K,1,Italy x Sweden,Non-Dormant,Litter,7-IS_ND_F,1,8/28/19,1.12,0,0,0,0,0,0,NA,0,0,0,0,0,0
7,K,1,Italy x Sweden,Non-Dormant,Litter,7-IS_ND_F,1,9/4/19,1.13,0,0,0,0,0,0,NA,0,0,0,0,0,0
7,K,1,Italy x Sweden,Non-Dormant,Litter,7-IS_ND_F,1,9/11/19,1.14,0,0,0,0,0,0,NA,0,0,0,0,0,0
7,K,1,Italy x Sweden,Non-Dormant,Litter,7-IS_ND_F,1,9/18/19,1.15,0,0,0,0,0,0,NA,0,0,0,0,0,0
7,K,1,Italy x Sweden,Non-Dormant,Litter,7-IS_ND_F,1,9/25/19,1.16,0,0,0,0,0,0,NA,0,0,0,0,0,0
7,K,1,Italy x Sweden,Non-Dormant,Litter,7-IS_ND_F,1,10/2/19,1.17,0,0,0,0,0,0,NA,0,0,0,0,0,0
7,K,1,Italy x Sweden,Non-Dormant,Litter,7-IS_ND_F,1,10/9/19,1.18,0,0,0,0,0,0,NA,0,0,0,0,0,0
7,K,1,Italy x Sweden,Non-Dormant,Litter,7-IS_ND_F,1,10/18/19,1.19,0,0,0,0,0,0,NA,NA,NA,NA,NA,0,0
7,K,1,Italy x Sweden,Non-Dormant,Litter,7-IS_ND_F,1,10/23/19,1.2,0,0,0,0,0,0,NA,NA,NA,NA,NA,0,0
7,K,1,Italy x Sweden,Non-Dormant,Litter,7-IS_ND_F,1,11/6/19,1.22,0,0,0,0,0,0,NA,NA,NA,NA,NA,0,0
7,K,1,Italy x Sweden,Non-Dormant,Litter,7-IS_ND_F,1,11/20/19,1.23,0,0,0,0,0,0,NA,NA,NA,NA,NA,0,0
7,K,1,Italy x Sweden,Non-Dormant,Litter,7-IS_ND_F,1,12/4/19,1.24,0,0,0,0,0,0,NA,NA,NA,NA,NA,0,0
7,K,1,Italy x Sweden,Non-Dormant,Litter,7-IS_ND_F,1,12/20/19,1.25,0,0,0,0,0,0,NA,0,0,0,0,0,0
7,K,1,Italy x Sweden,Non-Dormant,Litter,7-IS_ND_F,1,2/10/20,1.26,0,0,0,0,0,0,NA,NA,0,0,0,0,0
7,K,1,Italy x Sweden,Non-Dormant,Litter,7-IS_ND_F,1,3/2/20,1.27,0,0,0,0,0,0,NA,NA,0,0,1,0,1
7,K,1,Italy x Sweden,Non-Dormant,Litter,7-IS_ND_F,1,5/5/20,1.29,0,0,0,0,0,0,NA,0,0,0,0,1,1
7,K,1,Italy x Sweden,Non-Dormant,Litter,7-IS_ND_F,2,5/27/20,2.01,0,0,0,0,0,0,0,0,0,0,0,0,0
7,K,1,Italy x Sweden,Non-Dormant,Litter,7-IS_ND_F,2,6/4/20,2.02,0,0,0,0,0,0,0,0,0,0,0,0,0
7,K,1,Italy x Sweden,Non-Dormant,Litter,7-IS_ND_F,2,7/23/20,2.03,0,0,0,0,0,0,0,0,0,0,0,0,0
7,K,1,Italy x Sweden,Non-Dormant,Litter,7-IS_ND_F,2,8/7/20,2.04,0,0,0,0,0,0,0,0,0,0,0,0,0
7,K,1,Italy x Sweden,Non-Dormant,Litter,7-IS_ND_F,2,8/13/20,2.05,0,0,0,0,0,0,0,0,0,0,0,0,0
7,K,1,Italy x Sweden,Non-Dormant,Litter,7-IS_ND_F,2,8/18/20,2.06,0,0,0,0,0,0,0,0,0,0,0,0,0
7,K,1,Italy x Sweden,Non-Dormant,Litter,7-IS_ND_F,2,8/25/20,2.07,0,0,0,0,0,0,0,0,0,0,0,0,0
7,K,1,Italy x Sweden,Non-Dormant,Litter,7-IS_ND_F,2,9/4/20,2.08,0,0,0,0,0,0,0,0,0,0,0,0,0
7,K,1,Italy x Sweden,Non-Dormant,Litter,7-IS_ND_F,2,9/16/20,2.09,0,0,0,0,0,0,1,0,0,0,0,0,1
7,K,1,Italy x Sweden,Non-Dormant,Litter,7-IS_ND_F,2,10/2/20,2.1,5,0,0,0,0,0,15,0,0,0,0,0,20
7,K,1,Italy x Sweden,Non-Dormant,Litter,7-IS_ND_F,2,10/19/20,2.11,5,0,0,0,0,0,5,0,0,0,0,0,10
7,K,1,Italy x Sweden,Non-Dormant,Litter,7-IS_ND_F,2,10/30/20,2.12,0,0,0,0,0,0,5,0,0,0,0,0,5
7,K,1,Italy x Sweden,Non-Dormant,Litter,7-IS_ND_F,2,11/13/20,2.13,0,0,0,0,0,0,2,0,0,0,0,0,2
7,K,1,Italy x Sweden,Non-Dormant,Litter,7-IS_ND_F,2,12/1/20,2.14,0,0,0,0,0,0,0,0,0,0,0,0,0
7,K,1,Italy x Sweden,Non-Dormant,Litter,7-IS_ND_F,2,12/15/20,2.15,0,0,0,0,0,0,0,0,0,0,0,0,0
7,K,1,Italy x Sweden,Non-Dormant,Litter,7-IS_ND_F,2,1/12/21,2.16,0,0,0,0,0,0,0,0,0,0,0,0,0
7,K,1,Italy x Sweden,Non-Dormant,Litter,7-IS_ND_F,2,2/1/21,2.17,0,0,0,0,0,0,0,0,0,0,0,0,0
7,K,1,Italy x Sweden,Non-Dormant,Litter,7-IS_ND_F,2,2/25/21,2.18,0,0,0,0,0,0,0,0,0,0,0,0,0
7,K,1,Italy x Sweden,Non-Dormant,Litter,7-IS_ND_F,2,3/8/21,2.19,0,0,0,0,0,0,0,0,0,0,0,0,0
7,K,1,Italy x Sweden,Non-Dormant,Litter,7-IS_ND_F,2,3/26/21,2.2,0,0,0,0,0,0,0,0,0,0,0,0,0
7,K,1,Italy x Sweden,Non-Dormant,Litter,7-IS_ND_F,2,4/8/21,2.21,0,0,0,0,0,0,0,0,0,0,0,0,0
7,K,1,Italy x Sweden,Non-Dormant,Litter,7-IS_ND_F,3,8/17/21,3.14,0,0,0,0,0,0,0,0,0,0,0,0,0
7,K,1,Italy x Sweden,Non-Dormant,Litter,7-IS_ND_F,3,8/25/21,3.15,0,0,0,0,0,0,0,0,0,0,0,0,0
7,K,1,Italy x Sweden,Non-Dormant,Litter,7-IS_ND_F,3,9/2/21,3.16,0,0,0,0,0,0,0,0,0,0,0,0,0
7,K,1,Italy x Sweden,Non-Dormant,Litter,7-IS_ND_F,3,9/8/21,3.17,0,0,0,0,0,0,0,0,0,0,0,0,0
7,K,1,Italy x Sweden,Non-Dormant,Litter,7-IS_ND_F,3,9/15/21,3.18,0,0,0,0,0,0,0,0,0,0,0,0,0
7,K,1,Italy x Sweden,Non-Dormant,Litter,7-IS_ND_F,3,9/22/21,3.19,0,0,0,0,0,0,0,0,0,0,0,0,0
7,K,1,Italy x Sweden,Non-Dormant,Litter,7-IS_ND_F,3,10/5/21,3.2,46,0,0,0,0,0,0,1,0,0,0,0,47
7,K,1,Italy x Sweden,Non-Dormant,Litter,7-IS_ND_F,3,10/20/21,3.21,5,3,0,0,0,0,54,74,0,0,0,0,136
7,K,1,Italy x Sweden,Non-Dormant,Litter,7-IS_ND_F,3,11/17/21,3.22,0,0,0,0,0,0,0,3,0,0,0,0,3
7,K,1,Italy x Sweden,Non-Dormant,Litter,7-IS_ND_F,3,12/15/21,3.23,0,0,0,0,0,0,0,3,0,0,0,0,0
7,K,2,UK x USA,Dormant,Control,7-TC_D_C,1,6/12/19,1.01,NA,NA,NA,NA,NA,NA,NA,NA,NA,NA,NA,NA,NA
7,K,2,UK x USA,Dormant,Control,7-TC_D_C,1,6/16/19,1.02,NA,NA,NA,NA,NA,NA,NA,NA,NA,NA,NA,NA,NA
7,K,2,UK x USA,Dormant,Control,7-TC_D_C,1,6/26/19,1.03,NA,NA,NA,NA,NA,NA,NA,NA,NA,NA,NA,NA,NA
7,K,2,UK x USA,Dormant,Control,7-TC_D_C,1,7/3/19,1.04,NA,NA,NA,NA,NA,NA,NA,NA,NA,NA,NA,NA,NA
7,K,2,UK x USA,Dormant,Control,7-TC_D_C,1,7/10/19,1.05,NA,NA,NA,NA,NA,NA,NA,NA,NA,NA,NA,NA,NA
7,K,2,UK x USA,Dormant,Control,7-TC_D_C,1,7/17/19,1.06,0,0,0,0,0,0,NA,0,0,0,0,0,0
7,K,2,UK x USA,Dormant,Control,7-TC_D_C,1,7/24/19,1.07,0,0,0,0,0,0,NA,0,0,0,0,0,0
7,K,2,UK x USA,Dormant,Control,7-TC_D_C,1,7/31/19,1.08,0,0,0,0,0,0,NA,0,0,0,0,0,0
7,K,2,UK x USA,Dormant,Control,7-TC_D_C,1,8/7/19,1.09,0,0,0,0,0,0,NA,0,0,0,0,0,0
7,K,2,UK x USA,Dormant,Control,7-TC_D_C,1,8/15/19,1.1,0,0,0,0,0,0,NA,0,0,0,0,0,0
7,K,2,UK x USA,Dormant,Control,7-TC_D_C,1,8/20/19,1.11,0,0,0,0,0,0,NA,0,0,0,0,0,0
7,K,2,UK x USA,Dormant,Control,7-TC_D_C,1,8/28/19,1.12,0,0,0,0,0,0,NA,0,0,0,0,0,0
7,K,2,UK x USA,Dormant,Control,7-TC_D_C,1,9/4/19,1.13,0,0,0,0,0,0,NA,0,0,0,0,0,0
7,K,2,UK x USA,Dormant,Control,7-TC_D_C,1,9/11/19,1.14,0,0,0,0,0,0,NA,0,0,0,0,0,0
7,K,2,UK x USA,Dormant,Control,7-TC_D_C,1,9/18/19,1.15,0,0,0,0,0,0,NA,0,0,0,0,0,0
7,K,2,UK x USA,Dormant,Control,7-TC_D_C,1,9/25/19,1.16,0,0,0,0,0,0,NA,0,0,0,0,0,0
7,K,2,UK x USA,Dormant,Control,7-TC_D_C,1,10/2/19,1.17,0,0,0,0,0,0,NA,0,0,0,0,0,0
7,K,2,UK x USA,Dormant,Control,7-TC_D_C,1,10/9/19,1.18,0,0,0,0,0,0,NA,0,0,0,0,0,0
7,K,2,UK x USA,Dormant,Control,7-TC_D_C,1,10/18/19,1.19,0,0,0,0,0,0,NA,NA,NA,NA,NA,0,0
7,K,2,UK x USA,Dormant,Control,7-TC_D_C,1,10/23/19,1.2,3,0,0,0,0,0,NA,NA,NA,NA,NA,0,3
7,K,2,UK x USA,Dormant,Control,7-TC_D_C,1,11/6/19,1.22,1,0,0,0,0,0,NA,NA,NA,NA,NA,0,1
7,K,2,UK x USA,Dormant,Control,7-TC_D_C,1,11/20/19,1.23,0,0,0,0,0,0,NA,NA,NA,NA,NA,0,0
7,K,2,UK x USA,Dormant,Control,7-TC_D_C,1,12/4/19,1.24,0,0,0,0,0,0,NA,NA,NA,NA,NA,0,0
7,K,2,UK x USA,Dormant,Control,7-TC_D_C,1,12/20/19,1.25,0,0,0,0,0,0,NA,0,0,0,0,0,0
7,K,2,UK x USA,Dormant,Control,7-TC_D_C,1,2/10/20,1.26,0,0,0,0,0,0,NA,NA,0,0,0,0,0
7,K,2,UK x USA,Dormant,Control,7-TC_D_C,1,3/2/20,1.27,0,0,0,0,0,0,NA,NA,0,0,0,0,0
7,K,2,UK x USA,Dormant,Control,7-TC_D_C,1,5/5/20,1.29,0,0,0,0,0,0,NA,0,0,0,0,0,0
7,K,2,UK x USA,Dormant,Control,7-TC_D_C,2,5/27/20,2.01,0,0,0,0,0,0,0,0,0,0,0,0,0
7,K,2,UK x USA,Dormant,Control,7-TC_D_C,2,6/4/20,2.02,1,0,0,0,0,0,0,0,0,0,0,0,1
7,K,2,UK x USA,Dormant,Control,7-TC_D_C,2,7/23/20,2.03,0,0,0,0,0,0,0,0,0,0,0,0,0
7,K,2,UK x USA,Dormant,Control,7-TC_D_C,2,8/7/20,2.04,0,0,0,0,0,0,0,0,0,0,0,0,0
7,K,2,UK x USA,Dormant,Control,7-TC_D_C,2,8/13/20,2.05,0,0,0,0,0,0,0,0,0,0,0,0,0
7,K,2,UK x USA,Dormant,Control,7-TC_D_C,2,8/18/20,2.06,0,0,0,0,0,0,0,0,0,0,0,0,0
7,K,2,UK x USA,Dormant,Control,7-TC_D_C,2,8/25/20,2.07,0,0,0,0,0,0,0,0,0,0,0,0,0
7,K,2,UK x USA,Dormant,Control,7-TC_D_C,2,9/4/20,2.08,68,0,0,0,0,0,100,0,0,0,0,0,168
7,K,2,UK x USA,Dormant,Control,7-TC_D_C,2,9/16/20,2.09,22,0,0,0,0,0,40,0,0,0,0,0,62
7,K,2,UK x USA,Dormant,Control,7-TC_D_C,2,10/2/20,2.1,10,0,0,0,0,0,60,0,0,0,0,0,70
7,K,2,UK x USA,Dormant,Control,7-TC_D_C,2,10/19/20,2.11,1,0,0,0,0,0,2,0,0,0,0,0,3
7,K,2,UK x USA,Dormant,Control,7-TC_D_C,2,10/30/20,2.12,0,0,0,0,0,0,0,0,0,0,0,0,0
7,K,2,UK x USA,Dormant,Control,7-TC_D_C,2,11/13/20,2.13,1,0,0,0,0,0,4,0,0,0,0,0,5
7,K,2,UK x USA,Dormant,Control,7-TC_D_C,2,12/1/20,2.14,0,0,0,0,0,0,0,0,0,0,0,0,0
7,K,2,UK x USA,Dormant,Control,7-TC_D_C,2,12/15/20,2.15,0,0,0,0,0,0,0,0,0,0,0,0,0
7,K,2,UK x USA,Dormant,Control,7-TC_D_C,2,1/12/21,2.16,0,0,0,0,0,0,0,0,0,0,0,0,0
7,K,2,UK x USA,Dormant,Control,7-TC_D_C,2,2/1/21,2.17,0,0,0,0,0,0,0,0,0,0,0,0,0
7,K,2,UK x USA,Dormant,Control,7-TC_D_C,2,2/25/21,2.18,0,0,0,0,0,0,0,0,0,0,0,0,0
7,K,2,UK x USA,Dormant,Control,7-TC_D_C,2,3/8/21,2.19,0,0,0,0,0,0,0,0,0,0,0,0,0
7,K,2,UK x USA,Dormant,Control,7-TC_D_C,2,3/26/21,2.2,0,0,0,0,0,0,0,0,0,0,0,0,0
7,K,2,UK x USA,Dormant,Control,7-TC_D_C,2,4/8/21,2.21,0,0,0,0,0,0,0,1,0,0,0,0,1
7,K,2,UK x USA,Dormant,Control,7-TC_D_C,3,8/17/21,3.14,0,0,0,0,0,0,0,0,0,0,0,0,0
7,K,2,UK x USA,Dormant,Control,7-TC_D_C,3,8/25/21,3.15,0,0,0,0,0,0,0,0,0,0,0,0,0
7,K,2,UK x USA,Dormant,Control,7-TC_D_C,3,9/2/21,3.16,0,0,0,0,0,0,0,0,0,0,0,0,0
7,K,2,UK x USA,Dormant,Control,7-TC_D_C,3,9/8/21,3.17,0,0,0,0,0,0,0,0,0,0,0,0,0
7,K,2,UK x USA,Dormant,Control,7-TC_D_C,3,9/15/21,3.18,0,0,0,0,0,0,0,0,0,0,0,0,0
7,K,2,UK x USA,Dormant,Control,7-TC_D_C,3,9/22/21,3.19,0,0,0,0,0,0,0,0,0,0,0,0,0
7,K,2,UK x USA,Dormant,Control,7-TC_D_C,3,10/5/21,3.2,6,0,0,0,0,0,8,0,0,0,0,0,14
7,K,2,UK x USA,Dormant,Control,7-TC_D_C,3,10/20/21,3.21,11,3,0,0,0,0,4,12,0,0,0,0,30
7,K,2,UK x USA,Dormant,Control,7-TC_D_C,3,11/17/21,3.22,0,0,0,0,0,0,0,0,0,0,0,0,0
7,K,2,UK x USA,Dormant,Control,7-TC_D_C,3,12/15/21,3.23,0,1,0,0,0,0,0,0,0,0,0,0,0
7,K,3,UK x USA,Mixed,Control,7-TC_M_C,1,6/12/19,1.01,NA,NA,NA,NA,NA,NA,NA,NA,NA,NA,NA,NA,NA
7,K,3,UK x USA,Mixed,Control,7-TC_M_C,1,6/16/19,1.02,NA,NA,NA,NA,NA,NA,NA,NA,NA,NA,NA,NA,NA
7,K,3,UK x USA,Mixed,Control,7-TC_M_C,1,6/26/19,1.03,NA,NA,NA,NA,NA,NA,NA,NA,NA,NA,NA,NA,NA
7,K,3,UK x USA,Mixed,Control,7-TC_M_C,1,7/3/19,1.04,NA,NA,NA,NA,NA,NA,NA,NA,NA,NA,NA,NA,NA
7,K,3,UK x USA,Mixed,Control,7-TC_M_C,1,7/10/19,1.05,NA,NA,NA,NA,NA,NA,NA,NA,NA,NA,NA,NA,NA
7,K,3,UK x USA,Mixed,Control,7-TC_M_C,1,7/17/19,1.06,0,0,0,0,0,0,NA,0,0,0,0,0,0
7,K,3,UK x USA,Mixed,Control,7-TC_M_C,1,7/24/19,1.07,0,0,0,0,0,0,NA,0,0,0,0,0,0
7,K,3,UK x USA,Mixed,Control,7-TC_M_C,1,7/31/19,1.08,0,0,0,0,0,0,NA,0,0,0,0,0,0
7,K,3,UK x USA,Mixed,Control,7-TC_M_C,1,8/7/19,1.09,0,0,0,0,0,0,NA,0,0,0,0,0,0
7,K,3,UK x USA,Mixed,Control,7-TC_M_C,1,8/15/19,1.1,0,0,0,0,0,0,NA,0,0,0,0,0,0
7,K,3,UK x USA,Mixed,Control,7-TC_M_C,1,8/20/19,1.11,0,0,0,0,0,0,NA,0,0,0,0,0,0
7,K,3,UK x USA,Mixed,Control,7-TC_M_C,1,8/28/19,1.12,0,0,0,0,0,0,NA,0,0,0,0,0,0
7,K,3,UK x USA,Mixed,Control,7-TC_M_C,1,9/4/19,1.13,0,0,0,0,0,0,NA,0,0,0,0,0,0
7,K,3,UK x USA,Mixed,Control,7-TC_M_C,1,9/11/19,1.14,0,0,0,0,0,0,NA,0,0,0,0,0,0
7,K,3,UK x USA,Mixed,Control,7-TC_M_C,1,9/18/19,1.15,0,0,0,0,0,0,NA,0,0,0,0,0,0
7,K,3,UK x USA,Mixed,Control,7-TC_M_C,1,9/25/19,1.16,0,0,0,0,0,0,NA,0,0,0,0,0,0
7,K,3,UK x USA,Mixed,Control,7-TC_M_C,1,10/2/19,1.17,0,0,0,0,0,0,NA,0,0,0,0,0,0
7,K,3,UK x USA,Mixed,Control,7-TC_M_C,1,10/9/19,1.18,0,0,0,0,0,0,NA,0,0,0,0,0,0
7,K,3,UK x USA,Mixed,Control,7-TC_M_C,1,10/18/19,1.19,0,0,0,0,0,0,NA,NA,NA,NA,NA,0,0
7,K,3,UK x USA,Mixed,Control,7-TC_M_C,1,10/23/19,1.2,0,0,0,0,0,0,NA,NA,NA,NA,NA,0,0
7,K,3,UK x USA,Mixed,Control,7-TC_M_C,1,11/6/19,1.22,0,0,0,0,0,0,NA,NA,NA,NA,NA,0,0
7,K,3,UK x USA,Mixed,Control,7-TC_M_C,1,11/20/19,1.23,0,0,0,0,0,0,NA,NA,NA,NA,NA,0,0
7,K,3,UK x USA,Mixed,Control,7-TC_M_C,1,12/4/19,1.24,0,0,0,0,0,0,NA,NA,NA,NA,NA,0,0
7,K,3,UK x USA,Mixed,Control,7-TC_M_C,1,12/20/19,1.25,0,0,0,0,0,0,NA,1,0,0,0,0,1
7,K,3,UK x USA,Mixed,Control,7-TC_M_C,1,2/10/20,1.26,0,0,0,0,0,0,NA,NA,0,0,0,0,0
7,K,3,UK x USA,Mixed,Control,7-TC_M_C,1,3/2/20,1.27,0,0,0,0,0,0,NA,NA,0,0,0,0,0
7,K,3,UK x USA,Mixed,Control,7-TC_M_C,1,5/5/20,1.29,0,0,0,0,0,0,NA,0,0,0,0,0,0
7,K,3,UK x USA,Mixed,Control,7-TC_M_C,2,5/27/20,2.01,0,0,0,0,0,0,0,0,0,0,0,0,0
7,K,3,UK x USA,Mixed,Control,7-TC_M_C,2,6/4/20,2.02,8,0,0,0,0,0,22,0,0,0,0,0,30
7,K,3,UK x USA,Mixed,Control,7-TC_M_C,2,7/23/20,2.03,0,0,0,0,0,0,0,0,0,0,0,0,0
7,K,3,UK x USA,Mixed,Control,7-TC_M_C,2,8/7/20,2.04,0,0,0,0,0,0,0,0,0,0,0,0,0
7,K,3,UK x USA,Mixed,Control,7-TC_M_C,2,8/13/20,2.05,0,0,0,0,0,0,0,0,0,0,0,0,0
7,K,3,UK x USA,Mixed,Control,7-TC_M_C,2,8/18/20,2.06,0,0,0,0,0,0,0,0,0,0,0,0,0
7,K,3,UK x USA,Mixed,Control,7-TC_M_C,2,8/25/20,2.07,0,0,0,0,0,0,0,0,0,0,0,0,0
7,K,3,UK x USA,Mixed,Control,7-TC_M_C,2,9/4/20,2.08,31,0,0,0,0,0,15,0,0,0,0,0,46
7,K,3,UK x USA,Mixed,Control,7-TC_M_C,2,9/16/20,2.09,33,0,0,0,0,0,10,0,0,0,0,0,43
7,K,3,UK x USA,Mixed,Control,7-TC_M_C,2,10/2/20,2.1,46,0,0,0,0,0,100,0,0,0,0,0,146
7,K,3,UK x USA,Mixed,Control,7-TC_M_C,2,10/19/20,2.11,15,0,0,0,0,0,10,0,0,0,0,0,25
7,K,3,UK x USA,Mixed,Control,7-TC_M_C,2,10/30/20,2.12,8,0,0,0,0,0,10,0,0,0,0,0,18
7,K,3,UK x USA,Mixed,Control,7-TC_M_C,2,11/13/20,2.13,0,0,0,0,0,0,1,0,0,0,0,0,1
7,K,3,UK x USA,Mixed,Control,7-TC_M_C,2,12/1/20,2.14,0,0,0,0,0,0,0,0,0,0,0,0,0
7,K,3,UK x USA,Mixed,Control,7-TC_M_C,2,12/15/20,2.15,0,0,0,0,0,0,0,0,0,0,0,0,0
7,K,3,UK x USA,Mixed,Control,7-TC_M_C,2,1/12/21,2.16,0,0,0,0,0,0,0,0,0,0,0,0,0
7,K,3,UK x USA,Mixed,Control,7-TC_M_C,2,2/1/21,2.17,0,0,0,0,0,0,0,0,0,0,0,0,0
7,K,3,UK x USA,Mixed,Control,7-TC_M_C,2,2/25/21,2.18,0,0,0,0,0,0,0,0,0,0,0,0,0
7,K,3,UK x USA,Mixed,Control,7-TC_M_C,2,3/8/21,2.19,0,0,0,0,0,0,0,0,0,0,0,0,0
7,K,3,UK x USA,Mixed,Control,7-TC_M_C,2,3/26/21,2.2,0,0,0,0,0,0,0,0,0,0,0,0,0
7,K,3,UK x USA,Mixed,Control,7-TC_M_C,2,4/8/21,2.21,0,0,0,0,0,0,0,0,0,0,0,0,0
7,K,3,UK x USA,Mixed,Control,7-TC_M_C,3,8/17/21,3.14,0,0,0,0,0,0,0,0,0,0,0,0,0
7,K,3,UK x USA,Mixed,Control,7-TC_M_C,3,8/25/21,3.15,0,0,0,0,0,0,0,0,0,0,0,0,0
7,K,3,UK x USA,Mixed,Control,7-TC_M_C,3,9/2/21,3.16,0,0,0,0,0,0,0,0,0,0,0,0,0
7,K,3,UK x USA,Mixed,Control,7-TC_M_C,3,9/8/21,3.17,0,0,0,0,0,0,0,0,0,0,0,0,0
7,K,3,UK x USA,Mixed,Control,7-TC_M_C,3,9/15/21,3.18,0,0,0,0,0,0,0,0,0,0,0,0,0
7,K,3,UK x USA,Mixed,Control,7-TC_M_C,3,9/22/21,3.19,0,0,0,0,0,0,0,0,0,0,0,0,0
7,K,3,UK x USA,Mixed,Control,7-TC_M_C,3,10/5/21,3.2,0,0,0,0,0,0,3,0,0,0,0,0,3
7,K,3,UK x USA,Mixed,Control,7-TC_M_C,3,10/20/21,3.21,0,0,0,0,0,0,2,0,0,0,0,0,2
7,K,3,UK x USA,Mixed,Control,7-TC_M_C,3,11/17/21,3.22,0,0,0,0,0,0,0,0,0,0,0,0,0
7,K,3,UK x USA,Mixed,Control,7-TC_M_C,3,12/15/21,3.23,0,0,0,0,0,0,0,0,0,0,0,0,0
7,K,4,Italy x Sweden,Dormant,Control,7-IS_D_C,1,6/12/19,1.01,0,0,0,0,0,0,NA,NA,NA,NA,NA,NA,0
7,K,4,Italy x Sweden,Dormant,Control,7-IS_D_C,1,6/16/19,1.02,0,0,0,0,0,0,NA,NA,NA,NA,NA,NA,0
7,K,4,Italy x Sweden,Dormant,Control,7-IS_D_C,1,6/26/19,1.03,0,0,0,0,0,0,NA,0,0,0,0,0,0
7,K,4,Italy x Sweden,Dormant,Control,7-IS_D_C,1,7/3/19,1.04,0,0,0,0,0,0,NA,1,0,0,0,0,1
7,K,4,Italy x Sweden,Dormant,Control,7-IS_D_C,1,7/10/19,1.05,NA,0,0,0,0,0,NA,1,0,0,0,0,1
7,K,4,Italy x Sweden,Dormant,Control,7-IS_D_C,1,7/17/19,1.06,0,0,0,0,0,0,NA,1,0,0,0,0,1
7,K,4,Italy x Sweden,Dormant,Control,7-IS_D_C,1,7/24/19,1.07,0,0,0,0,0,0,NA,1,0,0,0,0,1
7,K,4,Italy x Sweden,Dormant,Control,7-IS_D_C,1,7/31/19,1.08,0,0,0,0,0,0,NA,0,0,0,0,0,0
7,K,4,Italy x Sweden,Dormant,Control,7-IS_D_C,1,8/7/19,1.09,0,0,0,0,0,0,NA,0,0,0,0,0,0
7,K,4,Italy x Sweden,Dormant,Control,7-IS_D_C,1,8/15/19,1.1,0,0,0,0,0,0,NA,0,0,0,0,0,0
7,K,4,Italy x Sweden,Dormant,Control,7-IS_D_C,1,8/20/19,1.11,0,0,0,0,0,0,NA,0,0,0,0,0,0
7,K,4,Italy x Sweden,Dormant,Control,7-IS_D_C,1,8/28/19,1.12,0,0,0,0,0,0,NA,0,0,0,0,0,0
7,K,4,Italy x Sweden,Dormant,Control,7-IS_D_C,1,9/4/19,1.13,0,0,0,0,0,0,NA,0,0,0,0,0,0
7,K,4,Italy x Sweden,Dormant,Control,7-IS_D_C,1,9/11/19,1.14,0,0,0,0,0,0,NA,0,0,0,0,0,0
7,K,4,Italy x Sweden,Dormant,Control,7-IS_D_C,1,9/18/19,1.15,0,0,0,0,0,0,NA,0,0,0,0,0,0
7,K,4,Italy x Sweden,Dormant,Control,7-IS_D_C,1,9/25/19,1.16,0,0,0,0,0,0,NA,0,0,0,0,0,0
7,K,4,Italy x Sweden,Dormant,Control,7-IS_D_C,1,10/2/19,1.17,0,0,0,0,0,0,NA,0,0,0,0,0,0
7,K,4,Italy x Sweden,Dormant,Control,7-IS_D_C,1,10/9/19,1.18,0,0,0,0,0,0,NA,0,0,0,0,0,0
7,K,4,Italy x Sweden,Dormant,Control,7-IS_D_C,1,10/18/19,1.19,0,0,0,0,0,0,NA,NA,NA,NA,NA,0,0
7,K,4,Italy x Sweden,Dormant,Control,7-IS_D_C,1,10/23/19,1.2,0,0,0,0,0,0,NA,NA,NA,NA,NA,0,0
7,K,4,Italy x Sweden,Dormant,Control,7-IS_D_C,1,11/6/19,1.22,0,0,0,0,0,0,NA,NA,NA,NA,NA,0,0
7,K,4,Italy x Sweden,Dormant,Control,7-IS_D_C,1,11/20/19,1.23,0,0,0,0,0,0,NA,NA,NA,NA,NA,0,0
7,K,4,Italy x Sweden,Dormant,Control,7-IS_D_C,1,12/4/19,1.24,0,0,0,0,0,0,NA,NA,NA,NA,NA,0,0
7,K,4,Italy x Sweden,Dormant,Control,7-IS_D_C,1,12/20/19,1.25,0,0,0,0,0,0,NA,0,0,0,0,0,0
7,K,4,Italy x Sweden,Dormant,Control,7-IS_D_C,1,2/10/20,1.26,0,0,0,0,0,0,NA,NA,0,1,0,0,1
7,K,4,Italy x Sweden,Dormant,Control,7-IS_D_C,1,3/2/20,1.27,0,0,0,0,0,0,NA,NA,0,1,1,0,2
7,K,4,Italy x Sweden,Dormant,Control,7-IS_D_C,1,5/5/20,1.29,0,0,0,0,0,0,NA,0,0,0,0,1,1
7,K,4,Italy x Sweden,Dormant,Control,7-IS_D_C,2,5/27/20,2.01,87,0,0,0,0,0,184,0,0,0,0,0,271
7,K,4,Italy x Sweden,Dormant,Control,7-IS_D_C,2,6/4/20,2.02,229,0,0,0,0,0,327,0,0,0,0,0,556
7,K,4,Italy x Sweden,Dormant,Control,7-IS_D_C,2,7/23/20,2.03,0,0,0,0,0,0,0,0,0,0,0,0,0
7,K,4,Italy x Sweden,Dormant,Control,7-IS_D_C,2,8/7/20,2.04,0,0,0,0,0,0,0,0,0,0,0,0,0
7,K,4,Italy x Sweden,Dormant,Control,7-IS_D_C,2,8/13/20,2.05,0,0,0,0,0,0,0,0,0,0,0,0,0
7,K,4,Italy x Sweden,Dormant,Control,7-IS_D_C,2,8/18/20,2.06,0,0,0,0,0,0,0,0,0,0,0,0,0
7,K,4,Italy x Sweden,Dormant,Control,7-IS_D_C,2,8/25/20,2.07,0,0,0,0,0,0,0,0,0,0,0,0,0
7,K,4,Italy x Sweden,Dormant,Control,7-IS_D_C,2,9/4/20,2.08,7,0,0,0,0,0,50,0,0,0,0,0,57
7,K,4,Italy x Sweden,Dormant,Control,7-IS_D_C,2,9/16/20,2.09,8,0,0,0,0,0,5,0,0,0,0,0,13
7,K,4,Italy x Sweden,Dormant,Control,7-IS_D_C,2,10/2/20,2.1,27,0,0,0,0,0,80,0,0,0,0,0,107
7,K,4,Italy x Sweden,Dormant,Control,7-IS_D_C,2,10/19/20,2.11,5,0,0,0,0,0,10,0,0,0,0,0,15
7,K,4,Italy x Sweden,Dormant,Control,7-IS_D_C,2,10/30/20,2.12,2,0,0,0,0,0,5,0,0,0,0,0,7
7,K,4,Italy x Sweden,Dormant,Control,7-IS_D_C,2,11/13/20,2.13,0,0,0,0,0,0,0,0,0,0,0,0,0
7,K,4,Italy x Sweden,Dormant,Control,7-IS_D_C,2,12/1/20,2.14,0,0,0,0,0,0,0,0,0,0,0,0,0
7,K,4,Italy x Sweden,Dormant,Control,7-IS_D_C,2,12/15/20,2.15,0,0,0,0,0,0,0,0,0,0,0,0,0
7,K,4,Italy x Sweden,Dormant,Control,7-IS_D_C,2,1/12/21,2.16,0,0,0,0,0,0,0,11,0,0,0,0,11
7,K,4,Italy x Sweden,Dormant,Control,7-IS_D_C,2,2/1/21,2.17,0,0,0,0,0,0,0,0,0,0,0,0,0
7,K,4,Italy x Sweden,Dormant,Control,7-IS_D_C,2,2/25/21,2.18,0,0,0,0,0,0,0,5,0,3,0,0,8
7,K,4,Italy x Sweden,Dormant,Control,7-IS_D_C,2,3/8/21,2.19,0,0,0,0,0,0,0,2,0,4,3,0,9
7,K,4,Italy x Sweden,Dormant,Control,7-IS_D_C,2,3/26/21,2.2,0,0,0,0,0,0,0,0,0,2,19,0,21
7,K,4,Italy x Sweden,Dormant,Control,7-IS_D_C,2,4/8/21,2.21,0,0,0,0,0,0,0,1,0,0,0,12,13
7,K,4,Italy x Sweden,Dormant,Control,7-IS_D_C,3,8/17/21,3.14,0,0,0,0,0,0,0,0,0,0,0,0,0
7,K,4,Italy x Sweden,Dormant,Control,7-IS_D_C,3,8/25/21,3.15,0,0,0,0,0,0,0,0,0,0,0,0,0
7,K,4,Italy x Sweden,Dormant,Control,7-IS_D_C,3,9/2/21,3.16,0,0,0,0,0,0,0,0,0,0,0,0,0
7,K,4,Italy x Sweden,Dormant,Control,7-IS_D_C,3,9/8/21,3.17,0,0,0,0,0,0,0,0,0,0,0,0,0
7,K,4,Italy x Sweden,Dormant,Control,7-IS_D_C,3,9/15/21,3.18,0,0,0,0,0,0,0,0,0,0,0,0,0
7,K,4,Italy x Sweden,Dormant,Control,7-IS_D_C,3,9/22/21,3.19,0,0,0,0,0,0,0,0,0,0,0,0,0
7,K,4,Italy x Sweden,Dormant,Control,7-IS_D_C,3,10/5/21,3.2,5,0,0,0,0,0,114,4,0,0,0,0,123
7,K,4,Italy x Sweden,Dormant,Control,7-IS_D_C,3,10/20/21,3.21,2,7,0,0,0,0,111,82,0,0,0,0,202
7,K,4,Italy x Sweden,Dormant,Control,7-IS_D_C,3,11/17/21,3.22,0,2,0,0,0,0,5,102,0,0,0,0,109
7,K,4,Italy x Sweden,Dormant,Control,7-IS_D_C,3,12/15/21,3.23,0,6,0,0,0,0,1,65,1,0,0,0,0
7,K,5,Italy x Sweden,Non-Dormant,High Humidity,7-IS_ND_D,1,6/12/19,1.01,14,0,0,0,0,0,NA,NA,NA,NA,NA,NA,14
7,K,5,Italy x Sweden,Non-Dormant,High Humidity,7-IS_ND_D,1,6/16/19,1.02,9,0,0,0,0,0,NA,NA,NA,NA,NA,NA,9
7,K,5,Italy x Sweden,Non-Dormant,High Humidity,7-IS_ND_D,1,6/26/19,1.03,0,0,0,0,0,0,NA,0,0,0,0,0,0
7,K,5,Italy x Sweden,Non-Dormant,High Humidity,7-IS_ND_D,1,7/3/19,1.04,0,0,0,0,0,0,NA,0,0,0,0,0,0
7,K,5,Italy x Sweden,Non-Dormant,High Humidity,7-IS_ND_D,1,7/10/19,1.05,NA,0,0,0,0,0,NA,0,0,0,0,0,0
7,K,5,Italy x Sweden,Non-Dormant,High Humidity,7-IS_ND_D,1,7/17/19,1.06,0,0,0,0,0,0,NA,0,0,0,0,0,0
7,K,5,Italy x Sweden,Non-Dormant,High Humidity,7-IS_ND_D,1,7/24/19,1.07,0,0,0,0,0,0,NA,0,0,0,0,0,0
7,K,5,Italy x Sweden,Non-Dormant,High Humidity,7-IS_ND_D,1,7/31/19,1.08,0,0,0,0,0,0,NA,0,0,0,0,0,0
7,K,5,Italy x Sweden,Non-Dormant,High Humidity,7-IS_ND_D,1,8/7/19,1.09,0,0,0,0,0,0,NA,0,0,0,0,0,0
7,K,5,Italy x Sweden,Non-Dormant,High Humidity,7-IS_ND_D,1,8/15/19,1.1,0,0,0,0,0,0,NA,0,0,0,0,0,0
7,K,5,Italy x Sweden,Non-Dormant,High Humidity,7-IS_ND_D,1,8/20/19,1.11,0,0,0,0,0,0,NA,0,0,0,0,0,0
7,K,5,Italy x Sweden,Non-Dormant,High Humidity,7-IS_ND_D,1,8/28/19,1.12,0,0,0,0,0,0,NA,0,0,0,0,0,0
7,K,5,Italy x Sweden,Non-Dormant,High Humidity,7-IS_ND_D,1,9/4/19,1.13,0,0,0,0,0,0,NA,0,0,0,0,0,0
7,K,5,Italy x Sweden,Non-Dormant,High Humidity,7-IS_ND_D,1,9/11/19,1.14,0,0,0,0,0,0,NA,0,0,0,0,0,0
7,K,5,Italy x Sweden,Non-Dormant,High Humidity,7-IS_ND_D,1,9/18/19,1.15,0,0,0,0,0,0,NA,0,0,0,0,0,0
7,K,5,Italy x Sweden,Non-Dormant,High Humidity,7-IS_ND_D,1,9/25/19,1.16,0,0,0,0,0,0,NA,0,0,0,0,0,0
7,K,5,Italy x Sweden,Non-Dormant,High Humidity,7-IS_ND_D,1,10/2/19,1.17,0,0,0,0,0,0,NA,0,0,0,0,0,0
7,K,5,Italy x Sweden,Non-Dormant,High Humidity,7-IS_ND_D,1,10/9/19,1.18,0,0,0,0,0,0,NA,0,0,0,0,0,0
7,K,5,Italy x Sweden,Non-Dormant,High Humidity,7-IS_ND_D,1,10/18/19,1.19,0,0,0,0,0,0,NA,NA,NA,NA,NA,0,0
7,K,5,Italy x Sweden,Non-Dormant,High Humidity,7-IS_ND_D,1,10/23/19,1.2,0,0,0,0,0,0,NA,NA,NA,NA,NA,0,0
7,K,5,Italy x Sweden,Non-Dormant,High Humidity,7-IS_ND_D,1,11/6/19,1.22,0,0,0,0,0,0,NA,NA,NA,NA,NA,0,0
7,K,5,Italy x Sweden,Non-Dormant,High Humidity,7-IS_ND_D,1,11/20/19,1.23,0,0,0,0,0,0,NA,NA,NA,NA,NA,0,0
7,K,5,Italy x Sweden,Non-Dormant,High Humidity,7-IS_ND_D,1,12/4/19,1.24,0,0,0,0,0,0,NA,NA,NA,NA,NA,0,0
7,K,5,Italy x Sweden,Non-Dormant,High Humidity,7-IS_ND_D,1,12/20/19,1.25,0,0,0,0,0,0,NA,0,0,0,0,0,0
7,K,5,Italy x Sweden,Non-Dormant,High Humidity,7-IS_ND_D,1,2/10/20,1.26,0,0,0,0,0,0,NA,NA,0,0,0,0,0
7,K,5,Italy x Sweden,Non-Dormant,High Humidity,7-IS_ND_D,1,3/2/20,1.27,0,0,0,0,0,0,NA,NA,0,0,0,0,0
7,K,5,Italy x Sweden,Non-Dormant,High Humidity,7-IS_ND_D,1,5/5/20,1.29,0,0,0,0,0,0,NA,0,0,0,0,0,0
7,K,5,Italy x Sweden,Non-Dormant,High Humidity,7-IS_ND_D,2,5/27/20,2.01,0,0,0,0,0,0,0,0,0,0,0,0,0
7,K,5,Italy x Sweden,Non-Dormant,High Humidity,7-IS_ND_D,2,6/4/20,2.02,0,0,0,0,0,0,0,0,0,0,0,0,0
7,K,5,Italy x Sweden,Non-Dormant,High Humidity,7-IS_ND_D,2,7/23/20,2.03,0,0,0,0,0,0,0,0,0,0,0,0,0
7,K,5,Italy x Sweden,Non-Dormant,High Humidity,7-IS_ND_D,2,8/7/20,2.04,0,0,0,0,0,0,0,0,0,0,0,0,0
7,K,5,Italy x Sweden,Non-Dormant,High Humidity,7-IS_ND_D,2,8/13/20,2.05,0,0,0,0,0,0,0,0,0,0,0,0,0
7,K,5,Italy x Sweden,Non-Dormant,High Humidity,7-IS_ND_D,2,8/18/20,2.06,0,0,0,0,0,0,0,0,0,0,0,0,0
7,K,5,Italy x Sweden,Non-Dormant,High Humidity,7-IS_ND_D,2,8/25/20,2.07,0,0,0,0,0,0,0,0,0,0,0,0,0
7,K,5,Italy x Sweden,Non-Dormant,High Humidity,7-IS_ND_D,2,9/10/20,2.08,0,0,0,0,0,0,0,0,0,0,0,0,0
7,K,5,Italy x Sweden,Non-Dormant,High Humidity,7-IS_ND_D,2,9/18/20,2.09,0,0,0,0,0,0,0,0,0,0,0,0,0
7,K,5,Italy x Sweden,Non-Dormant,High Humidity,7-IS_ND_D,2,10/2/20,2.1,2,0,0,0,0,0,5,0,0,0,0,0,7
7,K,5,Italy x Sweden,Non-Dormant,High Humidity,7-IS_ND_D,2,10/19/20,2.11,1,0,0,0,0,0,5,0,0,0,0,0,6
7,K,5,Italy x Sweden,Non-Dormant,High Humidity,7-IS_ND_D,2,10/30/20,2.12,1,0,0,0,0,0,5,0,0,0,0,0,6
7,K,5,Italy x Sweden,Non-Dormant,High Humidity,7-IS_ND_D,2,11/13/20,2.13,2,0,0,0,0,0,5,0,0,0,0,0,7
7,K,5,Italy x Sweden,Non-Dormant,High Humidity,7-IS_ND_D,2,12/1/20,2.14,0,0,0,0,0,0,0,0,0,0,0,0,0
7,K,5,Italy x Sweden,Non-Dormant,High Humidity,7-IS_ND_D,2,12/15/20,2.15,0,0,0,0,0,0,0,0,0,0,0,0,0
7,K,5,Italy x Sweden,Non-Dormant,High Humidity,7-IS_ND_D,2,1/12/21,2.16,0,0,0,0,0,0,0,0,0,0,0,0,0
7,K,5,Italy x Sweden,Non-Dormant,High Humidity,7-IS_ND_D,2,2/1/21,2.17,0,0,0,0,0,0,0,0,0,0,0,0,0
7,K,5,Italy x Sweden,Non-Dormant,High Humidity,7-IS_ND_D,2,2/25/21,2.18,0,0,0,0,0,0,0,0,0,0,0,0,0
7,K,5,Italy x Sweden,Non-Dormant,High Humidity,7-IS_ND_D,2,3/8/21,2.19,0,0,0,0,0,0,0,0,0,0,0,0,0
7,K,5,Italy x Sweden,Non-Dormant,High Humidity,7-IS_ND_D,2,3/26/21,2.2,0,0,0,0,0,0,0,0,0,0,0,0,0
7,K,5,Italy x Sweden,Non-Dormant,High Humidity,7-IS_ND_D,2,4/8/21,2.21,0,0,0,0,0,0,0,0,0,0,0,0,0
7,K,5,Italy x Sweden,Non-Dormant,High Humidity,7-IS_ND_D,3,8/17/21,3.14,0,0,0,0,0,0,0,0,0,0,0,0,0
7,K,5,Italy x Sweden,Non-Dormant,High Humidity,7-IS_ND_D,3,8/25/21,3.15,0,0,0,0,0,0,0,0,0,0,0,0,0
7,K,5,Italy x Sweden,Non-Dormant,High Humidity,7-IS_ND_D,3,9/2/21,3.16,0,0,0,0,0,0,0,0,0,0,0,0,0
7,K,5,Italy x Sweden,Non-Dormant,High Humidity,7-IS_ND_D,3,9/8/21,3.17,0,0,0,0,0,0,0,0,0,0,0,0,0
7,K,5,Italy x Sweden,Non-Dormant,High Humidity,7-IS_ND_D,3,9/15/21,3.18,0,0,0,0,0,0,0,0,0,0,0,0,0
7,K,5,Italy x Sweden,Non-Dormant,High Humidity,7-IS_ND_D,3,9/22/21,3.19,0,0,0,0,0,0,0,0,0,0,0,0,0
7,K,5,Italy x Sweden,Non-Dormant,High Humidity,7-IS_ND_D,3,10/5/21,3.2,0,0,0,0,0,0,0,0,0,0,0,0,0
7,K,5,Italy x Sweden,Non-Dormant,High Humidity,7-IS_ND_D,3,10/20/21,3.21,0,1,0,0,0,0,2,0,0,0,0,0,3
7,K,5,Italy x Sweden,Non-Dormant,High Humidity,7-IS_ND_D,3,11/17/21,3.22,0,0,0,0,0,0,0,0,0,0,0,0,0
7,K,5,Italy x Sweden,Non-Dormant,High Humidity,7-IS_ND_D,3,12/15/21,3.23,0,0,0,0,0,0,0,0,0,0,0,0,0
7,K,6,Italy x Sweden,Mixed,Litter,7-IS_M_F,1,6/12/19,1.01,0,0,0,0,0,0,NA,NA,NA,NA,NA,NA,0
7,K,6,Italy x Sweden,Mixed,Litter,7-IS_M_F,1,6/16/19,1.02,0,0,0,0,0,0,NA,NA,NA,NA,NA,NA,0
7,K,6,Italy x Sweden,Mixed,Litter,7-IS_M_F,1,6/26/19,1.03,0,0,0,0,0,0,NA,0,0,0,0,0,0
7,K,6,Italy x Sweden,Mixed,Litter,7-IS_M_F,1,7/3/19,1.04,0,0,0,0,0,0,NA,0,0,0,0,0,0
7,K,6,Italy x Sweden,Mixed,Litter,7-IS_M_F,1,7/10/19,1.05,NA,0,0,0,0,0,NA,0,0,0,0,0,0
7,K,6,Italy x Sweden,Mixed,Litter,7-IS_M_F,1,7/17/19,1.06,0,0,0,0,0,0,NA,0,0,0,0,0,0
7,K,6,Italy x Sweden,Mixed,Litter,7-IS_M_F,1,7/24/19,1.07,0,0,0,0,0,0,NA,0,0,0,0,0,0
7,K,6,Italy x Sweden,Mixed,Litter,7-IS_M_F,1,7/31/19,1.08,0,0,0,0,0,0,NA,0,0,0,0,0,0
7,K,6,Italy x Sweden,Mixed,Litter,7-IS_M_F,1,8/7/19,1.09,0,0,0,0,0,0,NA,0,0,0,0,0,0
7,K,6,Italy x Sweden,Mixed,Litter,7-IS_M_F,1,8/15/19,1.1,0,0,0,0,0,0,NA,0,0,0,0,0,0
7,K,6,Italy x Sweden,Mixed,Litter,7-IS_M_F,1,8/20/19,1.11,0,0,0,0,0,0,NA,0,0,0,0,0,0
7,K,6,Italy x Sweden,Mixed,Litter,7-IS_M_F,1,8/28/19,1.12,0,0,0,0,0,0,NA,0,0,0,0,0,0
7,K,6,Italy x Sweden,Mixed,Litter,7-IS_M_F,1,9/4/19,1.13,0,0,0,0,0,0,NA,0,0,0,0,0,0
7,K,6,Italy x Sweden,Mixed,Litter,7-IS_M_F,1,9/11/19,1.14,0,0,0,0,0,0,NA,0,0,0,0,0,0
7,K,6,Italy x Sweden,Mixed,Litter,7-IS_M_F,1,9/18/19,1.15,0,0,0,0,0,0,NA,0,0,0,0,0,0
7,K,6,Italy x Sweden,Mixed,Litter,7-IS_M_F,1,9/25/19,1.16,0,0,0,0,0,0,NA,0,0,0,0,0,0
7,K,6,Italy x Sweden,Mixed,Litter,7-IS_M_F,1,10/2/19,1.17,0,0,0,0,0,0,NA,0,0,0,0,0,0
7,K,6,Italy x Sweden,Mixed,Litter,7-IS_M_F,1,10/9/19,1.18,0,0,0,0,0,0,NA,0,0,0,0,0,0
7,K,6,Italy x Sweden,Mixed,Litter,7-IS_M_F,1,10/18/19,1.19,0,0,0,0,0,0,NA,NA,NA,NA,NA,0,0
7,K,6,Italy x Sweden,Mixed,Litter,7-IS_M_F,1,10/23/19,1.2,0,0,0,0,0,0,NA,NA,NA,NA,NA,0,0
7,K,6,Italy x Sweden,Mixed,Litter,7-IS_M_F,1,11/6/19,1.22,0,0,0,0,0,0,NA,NA,NA,NA,NA,0,0
7,K,6,Italy x Sweden,Mixed,Litter,7-IS_M_F,1,11/20/19,1.23,0,0,0,0,0,0,NA,NA,NA,NA,NA,0,0
7,K,6,Italy x Sweden,Mixed,Litter,7-IS_M_F,1,12/4/19,1.24,0,0,0,0,0,0,NA,NA,NA,NA,NA,0,0
7,K,6,Italy x Sweden,Mixed,Litter,7-IS_M_F,1,12/20/19,1.25,0,0,0,0,0,0,NA,0,0,0,0,0,0
7,K,6,Italy x Sweden,Mixed,Litter,7-IS_M_F,1,2/10/20,1.26,0,0,0,0,0,0,NA,NA,0,0,0,0,0
7,K,6,Italy x Sweden,Mixed,Litter,7-IS_M_F,1,3/2/20,1.27,0,0,0,0,0,0,NA,NA,0,0,0,0,0
7,K,6,Italy x Sweden,Mixed,Litter,7-IS_M_F,1,5/5/20,1.29,0,0,0,0,0,0,NA,0,0,0,0,0,0
7,K,6,Italy x Sweden,Mixed,Litter,7-IS_M_F,2,5/27/20,2.01,0,0,0,0,0,0,0,0,0,0,0,0,0
7,K,6,Italy x Sweden,Mixed,Litter,7-IS_M_F,2,6/4/20,2.02,0,0,0,0,0,0,0,0,0,0,0,0,0
7,K,6,Italy x Sweden,Mixed,Litter,7-IS_M_F,2,7/23/20,2.03,0,0,0,0,0,0,0,0,0,0,0,0,0
7,K,6,Italy x Sweden,Mixed,Litter,7-IS_M_F,2,8/7/20,2.04,0,0,0,0,0,0,0,0,0,0,0,0,0
7,K,6,Italy x Sweden,Mixed,Litter,7-IS_M_F,2,8/13/20,2.05,0,0,0,0,0,0,0,0,0,0,0,0,0
7,K,6,Italy x Sweden,Mixed,Litter,7-IS_M_F,2,8/18/20,2.06,0,0,0,0,0,0,0,0,0,0,0,0,0
7,K,6,Italy x Sweden,Mixed,Litter,7-IS_M_F,2,8/25/20,2.07,0,0,0,0,0,0,0,0,0,0,0,0,0
7,K,6,Italy x Sweden,Mixed,Litter,7-IS_M_F,2,9/10/20,2.08,0,0,0,0,0,0,0,0,0,0,0,0,0
7,K,6,Italy x Sweden,Mixed,Litter,7-IS_M_F,2,9/18/20,2.09,0,0,0,0,0,0,0,0,0,0,0,0,0
7,K,6,Italy x Sweden,Mixed,Litter,7-IS_M_F,2,10/2/20,2.1,1,0,0,0,0,0,15,0,0,0,0,0,16
7,K,6,Italy x Sweden,Mixed,Litter,7-IS_M_F,2,10/19/20,2.11,0,0,0,0,0,0,5,0,0,0,0,0,5
7,K,6,Italy x Sweden,Mixed,Litter,7-IS_M_F,2,10/30/20,2.12,0,0,0,0,0,0,3,0,0,0,0,0,3
7,K,6,Italy x Sweden,Mixed,Litter,7-IS_M_F,2,11/13/20,2.13,1,0,0,0,0,0,0,0,0,0,0,0,1
7,K,6,Italy x Sweden,Mixed,Litter,7-IS_M_F,2,12/1/20,2.14,0,0,0,0,0,0,0,0,0,0,0,0,0
7,K,6,Italy x Sweden,Mixed,Litter,7-IS_M_F,2,12/15/20,2.15,0,0,0,0,0,0,0,0,0,0,0,0,0
7,K,6,Italy x Sweden,Mixed,Litter,7-IS_M_F,2,1/12/21,2.16,0,0,0,0,0,0,0,0,0,0,0,0,0
7,K,6,Italy x Sweden,Mixed,Litter,7-IS_M_F,2,2/1/21,2.17,0,0,0,0,0,0,0,0,0,0,0,0,0
7,K,6,Italy x Sweden,Mixed,Litter,7-IS_M_F,2,2/25/21,2.18,0,0,0,0,0,0,0,0,0,0,0,0,0
7,K,6,Italy x Sweden,Mixed,Litter,7-IS_M_F,2,3/8/21,2.19,0,0,0,0,0,0,0,0,0,0,0,0,0
7,K,6,Italy x Sweden,Mixed,Litter,7-IS_M_F,2,3/26/21,2.2,0,0,0,0,0,0,0,0,0,0,0,0,0
7,K,6,Italy x Sweden,Mixed,Litter,7-IS_M_F,2,4/8/21,2.21,0,0,0,0,0,0,0,0,0,0,0,0,0
7,K,6,Italy x Sweden,Mixed,Litter,7-IS_M_F,3,8/17/21,3.14,0,0,0,0,0,0,0,0,0,0,0,0,0
7,K,6,Italy x Sweden,Mixed,Litter,7-IS_M_F,3,8/25/21,3.15,0,0,0,0,0,0,0,0,0,0,0,0,0
7,K,6,Italy x Sweden,Mixed,Litter,7-IS_M_F,3,9/2/21,3.16,0,0,0,0,0,0,0,0,0,0,0,0,0
7,K,6,Italy x Sweden,Mixed,Litter,7-IS_M_F,3,9/8/21,3.17,0,0,0,0,0,0,0,0,0,0,0,0,0
7,K,6,Italy x Sweden,Mixed,Litter,7-IS_M_F,3,9/15/21,3.18,0,0,0,0,0,0,0,0,0,0,0,0,0
7,K,6,Italy x Sweden,Mixed,Litter,7-IS_M_F,3,9/22/21,3.19,0,0,0,0,0,0,0,0,0,0,0,0,0
7,K,6,Italy x Sweden,Mixed,Litter,7-IS_M_F,3,10/5/21,3.2,0,0,0,0,0,0,0,0,0,0,0,0,0
7,K,6,Italy x Sweden,Mixed,Litter,7-IS_M_F,3,10/20/21,3.21,0,1,0,0,0,0,1,3,0,0,0,0,5
7,K,6,Italy x Sweden,Mixed,Litter,7-IS_M_F,3,11/17/21,3.22,0,0,0,0,0,0,0,0,0,0,0,0,0
7,K,6,Italy x Sweden,Mixed,Litter,7-IS_M_F,3,12/15/21,3.23,0,0,0,0,0,0,0,0,0,0,0,0,0
7,K,7,Germany x Tajikistan,Mixed,Control,7-BS_M_C,1,6/12/19,1.01,NA,NA,NA,NA,NA,NA,NA,NA,NA,NA,NA,NA,NA
7,K,7,Germany x Tajikistan,Mixed,Control,7-BS_M_C,1,6/16/19,1.02,NA,NA,NA,NA,NA,NA,NA,NA,NA,NA,NA,NA,NA
7,K,7,Germany x Tajikistan,Mixed,Control,7-BS_M_C,1,6/26/19,1.03,NA,NA,NA,NA,NA,NA,NA,NA,NA,NA,NA,NA,NA
7,K,7,Germany x Tajikistan,Mixed,Control,7-BS_M_C,1,7/3/19,1.04,NA,NA,NA,NA,NA,NA,NA,NA,NA,NA,NA,NA,NA
7,K,7,Germany x Tajikistan,Mixed,Control,7-BS_M_C,1,7/10/19,1.05,NA,NA,NA,NA,NA,NA,NA,NA,NA,NA,NA,NA,NA
7,K,7,Germany x Tajikistan,Mixed,Control,7-BS_M_C,1,7/17/19,1.06,0,0,0,0,0,0,NA,0,0,0,0,0,0
7,K,7,Germany x Tajikistan,Mixed,Control,7-BS_M_C,1,7/24/19,1.07,0,0,0,0,0,0,NA,0,0,0,0,0,0
7,K,7,Germany x Tajikistan,Mixed,Control,7-BS_M_C,1,7/31/19,1.08,0,0,0,0,0,0,NA,0,0,0,0,0,0
7,K,7,Germany x Tajikistan,Mixed,Control,7-BS_M_C,1,8/7/19,1.09,0,0,0,0,0,0,NA,0,0,0,0,0,0
7,K,7,Germany x Tajikistan,Mixed,Control,7-BS_M_C,1,8/15/19,1.1,0,0,0,0,0,0,NA,0,0,0,0,0,0
7,K,7,Germany x Tajikistan,Mixed,Control,7-BS_M_C,1,8/20/19,1.11,0,0,0,0,0,0,NA,0,0,0,0,0,0
7,K,7,Germany x Tajikistan,Mixed,Control,7-BS_M_C,1,8/28/19,1.12,0,0,0,0,0,0,NA,0,0,0,0,0,0
7,K,7,Germany x Tajikistan,Mixed,Control,7-BS_M_C,1,9/4/19,1.13,0,0,0,0,0,0,NA,0,0,0,0,0,0
7,K,7,Germany x Tajikistan,Mixed,Control,7-BS_M_C,1,9/11/19,1.14,0,0,0,0,0,0,NA,0,0,0,0,0,0
7,K,7,Germany x Tajikistan,Mixed,Control,7-BS_M_C,1,9/18/19,1.15,0,0,0,0,0,0,NA,0,0,0,0,0,0
7,K,7,Germany x Tajikistan,Mixed,Control,7-BS_M_C,1,9/25/19,1.16,0,0,0,0,0,0,NA,0,0,0,0,0,0
7,K,7,Germany x Tajikistan,Mixed,Control,7-BS_M_C,1,10/2/19,1.17,0,0,0,0,0,0,NA,0,0,0,0,0,0
7,K,7,Germany x Tajikistan,Mixed,Control,7-BS_M_C,1,10/9/19,1.18,0,0,0,0,0,0,NA,0,0,0,0,0,0
7,K,7,Germany x Tajikistan,Mixed,Control,7-BS_M_C,1,10/18/19,1.19,0,0,0,0,0,0,NA,NA,NA,NA,NA,0,0
7,K,7,Germany x Tajikistan,Mixed,Control,7-BS_M_C,1,10/23/19,1.2,5,0,0,0,0,0,NA,NA,NA,NA,NA,0,5
7,K,7,Germany x Tajikistan,Mixed,Control,7-BS_M_C,1,11/6/19,1.22,2,0,0,0,0,0,NA,NA,NA,NA,NA,0,2
7,K,7,Germany x Tajikistan,Mixed,Control,7-BS_M_C,1,11/20/19,1.23,0,0,0,0,0,0,NA,NA,NA,NA,NA,0,0
7,K,7,Germany x Tajikistan,Mixed,Control,7-BS_M_C,1,12/4/19,1.24,0,0,0,0,0,0,NA,NA,NA,NA,NA,0,0
7,K,7,Germany x Tajikistan,Mixed,Control,7-BS_M_C,1,12/20/19,1.25,0,0,0,0,0,0,NA,0,0,0,0,0,0
7,K,7,Germany x Tajikistan,Mixed,Control,7-BS_M_C,1,2/10/20,1.26,0,0,0,0,0,0,NA,NA,0,0,0,0,0
7,K,7,Germany x Tajikistan,Mixed,Control,7-BS_M_C,1,3/2/20,1.27,0,0,0,0,0,0,NA,NA,0,0,0,0,0
7,K,7,Germany x Tajikistan,Mixed,Control,7-BS_M_C,1,5/5/20,1.29,0,0,0,0,0,0,NA,0,0,0,0,0,0
7,K,7,Germany x Tajikistan,Mixed,Control,7-BS_M_C,2,5/27/20,2.01,0,0,0,0,0,0,0,0,0,0,0,0,0
7,K,7,Germany x Tajikistan,Mixed,Control,7-BS_M_C,2,6/4/20,2.02,0,0,0,0,0,0,0,0,0,0,0,0,0
7,K,7,Germany x Tajikistan,Mixed,Control,7-BS_M_C,2,7/23/20,2.03,0,0,0,0,0,0,0,0,0,0,0,0,0
7,K,7,Germany x Tajikistan,Mixed,Control,7-BS_M_C,2,8/7/20,2.04,0,0,0,0,0,0,0,0,0,0,0,0,0
7,K,7,Germany x Tajikistan,Mixed,Control,7-BS_M_C,2,8/13/20,2.05,0,0,0,0,0,0,0,0,0,0,0,0,0
7,K,7,Germany x Tajikistan,Mixed,Control,7-BS_M_C,2,8/18/20,2.06,0,0,0,0,0,0,0,0,0,0,0,0,0
7,K,7,Germany x Tajikistan,Mixed,Control,7-BS_M_C,2,8/25/20,2.07,0,0,0,0,0,0,0,0,0,0,0,0,0
7,K,7,Germany x Tajikistan,Mixed,Control,7-BS_M_C,2,9/10/20,2.08,12,0,0,0,0,0,20,0,0,0,0,0,32
7,K,7,Germany x Tajikistan,Mixed,Control,7-BS_M_C,2,9/18/20,2.09,26,0,0,0,0,0,20,0,0,0,0,0,46
7,K,7,Germany x Tajikistan,Mixed,Control,7-BS_M_C,2,10/2/20,2.1,27,0,0,0,0,0,45,0,0,0,0,0,72
7,K,7,Germany x Tajikistan,Mixed,Control,7-BS_M_C,2,10/19/20,2.11,9,0,0,0,0,0,40,0,0,0,0,0,49
7,K,7,Germany x Tajikistan,Mixed,Control,7-BS_M_C,2,10/30/20,2.12,2,0,0,0,0,0,10,0,0,0,0,0,12
7,K,7,Germany x Tajikistan,Mixed,Control,7-BS_M_C,2,11/13/20,2.13,0,0,0,0,0,0,3,0,0,0,0,0,3
7,K,7,Germany x Tajikistan,Mixed,Control,7-BS_M_C,2,12/1/20,2.14,0,0,0,0,0,0,0,0,0,0,0,0,0
7,K,7,Germany x Tajikistan,Mixed,Control,7-BS_M_C,2,12/15/20,2.15,0,0,0,0,0,0,0,0,0,0,0,0,0
7,K,7,Germany x Tajikistan,Mixed,Control,7-BS_M_C,2,1/12/21,2.16,0,0,0,0,0,0,0,0,0,0,0,0,0
7,K,7,Germany x Tajikistan,Mixed,Control,7-BS_M_C,2,2/1/21,2.17,0,0,0,0,0,0,0,0,0,0,0,0,0
7,K,7,Germany x Tajikistan,Mixed,Control,7-BS_M_C,2,2/25/21,2.18,0,0,0,0,0,0,0,0,0,0,0,0,0
7,K,7,Germany x Tajikistan,Mixed,Control,7-BS_M_C,2,3/8/21,2.19,0,0,0,0,0,0,0,0,0,0,0,0,0
7,K,7,Germany x Tajikistan,Mixed,Control,7-BS_M_C,2,3/26/21,2.2,0,0,0,0,0,0,0,0,0,0,0,0,0
7,K,7,Germany x Tajikistan,Mixed,Control,7-BS_M_C,2,4/8/21,2.21,0,0,0,0,0,0,0,0,0,0,0,0,0
7,K,7,Germany x Tajikistan,Mixed,Control,7-BS_M_C,3,8/17/21,3.14,0,0,0,0,0,0,0,0,0,0,0,0,0
7,K,7,Germany x Tajikistan,Mixed,Control,7-BS_M_C,3,8/25/21,3.15,0,0,0,0,0,0,0,0,0,0,0,0,0
7,K,7,Germany x Tajikistan,Mixed,Control,7-BS_M_C,3,9/2/21,3.16,0,0,0,0,0,0,0,0,0,0,0,0,0
7,K,7,Germany x Tajikistan,Mixed,Control,7-BS_M_C,3,9/8/21,3.17,0,0,0,0,0,0,0,0,0,0,0,0,0
7,K,7,Germany x Tajikistan,Mixed,Control,7-BS_M_C,3,9/15/21,3.18,0,0,0,0,0,0,0,0,0,0,0,0,0
7,K,7,Germany x Tajikistan,Mixed,Control,7-BS_M_C,3,9/22/21,3.19,0,0,0,0,0,0,0,0,0,0,0,0,0
7,K,7,Germany x Tajikistan,Mixed,Control,7-BS_M_C,3,10/5/21,3.2,1,0,0,0,0,0,0,0,0,0,0,0,1
7,K,7,Germany x Tajikistan,Mixed,Control,7-BS_M_C,3,10/20/21,3.21,0,0,0,0,0,0,0,0,0,0,0,0,0
7,K,7,Germany x Tajikistan,Mixed,Control,7-BS_M_C,3,11/17/21,3.22,0,0,0,0,0,0,0,0,0,0,0,0,0
7,K,7,Germany x Tajikistan,Mixed,Control,7-BS_M_C,3,12/15/21,3.23,0,0,0,0,0,0,0,0,0,0,0,0,0
8,K,8,Italy x Sweden,Non-Dormant,High Humidity,8-IS_ND_D,1,6/12/19,1.01,1,0,0,0,0,0,NA,NA,NA,NA,NA,NA,1
8,K,8,Italy x Sweden,Non-Dormant,High Humidity,8-IS_ND_D,1,6/16/19,1.02,1,0,0,0,0,0,NA,NA,NA,NA,NA,NA,1
8,K,8,Italy x Sweden,Non-Dormant,High Humidity,8-IS_ND_D,1,6/26/19,1.03,0,0,0,0,0,0,NA,0,0,0,0,0,0
8,K,8,Italy x Sweden,Non-Dormant,High Humidity,8-IS_ND_D,1,7/3/19,1.04,0,0,0,0,0,0,NA,0,0,0,0,0,0
8,K,8,Italy x Sweden,Non-Dormant,High Humidity,8-IS_ND_D,1,7/10/19,1.05,NA,0,0,0,0,0,NA,0,0,0,0,0,0
8,K,8,Italy x Sweden,Non-Dormant,High Humidity,8-IS_ND_D,1,7/17/19,1.06,0,0,0,0,0,0,NA,0,0,0,0,0,0
8,K,8,Italy x Sweden,Non-Dormant,High Humidity,8-IS_ND_D,1,7/24/19,1.07,0,0,0,0,0,0,NA,0,0,0,0,0,0
8,K,8,Italy x Sweden,Non-Dormant,High Humidity,8-IS_ND_D,1,7/31/19,1.08,0,0,0,0,0,0,NA,0,0,0,0,0,0
8,K,8,Italy x Sweden,Non-Dormant,High Humidity,8-IS_ND_D,1,8/7/19,1.09,0,0,0,0,0,0,NA,0,0,0,0,0,0
8,K,8,Italy x Sweden,Non-Dormant,High Humidity,8-IS_ND_D,1,8/15/19,1.1,0,0,0,0,0,0,NA,0,0,0,0,0,0
8,K,8,Italy x Sweden,Non-Dormant,High Humidity,8-IS_ND_D,1,8/20/19,1.11,0,0,0,0,0,0,NA,0,0,0,0,0,0
8,K,8,Italy x Sweden,Non-Dormant,High Humidity,8-IS_ND_D,1,8/28/19,1.12,0,0,0,0,0,0,NA,0,0,0,0,0,0
8,K,8,Italy x Sweden,Non-Dormant,High Humidity,8-IS_ND_D,1,9/4/19,1.13,0,0,0,0,0,0,NA,0,0,0,0,0,0
8,K,8,Italy x Sweden,Non-Dormant,High Humidity,8-IS_ND_D,1,9/11/19,1.14,0,0,0,0,0,0,NA,0,0,0,0,0,0
8,K,8,Italy x Sweden,Non-Dormant,High Humidity,8-IS_ND_D,1,9/18/19,1.15,0,0,0,0,0,0,NA,0,0,0,0,0,0
8,K,8,Italy x Sweden,Non-Dormant,High Humidity,8-IS_ND_D,1,9/25/19,1.16,0,0,0,0,0,0,NA,0,0,0,0,0,0
8,K,8,Italy x Sweden,Non-Dormant,High Humidity,8-IS_ND_D,1,10/2/19,1.17,0,0,0,0,0,0,NA,0,0,0,0,0,0
8,K,8,Italy x Sweden,Non-Dormant,High Humidity,8-IS_ND_D,1,10/9/19,1.18,0,0,0,0,0,0,NA,0,0,0,0,0,0
8,K,8,Italy x Sweden,Non-Dormant,High Humidity,8-IS_ND_D,1,10/18/19,1.19,0,0,0,0,0,0,NA,NA,NA,NA,NA,0,0
8,K,8,Italy x Sweden,Non-Dormant,High Humidity,8-IS_ND_D,1,10/23/19,1.2,0,0,0,0,0,0,NA,NA,NA,NA,NA,0,0
8,K,8,Italy x Sweden,Non-Dormant,High Humidity,8-IS_ND_D,1,11/6/19,1.22,0,0,0,0,0,0,NA,NA,NA,NA,NA,0,0
8,K,8,Italy x Sweden,Non-Dormant,High Humidity,8-IS_ND_D,1,11/20/19,1.23,0,0,0,0,0,0,NA,NA,NA,NA,NA,0,0
8,K,8,Italy x Sweden,Non-Dormant,High Humidity,8-IS_ND_D,1,12/4/19,1.24,0,0,0,0,0,0,NA,NA,NA,NA,NA,0,0
8,K,8,Italy x Sweden,Non-Dormant,High Humidity,8-IS_ND_D,1,12/20/19,1.25,0,0,0,0,0,0,NA,0,0,0,0,0,0
8,K,8,Italy x Sweden,Non-Dormant,High Humidity,8-IS_ND_D,1,2/10/20,1.26,0,0,0,0,0,0,NA,NA,0,0,0,0,0
8,K,8,Italy x Sweden,Non-Dormant,High Humidity,8-IS_ND_D,1,3/2/20,1.27,0,0,0,0,0,0,NA,NA,0,0,0,0,0
8,K,8,Italy x Sweden,Non-Dormant,High Humidity,8-IS_ND_D,1,5/5/20,1.29,0,0,0,0,0,0,NA,0,0,0,0,0,0
8,K,8,Italy x Sweden,Non-Dormant,High Humidity,8-IS_ND_D,2,5/27/20,2.01,0,0,0,0,0,0,0,0,0,0,0,0,0
8,K,8,Italy x Sweden,Non-Dormant,High Humidity,8-IS_ND_D,2,6/4/20,2.02,0,0,0,0,0,0,0,0,0,0,0,0,0
8,K,8,Italy x Sweden,Non-Dormant,High Humidity,8-IS_ND_D,2,7/23/20,2.03,0,0,0,0,0,0,0,0,0,0,0,0,0
8,K,8,Italy x Sweden,Non-Dormant,High Humidity,8-IS_ND_D,2,8/7/20,2.04,0,0,0,0,0,0,0,0,0,0,0,0,0
8,K,8,Italy x Sweden,Non-Dormant,High Humidity,8-IS_ND_D,2,8/13/20,2.05,0,0,0,0,0,0,0,0,0,0,0,0,0
8,K,8,Italy x Sweden,Non-Dormant,High Humidity,8-IS_ND_D,2,8/18/20,2.06,0,0,0,0,0,0,0,0,0,0,0,0,0
8,K,8,Italy x Sweden,Non-Dormant,High Humidity,8-IS_ND_D,2,8/25/20,2.07,0,0,0,0,0,0,0,0,0,0,0,0,0
8,K,8,Italy x Sweden,Non-Dormant,High Humidity,8-IS_ND_D,2,9/10/20,2.08,0,0,0,0,0,0,0,0,0,0,0,0,0
8,K,8,Italy x Sweden,Non-Dormant,High Humidity,8-IS_ND_D,2,9/18/20,2.09,0,0,0,0,0,0,0,0,0,0,0,0,0
8,K,8,Italy x Sweden,Non-Dormant,High Humidity,8-IS_ND_D,2,10/2/20,2.1,4,0,0,0,0,0,10,0,0,0,0,0,14
8,K,8,Italy x Sweden,Non-Dormant,High Humidity,8-IS_ND_D,2,10/19/20,2.11,0,0,0,0,0,0,5,0,0,0,0,0,5
8,K,8,Italy x Sweden,Non-Dormant,High Humidity,8-IS_ND_D,2,10/30/20,2.12,1,0,0,0,0,0,5,0,0,0,0,0,6
8,K,8,Italy x Sweden,Non-Dormant,High Humidity,8-IS_ND_D,2,11/13/20,2.13,0,0,0,0,0,0,3,0,0,0,0,0,3
8,K,8,Italy x Sweden,Non-Dormant,High Humidity,8-IS_ND_D,2,12/1/20,2.14,0,0,0,0,0,0,0,0,0,0,0,0,0
8,K,8,Italy x Sweden,Non-Dormant,High Humidity,8-IS_ND_D,2,12/15/20,2.15,0,0,0,0,0,0,0,0,0,0,0,0,0
8,K,8,Italy x Sweden,Non-Dormant,High Humidity,8-IS_ND_D,2,1/12/21,2.16,0,0,0,0,0,0,0,0,0,0,0,0,0
8,K,8,Italy x Sweden,Non-Dormant,High Humidity,8-IS_ND_D,2,2/1/21,2.17,0,0,0,0,0,0,0,0,0,0,0,0,0
8,K,8,Italy x Sweden,Non-Dormant,High Humidity,8-IS_ND_D,2,2/25/21,2.18,0,0,0,0,0,0,0,0,0,0,0,0,0
8,K,8,Italy x Sweden,Non-Dormant,High Humidity,8-IS_ND_D,2,3/8/21,2.19,0,0,0,0,0,0,0,0,0,0,0,0,0
8,K,8,Italy x Sweden,Non-Dormant,High Humidity,8-IS_ND_D,2,3/26/21,2.2,0,0,0,0,0,0,0,0,0,0,0,0,0
8,K,8,Italy x Sweden,Non-Dormant,High Humidity,8-IS_ND_D,2,4/8/21,2.21,0,0,0,0,0,0,0,0,0,0,0,0,0
8,K,8,Italy x Sweden,Non-Dormant,High Humidity,8-IS_ND_D,3,8/17/21,3.14,0,0,0,0,0,0,0,0,0,0,0,0,0
8,K,8,Italy x Sweden,Non-Dormant,High Humidity,8-IS_ND_D,3,8/25/21,3.15,0,0,0,0,0,0,0,0,0,0,0,0,0
8,K,8,Italy x Sweden,Non-Dormant,High Humidity,8-IS_ND_D,3,9/2/21,3.16,0,0,0,0,0,0,0,0,0,0,0,0,0
8,K,8,Italy x Sweden,Non-Dormant,High Humidity,8-IS_ND_D,3,9/8/21,3.17,0,0,0,0,0,0,0,0,0,0,0,0,0
8,K,8,Italy x Sweden,Non-Dormant,High Humidity,8-IS_ND_D,3,9/15/21,3.18,0,0,0,0,0,0,0,0,0,0,0,0,0
8,K,8,Italy x Sweden,Non-Dormant,High Humidity,8-IS_ND_D,3,9/22/21,3.19,0,0,0,0,0,0,0,0,0,0,0,0,0
8,K,8,Italy x Sweden,Non-Dormant,High Humidity,8-IS_ND_D,3,10/4/21,3.2,0,0,0,0,0,0,0,0,0,0,0,0,0
8,K,8,Italy x Sweden,Non-Dormant,High Humidity,8-IS_ND_D,3,10/16/21,3.21,3,0,0,0,0,0,2,1,0,0,0,0,6
8,K,8,Italy x Sweden,Non-Dormant,High Humidity,8-IS_ND_D,3,11/17/21,3.22,0,0,0,0,0,0,0,0,0,0,0,0,0
8,K,8,Italy x Sweden,Non-Dormant,High Humidity,8-IS_ND_D,3,12/9/21,3.23,0,0,0,0,0,0,0,0,0,0,0,0,0
8,K,9,Germany x Tajikistan,Dormant,Litter,8-BS_D_F,1,6/12/19,1.01,NA,NA,NA,NA,NA,NA,NA,NA,NA,NA,NA,NA,NA
8,K,9,Germany x Tajikistan,Dormant,Litter,8-BS_D_F,1,6/16/19,1.02,NA,NA,NA,NA,NA,NA,NA,NA,NA,NA,NA,NA,NA
8,K,9,Germany x Tajikistan,Dormant,Litter,8-BS_D_F,1,6/26/19,1.03,NA,NA,NA,NA,NA,NA,NA,NA,NA,NA,NA,NA,NA
8,K,9,Germany x Tajikistan,Dormant,Litter,8-BS_D_F,1,7/3/19,1.04,NA,NA,NA,NA,NA,NA,NA,NA,NA,NA,NA,NA,NA
8,K,9,Germany x Tajikistan,Dormant,Litter,8-BS_D_F,1,7/10/19,1.05,NA,NA,NA,NA,NA,NA,NA,NA,NA,NA,NA,NA,NA
8,K,9,Germany x Tajikistan,Dormant,Litter,8-BS_D_F,1,7/17/19,1.06,0,0,0,0,0,0,NA,0,0,0,0,0,0
8,K,9,Germany x Tajikistan,Dormant,Litter,8-BS_D_F,1,7/24/19,1.07,0,0,0,0,0,0,NA,0,0,0,0,0,0
8,K,9,Germany x Tajikistan,Dormant,Litter,8-BS_D_F,1,7/31/19,1.08,0,0,0,0,0,0,NA,0,0,0,0,0,0
8,K,9,Germany x Tajikistan,Dormant,Litter,8-BS_D_F,1,8/7/19,1.09,0,0,0,0,0,0,NA,0,0,0,0,0,0
8,K,9,Germany x Tajikistan,Dormant,Litter,8-BS_D_F,1,8/15/19,1.1,0,0,0,0,0,0,NA,0,0,0,0,0,0
8,K,9,Germany x Tajikistan,Dormant,Litter,8-BS_D_F,1,8/20/19,1.11,0,0,0,0,0,0,NA,0,0,0,0,0,0
8,K,9,Germany x Tajikistan,Dormant,Litter,8-BS_D_F,1,8/28/19,1.12,0,0,0,0,0,0,NA,0,0,0,0,0,0
8,K,9,Germany x Tajikistan,Dormant,Litter,8-BS_D_F,1,9/4/19,1.13,0,0,0,0,0,0,NA,0,0,0,0,0,0
8,K,9,Germany x Tajikistan,Dormant,Litter,8-BS_D_F,1,9/11/19,1.14,0,0,0,0,0,0,NA,0,0,0,0,0,0
8,K,9,Germany x Tajikistan,Dormant,Litter,8-BS_D_F,1,9/18/19,1.15,0,0,0,0,0,0,NA,0,0,0,0,0,0
8,K,9,Germany x Tajikistan,Dormant,Litter,8-BS_D_F,1,9/25/19,1.16,0,0,0,0,0,0,NA,0,0,0,0,0,0
8,K,9,Germany x Tajikistan,Dormant,Litter,8-BS_D_F,1,10/2/19,1.17,0,0,0,0,0,0,NA,0,0,0,0,0,0
8,K,9,Germany x Tajikistan,Dormant,Litter,8-BS_D_F,1,10/9/19,1.18,0,0,0,0,0,0,NA,0,0,0,0,0,0
8,K,9,Germany x Tajikistan,Dormant,Litter,8-BS_D_F,1,10/18/19,1.19,0,0,0,0,0,0,NA,NA,NA,NA,NA,0,0
8,K,9,Germany x Tajikistan,Dormant,Litter,8-BS_D_F,1,10/23/19,1.2,9,0,0,0,0,0,NA,NA,NA,NA,NA,0,9
8,K,9,Germany x Tajikistan,Dormant,Litter,8-BS_D_F,1,11/6/19,1.22,2,0,0,0,0,0,NA,NA,NA,NA,NA,0,2
8,K,9,Germany x Tajikistan,Dormant,Litter,8-BS_D_F,1,11/20/19,1.23,0,0,0,0,0,0,NA,NA,NA,NA,NA,0,0
8,K,9,Germany x Tajikistan,Dormant,Litter,8-BS_D_F,1,12/4/19,1.24,0,0,0,0,0,0,NA,NA,NA,NA,NA,0,0
8,K,9,Germany x Tajikistan,Dormant,Litter,8-BS_D_F,1,12/20/19,1.25,0,0,0,0,0,0,NA,0,0,0,0,0,0
8,K,9,Germany x Tajikistan,Dormant,Litter,8-BS_D_F,1,2/10/20,1.26,0,0,0,0,0,0,NA,NA,0,0,0,0,0
8,K,9,Germany x Tajikistan,Dormant,Litter,8-BS_D_F,1,3/2/20,1.27,0,0,0,0,0,0,NA,NA,0,0,0,0,0
8,K,9,Germany x Tajikistan,Dormant,Litter,8-BS_D_F,1,5/5/20,1.29,0,0,0,0,0,0,NA,0,0,0,0,1,1
8,K,9,Germany x Tajikistan,Dormant,Litter,8-BS_D_F,2,5/27/20,2.01,0,0,0,0,0,0,0,0,0,0,0,0,0
8,K,9,Germany x Tajikistan,Dormant,Litter,8-BS_D_F,2,6/4/20,2.02,0,0,0,0,0,0,0,0,0,0,0,0,0
8,K,9,Germany x Tajikistan,Dormant,Litter,8-BS_D_F,2,9/10/20,2.08,0,0,0,0,0,0,0,0,0,0,0,0,0
8,K,9,Germany x Tajikistan,Dormant,Litter,8-BS_D_F,2,9/18/20,2.09,0,0,0,0,0,0,0,0,0,0,0,0,0
8,K,9,Germany x Tajikistan,Dormant,Litter,8-BS_D_F,2,10/2/20,2.1,2,0,0,0,0,0,15,0,0,0,0,0,17
8,K,9,Germany x Tajikistan,Dormant,Litter,8-BS_D_F,2,10/19/20,2.11,1,0,0,0,0,0,5,0,0,0,0,0,6
8,K,9,Germany x Tajikistan,Dormant,Litter,8-BS_D_F,2,10/30/20,2.12,0,0,0,0,0,0,5,0,0,0,0,0,5
8,K,9,Germany x Tajikistan,Dormant,Litter,8-BS_D_F,2,11/13/20,2.13,0,0,0,0,0,0,0,0,0,0,0,0,0
8,K,9,Germany x Tajikistan,Dormant,Litter,8-BS_D_F,2,12/1/20,2.14,0,0,0,0,0,0,0,0,0,0,0,0,0
8,K,9,Germany x Tajikistan,Dormant,Litter,8-BS_D_F,2,12/15/20,2.15,0,0,0,0,0,0,0,0,0,0,0,0,0
8,K,9,Germany x Tajikistan,Dormant,Litter,8-BS_D_F,2,1/12/21,2.16,0,0,0,0,0,0,0,0,0,0,0,0,0
8,K,9,Germany x Tajikistan,Dormant,Litter,8-BS_D_F,2,2/1/21,2.17,0,0,0,0,0,0,0,0,0,0,0,0,0
8,K,9,Germany x Tajikistan,Dormant,Litter,8-BS_D_F,2,2/25/21,2.18,0,0,0,0,0,0,0,0,0,0,0,0,0
8,K,9,Germany x Tajikistan,Dormant,Litter,8-BS_D_F,2,3/8/21,2.19,0,0,0,0,0,0,0,0,0,0,0,0,0
8,K,9,Germany x Tajikistan,Dormant,Litter,8-BS_D_F,2,3/26/21,2.2,0,0,0,0,0,0,0,0,0,0,0,0,0
8,K,9,Germany x Tajikistan,Dormant,Litter,8-BS_D_F,2,4/8/21,2.21,0,0,0,0,0,0,0,0,0,0,0,0,0
8,K,10,Italy x Sweden,Non-Dormant,Litter,8-IS_ND_F,1,6/12/19,1.01,3,0,0,0,0,0,NA,NA,NA,NA,NA,NA,3
8,K,10,Italy x Sweden,Non-Dormant,Litter,8-IS_ND_F,1,6/16/19,1.02,3,0,0,0,0,0,NA,NA,NA,NA,NA,NA,3
8,K,10,Italy x Sweden,Non-Dormant,Litter,8-IS_ND_F,1,6/26/19,1.03,0,0,0,0,0,0,NA,0,0,0,0,0,0
8,K,10,Italy x Sweden,Non-Dormant,Litter,8-IS_ND_F,1,7/3/19,1.04,0,0,0,0,0,0,NA,0,0,0,0,0,0
8,K,10,Italy x Sweden,Non-Dormant,Litter,8-IS_ND_F,1,7/10/19,1.05,NA,0,0,0,0,0,NA,0,0,0,0,0,0
8,K,10,Italy x Sweden,Non-Dormant,Litter,8-IS_ND_F,1,7/17/19,1.06,0,0,0,0,0,0,NA,0,0,0,0,0,0
8,K,10,Italy x Sweden,Non-Dormant,Litter,8-IS_ND_F,1,7/24/19,1.07,0,0,0,0,0,0,NA,0,0,0,0,0,0
8,K,10,Italy x Sweden,Non-Dormant,Litter,8-IS_ND_F,1,7/31/19,1.08,0,0,0,0,0,0,NA,0,0,0,0,0,0
8,K,10,Italy x Sweden,Non-Dormant,Litter,8-IS_ND_F,1,8/7/19,1.09,0,0,0,0,0,0,NA,0,0,0,0,0,0
8,K,10,Italy x Sweden,Non-Dormant,Litter,8-IS_ND_F,1,8/15/19,1.1,0,0,0,0,0,0,NA,0,0,0,0,0,0
8,K,10,Italy x Sweden,Non-Dormant,Litter,8-IS_ND_F,1,8/20/19,1.11,0,0,0,0,0,0,NA,0,0,0,0,0,0
8,K,10,Italy x Sweden,Non-Dormant,Litter,8-IS_ND_F,1,8/28/19,1.12,0,0,0,0,0,0,NA,0,0,0,0,0,0
8,K,10,Italy x Sweden,Non-Dormant,Litter,8-IS_ND_F,1,9/4/19,1.13,0,0,0,0,0,0,NA,0,0,0,0,0,0
8,K,10,Italy x Sweden,Non-Dormant,Litter,8-IS_ND_F,1,9/11/19,1.14,0,0,0,0,0,0,NA,0,0,0,0,0,0
8,K,10,Italy x Sweden,Non-Dormant,Litter,8-IS_ND_F,1,9/18/19,1.15,0,0,0,0,0,0,NA,0,0,0,0,0,0
8,K,10,Italy x Sweden,Non-Dormant,Litter,8-IS_ND_F,1,9/25/19,1.16,0,0,0,0,0,0,NA,0,0,0,0,0,0
8,K,10,Italy x Sweden,Non-Dormant,Litter,8-IS_ND_F,1,10/2/19,1.17,0,0,0,0,0,0,NA,0,0,0,0,0,0
8,K,10,Italy x Sweden,Non-Dormant,Litter,8-IS_ND_F,1,10/9/19,1.18,0,0,0,0,0,0,NA,0,0,0,0,0,0
8,K,10,Italy x Sweden,Non-Dormant,Litter,8-IS_ND_F,1,10/18/19,1.19,0,0,0,0,0,0,NA,NA,NA,NA,NA,0,0
8,K,10,Italy x Sweden,Non-Dormant,Litter,8-IS_ND_F,1,10/23/19,1.2,1,0,0,0,0,0,NA,NA,NA,NA,NA,0,1
8,K,10,Italy x Sweden,Non-Dormant,Litter,8-IS_ND_F,1,11/6/19,1.22,0,0,0,0,0,0,NA,NA,NA,NA,NA,0,0
8,K,10,Italy x Sweden,Non-Dormant,Litter,8-IS_ND_F,1,11/20/19,1.23,0,0,0,0,0,0,NA,NA,NA,NA,NA,0,0
8,K,10,Italy x Sweden,Non-Dormant,Litter,8-IS_ND_F,1,12/4/19,1.24,0,0,0,0,0,0,NA,NA,NA,NA,NA,0,0
8,K,10,Italy x Sweden,Non-Dormant,Litter,8-IS_ND_F,1,12/20/19,1.25,0,0,0,0,0,0,NA,0,0,0,0,0,0
8,K,10,Italy x Sweden,Non-Dormant,Litter,8-IS_ND_F,1,2/10/20,1.26,0,0,0,0,0,0,NA,NA,0,0,0,0,0
8,K,10,Italy x Sweden,Non-Dormant,Litter,8-IS_ND_F,1,3/2/20,1.27,0,0,0,0,0,0,NA,NA,0,0,0,0,0
8,K,10,Italy x Sweden,Non-Dormant,Litter,8-IS_ND_F,1,5/5/20,1.29,0,0,0,0,0,0,NA,0,0,0,0,0,0
8,K,10,Italy x Sweden,Non-Dormant,Litter,8-IS_ND_F,2,5/27/20,2.01,0,0,0,0,0,0,0,0,0,0,0,0,0
8,K,10,Italy x Sweden,Non-Dormant,Litter,8-IS_ND_F,2,6/4/20,2.02,0,0,0,0,0,0,0,0,0,0,0,0,0
8,K,10,Italy x Sweden,Non-Dormant,Litter,8-IS_ND_F,2,7/23/20,2.03,0,0,0,0,0,0,0,0,0,0,0,0,0
8,K,10,Italy x Sweden,Non-Dormant,Litter,8-IS_ND_F,2,8/7/20,2.04,0,0,0,0,0,0,0,0,0,0,0,0,0
8,K,10,Italy x Sweden,Non-Dormant,Litter,8-IS_ND_F,2,8/13/20,2.05,0,0,0,0,0,0,0,0,0,0,0,0,0
8,K,10,Italy x Sweden,Non-Dormant,Litter,8-IS_ND_F,2,8/18/20,2.06,0,0,0,0,0,0,0,0,0,0,0,0,0
8,K,10,Italy x Sweden,Non-Dormant,Litter,8-IS_ND_F,2,8/25/20,2.07,0,0,0,0,0,0,0,0,0,0,0,0,0
8,K,10,Italy x Sweden,Non-Dormant,Litter,8-IS_ND_F,2,9/10/20,2.08,0,0,0,0,0,0,0,0,0,0,0,0,0
8,K,10,Italy x Sweden,Non-Dormant,Litter,8-IS_ND_F,2,9/18/20,2.09,0,0,0,0,0,0,0,0,0,0,0,0,0
8,K,10,Italy x Sweden,Non-Dormant,Litter,8-IS_ND_F,2,10/2/20,2.1,15,0,0,0,0,0,40,0,0,0,0,0,55
8,K,10,Italy x Sweden,Non-Dormant,Litter,8-IS_ND_F,2,10/19/20,2.11,6,0,0,0,0,0,30,0,0,0,0,0,36
8,K,10,Italy x Sweden,Non-Dormant,Litter,8-IS_ND_F,2,10/30/20,2.12,6,0,0,0,0,0,10,0,0,0,0,0,16
8,K,10,Italy x Sweden,Non-Dormant,Litter,8-IS_ND_F,2,11/13/20,2.13,3,0,0,0,0,0,5,0,0,0,0,0,8
8,K,10,Italy x Sweden,Non-Dormant,Litter,8-IS_ND_F,2,12/1/20,2.14,0,0,0,0,0,0,0,0,0,0,0,0,0
8,K,10,Italy x Sweden,Non-Dormant,Litter,8-IS_ND_F,2,12/15/20,2.15,0,0,0,0,0,0,0,0,0,0,0,0,0
8,K,10,Italy x Sweden,Non-Dormant,Litter,8-IS_ND_F,2,1/12/21,2.16,0,0,0,0,0,0,0,0,0,0,0,0,0
8,K,10,Italy x Sweden,Non-Dormant,Litter,8-IS_ND_F,2,2/1/21,2.17,0,0,0,0,0,0,0,0,0,0,0,0,0
8,K,10,Italy x Sweden,Non-Dormant,Litter,8-IS_ND_F,2,2/25/21,2.18,0,0,0,0,0,0,0,0,0,0,0,0,0
8,K,10,Italy x Sweden,Non-Dormant,Litter,8-IS_ND_F,2,3/8/21,2.19,0,0,0,0,0,0,0,0,0,0,0,0,0
8,K,10,Italy x Sweden,Non-Dormant,Litter,8-IS_ND_F,2,3/26/21,2.2,0,0,0,0,0,0,0,0,0,0,0,0,0
8,K,10,Italy x Sweden,Non-Dormant,Litter,8-IS_ND_F,2,4/8/21,2.21,0,0,0,0,0,0,0,0,0,0,0,0,0
8,K,10,Italy x Sweden,Non-Dormant,Litter,8-IS_ND_F,3,8/17/21,3.14,0,0,0,0,0,0,0,0,0,0,0,0,0
8,K,10,Italy x Sweden,Non-Dormant,Litter,8-IS_ND_F,3,8/25/21,3.15,0,0,0,0,0,0,0,0,0,0,0,0,0
8,K,10,Italy x Sweden,Non-Dormant,Litter,8-IS_ND_F,3,9/2/21,3.16,0,0,0,0,0,0,0,0,0,0,0,0,0
8,K,10,Italy x Sweden,Non-Dormant,Litter,8-IS_ND_F,3,9/8/21,3.17,0,0,0,0,0,0,0,0,0,0,0,0,0
8,K,10,Italy x Sweden,Non-Dormant,Litter,8-IS_ND_F,3,9/15/21,3.18,0,0,0,0,0,0,0,0,0,0,0,0,0
8,K,10,Italy x Sweden,Non-Dormant,Litter,8-IS_ND_F,3,9/22/21,3.19,0,0,0,0,0,0,0,0,0,0,0,0,0
8,K,10,Italy x Sweden,Non-Dormant,Litter,8-IS_ND_F,3,10/4/21,3.2,2,0,0,0,0,0,1,0,0,0,0,0,3
8,K,10,Italy x Sweden,Non-Dormant,Litter,8-IS_ND_F,3,10/16/21,3.21,0,3,0,0,0,0,0,5,0,0,0,0,8
8,K,10,Italy x Sweden,Non-Dormant,Litter,8-IS_ND_F,3,11/17/21,3.22,0,0,0,0,0,0,0,0,0,0,0,0,0
8,K,10,Italy x Sweden,Non-Dormant,Litter,8-IS_ND_F,3,12/9/21,3.23,0,1,0,0,0,0,0,0,0,0,0,0,0
8,K,11,Italy x Sweden,Mixed,High Humidity,8-IS_M_D,1,6/12/19,1.01,14,0,0,0,0,0,NA,NA,NA,NA,NA,NA,14
8,K,11,Italy x Sweden,Mixed,High Humidity,8-IS_M_D,1,6/16/19,1.02,3,0,0,0,0,0,NA,NA,NA,NA,NA,NA,3
8,K,11,Italy x Sweden,Mixed,High Humidity,8-IS_M_D,1,6/26/19,1.03,0,0,0,0,0,0,NA,0,0,0,0,0,0
8,K,11,Italy x Sweden,Mixed,High Humidity,8-IS_M_D,1,7/3/19,1.04,0,0,0,0,0,0,NA,0,0,0,0,0,0
8,K,11,Italy x Sweden,Mixed,High Humidity,8-IS_M_D,1,7/10/19,1.05,NA,0,0,0,0,0,NA,0,0,0,0,0,0
8,K,11,Italy x Sweden,Mixed,High Humidity,8-IS_M_D,1,7/17/19,1.06,0,0,0,0,0,0,NA,0,0,0,0,0,0
8,K,11,Italy x Sweden,Mixed,High Humidity,8-IS_M_D,1,7/24/19,1.07,0,0,0,0,0,0,NA,0,0,0,0,0,0
8,K,11,Italy x Sweden,Mixed,High Humidity,8-IS_M_D,1,7/31/19,1.08,0,0,0,0,0,0,NA,0,0,0,0,0,0
8,K,11,Italy x Sweden,Mixed,High Humidity,8-IS_M_D,1,8/7/19,1.09,0,0,0,0,0,0,NA,0,0,0,0,0,0
8,K,11,Italy x Sweden,Mixed,High Humidity,8-IS_M_D,1,8/15/19,1.1,0,0,0,0,0,0,NA,0,0,0,0,0,0
8,K,11,Italy x Sweden,Mixed,High Humidity,8-IS_M_D,1,8/20/19,1.11,0,0,0,0,0,0,NA,0,0,0,0,0,0
8,K,11,Italy x Sweden,Mixed,High Humidity,8-IS_M_D,1,8/28/19,1.12,0,0,0,0,0,0,NA,0,0,0,0,0,0
8,K,11,Italy x Sweden,Mixed,High Humidity,8-IS_M_D,1,9/4/19,1.13,0,0,0,0,0,0,NA,0,0,0,0,0,0
8,K,11,Italy x Sweden,Mixed,High Humidity,8-IS_M_D,1,9/11/19,1.14,0,0,0,0,0,0,NA,0,0,0,0,0,0
8,K,11,Italy x Sweden,Mixed,High Humidity,8-IS_M_D,1,9/18/19,1.15,0,0,0,0,0,0,NA,0,0,0,0,0,0
8,K,11,Italy x Sweden,Mixed,High Humidity,8-IS_M_D,1,9/25/19,1.16,0,0,0,0,0,0,NA,0,0,0,0,0,0
8,K,11,Italy x Sweden,Mixed,High Humidity,8-IS_M_D,1,10/2/19,1.17,0,0,0,0,0,0,NA,0,0,0,0,0,0
8,K,11,Italy x Sweden,Mixed,High Humidity,8-IS_M_D,1,10/9/19,1.18,0,0,0,0,0,0,NA,0,0,0,0,0,0
8,K,11,Italy x Sweden,Mixed,High Humidity,8-IS_M_D,1,10/18/19,1.19,0,0,0,0,0,0,NA,NA,NA,NA,NA,0,0
8,K,11,Italy x Sweden,Mixed,High Humidity,8-IS_M_D,1,10/23/19,1.2,14,0,0,0,0,0,NA,NA,NA,NA,NA,0,14
8,K,11,Italy x Sweden,Mixed,High Humidity,8-IS_M_D,1,11/6/19,1.22,9,0,0,0,0,0,NA,NA,NA,NA,NA,0,9
8,K,11,Italy x Sweden,Mixed,High Humidity,8-IS_M_D,1,11/20/19,1.23,0,0,0,0,0,0,NA,NA,NA,NA,NA,0,0
8,K,11,Italy x Sweden,Mixed,High Humidity,8-IS_M_D,1,12/4/19,1.24,0,0,0,0,0,0,NA,NA,NA,NA,NA,0,0
8,K,11,Italy x Sweden,Mixed,High Humidity,8-IS_M_D,1,12/20/19,1.25,0,0,0,0,0,0,NA,0,0,0,0,0,0
8,K,11,Italy x Sweden,Mixed,High Humidity,8-IS_M_D,1,2/10/20,1.26,0,0,0,0,0,0,NA,NA,0,0,0,0,0
8,K,11,Italy x Sweden,Mixed,High Humidity,8-IS_M_D,1,3/2/20,1.27,0,0,0,0,0,0,NA,NA,0,0,0,0,0
8,K,11,Italy x Sweden,Mixed,High Humidity,8-IS_M_D,1,5/5/20,1.29,0,0,0,0,0,0,NA,0,0,0,0,0,0
8,K,11,Italy x Sweden,Mixed,High Humidity,8-IS_M_D,2,5/27/20,2.01,0,0,0,0,0,0,0,0,0,0,0,0,0
8,K,11,Italy x Sweden,Mixed,High Humidity,8-IS_M_D,2,6/4/20,2.02,0,0,0,0,0,0,0,0,0,0,0,0,0
8,K,11,Italy x Sweden,Mixed,High Humidity,8-IS_M_D,2,7/23/20,2.03,0,0,0,0,0,0,0,0,0,0,0,0,0
8,K,11,Italy x Sweden,Mixed,High Humidity,8-IS_M_D,2,8/7/20,2.04,0,0,0,0,0,0,0,0,0,0,0,0,0
8,K,11,Italy x Sweden,Mixed,High Humidity,8-IS_M_D,2,8/13/20,2.05,0,0,0,0,0,0,0,0,0,0,0,0,0
8,K,11,Italy x Sweden,Mixed,High Humidity,8-IS_M_D,2,8/18/20,2.06,0,0,0,0,0,0,0,0,0,0,0,0,0
8,K,11,Italy x Sweden,Mixed,High Humidity,8-IS_M_D,2,8/25/20,2.07,0,0,0,0,0,0,0,0,0,0,0,0,0
8,K,11,Italy x Sweden,Mixed,High Humidity,8-IS_M_D,2,9/10/20,2.08,0,0,0,0,0,0,0,0,0,0,0,0,0
8,K,11,Italy x Sweden,Mixed,High Humidity,8-IS_M_D,2,9/18/20,2.09,0,0,0,0,0,0,0,0,0,0,0,0,0
8,K,11,Italy x Sweden,Mixed,High Humidity,8-IS_M_D,2,10/2/20,2.1,5,0,0,0,0,0,5,0,0,0,0,0,10
8,K,11,Italy x Sweden,Mixed,High Humidity,8-IS_M_D,2,10/19/20,2.11,4,0,0,0,0,0,5,0,0,0,0,0,9
8,K,11,Italy x Sweden,Mixed,High Humidity,8-IS_M_D,2,10/30/20,2.12,0,0,0,0,0,0,10,0,0,0,0,0,10
8,K,11,Italy x Sweden,Mixed,High Humidity,8-IS_M_D,2,11/13/20,2.13,0,0,0,0,0,0,3,0,0,0,0,0,3
8,K,11,Italy x Sweden,Mixed,High Humidity,8-IS_M_D,2,12/1/20,2.14,0,0,0,0,0,0,0,0,0,0,0,0,0
8,K,11,Italy x Sweden,Mixed,High Humidity,8-IS_M_D,2,12/15/20,2.15,0,0,0,0,0,0,0,0,0,0,0,0,0
8,K,11,Italy x Sweden,Mixed,High Humidity,8-IS_M_D,2,1/12/21,2.16,0,0,0,0,0,0,0,0,0,0,0,0,0
8,K,11,Italy x Sweden,Mixed,High Humidity,8-IS_M_D,2,2/1/21,2.17,0,0,0,0,0,0,0,0,0,0,0,0,0
8,K,11,Italy x Sweden,Mixed,High Humidity,8-IS_M_D,2,2/25/21,2.18,0,0,0,0,0,0,0,0,0,0,0,0,0
8,K,11,Italy x Sweden,Mixed,High Humidity,8-IS_M_D,2,3/8/21,2.19,0,0,0,0,0,0,0,0,0,0,0,0,0
8,K,11,Italy x Sweden,Mixed,High Humidity,8-IS_M_D,2,3/26/21,2.2,0,0,0,0,0,0,0,0,0,0,0,0,0
8,K,11,Italy x Sweden,Mixed,High Humidity,8-IS_M_D,2,4/8/21,2.21,0,0,0,0,0,0,0,0,0,0,0,0,0
8,K,11,Italy x Sweden,Mixed,High Humidity,8-IS_M_D,3,8/17/21,3.14,0,0,0,0,0,0,0,0,0,0,0,0,0
8,K,11,Italy x Sweden,Mixed,High Humidity,8-IS_M_D,3,8/25/21,3.15,0,0,0,0,0,0,0,0,0,0,0,0,0
8,K,11,Italy x Sweden,Mixed,High Humidity,8-IS_M_D,3,9/2/21,3.16,0,0,0,0,0,0,0,0,0,0,0,0,0
8,K,11,Italy x Sweden,Mixed,High Humidity,8-IS_M_D,3,9/8/21,3.17,0,0,0,0,0,0,0,0,0,0,0,0,0
8,K,11,Italy x Sweden,Mixed,High Humidity,8-IS_M_D,3,9/15/21,3.18,0,0,0,0,0,0,0,0,0,0,0,0,0
8,K,11,Italy x Sweden,Mixed,High Humidity,8-IS_M_D,3,9/22/21,3.19,0,0,0,0,0,0,0,0,0,0,0,0,0
8,K,11,Italy x Sweden,Mixed,High Humidity,8-IS_M_D,3,10/4/21,3.2,0,0,0,0,0,0,0,0,0,0,0,0,0
8,K,11,Italy x Sweden,Mixed,High Humidity,8-IS_M_D,3,10/16/21,3.21,0,1,0,0,0,0,0,1,0,0,0,0,2
8,K,11,Italy x Sweden,Mixed,High Humidity,8-IS_M_D,3,11/17/21,3.22,1,0,0,0,0,0,0,0,0,0,0,0,1
8,K,11,Italy x Sweden,Mixed,High Humidity,8-IS_M_D,3,12/9/21,3.23,0,0,0,0,0,0,0,0,0,0,0,0,0
8,K,12,Italy x Sweden,Dormant,Litter,8-IS_D_F,1,6/12/19,1.01,1,0,0,0,0,0,NA,NA,NA,NA,NA,NA,1
8,K,12,Italy x Sweden,Dormant,Litter,8-IS_D_F,1,6/16/19,1.02,0,0,0,0,0,0,NA,NA,NA,NA,NA,NA,0
8,K,12,Italy x Sweden,Dormant,Litter,8-IS_D_F,1,6/26/19,1.03,0,0,0,0,0,0,NA,0,0,0,0,0,0
8,K,12,Italy x Sweden,Dormant,Litter,8-IS_D_F,1,7/3/19,1.04,0,0,0,0,0,0,NA,0,0,0,0,0,0
8,K,12,Italy x Sweden,Dormant,Litter,8-IS_D_F,1,7/10/19,1.05,NA,0,0,0,0,0,NA,0,0,0,0,0,0
8,K,12,Italy x Sweden,Dormant,Litter,8-IS_D_F,1,7/17/19,1.06,0,0,0,0,0,0,NA,0,0,0,0,0,0
8,K,12,Italy x Sweden,Dormant,Litter,8-IS_D_F,1,7/24/19,1.07,0,0,0,0,0,0,NA,0,0,0,0,0,0
8,K,12,Italy x Sweden,Dormant,Litter,8-IS_D_F,1,7/31/19,1.08,0,0,0,0,0,0,NA,0,0,0,0,0,0
8,K,12,Italy x Sweden,Dormant,Litter,8-IS_D_F,1,8/7/19,1.09,0,0,0,0,0,0,NA,0,0,0,0,0,0
8,K,12,Italy x Sweden,Dormant,Litter,8-IS_D_F,1,8/15/19,1.1,0,0,0,0,0,0,NA,0,0,0,0,0,0
8,K,12,Italy x Sweden,Dormant,Litter,8-IS_D_F,1,8/20/19,1.11,0,0,0,0,0,0,NA,0,0,0,0,0,0
8,K,12,Italy x Sweden,Dormant,Litter,8-IS_D_F,1,8/28/19,1.12,0,0,0,0,0,0,NA,0,0,0,0,0,0
8,K,12,Italy x Sweden,Dormant,Litter,8-IS_D_F,1,9/4/19,1.13,0,0,0,0,0,0,NA,0,0,0,0,0,0
8,K,12,Italy x Sweden,Dormant,Litter,8-IS_D_F,1,9/11/19,1.14,0,0,0,0,0,0,NA,0,0,0,0,0,0
8,K,12,Italy x Sweden,Dormant,Litter,8-IS_D_F,1,9/18/19,1.15,0,0,0,0,0,0,NA,0,0,0,0,0,0
8,K,12,Italy x Sweden,Dormant,Litter,8-IS_D_F,1,9/25/19,1.16,0,0,0,0,0,0,NA,0,0,0,0,0,0
8,K,12,Italy x Sweden,Dormant,Litter,8-IS_D_F,1,10/2/19,1.17,0,0,0,0,0,0,NA,0,0,0,0,0,0
8,K,12,Italy x Sweden,Dormant,Litter,8-IS_D_F,1,10/9/19,1.18,0,0,0,0,0,0,NA,0,0,0,0,0,0
8,K,12,Italy x Sweden,Dormant,Litter,8-IS_D_F,1,10/18/19,1.19,0,0,0,0,0,0,NA,NA,NA,NA,NA,0,0
8,K,12,Italy x Sweden,Dormant,Litter,8-IS_D_F,1,10/23/19,1.2,0,0,0,0,0,0,NA,NA,NA,NA,NA,0,0
8,K,12,Italy x Sweden,Dormant,Litter,8-IS_D_F,1,11/6/19,1.22,0,0,0,0,0,0,NA,NA,NA,NA,NA,0,0
8,K,12,Italy x Sweden,Dormant,Litter,8-IS_D_F,1,11/20/19,1.23,0,0,0,0,0,0,NA,NA,NA,NA,NA,0,0
8,K,12,Italy x Sweden,Dormant,Litter,8-IS_D_F,1,12/4/19,1.24,0,0,0,0,0,0,NA,NA,NA,NA,NA,0,0
8,K,12,Italy x Sweden,Dormant,Litter,8-IS_D_F,1,12/20/19,1.25,0,0,0,0,0,0,NA,0,0,0,0,0,0
8,K,12,Italy x Sweden,Dormant,Litter,8-IS_D_F,1,2/10/20,1.26,0,0,0,0,0,0,NA,NA,0,0,0,0,0
8,K,12,Italy x Sweden,Dormant,Litter,8-IS_D_F,1,3/2/20,1.27,0,0,0,0,0,0,NA,NA,0,0,0,0,0
8,K,12,Italy x Sweden,Dormant,Litter,8-IS_D_F,1,5/5/20,1.29,0,0,0,0,0,0,NA,0,0,0,0,0,0
8,K,12,Italy x Sweden,Dormant,Litter,8-IS_D_F,2,5/27/20,2.01,0,0,0,0,0,0,0,0,0,0,0,0,0
8,K,12,Italy x Sweden,Dormant,Litter,8-IS_D_F,2,6/4/20,2.02,0,0,0,0,0,0,0,0,0,0,0,0,0
8,K,12,Italy x Sweden,Dormant,Litter,8-IS_D_F,2,7/23/20,2.03,0,0,0,0,0,0,0,0,0,0,0,0,0
8,K,12,Italy x Sweden,Dormant,Litter,8-IS_D_F,2,8/7/20,2.04,0,0,0,0,0,0,0,0,0,0,0,0,0
8,K,12,Italy x Sweden,Dormant,Litter,8-IS_D_F,2,8/13/20,2.05,0,0,0,0,0,0,0,0,0,0,0,0,0
8,K,12,Italy x Sweden,Dormant,Litter,8-IS_D_F,2,8/18/20,2.06,0,0,0,0,0,0,0,0,0,0,0,0,0
8,K,12,Italy x Sweden,Dormant,Litter,8-IS_D_F,2,8/25/20,2.07,0,0,0,0,0,0,0,0,0,0,0,0,0
8,K,12,Italy x Sweden,Dormant,Litter,8-IS_D_F,2,9/10/20,2.08,0,0,0,0,0,0,0,0,0,0,0,0,0
8,K,12,Italy x Sweden,Dormant,Litter,8-IS_D_F,2,9/18/20,2.09,0,0,0,0,0,0,0,0,0,0,0,0,0
8,K,12,Italy x Sweden,Dormant,Litter,8-IS_D_F,2,10/2/20,2.1,13,0,0,0,0,0,30,0,0,0,0,0,43
8,K,12,Italy x Sweden,Dormant,Litter,8-IS_D_F,2,10/19/20,2.11,5,0,0,0,0,0,5,0,0,0,0,0,10
8,K,12,Italy x Sweden,Dormant,Litter,8-IS_D_F,2,10/30/20,2.12,2,0,0,0,0,0,10,0,0,0,0,0,12
8,K,12,Italy x Sweden,Dormant,Litter,8-IS_D_F,2,11/13/20,2.13,0,0,0,0,0,0,0,0,0,0,0,0,0
8,K,12,Italy x Sweden,Dormant,Litter,8-IS_D_F,2,12/1/20,2.14,0,0,0,0,0,0,0,0,0,0,0,0,0
8,K,12,Italy x Sweden,Dormant,Litter,8-IS_D_F,2,12/15/20,2.15,0,0,0,0,0,0,0,0,0,0,0,0,0
8,K,12,Italy x Sweden,Dormant,Litter,8-IS_D_F,2,1/12/21,2.16,0,0,0,0,0,0,0,0,0,0,0,0,0
8,K,12,Italy x Sweden,Dormant,Litter,8-IS_D_F,2,2/1/21,2.17,0,0,0,0,0,0,0,0,0,0,0,0,0
8,K,12,Italy x Sweden,Dormant,Litter,8-IS_D_F,2,2/25/21,2.18,0,0,0,0,0,0,0,0,0,0,0,0,0
8,K,12,Italy x Sweden,Dormant,Litter,8-IS_D_F,2,3/8/21,2.19,0,0,0,0,0,0,0,0,0,0,0,0,0
8,K,12,Italy x Sweden,Dormant,Litter,8-IS_D_F,2,3/26/21,2.2,0,0,0,0,0,0,0,0,0,0,0,0,0
8,K,12,Italy x Sweden,Dormant,Litter,8-IS_D_F,2,4/8/21,2.21,0,0,0,0,0,0,0,0,0,0,0,0,0
8,K,12,Italy x Sweden,Dormant,Litter,8-IS_D_F,3,8/17/21,3.14,0,0,0,0,0,0,0,0,0,0,0,0,0
8,K,12,Italy x Sweden,Dormant,Litter,8-IS_D_F,3,8/25/21,3.15,0,0,0,0,0,0,0,0,0,0,0,0,0
8,K,12,Italy x Sweden,Dormant,Litter,8-IS_D_F,3,9/2/21,3.16,0,0,0,0,0,0,0,0,0,0,0,0,0
8,K,12,Italy x Sweden,Dormant,Litter,8-IS_D_F,3,9/8/21,3.17,0,0,0,0,0,0,0,0,0,0,0,0,0
8,K,12,Italy x Sweden,Dormant,Litter,8-IS_D_F,3,9/15/21,3.18,0,0,0,0,0,0,0,0,0,0,0,0,0
8,K,12,Italy x Sweden,Dormant,Litter,8-IS_D_F,3,9/22/21,3.19,0,0,0,0,0,0,0,0,0,0,0,0,0
8,K,12,Italy x Sweden,Dormant,Litter,8-IS_D_F,3,10/4/21,3.2,3,0,0,0,0,0,9,0,0,0,0,0,12
8,K,12,Italy x Sweden,Dormant,Litter,8-IS_D_F,3,10/16/21,3.21,2,5,0,0,0,0,1,3,0,0,0,0,11
8,K,12,Italy x Sweden,Dormant,Litter,8-IS_D_F,3,11/17/21,3.22,0,0,0,0,0,0,0,0,0,0,0,0,0
8,K,12,Italy x Sweden,Dormant,Litter,8-IS_D_F,3,12/9/21,3.23,0,0,0,0,0,0,0,0,0,0,0,0,0
8,K,13,Germany x Tajikistan,Mixed,Control,8-BS_M_C,1,6/12/19,1.01,NA,NA,NA,NA,NA,NA,NA,NA,NA,NA,NA,NA,NA
8,K,13,Germany x Tajikistan,Mixed,Control,8-BS_M_C,1,6/16/19,1.02,NA,NA,NA,NA,NA,NA,NA,NA,NA,NA,NA,NA,NA
8,K,13,Germany x Tajikistan,Mixed,Control,8-BS_M_C,1,6/26/19,1.03,NA,NA,NA,NA,NA,NA,NA,NA,NA,NA,NA,NA,NA
8,K,13,Germany x Tajikistan,Mixed,Control,8-BS_M_C,1,7/3/19,1.04,NA,NA,NA,NA,NA,NA,NA,NA,NA,NA,NA,NA,NA
8,K,13,Germany x Tajikistan,Mixed,Control,8-BS_M_C,1,7/10/19,1.05,NA,NA,NA,NA,NA,NA,NA,NA,NA,NA,NA,NA,NA
8,K,13,Germany x Tajikistan,Mixed,Control,8-BS_M_C,1,7/17/19,1.06,0,0,0,0,0,0,NA,0,0,0,0,0,0
8,K,13,Germany x Tajikistan,Mixed,Control,8-BS_M_C,1,7/24/19,1.07,0,0,0,0,0,0,NA,0,0,0,0,0,0
8,K,13,Germany x Tajikistan,Mixed,Control,8-BS_M_C,1,7/31/19,1.08,0,0,0,0,0,0,NA,0,0,0,0,0,0
8,K,13,Germany x Tajikistan,Mixed,Control,8-BS_M_C,1,8/7/19,1.09,0,0,0,0,0,0,NA,0,0,0,0,0,0
8,K,13,Germany x Tajikistan,Mixed,Control,8-BS_M_C,1,8/15/19,1.1,0,0,0,0,0,0,NA,0,0,0,0,0,0
8,K,13,Germany x Tajikistan,Mixed,Control,8-BS_M_C,1,8/20/19,1.11,0,0,0,0,0,0,NA,0,0,0,0,0,0
8,K,13,Germany x Tajikistan,Mixed,Control,8-BS_M_C,1,8/28/19,1.12,0,0,0,0,0,0,NA,0,0,0,0,0,0
8,K,13,Germany x Tajikistan,Mixed,Control,8-BS_M_C,1,9/4/19,1.13,0,0,0,0,0,0,NA,0,0,0,0,0,0
8,K,13,Germany x Tajikistan,Mixed,Control,8-BS_M_C,1,9/11/19,1.14,0,0,0,0,0,0,NA,0,0,0,0,0,0
8,K,13,Germany x Tajikistan,Mixed,Control,8-BS_M_C,1,9/18/19,1.15,0,0,0,0,0,0,NA,0,0,0,0,0,0
8,K,13,Germany x Tajikistan,Mixed,Control,8-BS_M_C,1,9/25/19,1.16,0,0,0,0,0,0,NA,0,0,0,0,0,0
8,K,13,Germany x Tajikistan,Mixed,Control,8-BS_M_C,1,10/2/19,1.17,0,0,0,0,0,0,NA,0,0,0,0,0,0
8,K,13,Germany x Tajikistan,Mixed,Control,8-BS_M_C,1,10/9/19,1.18,0,0,0,0,0,0,NA,0,0,0,0,0,0
8,K,13,Germany x Tajikistan,Mixed,Control,8-BS_M_C,1,10/18/19,1.19,0,0,0,0,0,0,NA,NA,NA,NA,NA,0,0
8,K,13,Germany x Tajikistan,Mixed,Control,8-BS_M_C,1,10/23/19,1.2,3,0,0,0,0,0,NA,NA,NA,NA,NA,0,3
8,K,13,Germany x Tajikistan,Mixed,Control,8-BS_M_C,1,11/6/19,1.22,1,0,0,0,0,0,NA,NA,NA,NA,NA,0,1
8,K,13,Germany x Tajikistan,Mixed,Control,8-BS_M_C,1,11/20/19,1.23,0,0,0,0,0,0,NA,NA,NA,NA,NA,0,0
8,K,13,Germany x Tajikistan,Mixed,Control,8-BS_M_C,1,12/4/19,1.24,0,0,0,0,0,0,NA,NA,NA,NA,NA,0,0
8,K,13,Germany x Tajikistan,Mixed,Control,8-BS_M_C,1,12/20/19,1.25,0,0,0,0,0,0,NA,0,0,0,0,0,0
8,K,13,Germany x Tajikistan,Mixed,Control,8-BS_M_C,1,2/10/20,1.26,0,0,0,0,0,0,NA,NA,0,0,0,0,0
8,K,13,Germany x Tajikistan,Mixed,Control,8-BS_M_C,1,3/2/20,1.27,0,0,0,0,0,0,NA,NA,1,1,0,0,2
8,K,13,Germany x Tajikistan,Mixed,Control,8-BS_M_C,1,5/5/20,1.29,0,0,0,0,0,0,NA,0,0,0,0,0,0
8,K,13,Germany x Tajikistan,Mixed,Control,8-BS_M_C,2,5/27/20,2.01,0,0,0,0,0,0,0,0,0,0,0,0,0
8,K,13,Germany x Tajikistan,Mixed,Control,8-BS_M_C,2,6/4/20,2.02,0,0,0,0,0,0,0,0,0,0,0,0,0
8,K,13,Germany x Tajikistan,Mixed,Control,8-BS_M_C,2,7/23/20,2.03,0,0,0,0,0,0,0,0,0,0,0,0,0
8,K,13,Germany x Tajikistan,Mixed,Control,8-BS_M_C,2,8/7/20,2.04,0,0,0,0,0,0,0,0,0,0,0,0,0
8,K,13,Germany x Tajikistan,Mixed,Control,8-BS_M_C,2,8/13/20,2.05,0,0,0,0,0,0,0,0,0,0,0,0,0
8,K,13,Germany x Tajikistan,Mixed,Control,8-BS_M_C,2,8/18/20,2.06,0,0,0,0,0,0,0,0,0,0,0,0,0
8,K,13,Germany x Tajikistan,Mixed,Control,8-BS_M_C,2,8/25/20,2.07,0,0,0,0,0,0,0,0,0,0,0,0,0
8,K,13,Germany x Tajikistan,Mixed,Control,8-BS_M_C,2,9/10/20,2.08,0,0,0,0,0,0,0,0,0,0,0,0,0
8,K,13,Germany x Tajikistan,Mixed,Control,8-BS_M_C,2,9/18/20,2.09,0,0,0,0,0,0,0,0,0,0,0,0,0
8,K,13,Germany x Tajikistan,Mixed,Control,8-BS_M_C,2,10/2/20,2.1,0,0,0,0,0,0,10,0,0,0,0,0,10
8,K,13,Germany x Tajikistan,Mixed,Control,8-BS_M_C,2,10/19/20,2.11,0,0,0,0,0,0,55,0,0,0,0,0,55
8,K,13,Germany x Tajikistan,Mixed,Control,8-BS_M_C,2,10/30/20,2.12,2,0,0,0,0,0,5,0,0,0,0,0,7
8,K,13,Germany x Tajikistan,Mixed,Control,8-BS_M_C,2,11/13/20,2.13,0,0,0,0,0,0,5,0,0,0,0,0,5
8,K,13,Germany x Tajikistan,Mixed,Control,8-BS_M_C,2,12/1/20,2.14,0,0,0,0,0,0,0,0,0,0,0,0,0
8,K,13,Germany x Tajikistan,Mixed,Control,8-BS_M_C,2,12/15/20,2.15,0,0,0,0,0,0,0,0,0,0,0,0,0
8,K,13,Germany x Tajikistan,Mixed,Control,8-BS_M_C,2,1/12/21,2.16,0,0,0,0,0,0,0,0,0,0,0,0,0
8,K,13,Germany x Tajikistan,Mixed,Control,8-BS_M_C,2,2/1/21,2.17,0,0,0,0,0,0,0,0,0,0,0,0,0
8,K,13,Germany x Tajikistan,Mixed,Control,8-BS_M_C,2,2/25/21,2.18,0,0,0,0,0,0,0,0,0,0,0,0,0
8,K,13,Germany x Tajikistan,Mixed,Control,8-BS_M_C,2,3/8/21,2.19,0,0,0,0,0,0,0,0,0,0,0,0,0
8,K,13,Germany x Tajikistan,Mixed,Control,8-BS_M_C,2,3/26/21,2.2,0,0,0,0,0,0,0,0,0,0,0,0,0
8,K,13,Germany x Tajikistan,Mixed,Control,8-BS_M_C,2,4/8/21,2.21,0,0,0,0,0,0,0,0,0,0,0,0,0
8,K,13,Germany x Tajikistan,Mixed,Control,8-BS_M_C,3,8/17/21,3.14,0,0,0,0,0,0,0,0,0,0,0,0,0
8,K,13,Germany x Tajikistan,Mixed,Control,8-BS_M_C,3,8/25/21,3.15,0,0,0,0,0,0,0,0,0,0,0,0,0
8,K,13,Germany x Tajikistan,Mixed,Control,8-BS_M_C,3,9/2/21,3.16,0,0,0,0,0,0,0,0,0,0,0,0,0
8,K,13,Germany x Tajikistan,Mixed,Control,8-BS_M_C,3,9/8/21,3.17,0,0,0,0,0,0,0,0,0,0,0,0,0
8,K,13,Germany x Tajikistan,Mixed,Control,8-BS_M_C,3,9/15/21,3.18,0,0,0,0,0,0,0,0,0,0,0,0,0
8,K,13,Germany x Tajikistan,Mixed,Control,8-BS_M_C,3,9/22/21,3.19,0,0,0,0,0,0,0,0,0,0,0,0,0
8,K,13,Germany x Tajikistan,Mixed,Control,8-BS_M_C,3,10/4/21,3.2,0,0,0,0,0,0,0,0,0,0,0,0,0
8,K,13,Germany x Tajikistan,Mixed,Control,8-BS_M_C,3,10/16/21,3.21,0,0,0,0,0,0,0,0,0,0,0,0,0
8,K,13,Germany x Tajikistan,Mixed,Control,8-BS_M_C,3,11/17/21,3.22,0,0,0,0,0,0,0,0,0,0,0,0,0
8,K,13,Germany x Tajikistan,Mixed,Control,8-BS_M_C,3,12/9/21,3.23,0,0,0,0,0,0,0,0,0,0,0,0,0
7,L,1,Italy x Sweden,Dormant,High Humidity,7-IS_D_D,1,6/12/19,1.01,1,0,0,0,0,0,NA,NA,NA,NA,NA,NA,1
7,L,1,Italy x Sweden,Dormant,High Humidity,7-IS_D_D,1,6/16/19,1.02,0,0,0,0,0,0,NA,NA,NA,NA,NA,NA,0
7,L,1,Italy x Sweden,Dormant,High Humidity,7-IS_D_D,1,6/26/19,1.03,0,1,0,0,0,0,NA,0,0,0,0,0,1
7,L,1,Italy x Sweden,Dormant,High Humidity,7-IS_D_D,1,7/3/19,1.04,0,0,0,0,0,0,NA,0,0,0,0,0,0
7,L,1,Italy x Sweden,Dormant,High Humidity,7-IS_D_D,1,7/10/19,1.05,NA,0,0,0,0,0,NA,0,0,0,0,0,0
7,L,1,Italy x Sweden,Dormant,High Humidity,7-IS_D_D,1,7/17/19,1.06,0,0,0,0,0,0,NA,0,0,0,0,0,0
7,L,1,Italy x Sweden,Dormant,High Humidity,7-IS_D_D,1,7/24/19,1.07,0,0,0,0,0,0,NA,0,0,0,0,0,0
7,L,1,Italy x Sweden,Dormant,High Humidity,7-IS_D_D,1,7/31/19,1.08,0,0,0,0,0,0,NA,0,0,0,0,0,0
7,L,1,Italy x Sweden,Dormant,High Humidity,7-IS_D_D,1,8/7/19,1.09,0,0,0,0,0,0,NA,0,0,0,0,0,0
7,L,1,Italy x Sweden,Dormant,High Humidity,7-IS_D_D,1,8/15/19,1.1,0,0,0,0,0,0,NA,0,0,0,0,0,0
7,L,1,Italy x Sweden,Dormant,High Humidity,7-IS_D_D,1,8/20/19,1.11,0,0,0,0,0,0,NA,0,0,0,0,0,0
7,L,1,Italy x Sweden,Dormant,High Humidity,7-IS_D_D,1,8/28/19,1.12,0,0,0,0,0,0,NA,0,0,0,0,0,0
7,L,1,Italy x Sweden,Dormant,High Humidity,7-IS_D_D,1,9/4/19,1.13,0,0,0,0,0,0,NA,0,0,0,0,0,0
7,L,1,Italy x Sweden,Dormant,High Humidity,7-IS_D_D,1,9/11/19,1.14,0,0,0,0,0,0,NA,0,0,0,0,0,0
7,L,1,Italy x Sweden,Dormant,High Humidity,7-IS_D_D,1,9/18/19,1.15,0,0,0,0,0,0,NA,0,0,0,0,0,0
7,L,1,Italy x Sweden,Dormant,High Humidity,7-IS_D_D,1,9/25/19,1.16,0,0,0,0,0,0,NA,0,0,0,0,0,0
7,L,1,Italy x Sweden,Dormant,High Humidity,7-IS_D_D,1,10/2/19,1.17,0,0,0,0,0,0,NA,0,0,0,0,0,0
7,L,1,Italy x Sweden,Dormant,High Humidity,7-IS_D_D,1,10/9/19,1.18,0,0,0,0,0,0,NA,0,0,0,0,0,0
7,L,1,Italy x Sweden,Dormant,High Humidity,7-IS_D_D,1,10/18/19,1.19,0,0,0,0,0,0,NA,NA,NA,NA,NA,0,0
7,L,1,Italy x Sweden,Dormant,High Humidity,7-IS_D_D,1,10/23/19,1.2,3,0,0,0,0,0,NA,NA,NA,NA,NA,0,3
7,L,1,Italy x Sweden,Dormant,High Humidity,7-IS_D_D,1,11/6/19,1.22,0,0,0,0,0,0,NA,NA,NA,NA,NA,0,0
7,L,1,Italy x Sweden,Dormant,High Humidity,7-IS_D_D,1,11/20/19,1.23,0,0,0,0,0,0,NA,NA,NA,NA,NA,0,0
7,L,1,Italy x Sweden,Dormant,High Humidity,7-IS_D_D,1,12/4/19,1.24,0,0,0,0,0,0,NA,NA,NA,NA,NA,0,0
7,L,1,Italy x Sweden,Dormant,High Humidity,7-IS_D_D,1,12/20/19,1.25,0,0,0,0,0,0,NA,2,0,0,0,0,2
7,L,1,Italy x Sweden,Dormant,High Humidity,7-IS_D_D,1,2/10/20,1.26,0,0,0,0,0,0,NA,NA,0,0,0,0,0
7,L,1,Italy x Sweden,Dormant,High Humidity,7-IS_D_D,1,3/2/20,1.27,0,0,0,0,0,0,NA,NA,0,0,0,0,0
7,L,1,Italy x Sweden,Dormant,High Humidity,7-IS_D_D,1,5/5/20,1.29,0,0,0,0,0,0,NA,0,0,0,0,0,0
7,L,1,Italy x Sweden,Dormant,High Humidity,7-IS_D_D,2,5/27/20,2.01,80,0,0,0,0,0,156,0,0,0,0,0,236
7,L,1,Italy x Sweden,Dormant,High Humidity,7-IS_D_D,2,6/4/20,2.02,197,0,0,0,0,0,207,0,0,0,0,0,404
7,L,1,Italy x Sweden,Dormant,High Humidity,7-IS_D_D,2,7/23/20,2.03,0,0,0,0,0,0,0,0,0,0,0,0,0
7,L,1,Italy x Sweden,Dormant,High Humidity,7-IS_D_D,2,8/7/20,2.04,0,0,0,0,0,0,0,0,0,0,0,0,0
7,L,1,Italy x Sweden,Dormant,High Humidity,7-IS_D_D,2,8/13/20,2.05,0,0,0,0,0,0,0,0,0,0,0,0,0
7,L,1,Italy x Sweden,Dormant,High Humidity,7-IS_D_D,2,8/18/20,2.06,0,0,0,0,0,0,0,0,0,0,0,0,0
7,L,1,Italy x Sweden,Dormant,High Humidity,7-IS_D_D,2,8/25/20,2.07,0,0,0,0,0,0,0,0,0,0,0,0,0
7,L,1,Italy x Sweden,Dormant,High Humidity,7-IS_D_D,2,9/10/20,2.08,0,0,0,0,0,0,0,0,0,0,0,0,0
7,L,1,Italy x Sweden,Dormant,High Humidity,7-IS_D_D,2,9/18/20,2.09,0,0,0,0,0,0,0,0,0,0,0,0,0
7,L,1,Italy x Sweden,Dormant,High Humidity,7-IS_D_D,2,10/2/20,2.1,2,0,0,0,0,0,10,0,0,0,0,0,12
7,L,1,Italy x Sweden,Dormant,High Humidity,7-IS_D_D,2,10/19/20,2.11,15,0,0,0,0,0,11,0,0,0,0,0,26
7,L,1,Italy x Sweden,Dormant,High Humidity,7-IS_D_D,2,10/30/20,2.12,2,0,0,0,0,0,5,0,0,0,0,0,7
7,L,1,Italy x Sweden,Dormant,High Humidity,7-IS_D_D,2,11/13/20,2.13,0,0,0,0,0,0,0,0,0,0,0,0,0
7,L,1,Italy x Sweden,Dormant,High Humidity,7-IS_D_D,2,12/1/20,2.14,0,0,0,0,0,0,0,0,0,0,0,0,0
7,L,1,Italy x Sweden,Dormant,High Humidity,7-IS_D_D,2,12/15/20,2.15,0,0,0,0,0,0,0,0,0,0,0,0,0
7,L,1,Italy x Sweden,Dormant,High Humidity,7-IS_D_D,2,1/12/21,2.16,0,0,0,0,0,0,0,0,0,0,0,0,0
7,L,1,Italy x Sweden,Dormant,High Humidity,7-IS_D_D,2,2/1/21,2.17,0,0,0,0,0,0,0,0,0,0,0,0,0
7,L,1,Italy x Sweden,Dormant,High Humidity,7-IS_D_D,2,2/25/21,2.18,0,0,0,0,0,0,0,0,0,0,0,0,0
7,L,1,Italy x Sweden,Dormant,High Humidity,7-IS_D_D,2,3/8/21,2.19,0,0,0,0,0,0,0,0,0,0,0,0,0
7,L,1,Italy x Sweden,Dormant,High Humidity,7-IS_D_D,2,3/26/21,2.2,0,0,0,0,0,0,0,0,0,0,0,0,0
7,L,1,Italy x Sweden,Dormant,High Humidity,7-IS_D_D,2,4/8/21,2.21,0,0,0,0,0,0,0,0,0,0,0,0,0
7,L,1,Italy x Sweden,Dormant,High Humidity,7-IS_D_D,3,8/17/21,3.14,0,0,0,0,0,0,0,0,0,0,0,0,0
7,L,1,Italy x Sweden,Dormant,High Humidity,7-IS_D_D,3,8/25/21,3.15,0,0,0,0,0,0,0,0,0,0,0,0,0
7,L,1,Italy x Sweden,Dormant,High Humidity,7-IS_D_D,3,9/2/21,3.16,0,0,0,0,0,0,0,0,0,0,0,0,0
7,L,1,Italy x Sweden,Dormant,High Humidity,7-IS_D_D,3,9/8/21,3.17,0,0,0,0,0,0,0,0,0,0,0,0,0
7,L,1,Italy x Sweden,Dormant,High Humidity,7-IS_D_D,3,9/15/21,3.18,0,0,0,0,0,0,0,0,0,0,0,0,0
7,L,1,Italy x Sweden,Dormant,High Humidity,7-IS_D_D,3,9/22/21,3.19,0,0,0,0,0,0,0,0,0,0,0,0,0
7,L,1,Italy x Sweden,Dormant,High Humidity,7-IS_D_D,3,10/5/21,3.2,0,0,0,0,0,0,0,0,0,0,0,0,0
7,L,1,Italy x Sweden,Dormant,High Humidity,7-IS_D_D,3,10/20/21,3.21,1,3,0,0,0,0,3,4,0,0,0,0,11
7,L,1,Italy x Sweden,Dormant,High Humidity,7-IS_D_D,3,11/17/21,3.22,0,0,0,0,0,0,0,2,0,0,0,0,2
7,L,1,Italy x Sweden,Dormant,High Humidity,7-IS_D_D,3,12/15/21,3.23,0,0,0,0,0,0,0,1,0,0,0,0,0
7,L,2,Italy x Sweden,Dormant,Litter,7-IS_D_F,1,6/12/19,1.01,1,0,0,0,0,0,NA,NA,NA,NA,NA,NA,1
7,L,2,Italy x Sweden,Dormant,Litter,7-IS_D_F,1,6/16/19,1.02,0,0,0,0,0,0,NA,NA,NA,NA,NA,NA,0
7,L,2,Italy x Sweden,Dormant,Litter,7-IS_D_F,1,6/26/19,1.03,0,0,0,0,0,0,NA,0,0,0,0,0,0
7,L,2,Italy x Sweden,Dormant,Litter,7-IS_D_F,1,7/3/19,1.04,0,0,0,0,0,0,NA,0,0,0,0,0,0
7,L,2,Italy x Sweden,Dormant,Litter,7-IS_D_F,1,7/10/19,1.05,NA,0,0,0,0,0,NA,0,0,0,0,0,0
7,L,2,Italy x Sweden,Dormant,Litter,7-IS_D_F,1,7/17/19,1.06,0,0,0,0,0,0,NA,0,0,0,0,0,0
7,L,2,Italy x Sweden,Dormant,Litter,7-IS_D_F,1,7/24/19,1.07,0,0,0,0,0,0,NA,0,0,0,0,0,0
7,L,2,Italy x Sweden,Dormant,Litter,7-IS_D_F,1,7/31/19,1.08,0,0,0,0,0,0,NA,0,0,0,0,0,0
7,L,2,Italy x Sweden,Dormant,Litter,7-IS_D_F,1,8/7/19,1.09,0,0,0,0,0,0,NA,0,0,0,0,0,0
7,L,2,Italy x Sweden,Dormant,Litter,7-IS_D_F,1,8/15/19,1.1,0,0,0,0,0,0,NA,0,0,0,0,0,0
7,L,2,Italy x Sweden,Dormant,Litter,7-IS_D_F,1,8/20/19,1.11,0,0,0,0,0,0,NA,0,0,0,0,0,0
7,L,2,Italy x Sweden,Dormant,Litter,7-IS_D_F,1,8/28/19,1.12,0,0,0,0,0,0,NA,0,0,0,0,0,0
7,L,2,Italy x Sweden,Dormant,Litter,7-IS_D_F,1,9/4/19,1.13,0,0,0,0,0,0,NA,0,0,0,0,0,0
7,L,2,Italy x Sweden,Dormant,Litter,7-IS_D_F,1,9/11/19,1.14,0,0,0,0,0,0,NA,0,0,0,0,0,0
7,L,2,Italy x Sweden,Dormant,Litter,7-IS_D_F,1,9/18/19,1.15,0,0,0,0,0,0,NA,0,0,0,0,0,0
7,L,2,Italy x Sweden,Dormant,Litter,7-IS_D_F,1,9/25/19,1.16,0,0,0,0,0,0,NA,0,0,0,0,0,0
7,L,2,Italy x Sweden,Dormant,Litter,7-IS_D_F,1,10/2/19,1.17,0,0,0,0,0,0,NA,0,0,0,0,0,0
7,L,2,Italy x Sweden,Dormant,Litter,7-IS_D_F,1,10/9/19,1.18,0,0,0,0,0,0,NA,0,0,0,0,0,0
7,L,2,Italy x Sweden,Dormant,Litter,7-IS_D_F,1,10/18/19,1.19,0,0,0,0,0,0,NA,NA,NA,NA,NA,0,0
7,L,2,Italy x Sweden,Dormant,Litter,7-IS_D_F,1,10/23/19,1.2,3,0,0,0,0,0,NA,NA,NA,NA,NA,0,3
7,L,2,Italy x Sweden,Dormant,Litter,7-IS_D_F,1,11/6/19,1.22,0,0,0,0,0,0,NA,NA,NA,NA,NA,0,0
7,L,2,Italy x Sweden,Dormant,Litter,7-IS_D_F,1,11/20/19,1.23,0,0,0,0,0,0,NA,NA,NA,NA,NA,0,0
7,L,2,Italy x Sweden,Dormant,Litter,7-IS_D_F,1,12/4/19,1.24,0,0,0,0,0,0,NA,NA,NA,NA,NA,0,0
7,L,2,Italy x Sweden,Dormant,Litter,7-IS_D_F,1,12/20/19,1.25,0,0,0,0,0,0,NA,0,0,0,0,0,0
7,L,2,Italy x Sweden,Dormant,Litter,7-IS_D_F,1,2/10/20,1.26,0,0,0,0,0,0,NA,NA,0,0,0,0,0
7,L,2,Italy x Sweden,Dormant,Litter,7-IS_D_F,1,3/2/20,1.27,0,0,0,0,0,0,NA,NA,0,0,0,0,0
7,L,2,Italy x Sweden,Dormant,Litter,7-IS_D_F,1,5/5/20,1.29,0,0,0,0,0,0,NA,0,0,0,0,0,0
7,L,2,Italy x Sweden,Dormant,Litter,7-IS_D_F,2,5/27/20,2.01,0,0,0,0,0,0,0,0,0,0,0,0,0
7,L,2,Italy x Sweden,Dormant,Litter,7-IS_D_F,2,6/4/20,2.02,0,0,0,0,0,0,0,0,0,0,0,0,0
7,L,2,Italy x Sweden,Dormant,Litter,7-IS_D_F,2,7/23/20,2.03,0,0,0,0,0,0,0,0,0,0,0,0,0
7,L,2,Italy x Sweden,Dormant,Litter,7-IS_D_F,2,8/7/20,2.04,0,0,0,0,0,0,0,0,0,0,0,0,0
7,L,2,Italy x Sweden,Dormant,Litter,7-IS_D_F,2,8/13/20,2.05,0,0,0,0,0,0,0,0,0,0,0,0,0
7,L,2,Italy x Sweden,Dormant,Litter,7-IS_D_F,2,8/18/20,2.06,0,0,0,0,0,0,0,0,0,0,0,0,0
7,L,2,Italy x Sweden,Dormant,Litter,7-IS_D_F,2,8/25/20,2.07,0,0,0,0,0,0,0,0,0,0,0,0,0
7,L,2,Italy x Sweden,Dormant,Litter,7-IS_D_F,2,9/10/20,2.08,0,0,0,0,0,0,0,0,0,0,0,0,0
7,L,2,Italy x Sweden,Dormant,Litter,7-IS_D_F,2,9/18/20,2.09,0,0,0,0,0,0,0,0,0,0,0,0,0
7,L,2,Italy x Sweden,Dormant,Litter,7-IS_D_F,2,10/2/20,2.1,28,0,0,0,0,0,40,0,0,0,0,0,68
7,L,2,Italy x Sweden,Dormant,Litter,7-IS_D_F,2,10/19/20,2.11,9,0,0,0,0,0,30,0,0,0,0,0,39
7,L,2,Italy x Sweden,Dormant,Litter,7-IS_D_F,2,10/30/20,2.12,2,0,0,0,0,0,5,0,0,0,0,0,7
7,L,2,Italy x Sweden,Dormant,Litter,7-IS_D_F,2,11/13/20,2.13,2,0,0,0,0,0,2,0,0,0,0,0,4
7,L,2,Italy x Sweden,Dormant,Litter,7-IS_D_F,2,12/1/20,2.14,0,0,0,0,0,0,0,0,0,0,0,0,0
7,L,2,Italy x Sweden,Dormant,Litter,7-IS_D_F,2,12/15/20,2.15,0,0,0,0,0,0,0,0,0,0,0,0,0
7,L,2,Italy x Sweden,Dormant,Litter,7-IS_D_F,2,1/12/21,2.16,0,0,0,0,0,0,0,0,0,0,0,0,0
7,L,2,Italy x Sweden,Dormant,Litter,7-IS_D_F,2,2/1/21,2.17,0,0,0,0,0,0,0,0,0,0,0,0,0
7,L,2,Italy x Sweden,Dormant,Litter,7-IS_D_F,2,2/25/21,2.18,0,0,0,0,0,0,0,0,0,0,0,0,0
7,L,2,Italy x Sweden,Dormant,Litter,7-IS_D_F,2,3/8/21,2.19,0,0,0,0,0,0,0,0,0,0,0,0,0
7,L,2,Italy x Sweden,Dormant,Litter,7-IS_D_F,2,3/26/21,2.2,0,0,0,0,0,0,0,0,0,0,0,0,0
7,L,2,Italy x Sweden,Dormant,Litter,7-IS_D_F,2,4/8/21,2.21,0,0,0,0,0,0,0,0,0,0,0,0,0
7,L,2,Italy x Sweden,Dormant,Litter,7-IS_D_F,3,8/17/21,3.14,0,0,0,0,0,0,0,0,0,0,0,0,0
7,L,2,Italy x Sweden,Dormant,Litter,7-IS_D_F,3,8/25/21,3.15,0,0,0,0,0,0,0,0,0,0,0,0,0
7,L,2,Italy x Sweden,Dormant,Litter,7-IS_D_F,3,9/2/21,3.16,0,0,0,0,0,0,0,0,0,0,0,0,0
7,L,2,Italy x Sweden,Dormant,Litter,7-IS_D_F,3,9/8/21,3.17,0,0,0,0,0,0,0,0,0,0,0,0,0
7,L,2,Italy x Sweden,Dormant,Litter,7-IS_D_F,3,9/15/21,3.18,0,0,0,0,0,0,0,0,0,0,0,0,0
7,L,2,Italy x Sweden,Dormant,Litter,7-IS_D_F,3,9/22/21,3.19,0,0,0,0,0,0,0,0,0,0,0,0,0
7,L,2,Italy x Sweden,Dormant,Litter,7-IS_D_F,3,10/5/21,3.2,7,0,0,0,0,0,1,0,0,0,0,0,8
7,L,2,Italy x Sweden,Dormant,Litter,7-IS_D_F,3,10/20/21,3.21,3,4,0,0,0,0,0,6,0,0,0,0,13
7,L,2,Italy x Sweden,Dormant,Litter,7-IS_D_F,3,11/17/21,3.22,0,0,0,0,0,0,0,1,0,0,0,0,1
7,L,2,Italy x Sweden,Dormant,Litter,7-IS_D_F,3,12/15/21,3.23,0,0,0,0,0,0,0,2,0,0,0,0,0
7,L,3,Italy x Sweden,Dormant,Native Soil,7-IS-D-Soil,1,6/12/19,1.01,0,0,0,0,0,0,NA,NA,NA,NA,NA,NA,0
7,L,3,Italy x Sweden,Dormant,Native Soil,7-IS-D-Soil,1,6/16/19,1.02,0,0,0,0,0,0,NA,NA,NA,NA,NA,NA,0
7,L,3,Italy x Sweden,Dormant,Native Soil,7-IS-D-Soil,1,6/26/19,1.03,0,0,0,0,0,0,NA,0,0,0,0,0,0
7,L,3,Italy x Sweden,Dormant,Native Soil,7-IS-D-Soil,1,7/3/19,1.04,0,0,0,0,0,0,NA,0,0,0,0,0,0
7,L,3,Italy x Sweden,Dormant,Native Soil,7-IS-D-Soil,1,7/10/19,1.05,NA,0,0,0,0,0,NA,0,0,0,0,0,0
7,L,3,Italy x Sweden,Dormant,Native Soil,7-IS-D-Soil,1,7/17/19,1.06,0,0,0,0,0,0,NA,0,0,0,0,0,0
7,L,3,Italy x Sweden,Dormant,Native Soil,7-IS-D-Soil,1,7/24/19,1.07,0,0,0,0,0,0,NA,0,0,0,0,0,0
7,L,3,Italy x Sweden,Dormant,Native Soil,7-IS-D-Soil,1,7/31/19,1.08,0,0,0,0,0,0,NA,0,0,0,0,0,0
7,L,3,Italy x Sweden,Dormant,Native Soil,7-IS-D-Soil,1,8/7/19,1.09,0,0,0,0,0,0,NA,0,0,0,0,0,0
7,L,3,Italy x Sweden,Dormant,Native Soil,7-IS-D-Soil,1,8/15/19,1.1,0,0,0,0,0,0,NA,0,0,0,0,0,0
7,L,3,Italy x Sweden,Dormant,Native Soil,7-IS-D-Soil,1,8/20/19,1.11,0,0,0,0,0,0,NA,0,0,0,0,0,0
7,L,3,Italy x Sweden,Dormant,Native Soil,7-IS-D-Soil,1,8/28/19,1.12,0,0,0,0,0,0,NA,0,0,0,0,0,0
7,L,3,Italy x Sweden,Dormant,Native Soil,7-IS-D-Soil,1,9/4/19,1.13,0,0,0,0,0,0,NA,0,0,0,0,0,0
7,L,3,Italy x Sweden,Dormant,Native Soil,7-IS-D-Soil,1,9/11/19,1.14,0,0,0,0,0,0,NA,0,0,0,0,0,0
7,L,3,Italy x Sweden,Dormant,Native Soil,7-IS-D-Soil,1,9/18/19,1.15,0,0,0,0,0,0,NA,0,0,0,0,0,0
7,L,3,Italy x Sweden,Dormant,Native Soil,7-IS-D-Soil,1,9/25/19,1.16,0,0,0,0,0,0,NA,0,0,0,0,0,0
7,L,3,Italy x Sweden,Dormant,Native Soil,7-IS-D-Soil,1,10/2/19,1.17,0,0,0,0,0,0,NA,0,0,0,0,0,0
7,L,3,Italy x Sweden,Dormant,Native Soil,7-IS-D-Soil,1,10/9/19,1.18,0,0,0,0,0,0,NA,0,0,0,0,0,0
7,L,3,Italy x Sweden,Dormant,Native Soil,7-IS-D-Soil,1,10/18/19,1.19,0,0,0,0,0,0,NA,NA,NA,NA,NA,0,0
7,L,3,Italy x Sweden,Dormant,Native Soil,7-IS-D-Soil,1,10/23/19,1.2,1,1,0,0,0,0,NA,NA,NA,NA,NA,0,2
7,L,3,Italy x Sweden,Dormant,Native Soil,7-IS-D-Soil,1,11/6/19,1.22,0,2,0,0,0,0,NA,NA,NA,NA,NA,0,2
7,L,3,Italy x Sweden,Dormant,Native Soil,7-IS-D-Soil,1,11/20/19,1.23,0,2,0,0,0,0,NA,NA,NA,NA,NA,0,2
7,L,3,Italy x Sweden,Dormant,Native Soil,7-IS-D-Soil,1,12/4/19,1.24,0,2,0,0,0,0,NA,NA,NA,NA,NA,0,2
7,L,3,Italy x Sweden,Dormant,Native Soil,7-IS-D-Soil,1,12/20/19,1.25,0,2,0,0,0,0,NA,25,0,0,0,0,27
7,L,3,Italy x Sweden,Dormant,Native Soil,7-IS-D-Soil,1,2/10/20,1.26,0,0,1,2,0,0,NA,NA,4,9,13,0,29
7,L,3,Italy x Sweden,Dormant,Native Soil,7-IS-D-Soil,1,3/2/20,1.27,0,0,0,0,1,0,NA,NA,0,3,30,0,34
7,L,3,Italy x Sweden,Dormant,Native Soil,7-IS-D-Soil,1,5/5/20,1.29,0,0,0,0,0,3,NA,0,0,0,0,18,21
7,L,3,Italy x Sweden,Dormant,Native Soil,7-IS-D-Soil,2,5/27/20,2.01,1,0,0,0,0,0,6,0,0,0,0,0,7
7,L,3,Italy x Sweden,Dormant,Native Soil,7-IS-D-Soil,2,6/4/20,2.02,0,0,0,0,0,0,1,0,0,0,0,0,1
7,L,3,Italy x Sweden,Dormant,Native Soil,7-IS-D-Soil,2,7/23/20,2.03,0,0,0,0,0,0,0,0,0,0,0,0,0
7,L,3,Italy x Sweden,Dormant,Native Soil,7-IS-D-Soil,2,8/7/20,2.04,0,0,0,0,0,0,0,0,0,0,0,0,0
7,L,3,Italy x Sweden,Dormant,Native Soil,7-IS-D-Soil,2,8/13/20,2.05,0,0,0,0,0,0,0,0,0,0,0,0,0
7,L,3,Italy x Sweden,Dormant,Native Soil,7-IS-D-Soil,2,8/18/20,2.06,0,0,0,0,0,0,0,0,0,0,0,0,0
7,L,3,Italy x Sweden,Dormant,Native Soil,7-IS-D-Soil,2,8/25/20,2.07,0,0,0,0,0,0,0,0,0,0,0,0,0
7,L,3,Italy x Sweden,Dormant,Native Soil,7-IS-D-Soil,2,9/10/20,2.08,0,0,0,0,0,0,0,0,0,0,0,0,0
7,L,3,Italy x Sweden,Dormant,Native Soil,7-IS-D-Soil,2,9/18/20,2.09,1,0,0,0,0,0,0,0,0,0,0,0,1
7,L,3,Italy x Sweden,Dormant,Native Soil,7-IS-D-Soil,2,10/2/20,2.1,1,0,0,0,0,0,20,0,0,0,0,0,21
7,L,3,Italy x Sweden,Dormant,Native Soil,7-IS-D-Soil,2,10/19/20,2.11,1,0,0,0,0,0,15,0,0,0,0,0,16
7,L,3,Italy x Sweden,Dormant,Native Soil,7-IS-D-Soil,2,10/30/20,2.12,0,0,0,0,0,0,1,0,0,0,0,0,1
7,L,3,Italy x Sweden,Dormant,Native Soil,7-IS-D-Soil,2,11/13/20,2.13,0,0,0,0,0,0,5,0,0,0,0,0,5
7,L,3,Italy x Sweden,Dormant,Native Soil,7-IS-D-Soil,2,12/1/20,2.14,0,0,0,0,0,0,0,0,0,0,0,0,0
7,L,3,Italy x Sweden,Dormant,Native Soil,7-IS-D-Soil,2,12/15/20,2.15,0,0,0,0,0,0,0,0,0,0,0,0,0
7,L,3,Italy x Sweden,Dormant,Native Soil,7-IS-D-Soil,2,1/12/21,2.16,0,0,0,0,0,0,0,0,0,0,0,0,0
7,L,3,Italy x Sweden,Dormant,Native Soil,7-IS-D-Soil,2,2/1/21,2.17,0,0,0,0,0,0,0,1,0,0,0,0,1
7,L,3,Italy x Sweden,Dormant,Native Soil,7-IS-D-Soil,2,2/25/21,2.18,0,0,0,0,0,0,0,0,0,0,0,0,0
7,L,3,Italy x Sweden,Dormant,Native Soil,7-IS-D-Soil,2,3/8/21,2.19,0,0,0,0,0,0,0,0,0,0,0,0,0
7,L,3,Italy x Sweden,Dormant,Native Soil,7-IS-D-Soil,2,3/26/21,2.2,0,0,0,0,0,0,0,0,0,0,0,0,0
7,L,3,Italy x Sweden,Dormant,Native Soil,7-IS-D-Soil,2,4/8/21,2.21,0,0,0,0,0,0,0,0,0,0,0,0,0
7,L,3,Italy x Sweden,Dormant,Native Soil,7-IS-D-Soil,3,8/17/21,3.14,0,0,0,0,0,0,0,0,0,0,0,0,0
7,L,3,Italy x Sweden,Dormant,Native Soil,7-IS-D-Soil,3,8/25/21,3.15,0,0,0,0,0,0,0,0,0,0,0,0,0
7,L,3,Italy x Sweden,Dormant,Native Soil,7-IS-D-Soil,3,9/2/21,3.16,0,0,0,0,0,0,0,0,0,0,0,0,0
7,L,3,Italy x Sweden,Dormant,Native Soil,7-IS-D-Soil,3,9/8/21,3.17,0,0,0,0,0,0,0,0,0,0,0,0,0
7,L,3,Italy x Sweden,Dormant,Native Soil,7-IS-D-Soil,3,9/15/21,3.18,0,0,0,0,0,0,0,0,0,0,0,0,0
7,L,3,Italy x Sweden,Dormant,Native Soil,7-IS-D-Soil,3,9/22/21,3.19,0,0,0,0,0,0,0,0,0,0,0,0,0
7,L,3,Italy x Sweden,Dormant,Native Soil,7-IS-D-Soil,3,10/5/21,3.2,6,0,0,0,0,0,83,0,0,0,0,0,89
7,L,3,Italy x Sweden,Dormant,Native Soil,7-IS-D-Soil,3,10/20/21,3.21,8,12,0,0,0,0,60,58,0,0,0,0,138
7,L,3,Italy x Sweden,Dormant,Native Soil,7-IS-D-Soil,3,11/17/21,3.22,1,14,0,0,0,0,13,111,0,0,0,0,139
7,L,3,Italy x Sweden,Dormant,Native Soil,7-IS-D-Soil,3,12/15/21,3.23,1,19,0,0,0,0,6,85,0,0,0,0,0
7,L,4,UK x USA,Non-Dormant,Control,7-TC_ND_C,1,6/12/19,1.01,NA,NA,NA,NA,NA,NA,NA,NA,NA,NA,NA,NA,NA
7,L,4,UK x USA,Non-Dormant,Control,7-TC_ND_C,1,6/16/19,1.02,NA,NA,NA,NA,NA,NA,NA,NA,NA,NA,NA,NA,NA
7,L,4,UK x USA,Non-Dormant,Control,7-TC_ND_C,1,6/26/19,1.03,NA,NA,NA,NA,NA,NA,NA,NA,NA,NA,NA,NA,NA
7,L,4,UK x USA,Non-Dormant,Control,7-TC_ND_C,1,7/3/19,1.04,NA,NA,NA,NA,NA,NA,NA,NA,NA,NA,NA,NA,NA
7,L,4,UK x USA,Non-Dormant,Control,7-TC_ND_C,1,7/10/19,1.05,NA,NA,NA,NA,NA,NA,NA,NA,NA,NA,NA,NA,NA
7,L,4,UK x USA,Non-Dormant,Control,7-TC_ND_C,1,7/17/19,1.06,0,0,0,0,0,0,NA,0,0,0,0,0,0
7,L,4,UK x USA,Non-Dormant,Control,7-TC_ND_C,1,7/24/19,1.07,0,0,0,0,0,0,NA,0,0,0,0,0,0
7,L,4,UK x USA,Non-Dormant,Control,7-TC_ND_C,1,7/31/19,1.08,0,0,0,0,0,0,NA,0,0,0,0,0,0
7,L,4,UK x USA,Non-Dormant,Control,7-TC_ND_C,1,8/7/19,1.09,0,0,0,0,0,0,NA,0,0,0,0,0,0
7,L,4,UK x USA,Non-Dormant,Control,7-TC_ND_C,1,8/15/19,1.1,0,0,0,0,0,0,NA,0,0,0,0,0,0
7,L,4,UK x USA,Non-Dormant,Control,7-TC_ND_C,1,8/20/19,1.11,0,0,0,0,0,0,NA,0,0,0,0,0,0
7,L,4,UK x USA,Non-Dormant,Control,7-TC_ND_C,1,8/28/19,1.12,0,0,0,0,0,0,NA,0,0,0,0,0,0
7,L,4,UK x USA,Non-Dormant,Control,7-TC_ND_C,1,9/4/19,1.13,0,0,0,0,0,0,NA,0,0,0,0,0,0
7,L,4,UK x USA,Non-Dormant,Control,7-TC_ND_C,1,9/11/19,1.14,0,0,0,0,0,0,NA,0,0,0,0,0,0
7,L,4,UK x USA,Non-Dormant,Control,7-TC_ND_C,1,9/18/19,1.15,0,0,0,0,0,0,NA,0,0,0,0,0,0
7,L,4,UK x USA,Non-Dormant,Control,7-TC_ND_C,1,9/25/19,1.16,0,0,0,0,0,0,NA,0,0,0,0,0,0
7,L,4,UK x USA,Non-Dormant,Control,7-TC_ND_C,1,10/2/19,1.17,0,0,0,0,0,0,NA,0,0,0,0,0,0
7,L,4,UK x USA,Non-Dormant,Control,7-TC_ND_C,1,10/9/19,1.18,0,0,0,0,0,0,NA,0,0,0,0,0,0
7,L,4,UK x USA,Non-Dormant,Control,7-TC_ND_C,1,10/18/19,1.19,0,0,0,0,0,0,NA,NA,NA,NA,NA,0,0
7,L,4,UK x USA,Non-Dormant,Control,7-TC_ND_C,1,10/23/19,1.2,1,0,0,0,0,0,NA,NA,NA,NA,NA,0,1
7,L,4,UK x USA,Non-Dormant,Control,7-TC_ND_C,1,11/6/19,1.22,0,0,0,0,0,0,NA,NA,NA,NA,NA,0,0
7,L,4,UK x USA,Non-Dormant,Control,7-TC_ND_C,1,11/20/19,1.23,0,0,0,0,0,0,NA,NA,NA,NA,NA,0,0
7,L,4,UK x USA,Non-Dormant,Control,7-TC_ND_C,1,12/4/19,1.24,0,0,0,0,0,0,NA,NA,NA,NA,NA,0,0
7,L,4,UK x USA,Non-Dormant,Control,7-TC_ND_C,1,12/20/19,1.25,0,0,0,0,0,0,NA,0,0,0,0,0,0
7,L,4,UK x USA,Non-Dormant,Control,7-TC_ND_C,1,2/10/20,1.26,0,0,0,0,0,0,NA,NA,0,0,0,0,0
7,L,4,UK x USA,Non-Dormant,Control,7-TC_ND_C,1,3/2/20,1.27,0,0,0,0,0,0,NA,NA,0,0,0,0,0
7,L,4,UK x USA,Non-Dormant,Control,7-TC_ND_C,1,5/5/20,1.29,0,0,0,0,0,0,NA,0,0,0,0,0,0
7,L,4,UK x USA,Non-Dormant,Control,7-TC_ND_C,2,5/27/20,2.01,0,0,0,0,0,0,3,0,0,0,0,0,3
7,L,4,UK x USA,Non-Dormant,Control,7-TC_ND_C,2,6/4/20,2.02,0,0,0,0,0,0,3,0,0,0,0,0,3
7,L,4,UK x USA,Non-Dormant,Control,7-TC_ND_C,2,7/23/20,2.03,0,0,0,0,0,0,0,0,0,0,0,0,0
7,L,4,UK x USA,Non-Dormant,Control,7-TC_ND_C,2,8/7/20,2.04,0,0,0,0,0,0,0,0,0,0,0,0,0
7,L,4,UK x USA,Non-Dormant,Control,7-TC_ND_C,2,8/13/20,2.05,0,0,0,0,0,0,0,0,0,0,0,0,0
7,L,4,UK x USA,Non-Dormant,Control,7-TC_ND_C,2,8/18/20,2.06,0,0,0,0,0,0,0,0,0,0,0,0,0
7,L,4,UK x USA,Non-Dormant,Control,7-TC_ND_C,2,8/25/20,2.07,0,0,0,0,0,0,0,0,0,0,0,0,0
7,L,4,UK x USA,Non-Dormant,Control,7-TC_ND_C,2,9/10/20,2.08,0,0,0,0,0,0,0,0,0,0,0,0,0
7,L,4,UK x USA,Non-Dormant,Control,7-TC_ND_C,2,9/18/20,2.09,0,0,0,0,0,0,0,0,0,0,0,0,0
7,L,4,UK x USA,Non-Dormant,Control,7-TC_ND_C,2,10/2/20,2.1,1,0,0,0,0,0,5,0,0,0,0,0,6
7,L,4,UK x USA,Non-Dormant,Control,7-TC_ND_C,2,10/19/20,2.11,2,0,0,0,0,0,5,0,0,0,0,0,7
7,L,4,UK x USA,Non-Dormant,Control,7-TC_ND_C,2,10/30/20,2.12,1,0,0,0,0,0,1,0,0,0,0,0,2
7,L,4,UK x USA,Non-Dormant,Control,7-TC_ND_C,2,11/13/20,2.13,0,0,0,0,0,0,0,0,0,0,0,0,0
7,L,4,UK x USA,Non-Dormant,Control,7-TC_ND_C,2,12/1/20,2.14,0,0,0,0,0,0,0,0,0,0,0,0,0
7,L,4,UK x USA,Non-Dormant,Control,7-TC_ND_C,2,12/15/20,2.15,0,0,0,0,0,0,0,0,0,0,0,0,0
7,L,4,UK x USA,Non-Dormant,Control,7-TC_ND_C,2,1/12/21,2.16,0,0,0,0,0,0,0,0,0,0,0,0,0
7,L,4,UK x USA,Non-Dormant,Control,7-TC_ND_C,2,2/1/21,2.17,0,0,0,0,0,0,0,1,0,0,0,0,1
7,L,4,UK x USA,Non-Dormant,Control,7-TC_ND_C,2,2/25/21,2.18,0,0,0,0,0,0,0,0,0,0,0,0,0
7,L,4,UK x USA,Non-Dormant,Control,7-TC_ND_C,2,3/8/21,2.19,0,0,0,0,0,0,0,0,0,0,0,0,0
7,L,4,UK x USA,Non-Dormant,Control,7-TC_ND_C,2,3/26/21,2.2,0,0,0,0,0,0,0,0,0,0,0,0,0
7,L,4,UK x USA,Non-Dormant,Control,7-TC_ND_C,2,4/8/21,2.21,0,0,0,0,0,0,0,0,0,0,0,0,0
7,L,4,UK x USA,Non-Dormant,Control,7-TC_ND_C,3,8/17/21,3.14,0,0,0,0,0,0,0,0,0,0,0,0,0
7,L,4,UK x USA,Non-Dormant,Control,7-TC_ND_C,3,8/25/21,3.15,0,0,0,0,0,0,0,0,0,0,0,0,0
7,L,4,UK x USA,Non-Dormant,Control,7-TC_ND_C,3,9/2/21,3.16,0,0,0,0,0,0,0,0,0,0,0,0,0
7,L,4,UK x USA,Non-Dormant,Control,7-TC_ND_C,3,9/8/21,3.17,0,0,0,0,0,0,0,0,0,0,0,0,0
7,L,4,UK x USA,Non-Dormant,Control,7-TC_ND_C,3,9/15/21,3.18,0,0,0,0,0,0,0,0,0,0,0,0,0
7,L,4,UK x USA,Non-Dormant,Control,7-TC_ND_C,3,9/22/21,3.19,0,0,0,0,0,0,0,0,0,0,0,0,0
7,L,4,UK x USA,Non-Dormant,Control,7-TC_ND_C,3,10/5/21,3.2,0,0,0,0,0,0,1,0,0,0,0,0,1
7,L,4,UK x USA,Non-Dormant,Control,7-TC_ND_C,3,10/20/21,3.21,0,0,0,0,0,0,0,0,0,0,0,0,0
7,L,4,UK x USA,Non-Dormant,Control,7-TC_ND_C,3,11/17/21,3.22,0,0,0,0,0,0,0,0,0,0,0,0,0
7,L,4,UK x USA,Non-Dormant,Control,7-TC_ND_C,3,12/15/21,3.23,0,0,0,0,0,0,0,0,0,0,0,0,0
7,L,5,Germany x Tajikistan,Dormant,Litter,7-BS_D_F,1,6/12/19,1.01,NA,NA,NA,NA,NA,NA,NA,NA,NA,NA,NA,NA,NA
7,L,5,Germany x Tajikistan,Dormant,Litter,7-BS_D_F,1,6/16/19,1.02,NA,NA,NA,NA,NA,NA,NA,NA,NA,NA,NA,NA,NA
7,L,5,Germany x Tajikistan,Dormant,Litter,7-BS_D_F,1,6/26/19,1.03,NA,NA,NA,NA,NA,NA,NA,NA,NA,NA,NA,NA,NA
7,L,5,Germany x Tajikistan,Dormant,Litter,7-BS_D_F,1,7/3/19,1.04,NA,NA,NA,NA,NA,NA,NA,NA,NA,NA,NA,NA,NA
7,L,5,Germany x Tajikistan,Dormant,Litter,7-BS_D_F,1,7/10/19,1.05,NA,NA,NA,NA,NA,NA,NA,NA,NA,NA,NA,NA,NA
7,L,5,Germany x Tajikistan,Dormant,Litter,7-BS_D_F,1,7/17/19,1.06,0,0,0,0,0,0,NA,0,0,0,0,0,0
7,L,5,Germany x Tajikistan,Dormant,Litter,7-BS_D_F,1,7/24/19,1.07,0,0,0,0,0,0,NA,0,0,0,0,0,0
7,L,5,Germany x Tajikistan,Dormant,Litter,7-BS_D_F,1,7/31/19,1.08,0,0,0,0,0,0,NA,0,0,0,0,0,0
7,L,5,Germany x Tajikistan,Dormant,Litter,7-BS_D_F,1,8/7/19,1.09,0,0,0,0,0,0,NA,0,0,0,0,0,0
7,L,5,Germany x Tajikistan,Dormant,Litter,7-BS_D_F,1,8/15/19,1.1,0,0,0,0,0,0,NA,0,0,0,0,0,0
7,L,5,Germany x Tajikistan,Dormant,Litter,7-BS_D_F,1,8/20/19,1.11,0,0,0,0,0,0,NA,0,0,0,0,0,0
7,L,5,Germany x Tajikistan,Dormant,Litter,7-BS_D_F,1,8/28/19,1.12,0,0,0,0,0,0,NA,0,0,0,0,0,0
7,L,5,Germany x Tajikistan,Dormant,Litter,7-BS_D_F,1,9/4/19,1.13,8,1,0,0,0,0,NA,0,0,0,0,0,9
7,L,5,Germany x Tajikistan,Dormant,Litter,7-BS_D_F,1,9/11/19,1.14,22,16,0,0,0,0,NA,0,0,0,0,0,38
7,L,5,Germany x Tajikistan,Dormant,Litter,7-BS_D_F,1,9/18/19,1.15,4,8,4,1,0,0,NA,0,0,0,0,0,17
7,L,5,Germany x Tajikistan,Dormant,Litter,7-BS_D_F,1,9/25/19,1.16,0,0,0,3,2,0,NA,0,0,0,0,0,5
7,L,5,Germany x Tajikistan,Dormant,Litter,7-BS_D_F,1,10/2/19,1.17,4,5,4,1,5,0,NA,0,0,0,0,0,19
7,L,5,Germany x Tajikistan,Dormant,Litter,7-BS_D_F,1,10/9/19,1.18,0,3,3,0,7,0,NA,0,0,0,0,0,13
7,L,5,Germany x Tajikistan,Dormant,Litter,7-BS_D_F,1,10/18/19,1.19,1,0,1,0,3,3,NA,NA,NA,NA,NA,0,8
7,L,5,Germany x Tajikistan,Dormant,Litter,7-BS_D_F,1,10/23/19,1.2,6,0,0,1,2,0,NA,NA,NA,NA,NA,0,9
7,L,5,Germany x Tajikistan,Dormant,Litter,7-BS_D_F,1,11/6/19,1.22,8,5,0,0,3,0,NA,NA,NA,NA,NA,0,16
7,L,5,Germany x Tajikistan,Dormant,Litter,7-BS_D_F,1,11/20/19,1.23,0,6,0,0,0,0,NA,NA,NA,NA,NA,0,6
7,L,5,Germany x Tajikistan,Dormant,Litter,7-BS_D_F,1,12/4/19,1.24,0,0,0,0,0,0,NA,NA,NA,NA,NA,0,0
7,L,5,Germany x Tajikistan,Dormant,Litter,7-BS_D_F,1,12/20/19,1.25,0,0,0,0,0,0,NA,1,0,0,0,0,1
7,L,5,Germany x Tajikistan,Dormant,Litter,7-BS_D_F,1,2/10/20,1.26,0,0,0,0,0,0,NA,NA,0,0,0,0,0
7,L,5,Germany x Tajikistan,Dormant,Litter,7-BS_D_F,1,3/2/20,1.27,0,0,0,0,0,0,NA,NA,0,0,1,0,1
7,L,5,Germany x Tajikistan,Dormant,Litter,7-BS_D_F,1,5/5/20,1.29,0,0,0,0,0,0,NA,0,0,0,0,2,2
7,L,5,Germany x Tajikistan,Dormant,Litter,7-BS_D_F,2,5/27/20,2.01,0,0,0,0,0,0,0,0,0,0,0,0,0
7,L,5,Germany x Tajikistan,Dormant,Litter,7-BS_D_F,2,6/4/20,2.02,0,0,0,0,0,0,9,0,0,0,0,0,9
7,L,5,Germany x Tajikistan,Dormant,Litter,7-BS_D_F,2,9/10/20,2.08,0,0,0,0,0,0,0,0,0,0,0,0,0
7,L,5,Germany x Tajikistan,Dormant,Litter,7-BS_D_F,2,9/18/20,2.09,6,0,0,0,0,0,5,0,0,0,0,0,11
7,L,5,Germany x Tajikistan,Dormant,Litter,7-BS_D_F,2,10/2/20,2.1,8,0,0,0,0,0,40,0,0,0,0,0,48
7,L,5,Germany x Tajikistan,Dormant,Litter,7-BS_D_F,2,10/19/20,2.11,1,0,0,0,0,0,30,0,0,0,0,0,31
7,L,5,Germany x Tajikistan,Dormant,Litter,7-BS_D_F,2,10/30/20,2.12,3,0,0,0,0,0,5,0,0,0,0,0,8
7,L,5,Germany x Tajikistan,Dormant,Litter,7-BS_D_F,2,11/13/20,2.13,0,0,0,0,0,0,0,0,0,0,0,0,0
7,L,5,Germany x Tajikistan,Dormant,Litter,7-BS_D_F,2,12/1/20,2.14,0,0,0,0,0,0,0,0,0,0,0,0,0
7,L,5,Germany x Tajikistan,Dormant,Litter,7-BS_D_F,2,12/15/20,2.15,0,0,0,0,0,0,0,0,0,0,0,0,0
7,L,5,Germany x Tajikistan,Dormant,Litter,7-BS_D_F,2,1/12/21,2.16,0,0,0,0,0,0,0,0,0,0,0,0,0
7,L,5,Germany x Tajikistan,Dormant,Litter,7-BS_D_F,2,2/1/21,2.17,0,0,0,0,0,0,0,0,0,0,0,0,0
7,L,5,Germany x Tajikistan,Dormant,Litter,7-BS_D_F,2,2/25/21,2.18,0,0,0,0,0,0,0,0,0,0,0,0,0
7,L,5,Germany x Tajikistan,Dormant,Litter,7-BS_D_F,2,3/8/21,2.19,0,0,0,0,0,0,0,0,0,0,0,0,0
7,L,5,Germany x Tajikistan,Dormant,Litter,7-BS_D_F,2,3/26/21,2.2,0,0,0,0,0,0,0,0,0,0,0,0,0
7,L,5,Germany x Tajikistan,Dormant,Litter,7-BS_D_F,2,4/8/21,2.21,0,0,0,0,0,0,0,0,0,0,0,0,0
7,L,6,Italy x Sweden,Mixed,High Humidity,7-IS_M_D,1,6/12/19,1.01,7,0,0,0,0,0,NA,NA,NA,NA,NA,NA,7
7,L,6,Italy x Sweden,Mixed,High Humidity,7-IS_M_D,1,6/16/19,1.02,2,0,0,0,0,0,NA,NA,NA,NA,NA,NA,2
7,L,6,Italy x Sweden,Mixed,High Humidity,7-IS_M_D,1,6/26/19,1.03,0,2,0,0,0,0,NA,6,0,0,0,0,8
7,L,6,Italy x Sweden,Mixed,High Humidity,7-IS_M_D,1,7/3/19,1.04,0,0,0,0,0,0,NA,6,0,0,0,0,6
7,L,6,Italy x Sweden,Mixed,High Humidity,7-IS_M_D,1,7/10/19,1.05,NA,0,0,0,0,0,NA,4,0,0,0,0,4
7,L,6,Italy x Sweden,Mixed,High Humidity,7-IS_M_D,1,7/17/19,1.06,0,0,0,0,0,0,NA,4,0,0,0,0,4
7,L,6,Italy x Sweden,Mixed,High Humidity,7-IS_M_D,1,7/24/19,1.07,0,0,0,0,0,0,NA,4,0,0,0,0,4
7,L,6,Italy x Sweden,Mixed,High Humidity,7-IS_M_D,1,7/31/19,1.08,0,0,0,0,0,0,NA,0,0,0,0,0,0
7,L,6,Italy x Sweden,Mixed,High Humidity,7-IS_M_D,1,8/7/19,1.09,0,0,0,0,0,0,NA,0,0,0,0,0,0
7,L,6,Italy x Sweden,Mixed,High Humidity,7-IS_M_D,1,8/15/19,1.1,0,0,0,0,0,0,NA,0,0,0,0,0,0
7,L,6,Italy x Sweden,Mixed,High Humidity,7-IS_M_D,1,8/20/19,1.11,0,0,0,0,0,0,NA,0,0,0,0,0,0
7,L,6,Italy x Sweden,Mixed,High Humidity,7-IS_M_D,1,8/28/19,1.12,0,0,0,0,0,0,NA,0,0,0,0,0,0
7,L,6,Italy x Sweden,Mixed,High Humidity,7-IS_M_D,1,9/4/19,1.13,0,0,0,0,0,0,NA,0,0,0,0,0,0
7,L,6,Italy x Sweden,Mixed,High Humidity,7-IS_M_D,1,9/11/19,1.14,0,0,0,0,0,0,NA,0,0,0,0,0,0
7,L,6,Italy x Sweden,Mixed,High Humidity,7-IS_M_D,1,9/18/19,1.15,0,0,0,0,0,0,NA,0,0,0,0,0,0
7,L,6,Italy x Sweden,Mixed,High Humidity,7-IS_M_D,1,9/25/19,1.16,0,0,0,0,0,0,NA,0,0,0,0,0,0
7,L,6,Italy x Sweden,Mixed,High Humidity,7-IS_M_D,1,10/2/19,1.17,0,0,0,0,0,0,NA,0,0,0,0,0,0
7,L,6,Italy x Sweden,Mixed,High Humidity,7-IS_M_D,1,10/9/19,1.18,0,0,0,0,0,0,NA,0,0,0,0,0,0
7,L,6,Italy x Sweden,Mixed,High Humidity,7-IS_M_D,1,10/18/19,1.19,0,0,0,0,0,0,NA,NA,NA,NA,NA,0,0
7,L,6,Italy x Sweden,Mixed,High Humidity,7-IS_M_D,1,10/23/19,1.2,0,0,0,0,0,0,NA,NA,NA,NA,NA,0,0
7,L,6,Italy x Sweden,Mixed,High Humidity,7-IS_M_D,1,11/6/19,1.22,0,0,0,0,0,0,NA,NA,NA,NA,NA,0,0
7,L,6,Italy x Sweden,Mixed,High Humidity,7-IS_M_D,1,11/20/19,1.23,0,0,0,0,0,0,NA,NA,NA,NA,NA,0,0
7,L,6,Italy x Sweden,Mixed,High Humidity,7-IS_M_D,1,12/4/19,1.24,0,0,0,0,0,0,NA,NA,NA,NA,NA,0,0
7,L,6,Italy x Sweden,Mixed,High Humidity,7-IS_M_D,1,12/20/19,1.25,0,0,0,0,0,0,NA,10,0,0,0,0,10
7,L,6,Italy x Sweden,Mixed,High Humidity,7-IS_M_D,1,2/10/20,1.26,0,0,0,0,0,0,NA,NA,1,4,2,0,7
7,L,6,Italy x Sweden,Mixed,High Humidity,7-IS_M_D,1,3/2/20,1.27,0,0,0,0,0,0,NA,NA,0,0,8,0,8
7,L,6,Italy x Sweden,Mixed,High Humidity,7-IS_M_D,1,5/5/20,1.29,0,0,0,0,0,0,NA,0,0,0,0,7,7
7,L,6,Italy x Sweden,Mixed,High Humidity,7-IS_M_D,2,5/27/20,2.01,0,0,0,0,0,0,1,0,0,0,0,0,1
7,L,6,Italy x Sweden,Mixed,High Humidity,7-IS_M_D,2,6/4/20,2.02,0,0,0,0,0,0,0,0,0,0,0,0,0
7,L,6,Italy x Sweden,Mixed,High Humidity,7-IS_M_D,2,7/23/20,2.03,0,0,0,0,0,0,0,0,0,0,0,0,0
7,L,6,Italy x Sweden,Mixed,High Humidity,7-IS_M_D,2,8/7/20,2.04,0,0,0,0,0,0,0,0,0,0,0,0,0
7,L,6,Italy x Sweden,Mixed,High Humidity,7-IS_M_D,2,8/13/20,2.05,0,0,0,0,0,0,0,0,0,0,0,0,0
7,L,6,Italy x Sweden,Mixed,High Humidity,7-IS_M_D,2,8/18/20,2.06,0,0,0,0,0,0,0,0,0,0,0,0,0
7,L,6,Italy x Sweden,Mixed,High Humidity,7-IS_M_D,2,8/25/20,2.07,0,0,0,0,0,0,0,0,0,0,0,0,0
7,L,6,Italy x Sweden,Mixed,High Humidity,7-IS_M_D,2,9/10/20,2.08,7,0,0,0,0,0,10,0,0,0,0,0,17
7,L,6,Italy x Sweden,Mixed,High Humidity,7-IS_M_D,2,9/18/20,2.09,16,0,0,0,0,0,20,0,0,0,0,0,36
7,L,6,Italy x Sweden,Mixed,High Humidity,7-IS_M_D,2,10/2/20,2.1,6,0,0,0,0,0,50,0,0,0,0,0,56
7,L,6,Italy x Sweden,Mixed,High Humidity,7-IS_M_D,2,10/19/20,2.11,6,0,0,0,0,0,5,0,0,0,0,0,11
7,L,6,Italy x Sweden,Mixed,High Humidity,7-IS_M_D,2,10/30/20,2.12,0,0,0,0,0,0,10,0,0,0,0,0,10
7,L,6,Italy x Sweden,Mixed,High Humidity,7-IS_M_D,2,11/13/20,2.13,0,0,0,0,0,0,5,0,0,0,0,0,5
7,L,6,Italy x Sweden,Mixed,High Humidity,7-IS_M_D,2,12/1/20,2.14,0,0,0,0,0,0,0,0,0,0,0,0,0
7,L,6,Italy x Sweden,Mixed,High Humidity,7-IS_M_D,2,12/15/20,2.15,0,0,0,0,0,0,0,0,0,0,0,0,0
7,L,6,Italy x Sweden,Mixed,High Humidity,7-IS_M_D,2,1/12/21,2.16,0,0,0,0,0,0,0,4,0,0,0,0,4
7,L,6,Italy x Sweden,Mixed,High Humidity,7-IS_M_D,2,2/1/21,2.17,0,0,0,0,0,0,0,0,0,0,0,0,0
7,L,6,Italy x Sweden,Mixed,High Humidity,7-IS_M_D,2,2/25/21,2.18,0,0,0,0,0,0,0,0,0,0,0,0,0
7,L,6,Italy x Sweden,Mixed,High Humidity,7-IS_M_D,2,3/8/21,2.19,0,0,0,0,0,0,0,0,0,0,0,0,0
7,L,6,Italy x Sweden,Mixed,High Humidity,7-IS_M_D,2,3/26/21,2.2,0,0,0,0,0,0,0,0,0,0,5,0,5
7,L,6,Italy x Sweden,Mixed,High Humidity,7-IS_M_D,2,4/8/21,2.21,0,0,0,0,0,0,0,0,0,0,0,3,3
7,L,6,Italy x Sweden,Mixed,High Humidity,7-IS_M_D,3,8/17/21,3.14,0,0,0,0,0,0,0,0,0,0,0,0,0
7,L,6,Italy x Sweden,Mixed,High Humidity,7-IS_M_D,3,8/25/21,3.15,0,0,0,0,0,0,0,0,0,0,0,0,0
7,L,6,Italy x Sweden,Mixed,High Humidity,7-IS_M_D,3,9/2/21,3.16,0,0,0,0,0,0,0,0,0,0,0,0,0
7,L,6,Italy x Sweden,Mixed,High Humidity,7-IS_M_D,3,9/8/21,3.17,0,0,0,0,0,0,0,0,0,0,0,0,0
7,L,6,Italy x Sweden,Mixed,High Humidity,7-IS_M_D,3,9/15/21,3.18,0,0,0,0,0,0,0,0,0,0,0,0,0
7,L,6,Italy x Sweden,Mixed,High Humidity,7-IS_M_D,3,9/22/21,3.19,0,0,0,0,0,0,0,0,0,0,0,0,0
7,L,6,Italy x Sweden,Mixed,High Humidity,7-IS_M_D,3,10/5/21,3.2,96,0,0,0,0,0,588,2,0,0,0,0,686
7,L,6,Italy x Sweden,Mixed,High Humidity,7-IS_M_D,3,10/20/21,3.21,14,69,0,0,0,0,101,272,0,0,0,0,456
7,L,6,Italy x Sweden,Mixed,High Humidity,7-IS_M_D,3,11/17/21,3.22,0,26,0,0,0,0,4,344,0,0,0,0,374
7,L,6,Italy x Sweden,Mixed,High Humidity,7-IS_M_D,3,12/15/21,3.23,0,17,0,0,0,0,0,120,0,0,0,0,0
7,L,7,Italy x Sweden,Mixed,Native Soil,7-IS-M-Soil,1,6/12/19,1.01,4,0,0,0,0,0,NA,NA,NA,NA,NA,NA,4
7,L,7,Italy x Sweden,Mixed,Native Soil,7-IS-M-Soil,1,6/16/19,1.02,1,0,0,0,0,0,NA,NA,NA,NA,NA,NA,1
7,L,7,Italy x Sweden,Mixed,Native Soil,7-IS-M-Soil,1,6/26/19,1.03,0,0,0,0,0,0,NA,0,0,0,0,0,0
7,L,7,Italy x Sweden,Mixed,Native Soil,7-IS-M-Soil,1,7/3/19,1.04,0,0,0,0,0,0,NA,0,0,0,0,0,0
7,L,7,Italy x Sweden,Mixed,Native Soil,7-IS-M-Soil,1,7/10/19,1.05,NA,0,0,0,0,0,NA,0,0,0,0,0,0
7,L,7,Italy x Sweden,Mixed,Native Soil,7-IS-M-Soil,1,7/17/19,1.06,0,0,0,0,0,0,NA,0,0,0,0,0,0
7,L,7,Italy x Sweden,Mixed,Native Soil,7-IS-M-Soil,1,7/24/19,1.07,0,0,0,0,0,0,NA,0,0,0,0,0,0
7,L,7,Italy x Sweden,Mixed,Native Soil,7-IS-M-Soil,1,7/31/19,1.08,0,0,0,0,0,0,NA,0,0,0,0,0,0
7,L,7,Italy x Sweden,Mixed,Native Soil,7-IS-M-Soil,1,8/7/19,1.09,0,0,0,0,0,0,NA,0,0,0,0,0,0
7,L,7,Italy x Sweden,Mixed,Native Soil,7-IS-M-Soil,1,8/15/19,1.1,0,0,0,0,0,0,NA,0,0,0,0,0,0
7,L,7,Italy x Sweden,Mixed,Native Soil,7-IS-M-Soil,1,8/20/19,1.11,0,0,0,0,0,0,NA,0,0,0,0,0,0
7,L,7,Italy x Sweden,Mixed,Native Soil,7-IS-M-Soil,1,8/28/19,1.12,0,0,0,0,0,0,NA,0,0,0,0,0,0
7,L,7,Italy x Sweden,Mixed,Native Soil,7-IS-M-Soil,1,9/4/19,1.13,0,0,0,0,0,0,NA,0,0,0,0,0,0
7,L,7,Italy x Sweden,Mixed,Native Soil,7-IS-M-Soil,1,9/11/19,1.14,0,0,0,0,0,0,NA,0,0,0,0,0,0
7,L,7,Italy x Sweden,Mixed,Native Soil,7-IS-M-Soil,1,9/18/19,1.15,0,0,0,0,0,0,NA,0,0,0,0,0,0
7,L,7,Italy x Sweden,Mixed,Native Soil,7-IS-M-Soil,1,9/25/19,1.16,0,0,0,0,0,0,NA,0,0,0,0,0,0
7,L,7,Italy x Sweden,Mixed,Native Soil,7-IS-M-Soil,1,10/2/19,1.17,0,0,0,0,0,0,NA,0,0,0,0,0,0
7,L,7,Italy x Sweden,Mixed,Native Soil,7-IS-M-Soil,1,10/9/19,1.18,0,0,0,0,0,0,NA,0,0,0,0,0,0
7,L,7,Italy x Sweden,Mixed,Native Soil,7-IS-M-Soil,1,10/18/19,1.19,0,0,0,0,0,0,NA,NA,NA,NA,NA,0,0
7,L,7,Italy x Sweden,Mixed,Native Soil,7-IS-M-Soil,1,10/23/19,1.2,1,0,0,0,0,0,NA,NA,NA,NA,NA,0,1
7,L,7,Italy x Sweden,Mixed,Native Soil,7-IS-M-Soil,1,11/6/19,1.22,0,1,0,0,0,0,NA,NA,NA,NA,NA,0,1
7,L,7,Italy x Sweden,Mixed,Native Soil,7-IS-M-Soil,1,11/20/19,1.23,0,1,0,0,0,0,NA,NA,NA,NA,NA,0,1
7,L,7,Italy x Sweden,Mixed,Native Soil,7-IS-M-Soil,1,12/4/19,1.24,3,1,0,0,0,0,NA,NA,NA,NA,NA,0,4
7,L,7,Italy x Sweden,Mixed,Native Soil,7-IS-M-Soil,1,12/20/19,1.25,10,1,0,0,0,0,NA,20,0,0,0,0,31
7,L,7,Italy x Sweden,Mixed,Native Soil,7-IS-M-Soil,1,2/10/20,1.26,0,9,0,1,0,0,NA,NA,6,5,6,0,27
7,L,7,Italy x Sweden,Mixed,Native Soil,7-IS-M-Soil,1,3/2/20,1.27,0,6,3,0,1,0,NA,NA,1,3,16,0,30
7,L,7,Italy x Sweden,Mixed,Native Soil,7-IS-M-Soil,1,5/5/20,1.29,0,0,0,0,0,10,NA,0,0,0,0,15,25
7,L,7,Italy x Sweden,Mixed,Native Soil,7-IS-M-Soil,2,5/27/20,2.01,10,0,0,0,0,0,31,0,0,0,0,0,41
7,L,7,Italy x Sweden,Mixed,Native Soil,7-IS-M-Soil,2,6/4/20,2.02,0,0,0,0,0,0,0,0,0,0,0,0,0
7,L,7,Italy x Sweden,Mixed,Native Soil,7-IS-M-Soil,2,7/23/20,2.03,0,0,0,0,0,0,0,0,0,0,0,0,0
7,L,7,Italy x Sweden,Mixed,Native Soil,7-IS-M-Soil,2,8/7/20,2.04,0,0,0,0,0,0,0,0,0,0,0,0,0
7,L,7,Italy x Sweden,Mixed,Native Soil,7-IS-M-Soil,2,8/13/20,2.05,0,0,0,0,0,0,0,0,0,0,0,0,0
7,L,7,Italy x Sweden,Mixed,Native Soil,7-IS-M-Soil,2,8/18/20,2.06,0,0,0,0,0,0,0,0,0,0,0,0,0
7,L,7,Italy x Sweden,Mixed,Native Soil,7-IS-M-Soil,2,8/25/20,2.07,0,0,0,0,0,0,0,0,0,0,0,0,0
7,L,7,Italy x Sweden,Mixed,Native Soil,7-IS-M-Soil,2,9/10/20,2.08,0,0,0,0,0,0,0,0,0,0,0,0,0
7,L,7,Italy x Sweden,Mixed,Native Soil,7-IS-M-Soil,2,9/18/20,2.09,61,0,0,0,0,0,20,0,0,0,0,0,81
7,L,7,Italy x Sweden,Mixed,Native Soil,7-IS-M-Soil,2,10/2/20,2.1,16,0,0,0,0,0,25,0,0,0,0,0,41
7,L,7,Italy x Sweden,Mixed,Native Soil,7-IS-M-Soil,2,10/19/20,2.11,3,0,0,0,0,0,10,0,0,0,0,0,13
7,L,7,Italy x Sweden,Mixed,Native Soil,7-IS-M-Soil,2,10/30/20,2.12,0,0,0,0,0,0,5,0,0,0,0,0,5
7,L,7,Italy x Sweden,Mixed,Native Soil,7-IS-M-Soil,2,11/13/20,2.13,0,0,0,0,0,0,0,0,0,0,0,0,0
7,L,7,Italy x Sweden,Mixed,Native Soil,7-IS-M-Soil,2,12/1/20,2.14,13,21,0,0,0,0,10,15,0,0,0,0,59
7,L,7,Italy x Sweden,Mixed,Native Soil,7-IS-M-Soil,2,12/15/20,2.15,5,12,0,0,0,0,10,27,0,0,0,0,54
7,L,7,Italy x Sweden,Mixed,Native Soil,7-IS-M-Soil,2,1/12/21,2.16,5,20,0,0,0,0,3,37,0,0,0,0,65
7,L,7,Italy x Sweden,Mixed,Native Soil,7-IS-M-Soil,2,2/1/21,2.17,0,0,0,0,0,0,0,1,0,0,0,0,1
7,L,7,Italy x Sweden,Mixed,Native Soil,7-IS-M-Soil,2,2/25/21,2.18,0,3,0,0,0,0,0,9,0,0,0,0,12
7,L,7,Italy x Sweden,Mixed,Native Soil,7-IS-M-Soil,2,3/8/21,2.19,0,3,0,0,0,0,0,16,0,0,0,0,19
7,L,7,Italy x Sweden,Mixed,Native Soil,7-IS-M-Soil,2,3/26/21,2.2,0,0,0,0,0,0,0,3,5,9,17,0,34
7,L,7,Italy x Sweden,Mixed,Native Soil,7-IS-M-Soil,2,4/8/21,2.21,0,0,0,0,0,0,0,0,0,0,2,10,12
7,L,7,Italy x Sweden,Mixed,Native Soil,7-IS-M-Soil,3,8/17/21,3.14,0,0,0,0,0,0,0,0,0,0,0,0,0
7,L,7,Italy x Sweden,Mixed,Native Soil,7-IS-M-Soil,3,8/25/21,3.15,0,0,0,0,0,0,0,0,0,0,0,0,0
7,L,7,Italy x Sweden,Mixed,Native Soil,7-IS-M-Soil,3,9/2/21,3.16,0,0,0,0,0,0,0,0,0,0,0,0,0
7,L,7,Italy x Sweden,Mixed,Native Soil,7-IS-M-Soil,3,9/8/21,3.17,0,0,0,0,0,0,0,0,0,0,0,0,0
7,L,7,Italy x Sweden,Mixed,Native Soil,7-IS-M-Soil,3,9/15/21,3.18,0,0,0,0,0,0,0,0,0,0,0,0,0
7,L,7,Italy x Sweden,Mixed,Native Soil,7-IS-M-Soil,3,9/22/21,3.19,0,0,0,0,0,0,0,0,0,0,0,0,0
7,L,7,Italy x Sweden,Mixed,Native Soil,7-IS-M-Soil,3,10/5/21,3.2,15,0,0,0,0,0,88,0,0,0,0,0,103
7,L,7,Italy x Sweden,Mixed,Native Soil,7-IS-M-Soil,3,10/20/21,3.21,22,10,0,0,0,0,59,44,0,0,0,0,135
7,L,7,Italy x Sweden,Mixed,Native Soil,7-IS-M-Soil,3,11/17/21,3.22,7,20,0,0,0,0,4,33,0,0,0,0,64
7,L,7,Italy x Sweden,Mixed,Native Soil,7-IS-M-Soil,3,12/15/21,3.23,2,23,0,0,0,0,4,55,0,0,0,0,0
8,L,8,Germany x Tajikistan,Non-Dormant,Control,8-BS_ND_C,1,6/12/19,1.01,NA,NA,NA,NA,NA,NA,NA,NA,NA,NA,NA,NA,NA
8,L,8,Germany x Tajikistan,Non-Dormant,Control,8-BS_ND_C,1,6/16/19,1.02,NA,NA,NA,NA,NA,NA,NA,NA,NA,NA,NA,NA,NA
8,L,8,Germany x Tajikistan,Non-Dormant,Control,8-BS_ND_C,1,6/26/19,1.03,NA,NA,NA,NA,NA,NA,NA,NA,NA,NA,NA,NA,NA
8,L,8,Germany x Tajikistan,Non-Dormant,Control,8-BS_ND_C,1,7/3/19,1.04,NA,NA,NA,NA,NA,NA,NA,NA,NA,NA,NA,NA,NA
8,L,8,Germany x Tajikistan,Non-Dormant,Control,8-BS_ND_C,1,7/10/19,1.05,NA,NA,NA,NA,NA,NA,NA,NA,NA,NA,NA,NA,NA
8,L,8,Germany x Tajikistan,Non-Dormant,Control,8-BS_ND_C,1,7/17/19,1.06,0,0,0,0,0,0,NA,0,0,0,0,0,0
8,L,8,Germany x Tajikistan,Non-Dormant,Control,8-BS_ND_C,1,7/24/19,1.07,0,0,0,0,0,0,NA,0,0,0,0,0,0
8,L,8,Germany x Tajikistan,Non-Dormant,Control,8-BS_ND_C,1,7/31/19,1.08,0,0,0,0,0,0,NA,0,0,0,0,0,0
8,L,8,Germany x Tajikistan,Non-Dormant,Control,8-BS_ND_C,1,8/7/19,1.09,0,0,0,0,0,0,NA,0,0,0,0,0,0
8,L,8,Germany x Tajikistan,Non-Dormant,Control,8-BS_ND_C,1,8/15/19,1.1,0,0,0,0,0,0,NA,0,0,0,0,0,0
8,L,8,Germany x Tajikistan,Non-Dormant,Control,8-BS_ND_C,1,8/20/19,1.11,0,0,0,0,0,0,NA,0,0,0,0,0,0
8,L,8,Germany x Tajikistan,Non-Dormant,Control,8-BS_ND_C,1,8/28/19,1.12,0,0,0,0,0,0,NA,0,0,0,0,0,0
8,L,8,Germany x Tajikistan,Non-Dormant,Control,8-BS_ND_C,1,9/4/19,1.13,0,0,0,0,0,0,NA,0,0,0,0,0,0
8,L,8,Germany x Tajikistan,Non-Dormant,Control,8-BS_ND_C,1,9/11/19,1.14,0,0,0,0,0,0,NA,0,0,0,0,0,0
8,L,8,Germany x Tajikistan,Non-Dormant,Control,8-BS_ND_C,1,9/18/19,1.15,0,0,0,0,0,0,NA,0,0,0,0,0,0
8,L,8,Germany x Tajikistan,Non-Dormant,Control,8-BS_ND_C,1,9/25/19,1.16,0,0,0,0,0,0,NA,0,0,0,0,0,0
8,L,8,Germany x Tajikistan,Non-Dormant,Control,8-BS_ND_C,1,10/2/19,1.17,0,0,0,0,0,0,NA,0,0,0,0,0,0
8,L,8,Germany x Tajikistan,Non-Dormant,Control,8-BS_ND_C,1,10/9/19,1.18,0,0,0,0,0,0,NA,0,0,0,0,0,0
8,L,8,Germany x Tajikistan,Non-Dormant,Control,8-BS_ND_C,1,10/18/19,1.19,0,0,0,0,0,0,NA,NA,NA,NA,NA,0,0
8,L,8,Germany x Tajikistan,Non-Dormant,Control,8-BS_ND_C,1,10/23/19,1.2,1,0,0,0,0,0,NA,NA,NA,NA,NA,0,1
8,L,8,Germany x Tajikistan,Non-Dormant,Control,8-BS_ND_C,1,11/6/19,1.22,0,0,0,0,0,0,NA,NA,NA,NA,NA,0,0
8,L,8,Germany x Tajikistan,Non-Dormant,Control,8-BS_ND_C,1,11/20/19,1.23,0,0,0,0,0,0,NA,NA,NA,NA,NA,0,0
8,L,8,Germany x Tajikistan,Non-Dormant,Control,8-BS_ND_C,1,12/4/19,1.24,0,0,0,0,0,0,NA,NA,NA,NA,NA,0,0
8,L,8,Germany x Tajikistan,Non-Dormant,Control,8-BS_ND_C,1,12/20/19,1.25,0,0,0,0,0,0,NA,0,0,0,0,0,0
8,L,8,Germany x Tajikistan,Non-Dormant,Control,8-BS_ND_C,1,2/10/20,1.26,0,0,0,0,0,0,NA,NA,0,0,0,0,0
8,L,8,Germany x Tajikistan,Non-Dormant,Control,8-BS_ND_C,1,3/2/20,1.27,0,0,0,0,0,0,NA,NA,0,0,0,0,0
8,L,8,Germany x Tajikistan,Non-Dormant,Control,8-BS_ND_C,1,5/5/20,1.29,0,0,0,0,0,0,NA,0,0,0,0,0,0
8,L,8,Germany x Tajikistan,Non-Dormant,Control,8-BS_ND_C,2,5/27/20,2.01,0,0,0,0,0,0,0,0,0,0,0,0,0
8,L,8,Germany x Tajikistan,Non-Dormant,Control,8-BS_ND_C,2,6/4/20,2.02,0,0,0,0,0,0,0,0,0,0,0,0,0
8,L,8,Germany x Tajikistan,Non-Dormant,Control,8-BS_ND_C,2,7/23/20,2.03,0,0,0,0,0,0,0,0,0,0,0,0,0
8,L,8,Germany x Tajikistan,Non-Dormant,Control,8-BS_ND_C,2,8/7/20,2.04,0,0,0,0,0,0,0,0,0,0,0,0,0
8,L,8,Germany x Tajikistan,Non-Dormant,Control,8-BS_ND_C,2,8/13/20,2.05,0,0,0,0,0,0,0,0,0,0,0,0,0
8,L,8,Germany x Tajikistan,Non-Dormant,Control,8-BS_ND_C,2,8/18/20,2.06,0,0,0,0,0,0,0,0,0,0,0,0,0
8,L,8,Germany x Tajikistan,Non-Dormant,Control,8-BS_ND_C,2,8/25/20,2.07,0,0,0,0,0,0,0,0,0,0,0,0,0
8,L,8,Germany x Tajikistan,Non-Dormant,Control,8-BS_ND_C,2,9/10/20,2.08,0,0,0,0,0,0,0,0,0,0,0,0,0
8,L,8,Germany x Tajikistan,Non-Dormant,Control,8-BS_ND_C,2,9/18/20,2.09,0,0,0,0,0,0,0,0,0,0,0,0,0
8,L,8,Germany x Tajikistan,Non-Dormant,Control,8-BS_ND_C,2,10/2/20,2.1,8,0,0,0,0,0,5,0,0,0,0,0,13
8,L,8,Germany x Tajikistan,Non-Dormant,Control,8-BS_ND_C,2,10/19/20,2.11,2,0,0,0,0,0,15,0,0,0,0,0,17
8,L,8,Germany x Tajikistan,Non-Dormant,Control,8-BS_ND_C,2,10/30/20,2.12,4,0,0,0,0,0,5,0,0,0,0,0,9
8,L,8,Germany x Tajikistan,Non-Dormant,Control,8-BS_ND_C,2,11/13/20,2.13,0,0,0,0,0,0,2,0,0,0,0,0,2
8,L,8,Germany x Tajikistan,Non-Dormant,Control,8-BS_ND_C,2,12/1/20,2.14,0,0,0,0,0,0,0,0,0,0,0,0,0
8,L,8,Germany x Tajikistan,Non-Dormant,Control,8-BS_ND_C,2,12/15/20,2.15,0,0,0,0,0,0,0,0,0,0,0,0,0
8,L,8,Germany x Tajikistan,Non-Dormant,Control,8-BS_ND_C,2,1/12/21,2.16,0,0,0,0,0,0,0,0,0,0,0,0,0
8,L,8,Germany x Tajikistan,Non-Dormant,Control,8-BS_ND_C,2,2/1/21,2.17,0,0,0,0,0,0,0,0,0,0,0,0,0
8,L,8,Germany x Tajikistan,Non-Dormant,Control,8-BS_ND_C,2,2/25/21,2.18,0,0,0,0,0,0,0,0,0,0,0,0,0
8,L,8,Germany x Tajikistan,Non-Dormant,Control,8-BS_ND_C,2,3/8/21,2.19,0,0,0,0,0,0,0,0,0,0,0,0,0
8,L,8,Germany x Tajikistan,Non-Dormant,Control,8-BS_ND_C,2,3/26/21,2.2,0,0,0,0,0,0,0,0,0,0,0,0,0
8,L,8,Germany x Tajikistan,Non-Dormant,Control,8-BS_ND_C,2,4/8/21,2.21,0,0,0,0,0,0,0,0,0,0,0,0,0
8,L,8,Germany x Tajikistan,Non-Dormant,Control,8-BS_ND_C,3,8/17/21,3.14,0,0,0,0,0,0,0,0,0,0,0,0,0
8,L,8,Germany x Tajikistan,Non-Dormant,Control,8-BS_ND_C,3,8/25/21,3.15,0,0,0,0,0,0,0,0,0,0,0,0,0
8,L,8,Germany x Tajikistan,Non-Dormant,Control,8-BS_ND_C,3,9/2/21,3.16,0,0,0,0,0,0,0,0,0,0,0,0,0
8,L,8,Germany x Tajikistan,Non-Dormant,Control,8-BS_ND_C,3,9/8/21,3.17,0,0,0,0,0,0,0,0,0,0,0,0,0
8,L,8,Germany x Tajikistan,Non-Dormant,Control,8-BS_ND_C,3,9/15/21,3.18,0,0,0,0,0,0,0,0,0,0,0,0,0
8,L,8,Germany x Tajikistan,Non-Dormant,Control,8-BS_ND_C,3,9/22/21,3.19,0,0,0,0,0,0,0,0,0,0,0,0,0
8,L,8,Germany x Tajikistan,Non-Dormant,Control,8-BS_ND_C,3,10/4/21,3.2,0,0,0,0,0,0,0,0,0,0,0,0,0
8,L,8,Germany x Tajikistan,Non-Dormant,Control,8-BS_ND_C,3,10/16/21,3.21,0,0,0,0,0,0,0,1,0,0,0,0,1
8,L,8,Germany x Tajikistan,Non-Dormant,Control,8-BS_ND_C,3,11/17/21,3.22,0,0,0,0,0,0,0,1,0,0,0,0,1
8,L,8,Germany x Tajikistan,Non-Dormant,Control,8-BS_ND_C,3,12/9/21,3.23,0,0,0,0,0,0,0,1,0,0,0,0,0
8,L,9,UK x USA,Non-Dormant,Control,8-TC_ND_C,1,6/12/19,1.01,NA,NA,NA,NA,NA,NA,NA,NA,NA,NA,NA,NA,NA
8,L,9,UK x USA,Non-Dormant,Control,8-TC_ND_C,1,6/16/19,1.02,NA,NA,NA,NA,NA,NA,NA,NA,NA,NA,NA,NA,NA
8,L,9,UK x USA,Non-Dormant,Control,8-TC_ND_C,1,6/26/19,1.03,NA,NA,NA,NA,NA,NA,NA,NA,NA,NA,NA,NA,NA
8,L,9,UK x USA,Non-Dormant,Control,8-TC_ND_C,1,7/3/19,1.04,NA,NA,NA,NA,NA,NA,NA,NA,NA,NA,NA,NA,NA
8,L,9,UK x USA,Non-Dormant,Control,8-TC_ND_C,1,7/10/19,1.05,NA,NA,NA,NA,NA,NA,NA,NA,NA,NA,NA,NA,NA
8,L,9,UK x USA,Non-Dormant,Control,8-TC_ND_C,1,7/17/19,1.06,0,0,0,0,0,0,NA,0,0,0,0,0,0
8,L,9,UK x USA,Non-Dormant,Control,8-TC_ND_C,1,7/24/19,1.07,0,0,0,0,0,0,NA,0,0,0,0,0,0
8,L,9,UK x USA,Non-Dormant,Control,8-TC_ND_C,1,7/31/19,1.08,0,0,0,0,0,0,NA,0,0,0,0,0,0
8,L,9,UK x USA,Non-Dormant,Control,8-TC_ND_C,1,8/7/19,1.09,0,0,0,0,0,0,NA,0,0,0,0,0,0
8,L,9,UK x USA,Non-Dormant,Control,8-TC_ND_C,1,8/15/19,1.1,0,0,0,0,0,0,NA,0,0,0,0,0,0
8,L,9,UK x USA,Non-Dormant,Control,8-TC_ND_C,1,8/20/19,1.11,0,0,0,0,0,0,NA,0,0,0,0,0,0
8,L,9,UK x USA,Non-Dormant,Control,8-TC_ND_C,1,8/28/19,1.12,0,0,0,0,0,0,NA,0,0,0,0,0,0
8,L,9,UK x USA,Non-Dormant,Control,8-TC_ND_C,1,9/4/19,1.13,0,0,0,0,0,0,NA,0,0,0,0,0,0
8,L,9,UK x USA,Non-Dormant,Control,8-TC_ND_C,1,9/11/19,1.14,0,0,0,0,0,0,NA,0,0,0,0,0,0
8,L,9,UK x USA,Non-Dormant,Control,8-TC_ND_C,1,9/18/19,1.15,0,0,0,0,0,0,NA,0,0,0,0,0,0
8,L,9,UK x USA,Non-Dormant,Control,8-TC_ND_C,1,9/25/19,1.16,0,0,0,0,0,0,NA,0,0,0,0,0,0
8,L,9,UK x USA,Non-Dormant,Control,8-TC_ND_C,1,10/2/19,1.17,0,0,0,0,0,0,NA,0,0,0,0,0,0
8,L,9,UK x USA,Non-Dormant,Control,8-TC_ND_C,1,10/9/19,1.18,0,0,0,0,0,0,NA,0,0,0,0,0,0
8,L,9,UK x USA,Non-Dormant,Control,8-TC_ND_C,1,10/18/19,1.19,0,0,0,0,0,0,NA,NA,NA,NA,NA,0,0
8,L,9,UK x USA,Non-Dormant,Control,8-TC_ND_C,1,10/23/19,1.2,0,0,0,0,0,0,NA,NA,NA,NA,NA,0,0
8,L,9,UK x USA,Non-Dormant,Control,8-TC_ND_C,1,11/6/19,1.22,1,0,0,0,0,0,NA,NA,NA,NA,NA,0,1
8,L,9,UK x USA,Non-Dormant,Control,8-TC_ND_C,1,11/20/19,1.23,0,0,0,0,0,0,NA,NA,NA,NA,NA,0,0
8,L,9,UK x USA,Non-Dormant,Control,8-TC_ND_C,1,12/4/19,1.24,0,0,0,0,0,0,NA,NA,NA,NA,NA,0,0
8,L,9,UK x USA,Non-Dormant,Control,8-TC_ND_C,1,12/20/19,1.25,0,0,0,0,0,0,NA,0,0,0,0,0,0
8,L,9,UK x USA,Non-Dormant,Control,8-TC_ND_C,1,2/10/20,1.26,0,0,0,0,0,0,NA,NA,0,0,0,0,0
8,L,9,UK x USA,Non-Dormant,Control,8-TC_ND_C,1,3/2/20,1.27,0,0,0,0,0,0,NA,NA,0,0,0,0,0
8,L,9,UK x USA,Non-Dormant,Control,8-TC_ND_C,1,5/5/20,1.29,0,0,0,0,0,0,NA,0,0,0,0,0,0
8,L,9,UK x USA,Non-Dormant,Control,8-TC_ND_C,2,5/27/20,2.01,0,0,0,0,0,0,0,0,0,0,0,0,0
8,L,9,UK x USA,Non-Dormant,Control,8-TC_ND_C,2,6/4/20,2.02,1,0,0,0,0,0,7,0,0,0,0,0,8
8,L,9,UK x USA,Non-Dormant,Control,8-TC_ND_C,2,7/23/20,2.03,0,0,0,0,0,0,0,0,0,0,0,0,0
8,L,9,UK x USA,Non-Dormant,Control,8-TC_ND_C,2,8/7/20,2.04,0,0,0,0,0,0,0,0,0,0,0,0,0
8,L,9,UK x USA,Non-Dormant,Control,8-TC_ND_C,2,8/13/20,2.05,0,0,0,0,0,0,0,0,0,0,0,0,0
8,L,9,UK x USA,Non-Dormant,Control,8-TC_ND_C,2,8/18/20,2.06,0,0,0,0,0,0,0,0,0,0,0,0,0
8,L,9,UK x USA,Non-Dormant,Control,8-TC_ND_C,2,8/25/20,2.07,0,0,0,0,0,0,0,0,0,0,0,0,0
8,L,9,UK x USA,Non-Dormant,Control,8-TC_ND_C,2,9/10/20,2.08,0,0,0,0,0,0,0,0,0,0,0,0,0
8,L,9,UK x USA,Non-Dormant,Control,8-TC_ND_C,2,9/18/20,2.09,0,0,0,0,0,0,0,0,0,0,0,0,0
8,L,9,UK x USA,Non-Dormant,Control,8-TC_ND_C,2,10/2/20,2.1,13,0,0,0,0,0,25,0,0,0,0,0,38
8,L,9,UK x USA,Non-Dormant,Control,8-TC_ND_C,2,10/19/20,2.11,13,0,0,0,0,0,25,0,0,0,0,0,38
8,L,9,UK x USA,Non-Dormant,Control,8-TC_ND_C,2,10/30/20,2.12,11,0,0,0,0,0,15,0,0,0,0,0,26
8,L,9,UK x USA,Non-Dormant,Control,8-TC_ND_C,2,11/13/20,2.13,1,0,0,0,0,0,2,0,0,0,0,0,3
8,L,9,UK x USA,Non-Dormant,Control,8-TC_ND_C,2,12/1/20,2.14,0,0,0,0,0,0,0,0,0,0,0,0,0
8,L,9,UK x USA,Non-Dormant,Control,8-TC_ND_C,2,12/15/20,2.15,0,0,0,0,0,0,0,0,0,0,0,0,0
8,L,9,UK x USA,Non-Dormant,Control,8-TC_ND_C,2,1/12/21,2.16,0,0,0,0,0,0,0,0,0,0,0,0,0
8,L,9,UK x USA,Non-Dormant,Control,8-TC_ND_C,2,2/1/21,2.17,0,0,0,0,0,0,0,0,0,0,0,0,0
8,L,9,UK x USA,Non-Dormant,Control,8-TC_ND_C,2,2/25/21,2.18,0,1,0,0,0,0,0,0,0,0,0,0,1
8,L,9,UK x USA,Non-Dormant,Control,8-TC_ND_C,2,3/8/21,2.19,0,0,0,0,0,0,0,0,0,0,0,0,0
8,L,9,UK x USA,Non-Dormant,Control,8-TC_ND_C,2,3/26/21,2.2,0,0,0,0,0,0,0,0,0,0,0,0,0
8,L,9,UK x USA,Non-Dormant,Control,8-TC_ND_C,2,4/8/21,2.21,0,0,0,0,0,0,0,0,0,0,0,0,0
8,L,9,UK x USA,Non-Dormant,Control,8-TC_ND_C,3,8/17/21,3.14,0,0,0,0,0,0,0,0,0,0,0,0,0
8,L,9,UK x USA,Non-Dormant,Control,8-TC_ND_C,3,8/25/21,3.15,0,0,0,0,0,0,0,0,0,0,0,0,0
8,L,9,UK x USA,Non-Dormant,Control,8-TC_ND_C,3,9/2/21,3.16,0,0,0,0,0,0,0,0,0,0,0,0,0
8,L,9,UK x USA,Non-Dormant,Control,8-TC_ND_C,3,9/8/21,3.17,0,0,0,0,0,0,0,0,0,0,0,0,0
8,L,9,UK x USA,Non-Dormant,Control,8-TC_ND_C,3,9/15/21,3.18,0,0,0,0,0,0,0,0,0,0,0,0,0
8,L,9,UK x USA,Non-Dormant,Control,8-TC_ND_C,3,9/22/21,3.19,0,0,0,0,0,0,0,0,0,0,0,0,0
8,L,9,UK x USA,Non-Dormant,Control,8-TC_ND_C,3,10/4/21,3.2,0,0,0,0,0,0,1,0,0,0,0,0,1
8,L,9,UK x USA,Non-Dormant,Control,8-TC_ND_C,3,10/16/21,3.21,0,0,0,0,0,0,1,2,0,0,0,0,3
8,L,9,UK x USA,Non-Dormant,Control,8-TC_ND_C,3,11/17/21,3.22,0,0,0,0,0,0,0,1,0,0,0,0,1
8,L,9,UK x USA,Non-Dormant,Control,8-TC_ND_C,3,12/9/21,3.23,0,0,0,0,0,0,0,1,0,0,0,0,0
8,L,10,Italy x Sweden,Dormant,Native Soil,8-IS-D-Soil,1,6/12/19,1.01,0,0,0,0,0,0,NA,NA,NA,NA,NA,NA,0
8,L,10,Italy x Sweden,Dormant,Native Soil,8-IS-D-Soil,1,6/16/19,1.02,0,0,0,0,0,0,NA,NA,NA,NA,NA,NA,0
8,L,10,Italy x Sweden,Dormant,Native Soil,8-IS-D-Soil,1,6/26/19,1.03,0,0,0,0,0,0,NA,0,0,0,0,0,0
8,L,10,Italy x Sweden,Dormant,Native Soil,8-IS-D-Soil,1,7/3/19,1.04,0,0,0,0,0,0,NA,0,0,0,0,0,0
8,L,10,Italy x Sweden,Dormant,Native Soil,8-IS-D-Soil,1,7/10/19,1.05,NA,0,0,0,0,0,NA,0,0,0,0,0,0
8,L,10,Italy x Sweden,Dormant,Native Soil,8-IS-D-Soil,1,7/17/19,1.06,0,0,0,0,0,0,NA,0,0,0,0,0,0
8,L,10,Italy x Sweden,Dormant,Native Soil,8-IS-D-Soil,1,7/24/19,1.07,0,0,0,0,0,0,NA,0,0,0,0,0,0
8,L,10,Italy x Sweden,Dormant,Native Soil,8-IS-D-Soil,1,7/31/19,1.08,0,0,0,0,0,0,NA,0,0,0,0,0,0
8,L,10,Italy x Sweden,Dormant,Native Soil,8-IS-D-Soil,1,8/7/19,1.09,0,0,0,0,0,0,NA,0,0,0,0,0,0
8,L,10,Italy x Sweden,Dormant,Native Soil,8-IS-D-Soil,1,8/15/19,1.1,0,0,0,0,0,0,NA,0,0,0,0,0,0
8,L,10,Italy x Sweden,Dormant,Native Soil,8-IS-D-Soil,1,8/20/19,1.11,0,0,0,0,0,0,NA,0,0,0,0,0,0
8,L,10,Italy x Sweden,Dormant,Native Soil,8-IS-D-Soil,1,8/28/19,1.12,0,0,0,0,0,0,NA,0,0,0,0,0,0
8,L,10,Italy x Sweden,Dormant,Native Soil,8-IS-D-Soil,1,9/4/19,1.13,0,0,0,0,0,0,NA,0,0,0,0,0,0
8,L,10,Italy x Sweden,Dormant,Native Soil,8-IS-D-Soil,1,9/11/19,1.14,0,0,0,0,0,0,NA,0,0,0,0,0,0
8,L,10,Italy x Sweden,Dormant,Native Soil,8-IS-D-Soil,1,9/18/19,1.15,0,0,0,0,0,0,NA,0,0,0,0,0,0
8,L,10,Italy x Sweden,Dormant,Native Soil,8-IS-D-Soil,1,9/25/19,1.16,0,0,0,0,0,0,NA,0,0,0,0,0,0
8,L,10,Italy x Sweden,Dormant,Native Soil,8-IS-D-Soil,1,10/2/19,1.17,0,0,0,0,0,0,NA,0,0,0,0,0,0
8,L,10,Italy x Sweden,Dormant,Native Soil,8-IS-D-Soil,1,10/9/19,1.18,0,0,0,0,0,0,NA,0,0,0,0,0,0
8,L,10,Italy x Sweden,Dormant,Native Soil,8-IS-D-Soil,1,10/18/19,1.19,0,0,0,0,0,0,NA,NA,NA,NA,NA,0,0
8,L,10,Italy x Sweden,Dormant,Native Soil,8-IS-D-Soil,1,10/23/19,1.2,1,0,0,0,0,0,NA,NA,NA,NA,NA,0,1
8,L,10,Italy x Sweden,Dormant,Native Soil,8-IS-D-Soil,1,11/6/19,1.22,1,0,0,0,0,0,NA,NA,NA,NA,NA,0,1
8,L,10,Italy x Sweden,Dormant,Native Soil,8-IS-D-Soil,1,11/20/19,1.23,0,2,0,0,0,0,NA,NA,NA,NA,NA,0,2
8,L,10,Italy x Sweden,Dormant,Native Soil,8-IS-D-Soil,1,12/4/19,1.24,0,2,0,0,0,0,NA,NA,NA,NA,NA,0,2
8,L,10,Italy x Sweden,Dormant,Native Soil,8-IS-D-Soil,1,12/20/19,1.25,2,2,0,0,0,0,NA,30,0,0,0,0,34
8,L,10,Italy x Sweden,Dormant,Native Soil,8-IS-D-Soil,1,2/10/20,1.26,0,5,1,1,0,0,NA,NA,9,8,13,0,37
8,L,10,Italy x Sweden,Dormant,Native Soil,8-IS-D-Soil,1,3/2/20,1.27,0,2,1,0,4,0,NA,NA,0,3,36,0,46
8,L,10,Italy x Sweden,Dormant,Native Soil,8-IS-D-Soil,1,5/5/20,1.29,0,0,0,0,0,9,NA,0,0,0,0,16,25
8,L,10,Italy x Sweden,Dormant,Native Soil,8-IS-D-Soil,2,5/27/20,2.01,0,0,0,0,0,0,7,0,0,0,0,0,7
8,L,10,Italy x Sweden,Dormant,Native Soil,8-IS-D-Soil,2,6/4/20,2.02,0,0,0,0,0,0,0,0,0,0,0,0,0
8,L,10,Italy x Sweden,Dormant,Native Soil,8-IS-D-Soil,2,7/23/20,2.03,0,0,0,0,0,0,0,0,0,0,0,0,0
8,L,10,Italy x Sweden,Dormant,Native Soil,8-IS-D-Soil,2,8/7/20,2.04,0,0,0,0,0,0,0,0,0,0,0,0,0
8,L,10,Italy x Sweden,Dormant,Native Soil,8-IS-D-Soil,2,8/13/20,2.05,0,0,0,0,0,0,0,0,0,0,0,0,0
8,L,10,Italy x Sweden,Dormant,Native Soil,8-IS-D-Soil,2,8/18/20,2.06,0,0,0,0,0,0,0,0,0,0,0,0,0
8,L,10,Italy x Sweden,Dormant,Native Soil,8-IS-D-Soil,2,8/25/20,2.07,0,0,0,0,0,0,0,0,0,0,0,0,0
8,L,10,Italy x Sweden,Dormant,Native Soil,8-IS-D-Soil,2,9/10/20,2.08,0,0,0,0,0,0,NA,0,0,0,0,0,0
8,L,10,Italy x Sweden,Dormant,Native Soil,8-IS-D-Soil,2,9/18/20,2.09,0,0,0,0,0,0,0,0,0,0,0,0,0
8,L,10,Italy x Sweden,Dormant,Native Soil,8-IS-D-Soil,2,10/2/20,2.1,4,0,0,0,0,0,20,0,0,0,0,0,24
8,L,10,Italy x Sweden,Dormant,Native Soil,8-IS-D-Soil,2,10/19/20,2.11,2,0,0,0,0,0,20,0,0,0,0,0,22
8,L,10,Italy x Sweden,Dormant,Native Soil,8-IS-D-Soil,2,10/30/20,2.12,3,0,0,0,0,0,5,0,0,0,0,0,8
8,L,10,Italy x Sweden,Dormant,Native Soil,8-IS-D-Soil,2,11/13/20,2.13,0,0,0,0,0,0,5,0,0,0,0,0,5
8,L,10,Italy x Sweden,Dormant,Native Soil,8-IS-D-Soil,2,12/1/20,2.14,0,0,0,0,0,0,0,0,0,0,0,0,0
8,L,10,Italy x Sweden,Dormant,Native Soil,8-IS-D-Soil,2,12/15/20,2.15,0,0,0,0,0,0,0,0,0,0,0,0,0
8,L,10,Italy x Sweden,Dormant,Native Soil,8-IS-D-Soil,2,1/12/21,2.16,0,0,0,0,0,0,0,0,0,0,0,0,0
8,L,10,Italy x Sweden,Dormant,Native Soil,8-IS-D-Soil,2,2/1/21,2.17,0,0,0,0,0,0,0,0,0,0,0,0,0
8,L,10,Italy x Sweden,Dormant,Native Soil,8-IS-D-Soil,2,2/25/21,2.18,0,0,0,0,0,0,0,0,0,0,0,0,0
8,L,10,Italy x Sweden,Dormant,Native Soil,8-IS-D-Soil,2,3/8/21,2.19,0,0,0,0,0,0,0,0,0,0,0,0,0
8,L,10,Italy x Sweden,Dormant,Native Soil,8-IS-D-Soil,2,3/26/21,2.2,0,0,0,0,0,0,0,0,0,1,0,0,1
8,L,10,Italy x Sweden,Dormant,Native Soil,8-IS-D-Soil,2,4/8/21,2.21,0,0,0,0,0,0,0,0,0,1,0,0,1
8,L,10,Italy x Sweden,Dormant,Native Soil,8-IS-D-Soil,3,8/17/21,3.14,0,0,0,0,0,0,0,0,0,0,0,0,0
8,L,10,Italy x Sweden,Dormant,Native Soil,8-IS-D-Soil,3,8/25/21,3.15,0,0,0,0,0,0,0,0,0,0,0,0,0
8,L,10,Italy x Sweden,Dormant,Native Soil,8-IS-D-Soil,3,9/2/21,3.16,0,0,0,0,0,0,0,0,0,0,0,0,0
8,L,10,Italy x Sweden,Dormant,Native Soil,8-IS-D-Soil,3,9/8/21,3.17,0,0,0,0,0,0,0,0,0,0,0,0,0
8,L,10,Italy x Sweden,Dormant,Native Soil,8-IS-D-Soil,3,9/15/21,3.18,0,0,0,0,0,0,0,0,0,0,0,0,0
8,L,10,Italy x Sweden,Dormant,Native Soil,8-IS-D-Soil,3,9/22/21,3.19,0,0,0,0,0,0,0,0,0,0,0,0,0
8,L,10,Italy x Sweden,Dormant,Native Soil,8-IS-D-Soil,3,10/4/21,3.2,0,0,0,0,0,0,0,0,0,0,0,0,0
8,L,10,Italy x Sweden,Dormant,Native Soil,8-IS-D-Soil,3,10/16/21,3.21,0,0,0,0,0,0,34,16,0,0,0,0,50
8,L,10,Italy x Sweden,Dormant,Native Soil,8-IS-D-Soil,3,11/17/21,3.22,2,3,0,0,0,0,0,4,0,0,0,0,9
8,L,10,Italy x Sweden,Dormant,Native Soil,8-IS-D-Soil,3,12/9/21,3.23,1,1,0,0,0,0,0,12,0,0,0,0,0
8,L,11,Italy x Sweden,Dormant,Control,8-IS_D_C,1,6/12/19,1.01,0,0,0,0,0,0,NA,NA,NA,NA,NA,NA,0
8,L,11,Italy x Sweden,Dormant,Control,8-IS_D_C,1,6/16/19,1.02,0,0,0,0,0,0,NA,NA,NA,NA,NA,NA,0
8,L,11,Italy x Sweden,Dormant,Control,8-IS_D_C,1,6/26/19,1.03,0,0,0,0,0,0,NA,0,0,0,0,0,0
8,L,11,Italy x Sweden,Dormant,Control,8-IS_D_C,1,7/3/19,1.04,0,0,0,0,0,0,NA,0,0,0,0,0,0
8,L,11,Italy x Sweden,Dormant,Control,8-IS_D_C,1,7/10/19,1.05,NA,0,0,0,0,0,NA,0,0,0,0,0,0
8,L,11,Italy x Sweden,Dormant,Control,8-IS_D_C,1,7/17/19,1.06,0,0,0,0,0,0,NA,0,0,0,0,0,0
8,L,11,Italy x Sweden,Dormant,Control,8-IS_D_C,1,7/24/19,1.07,0,0,0,0,0,0,NA,0,0,0,0,0,0
8,L,11,Italy x Sweden,Dormant,Control,8-IS_D_C,1,7/31/19,1.08,0,0,0,0,0,0,NA,0,0,0,0,0,0
8,L,11,Italy x Sweden,Dormant,Control,8-IS_D_C,1,8/7/19,1.09,0,0,0,0,0,0,NA,0,0,0,0,0,0
8,L,11,Italy x Sweden,Dormant,Control,8-IS_D_C,1,8/15/19,1.1,0,0,0,0,0,0,NA,0,0,0,0,0,0
8,L,11,Italy x Sweden,Dormant,Control,8-IS_D_C,1,8/20/19,1.11,0,0,0,0,0,0,NA,0,0,0,0,0,0
8,L,11,Italy x Sweden,Dormant,Control,8-IS_D_C,1,8/28/19,1.12,0,0,0,0,0,0,NA,0,0,0,0,0,0
8,L,11,Italy x Sweden,Dormant,Control,8-IS_D_C,1,9/4/19,1.13,0,0,0,0,0,0,NA,0,0,0,0,0,0
8,L,11,Italy x Sweden,Dormant,Control,8-IS_D_C,1,9/11/19,1.14,0,0,0,0,0,0,NA,0,0,0,0,0,0
8,L,11,Italy x Sweden,Dormant,Control,8-IS_D_C,1,9/18/19,1.15,0,0,0,0,0,0,NA,0,0,0,0,0,0
8,L,11,Italy x Sweden,Dormant,Control,8-IS_D_C,1,9/25/19,1.16,0,0,0,0,0,0,NA,0,0,0,0,0,0
8,L,11,Italy x Sweden,Dormant,Control,8-IS_D_C,1,10/2/19,1.17,0,0,0,0,0,0,NA,0,0,0,0,0,0
8,L,11,Italy x Sweden,Dormant,Control,8-IS_D_C,1,10/9/19,1.18,0,0,0,0,0,0,NA,0,0,0,0,0,0
8,L,11,Italy x Sweden,Dormant,Control,8-IS_D_C,1,10/18/19,1.19,0,0,0,0,0,0,NA,NA,NA,NA,NA,0,0
8,L,11,Italy x Sweden,Dormant,Control,8-IS_D_C,1,10/23/19,1.2,1,0,0,0,0,0,NA,NA,NA,NA,NA,0,1
8,L,11,Italy x Sweden,Dormant,Control,8-IS_D_C,1,11/6/19,1.22,1,2,0,0,0,0,NA,NA,NA,NA,NA,0,3
8,L,11,Italy x Sweden,Dormant,Control,8-IS_D_C,1,11/20/19,1.23,0,2,0,0,0,0,NA,NA,NA,NA,NA,0,2
8,L,11,Italy x Sweden,Dormant,Control,8-IS_D_C,1,12/4/19,1.24,0,0,0,0,0,0,NA,NA,NA,NA,NA,0,0
8,L,11,Italy x Sweden,Dormant,Control,8-IS_D_C,1,12/20/19,1.25,2,2,0,0,0,0,NA,0,0,0,0,0,4
8,L,11,Italy x Sweden,Dormant,Control,8-IS_D_C,1,2/10/20,1.26,0,2,0,1,0,0,NA,NA,1,0,0,0,4
8,L,11,Italy x Sweden,Dormant,Control,8-IS_D_C,1,3/2/20,1.27,0,0,0,0,3,0,NA,NA,0,0,0,0,3
8,L,11,Italy x Sweden,Dormant,Control,8-IS_D_C,1,5/5/20,1.29,0,0,0,0,0,3,NA,0,0,0,0,1,4
8,L,11,Italy x Sweden,Dormant,Control,8-IS_D_C,2,5/27/20,2.01,7,0,0,0,0,0,19,0,0,0,0,0,26
8,L,11,Italy x Sweden,Dormant,Control,8-IS_D_C,2,6/4/20,2.02,2,0,0,0,0,0,6,0,0,0,0,0,8
8,L,11,Italy x Sweden,Dormant,Control,8-IS_D_C,2,7/23/20,2.03,0,0,0,0,0,0,0,0,0,0,0,0,0
8,L,11,Italy x Sweden,Dormant,Control,8-IS_D_C,2,8/7/20,2.04,0,0,0,0,0,0,0,0,0,0,0,0,0
8,L,11,Italy x Sweden,Dormant,Control,8-IS_D_C,2,8/13/20,2.05,0,0,0,0,0,0,0,0,0,0,0,0,0
8,L,11,Italy x Sweden,Dormant,Control,8-IS_D_C,2,8/18/20,2.06,0,0,0,0,0,0,0,0,0,0,0,0,0
8,L,11,Italy x Sweden,Dormant,Control,8-IS_D_C,2,8/25/20,2.07,0,0,0,0,0,0,0,0,0,0,0,0,0
8,L,11,Italy x Sweden,Dormant,Control,8-IS_D_C,2,9/10/20,2.08,0,0,0,0,0,0,0,0,0,0,0,0,0
8,L,11,Italy x Sweden,Dormant,Control,8-IS_D_C,2,9/18/20,2.09,0,0,0,0,0,0,0,0,0,0,0,0,0
8,L,11,Italy x Sweden,Dormant,Control,8-IS_D_C,2,10/2/20,2.1,7,0,0,0,0,0,25,0,0,0,0,0,32
8,L,11,Italy x Sweden,Dormant,Control,8-IS_D_C,2,10/19/20,2.11,5,0,0,0,0,0,20,0,0,0,0,0,25
8,L,11,Italy x Sweden,Dormant,Control,8-IS_D_C,2,10/30/20,2.12,11,0,0,0,0,0,30,0,0,0,0,0,41
8,L,11,Italy x Sweden,Dormant,Control,8-IS_D_C,2,11/13/20,2.13,4,0,0,0,0,0,20,0,0,0,0,0,24
8,L,11,Italy x Sweden,Dormant,Control,8-IS_D_C,2,12/1/20,2.14,13,0,0,0,0,0,10,0,0,0,0,0,23
8,L,11,Italy x Sweden,Dormant,Control,8-IS_D_C,2,12/15/20,2.15,8,0,0,0,0,0,0,2,0,0,0,0,10
8,L,11,Italy x Sweden,Dormant,Control,8-IS_D_C,2,1/12/21,2.16,0,0,0,0,0,0,0,4,0,0,0,0,4
8,L,11,Italy x Sweden,Dormant,Control,8-IS_D_C,2,2/1/21,2.17,0,0,0,0,0,0,0,5,0,0,0,0,5
8,L,11,Italy x Sweden,Dormant,Control,8-IS_D_C,2,2/25/21,2.18,0,0,0,0,0,0,0,3,0,0,0,0,3
8,L,11,Italy x Sweden,Dormant,Control,8-IS_D_C,2,3/8/21,2.19,0,0,0,0,0,0,0,3,0,0,0,0,3
8,L,11,Italy x Sweden,Dormant,Control,8-IS_D_C,2,3/26/21,2.2,0,0,0,0,0,0,0,0,0,1,7,0,8
8,L,11,Italy x Sweden,Dormant,Control,8-IS_D_C,2,4/8/21,2.21,0,0,0,0,0,0,0,0,0,0,1,7,8
8,L,11,Italy x Sweden,Dormant,Control,8-IS_D_C,3,8/17/21,3.14,0,0,0,0,0,0,0,0,0,0,0,0,0
8,L,11,Italy x Sweden,Dormant,Control,8-IS_D_C,3,8/25/21,3.15,0,0,0,0,0,0,0,0,0,0,0,0,0
8,L,11,Italy x Sweden,Dormant,Control,8-IS_D_C,3,9/2/21,3.16,0,0,0,0,0,0,0,0,0,0,0,0,0
8,L,11,Italy x Sweden,Dormant,Control,8-IS_D_C,3,9/8/21,3.17,0,0,0,0,0,0,0,0,0,0,0,0,0
8,L,11,Italy x Sweden,Dormant,Control,8-IS_D_C,3,9/15/21,3.18,0,0,0,0,0,0,0,0,0,0,0,0,0
8,L,11,Italy x Sweden,Dormant,Control,8-IS_D_C,3,9/22/21,3.19,0,0,0,0,0,0,0,0,0,0,0,0,0
8,L,11,Italy x Sweden,Dormant,Control,8-IS_D_C,3,10/4/21,3.2,169,0,0,0,0,0,439,5,0,0,0,0,613
8,L,11,Italy x Sweden,Dormant,Control,8-IS_D_C,3,10/16/21,3.21,90,76,0,0,0,0,225,218,0,0,0,0,609
8,L,11,Italy x Sweden,Dormant,Control,8-IS_D_C,3,11/17/21,3.22,14,100,0,0,0,0,7,240,0,0,0,0,361
8,L,11,Italy x Sweden,Dormant,Control,8-IS_D_C,3,12/9/21,3.23,7,84,0,0,0,0,3,140,0,0,0,0,0
8,L,12,UK x USA,Dormant,Control,8-TC_D_C,1,6/12/19,1.01,NA,NA,NA,NA,NA,NA,NA,NA,NA,NA,NA,NA,NA
8,L,12,UK x USA,Dormant,Control,8-TC_D_C,1,6/16/19,1.02,NA,NA,NA,NA,NA,NA,NA,NA,NA,NA,NA,NA,NA
8,L,12,UK x USA,Dormant,Control,8-TC_D_C,1,6/26/19,1.03,NA,NA,NA,NA,NA,NA,NA,NA,NA,NA,NA,NA,NA
8,L,12,UK x USA,Dormant,Control,8-TC_D_C,1,7/3/19,1.04,NA,NA,NA,NA,NA,NA,NA,NA,NA,NA,NA,NA,NA
8,L,12,UK x USA,Dormant,Control,8-TC_D_C,1,7/10/19,1.05,NA,NA,NA,NA,NA,NA,NA,NA,NA,NA,NA,NA,NA
8,L,12,UK x USA,Dormant,Control,8-TC_D_C,1,7/17/19,1.06,0,0,0,0,0,0,NA,0,0,0,0,0,0
8,L,12,UK x USA,Dormant,Control,8-TC_D_C,1,7/24/19,1.07,0,0,0,0,0,0,NA,0,0,0,0,0,0
8,L,12,UK x USA,Dormant,Control,8-TC_D_C,1,7/31/19,1.08,0,0,0,0,0,0,NA,0,0,0,0,0,0
8,L,12,UK x USA,Dormant,Control,8-TC_D_C,1,8/7/19,1.09,0,0,0,0,0,0,NA,0,0,0,0,0,0
8,L,12,UK x USA,Dormant,Control,8-TC_D_C,1,8/15/19,1.1,0,0,0,0,0,0,NA,0,0,0,0,0,0
8,L,12,UK x USA,Dormant,Control,8-TC_D_C,1,8/20/19,1.11,0,0,0,0,0,0,NA,0,0,0,0,0,0
8,L,12,UK x USA,Dormant,Control,8-TC_D_C,1,8/28/19,1.12,0,0,0,0,0,0,NA,0,0,0,0,0,0
8,L,12,UK x USA,Dormant,Control,8-TC_D_C,1,9/4/19,1.13,0,0,0,0,0,0,NA,0,0,0,0,0,0
8,L,12,UK x USA,Dormant,Control,8-TC_D_C,1,9/11/19,1.14,0,0,0,0,0,0,NA,0,0,0,0,0,0
8,L,12,UK x USA,Dormant,Control,8-TC_D_C,1,9/18/19,1.15,0,0,0,0,0,0,NA,0,0,0,0,0,0
8,L,12,UK x USA,Dormant,Control,8-TC_D_C,1,9/25/19,1.16,0,0,0,0,0,0,NA,0,0,0,0,0,0
8,L,12,UK x USA,Dormant,Control,8-TC_D_C,1,10/2/19,1.17,0,0,0,0,0,0,NA,0,0,0,0,0,0
8,L,12,UK x USA,Dormant,Control,8-TC_D_C,1,10/9/19,1.18,0,0,0,0,0,0,NA,0,0,0,0,0,0
8,L,12,UK x USA,Dormant,Control,8-TC_D_C,1,10/18/19,1.19,0,0,0,0,0,0,NA,NA,NA,NA,NA,0,0
8,L,12,UK x USA,Dormant,Control,8-TC_D_C,1,10/23/19,1.2,7,0,0,0,0,0,NA,NA,NA,NA,NA,0,7
8,L,12,UK x USA,Dormant,Control,8-TC_D_C,1,11/6/19,1.22,0,0,0,0,0,0,NA,NA,NA,NA,NA,0,0
8,L,12,UK x USA,Dormant,Control,8-TC_D_C,1,11/20/19,1.23,0,0,0,0,0,0,NA,NA,NA,NA,NA,0,0
8,L,12,UK x USA,Dormant,Control,8-TC_D_C,1,12/4/19,1.24,0,0,0,0,0,0,NA,NA,NA,NA,NA,0,0
8,L,12,UK x USA,Dormant,Control,8-TC_D_C,1,12/20/19,1.25,0,0,0,0,0,0,NA,1,0,0,0,0,1
8,L,12,UK x USA,Dormant,Control,8-TC_D_C,1,2/10/20,1.26,0,0,0,0,0,0,NA,NA,0,0,0,0,0
8,L,12,UK x USA,Dormant,Control,8-TC_D_C,1,3/2/20,1.27,0,0,0,0,0,0,NA,NA,0,0,2,0,2
8,L,12,UK x USA,Dormant,Control,8-TC_D_C,1,5/5/20,1.29,0,0,0,0,0,0,NA,0,0,0,0,1,1
8,L,12,UK x USA,Dormant,Control,8-TC_D_C,2,5/27/20,2.01,35,0,0,0,0,0,19,0,0,0,0,0,54
8,L,12,UK x USA,Dormant,Control,8-TC_D_C,2,6/4/20,2.02,117,0,0,0,0,0,145,0,0,0,0,0,262
8,L,12,UK x USA,Dormant,Control,8-TC_D_C,2,7/23/20,2.03,0,0,0,0,0,0,0,0,0,0,0,0,0
8,L,12,UK x USA,Dormant,Control,8-TC_D_C,2,8/7/20,2.04,0,0,0,0,0,0,0,0,0,0,0,0,0
8,L,12,UK x USA,Dormant,Control,8-TC_D_C,2,8/13/20,2.05,0,0,0,0,0,0,0,0,0,0,0,0,0
8,L,12,UK x USA,Dormant,Control,8-TC_D_C,2,8/18/20,2.06,0,0,0,0,0,0,0,0,0,0,0,0,0
8,L,12,UK x USA,Dormant,Control,8-TC_D_C,2,8/25/20,2.07,0,0,0,0,0,0,0,0,0,0,0,0,0
8,L,12,UK x USA,Dormant,Control,8-TC_D_C,2,9/10/20,2.08,0,0,0,0,0,0,0,0,0,0,0,0,0
8,L,12,UK x USA,Dormant,Control,8-TC_D_C,2,9/18/20,2.09,0,0,0,0,0,0,0,0,0,0,0,0,0
8,L,12,UK x USA,Dormant,Control,8-TC_D_C,2,10/2/20,2.1,31,0,0,0,0,0,30,0,0,0,0,0,61
8,L,12,UK x USA,Dormant,Control,8-TC_D_C,2,10/19/20,2.11,8,0,0,0,0,0,10,0,0,0,0,0,18
8,L,12,UK x USA,Dormant,Control,8-TC_D_C,2,10/30/20,2.12,14,0,0,0,0,0,20,0,0,0,0,0,34
8,L,12,UK x USA,Dormant,Control,8-TC_D_C,2,11/13/20,2.13,0,0,0,0,0,0,2,0,0,0,0,0,2
8,L,12,UK x USA,Dormant,Control,8-TC_D_C,2,12/1/20,2.14,0,0,0,0,0,0,0,0,0,0,0,0,0
8,L,12,UK x USA,Dormant,Control,8-TC_D_C,2,12/15/20,2.15,0,0,0,0,0,0,0,0,0,0,0,0,0
8,L,12,UK x USA,Dormant,Control,8-TC_D_C,2,1/12/21,2.16,0,0,0,0,0,0,0,0,0,0,0,0,0
8,L,12,UK x USA,Dormant,Control,8-TC_D_C,2,2/1/21,2.17,0,0,0,0,0,0,0,0,0,0,0,0,0
8,L,12,UK x USA,Dormant,Control,8-TC_D_C,2,2/25/21,2.18,0,0,0,0,0,0,0,0,0,0,0,0,0
8,L,12,UK x USA,Dormant,Control,8-TC_D_C,2,3/8/21,2.19,0,0,0,0,0,0,0,0,0,0,0,0,0
8,L,12,UK x USA,Dormant,Control,8-TC_D_C,2,3/26/21,2.2,0,0,0,0,0,0,0,0,0,0,0,0,0
8,L,12,UK x USA,Dormant,Control,8-TC_D_C,2,4/8/21,2.21,0,0,0,0,0,0,0,0,0,0,0,0,0
8,L,12,UK x USA,Dormant,Control,8-TC_D_C,3,8/17/21,3.14,0,0,0,0,0,0,0,0,0,0,0,0,0
8,L,12,UK x USA,Dormant,Control,8-TC_D_C,3,8/25/21,3.15,0,0,0,0,0,0,0,0,0,0,0,0,0
8,L,12,UK x USA,Dormant,Control,8-TC_D_C,3,9/2/21,3.16,0,0,0,0,0,0,0,0,0,0,0,0,0
8,L,12,UK x USA,Dormant,Control,8-TC_D_C,3,9/8/21,3.17,0,0,0,0,0,0,0,0,0,0,0,0,0
8,L,12,UK x USA,Dormant,Control,8-TC_D_C,3,9/15/21,3.18,0,0,0,0,0,0,0,0,0,0,0,0,0
8,L,12,UK x USA,Dormant,Control,8-TC_D_C,3,9/22/21,3.19,0,0,0,0,0,0,0,0,0,0,0,0,0
8,L,12,UK x USA,Dormant,Control,8-TC_D_C,3,10/4/21,3.2,9,0,0,0,0,0,6,0,0,0,0,0,15
8,L,12,UK x USA,Dormant,Control,8-TC_D_C,3,10/16/21,3.21,2,6,0,0,0,0,1,6,0,0,0,0,15
8,L,12,UK x USA,Dormant,Control,8-TC_D_C,3,11/17/21,3.22,0,0,0,0,0,0,0,0,0,0,0,0,0
8,L,12,UK x USA,Dormant,Control,8-TC_D_C,3,12/9/21,3.23,0,0,0,0,0,0,0,0,0,0,0,0,0
8,L,13,Germany x Tajikistan,Dormant,Control,8-BS_D_C,1,6/12/19,1.01,NA,NA,NA,NA,NA,NA,NA,NA,NA,NA,NA,NA,NA
8,L,13,Germany x Tajikistan,Dormant,Control,8-BS_D_C,1,6/16/19,1.02,NA,NA,NA,NA,NA,NA,NA,NA,NA,NA,NA,NA,NA
8,L,13,Germany x Tajikistan,Dormant,Control,8-BS_D_C,1,6/26/19,1.03,NA,NA,NA,NA,NA,NA,NA,NA,NA,NA,NA,NA,NA
8,L,13,Germany x Tajikistan,Dormant,Control,8-BS_D_C,1,7/3/19,1.04,NA,NA,NA,NA,NA,NA,NA,NA,NA,NA,NA,NA,NA
8,L,13,Germany x Tajikistan,Dormant,Control,8-BS_D_C,1,7/10/19,1.05,NA,NA,NA,NA,NA,NA,NA,NA,NA,NA,NA,NA,NA
8,L,13,Germany x Tajikistan,Dormant,Control,8-BS_D_C,1,7/17/19,1.06,0,0,0,0,0,0,NA,0,0,0,0,0,0
8,L,13,Germany x Tajikistan,Dormant,Control,8-BS_D_C,1,7/24/19,1.07,0,0,0,0,0,0,NA,0,0,0,0,0,0
8,L,13,Germany x Tajikistan,Dormant,Control,8-BS_D_C,1,7/31/19,1.08,0,0,0,0,0,0,NA,0,0,0,0,0,0
8,L,13,Germany x Tajikistan,Dormant,Control,8-BS_D_C,1,8/7/19,1.09,0,0,0,0,0,0,NA,0,0,0,0,0,0
8,L,13,Germany x Tajikistan,Dormant,Control,8-BS_D_C,1,8/15/19,1.1,0,0,0,0,0,0,NA,0,0,0,0,0,0
8,L,13,Germany x Tajikistan,Dormant,Control,8-BS_D_C,1,8/20/19,1.11,0,0,0,0,0,0,NA,0,0,0,0,0,0
8,L,13,Germany x Tajikistan,Dormant,Control,8-BS_D_C,1,8/28/19,1.12,0,0,0,0,0,0,NA,0,0,0,0,0,0
8,L,13,Germany x Tajikistan,Dormant,Control,8-BS_D_C,1,9/4/19,1.13,0,0,0,0,0,0,NA,0,0,0,0,0,0
8,L,13,Germany x Tajikistan,Dormant,Control,8-BS_D_C,1,9/11/19,1.14,0,0,0,0,0,0,NA,0,0,0,0,0,0
8,L,13,Germany x Tajikistan,Dormant,Control,8-BS_D_C,1,9/18/19,1.15,0,0,0,0,0,0,NA,0,0,0,0,0,0
8,L,13,Germany x Tajikistan,Dormant,Control,8-BS_D_C,1,9/25/19,1.16,0,0,0,0,0,0,NA,0,0,0,0,0,0
8,L,13,Germany x Tajikistan,Dormant,Control,8-BS_D_C,1,10/2/19,1.17,0,0,0,0,0,0,NA,0,0,0,0,0,0
8,L,13,Germany x Tajikistan,Dormant,Control,8-BS_D_C,1,10/9/19,1.18,0,0,0,0,0,0,NA,0,0,0,0,0,0
8,L,13,Germany x Tajikistan,Dormant,Control,8-BS_D_C,1,10/18/19,1.19,0,0,0,0,0,0,NA,NA,NA,NA,NA,0,0
8,L,13,Germany x Tajikistan,Dormant,Control,8-BS_D_C,1,10/23/19,1.2,22,0,0,0,0,0,NA,NA,NA,NA,NA,0,22
8,L,13,Germany x Tajikistan,Dormant,Control,8-BS_D_C,1,11/6/19,1.22,18,5,0,0,0,0,NA,NA,NA,NA,NA,0,23
8,L,13,Germany x Tajikistan,Dormant,Control,8-BS_D_C,1,11/20/19,1.23,1,0,0,0,0,0,NA,NA,NA,NA,NA,0,1
8,L,13,Germany x Tajikistan,Dormant,Control,8-BS_D_C,1,12/4/19,1.24,0,1,0,0,0,0,NA,NA,NA,NA,NA,0,1
8,L,13,Germany x Tajikistan,Dormant,Control,8-BS_D_C,1,12/20/19,1.25,0,2,0,0,0,0,NA,5,0,0,0,0,7
8,L,13,Germany x Tajikistan,Dormant,Control,8-BS_D_C,1,2/10/20,1.26,0,2,1,0,0,0,NA,NA,0,2,0,0,5
8,L,13,Germany x Tajikistan,Dormant,Control,8-BS_D_C,1,3/2/20,1.27,0,0,0,2,0,0,NA,NA,0,0,3,0,5
8,L,13,Germany x Tajikistan,Dormant,Control,8-BS_D_C,1,5/5/20,1.29,0,0,0,0,0,3,NA,0,0,0,0,4,7
8,L,13,Germany x Tajikistan,Dormant,Control,8-BS_D_C,2,5/27/20,2.01,0,0,0,0,0,0,3,0,0,0,0,0,3
8,L,13,Germany x Tajikistan,Dormant,Control,8-BS_D_C,2,6/4/20,2.02,0,0,0,0,0,0,0,0,0,0,0,0,0
8,L,13,Germany x Tajikistan,Dormant,Control,8-BS_D_C,2,7/23/20,2.03,0,0,0,0,0,0,0,0,0,0,0,0,0
8,L,13,Germany x Tajikistan,Dormant,Control,8-BS_D_C,2,8/7/20,2.04,0,0,0,0,0,0,0,0,0,0,0,0,0
8,L,13,Germany x Tajikistan,Dormant,Control,8-BS_D_C,2,8/13/20,2.05,0,0,0,0,0,0,0,0,0,0,0,0,0
8,L,13,Germany x Tajikistan,Dormant,Control,8-BS_D_C,2,8/18/20,2.06,0,0,0,0,0,0,0,0,0,0,0,0,0
8,L,13,Germany x Tajikistan,Dormant,Control,8-BS_D_C,2,8/25/20,2.07,0,0,0,0,0,0,0,0,0,0,0,0,0
8,L,13,Germany x Tajikistan,Dormant,Control,8-BS_D_C,2,9/10/20,2.08,0,0,0,0,0,0,0,0,0,0,0,0,0
8,L,13,Germany x Tajikistan,Dormant,Control,8-BS_D_C,2,9/18/20,2.09,0,0,0,0,0,0,0,0,0,0,0,0,0
8,L,13,Germany x Tajikistan,Dormant,Control,8-BS_D_C,2,10/2/20,2.1,17,0,0,0,0,0,40,0,0,0,0,0,57
8,L,13,Germany x Tajikistan,Dormant,Control,8-BS_D_C,2,10/19/20,2.11,15,0,0,0,0,0,20,0,0,0,0,0,35
8,L,13,Germany x Tajikistan,Dormant,Control,8-BS_D_C,2,10/30/20,2.12,6,0,0,0,0,0,5,0,0,0,0,0,11
8,L,13,Germany x Tajikistan,Dormant,Control,8-BS_D_C,2,11/13/20,2.13,4,0,0,0,0,0,20,0,0,0,0,0,24
8,L,13,Germany x Tajikistan,Dormant,Control,8-BS_D_C,2,12/1/20,2.14,0,0,0,0,0,0,0,0,0,0,0,0,0
8,L,13,Germany x Tajikistan,Dormant,Control,8-BS_D_C,2,12/15/20,2.15,0,0,0,0,0,0,0,0,0,0,0,0,0
8,L,13,Germany x Tajikistan,Dormant,Control,8-BS_D_C,2,1/12/21,2.16,0,0,0,0,0,0,0,0,0,0,0,0,0
8,L,13,Germany x Tajikistan,Dormant,Control,8-BS_D_C,2,2/1/21,2.17,0,1,0,0,0,0,0,0,0,0,0,0,1
8,L,13,Germany x Tajikistan,Dormant,Control,8-BS_D_C,2,2/25/21,2.18,0,0,0,0,0,0,0,0,0,0,0,0,0
8,L,13,Germany x Tajikistan,Dormant,Control,8-BS_D_C,2,3/8/21,2.19,0,0,0,0,0,0,0,0,0,0,0,0,0
8,L,13,Germany x Tajikistan,Dormant,Control,8-BS_D_C,2,3/26/21,2.2,0,0,0,0,0,0,0,0,0,0,0,0,0
8,L,13,Germany x Tajikistan,Dormant,Control,8-BS_D_C,2,4/8/21,2.21,0,0,0,0,0,0,0,0,0,0,0,0,0
8,L,13,Germany x Tajikistan,Dormant,Control,8-BS_D_C,3,8/17/21,3.14,0,0,0,0,0,0,0,0,0,0,0,0,0
8,L,13,Germany x Tajikistan,Dormant,Control,8-BS_D_C,3,8/25/21,3.15,0,0,0,0,0,0,0,0,0,0,0,0,0
8,L,13,Germany x Tajikistan,Dormant,Control,8-BS_D_C,3,9/2/21,3.16,0,0,0,0,0,0,0,0,0,0,0,0,0
8,L,13,Germany x Tajikistan,Dormant,Control,8-BS_D_C,3,9/8/21,3.17,0,0,0,0,0,0,0,0,0,0,0,0,0
8,L,13,Germany x Tajikistan,Dormant,Control,8-BS_D_C,3,9/15/21,3.18,0,0,0,0,0,0,0,0,0,0,0,0,0
8,L,13,Germany x Tajikistan,Dormant,Control,8-BS_D_C,3,9/22/21,3.19,0,0,0,0,0,0,0,0,0,0,0,0,0
8,L,13,Germany x Tajikistan,Dormant,Control,8-BS_D_C,3,10/4/21,3.2,12,0,0,0,0,0,52,0,0,0,0,0,64
8,L,13,Germany x Tajikistan,Dormant,Control,8-BS_D_C,3,10/16/21,3.21,41,3,0,0,0,0,103,24,0,0,0,0,171
8,L,13,Germany x Tajikistan,Dormant,Control,8-BS_D_C,3,11/17/21,3.22,0,0,0,0,0,0,0,0,0,0,0,0,0
8,L,13,Germany x Tajikistan,Dormant,Control,8-BS_D_C,3,12/9/21,3.23,0,0,0,0,0,0,0,0,0,0,0,0,0
7,M,1,Italy x Sweden,Non-Dormant,Native Soil,7-IS-ND-Soil,1,6/12/19,1.01,0,0,0,0,0,0,NA,NA,NA,NA,NA,NA,0
7,M,1,Italy x Sweden,Non-Dormant,Native Soil,7-IS-ND-Soil,1,6/16/19,1.02,0,0,0,0,0,0,NA,NA,NA,NA,NA,NA,0
7,M,1,Italy x Sweden,Non-Dormant,Native Soil,7-IS-ND-Soil,1,6/26/19,1.03,0,0,0,0,0,0,NA,0,0,0,0,0,0
7,M,1,Italy x Sweden,Non-Dormant,Native Soil,7-IS-ND-Soil,1,7/3/19,1.04,0,0,0,0,0,0,NA,0,0,0,0,0,0
7,M,1,Italy x Sweden,Non-Dormant,Native Soil,7-IS-ND-Soil,1,7/10/19,1.05,NA,0,0,0,0,0,NA,0,0,0,0,0,0
7,M,1,Italy x Sweden,Non-Dormant,Native Soil,7-IS-ND-Soil,1,7/17/19,1.06,0,0,0,0,0,0,NA,0,0,0,0,0,0
7,M,1,Italy x Sweden,Non-Dormant,Native Soil,7-IS-ND-Soil,1,7/24/19,1.07,0,0,0,0,0,0,NA,0,0,0,0,0,0
7,M,1,Italy x Sweden,Non-Dormant,Native Soil,7-IS-ND-Soil,1,7/31/19,1.08,0,0,0,0,0,0,NA,0,0,0,0,0,0
7,M,1,Italy x Sweden,Non-Dormant,Native Soil,7-IS-ND-Soil,1,8/7/19,1.09,0,0,0,0,0,0,NA,0,0,0,0,0,0
7,M,1,Italy x Sweden,Non-Dormant,Native Soil,7-IS-ND-Soil,1,8/15/19,1.1,0,0,0,0,0,0,NA,0,0,0,0,0,0
7,M,1,Italy x Sweden,Non-Dormant,Native Soil,7-IS-ND-Soil,1,8/20/19,1.11,0,0,0,0,0,0,NA,0,0,0,0,0,0
7,M,1,Italy x Sweden,Non-Dormant,Native Soil,7-IS-ND-Soil,1,8/28/19,1.12,0,0,0,0,0,0,NA,0,0,0,0,0,0
7,M,1,Italy x Sweden,Non-Dormant,Native Soil,7-IS-ND-Soil,1,9/4/19,1.13,0,0,0,0,0,0,NA,0,0,0,0,0,0
7,M,1,Italy x Sweden,Non-Dormant,Native Soil,7-IS-ND-Soil,1,9/11/19,1.14,0,0,0,0,0,0,NA,0,0,0,0,0,0
7,M,1,Italy x Sweden,Non-Dormant,Native Soil,7-IS-ND-Soil,1,9/18/19,1.15,0,0,0,0,0,0,NA,0,0,0,0,0,0
7,M,1,Italy x Sweden,Non-Dormant,Native Soil,7-IS-ND-Soil,1,9/25/19,1.16,0,0,0,0,0,0,NA,0,0,0,0,0,0
7,M,1,Italy x Sweden,Non-Dormant,Native Soil,7-IS-ND-Soil,1,10/2/19,1.17,0,0,0,0,0,0,NA,0,0,0,0,0,0
7,M,1,Italy x Sweden,Non-Dormant,Native Soil,7-IS-ND-Soil,1,10/9/19,1.18,0,0,0,0,0,0,NA,0,0,0,0,0,0
7,M,1,Italy x Sweden,Non-Dormant,Native Soil,7-IS-ND-Soil,1,10/18/19,1.19,0,0,0,0,0,0,NA,NA,NA,NA,NA,0,0
7,M,1,Italy x Sweden,Non-Dormant,Native Soil,7-IS-ND-Soil,1,10/23/19,1.2,0,0,0,0,0,0,NA,NA,NA,NA,NA,0,0
7,M,1,Italy x Sweden,Non-Dormant,Native Soil,7-IS-ND-Soil,1,11/6/19,1.22,1,2,0,0,0,0,NA,NA,NA,NA,NA,0,3
7,M,1,Italy x Sweden,Non-Dormant,Native Soil,7-IS-ND-Soil,1,11/20/19,1.23,0,4,0,0,0,0,NA,NA,NA,NA,NA,0,4
7,M,1,Italy x Sweden,Non-Dormant,Native Soil,7-IS-ND-Soil,1,12/4/19,1.24,0,4,0,0,0,0,NA,NA,NA,NA,NA,0,4
7,M,1,Italy x Sweden,Non-Dormant,Native Soil,7-IS-ND-Soil,1,12/20/19,1.25,2,5,0,0,0,0,NA,15,0,0,0,0,22
7,M,1,Italy x Sweden,Non-Dormant,Native Soil,7-IS-ND-Soil,1,2/10/20,1.26,0,8,0,0,0,0,NA,NA,1,0,1,0,10
7,M,1,Italy x Sweden,Non-Dormant,Native Soil,7-IS-ND-Soil,1,3/2/20,1.27,0,6,3,0,0,0,NA,NA,3,1,2,0,15
7,M,1,Italy x Sweden,Non-Dormant,Native Soil,7-IS-ND-Soil,1,5/5/20,1.29,0,0,0,0,0,10,NA,0,0,0,0,4,14
7,M,1,Italy x Sweden,Non-Dormant,Native Soil,7-IS-ND-Soil,2,5/27/20,2.01,3,0,0,0,0,0,1,0,0,0,0,0,4
7,M,1,Italy x Sweden,Non-Dormant,Native Soil,7-IS-ND-Soil,2,6/4/20,2.02,0,0,0,0,0,0,0,0,0,0,0,0,0
7,M,1,Italy x Sweden,Non-Dormant,Native Soil,7-IS-ND-Soil,2,7/23/20,2.03,0,0,0,0,0,0,0,0,0,0,0,0,0
7,M,1,Italy x Sweden,Non-Dormant,Native Soil,7-IS-ND-Soil,2,8/7/20,2.04,0,0,0,0,0,0,0,0,0,0,0,0,0
7,M,1,Italy x Sweden,Non-Dormant,Native Soil,7-IS-ND-Soil,2,8/13/20,2.05,0,0,0,0,0,0,0,0,0,0,0,0,0
7,M,1,Italy x Sweden,Non-Dormant,Native Soil,7-IS-ND-Soil,2,8/18/20,2.06,0,0,0,0,0,0,0,0,0,0,0,0,0
7,M,1,Italy x Sweden,Non-Dormant,Native Soil,7-IS-ND-Soil,2,8/25/20,2.07,0,0,0,0,0,0,0,0,0,0,0,0,0
7,M,1,Italy x Sweden,Non-Dormant,Native Soil,7-IS-ND-Soil,2,9/10/20,2.08,0,0,0,0,0,0,0,0,0,0,0,0,0
7,M,1,Italy x Sweden,Non-Dormant,Native Soil,7-IS-ND-Soil,2,9/18/20,2.09,64,0,0,0,0,0,5,0,0,0,0,0,69
7,M,1,Italy x Sweden,Non-Dormant,Native Soil,7-IS-ND-Soil,2,10/2/20,2.1,6,0,0,0,0,0,25,0,0,0,0,0,31
7,M,1,Italy x Sweden,Non-Dormant,Native Soil,7-IS-ND-Soil,2,10/19/20,2.11,0,0,0,0,0,0,5,0,0,0,0,0,5
7,M,1,Italy x Sweden,Non-Dormant,Native Soil,7-IS-ND-Soil,2,10/30/20,2.12,1,0,0,0,0,0,5,0,0,0,0,0,6
7,M,1,Italy x Sweden,Non-Dormant,Native Soil,7-IS-ND-Soil,2,11/13/20,2.13,0,0,0,0,0,0,0,0,0,0,0,0,0
7,M,1,Italy x Sweden,Non-Dormant,Native Soil,7-IS-ND-Soil,2,12/1/20,2.14,0,0,0,0,0,0,0,0,0,0,0,0,0
7,M,1,Italy x Sweden,Non-Dormant,Native Soil,7-IS-ND-Soil,2,12/15/20,2.15,0,0,0,0,0,0,0,0,0,0,0,0,0
7,M,1,Italy x Sweden,Non-Dormant,Native Soil,7-IS-ND-Soil,2,1/12/21,2.16,0,0,0,0,0,0,0,0,0,0,0,0,0
7,M,1,Italy x Sweden,Non-Dormant,Native Soil,7-IS-ND-Soil,2,2/1/21,2.17,0,0,0,0,0,0,0,0,0,0,0,0,0
7,M,1,Italy x Sweden,Non-Dormant,Native Soil,7-IS-ND-Soil,2,2/25/21,2.18,0,0,0,0,0,0,0,0,0,0,0,0,0
7,M,1,Italy x Sweden,Non-Dormant,Native Soil,7-IS-ND-Soil,2,3/8/21,2.19,0,0,0,0,0,0,0,0,0,0,0,0,0
7,M,1,Italy x Sweden,Non-Dormant,Native Soil,7-IS-ND-Soil,2,3/26/21,2.2,0,0,0,0,0,0,0,0,0,0,0,0,0
7,M,1,Italy x Sweden,Non-Dormant,Native Soil,7-IS-ND-Soil,2,4/8/21,2.21,0,0,0,0,0,0,0,0,0,0,0,0,0
7,M,1,Italy x Sweden,Non-Dormant,Native Soil,7-IS-ND-Soil,3,8/17/21,3.14,0,0,0,0,0,0,0,0,0,0,0,0,0
7,M,1,Italy x Sweden,Non-Dormant,Native Soil,7-IS-ND-Soil,3,8/25/21,3.15,0,0,0,0,0,0,0,0,0,0,0,0,0
7,M,1,Italy x Sweden,Non-Dormant,Native Soil,7-IS-ND-Soil,3,9/2/21,3.16,0,0,0,0,0,0,0,0,0,0,0,0,0
7,M,1,Italy x Sweden,Non-Dormant,Native Soil,7-IS-ND-Soil,3,9/8/21,3.17,0,0,0,0,0,0,0,0,0,0,0,0,0
7,M,1,Italy x Sweden,Non-Dormant,Native Soil,7-IS-ND-Soil,3,9/15/21,3.18,0,0,0,0,0,0,0,0,0,0,0,0,0
7,M,1,Italy x Sweden,Non-Dormant,Native Soil,7-IS-ND-Soil,3,9/22/21,3.19,0,0,0,0,0,0,0,0,0,0,0,0,0
7,M,1,Italy x Sweden,Non-Dormant,Native Soil,7-IS-ND-Soil,3,10/5/21,3.2,2,0,0,0,0,0,28,0,0,0,0,0,30
7,M,1,Italy x Sweden,Non-Dormant,Native Soil,7-IS-ND-Soil,3,10/20/21,3.21,8,2,0,0,0,0,23,9,0,0,0,0,42
7,M,1,Italy x Sweden,Non-Dormant,Native Soil,7-IS-ND-Soil,3,11/17/21,3.22,2,0,0,0,0,0,1,4,0,0,0,0,7
7,M,1,Italy x Sweden,Non-Dormant,Native Soil,7-IS-ND-Soil,3,12/15/21,3.23,0,0,0,0,0,0,0,1,0,0,0,0,0
7,M,2,Germany x Tajikistan,Dormant,Control,7-BS_D_C,1,6/12/19,1.01,NA,NA,NA,NA,NA,NA,NA,NA,NA,NA,NA,NA,NA
7,M,2,Germany x Tajikistan,Dormant,Control,7-BS_D_C,1,6/16/19,1.02,NA,NA,NA,NA,NA,NA,NA,NA,NA,NA,NA,NA,NA
7,M,2,Germany x Tajikistan,Dormant,Control,7-BS_D_C,1,6/26/19,1.03,NA,NA,NA,NA,NA,NA,NA,NA,NA,NA,NA,NA,NA
7,M,2,Germany x Tajikistan,Dormant,Control,7-BS_D_C,1,7/3/19,1.04,NA,NA,NA,NA,NA,NA,NA,NA,NA,NA,NA,NA,NA
7,M,2,Germany x Tajikistan,Dormant,Control,7-BS_D_C,1,7/10/19,1.05,NA,NA,NA,NA,NA,NA,NA,NA,NA,NA,NA,NA,NA
7,M,2,Germany x Tajikistan,Dormant,Control,7-BS_D_C,1,7/17/19,1.06,0,0,0,0,0,0,NA,0,0,0,0,0,0
7,M,2,Germany x Tajikistan,Dormant,Control,7-BS_D_C,1,7/24/19,1.07,0,0,0,0,0,0,NA,0,0,0,0,0,0
7,M,2,Germany x Tajikistan,Dormant,Control,7-BS_D_C,1,7/31/19,1.08,0,0,0,0,0,0,NA,0,0,0,0,0,0
7,M,2,Germany x Tajikistan,Dormant,Control,7-BS_D_C,1,8/7/19,1.09,0,0,0,0,0,0,NA,0,0,0,0,0,0
7,M,2,Germany x Tajikistan,Dormant,Control,7-BS_D_C,1,8/15/19,1.1,0,0,0,0,0,0,NA,0,0,0,0,0,0
7,M,2,Germany x Tajikistan,Dormant,Control,7-BS_D_C,1,8/20/19,1.11,0,0,0,0,0,0,NA,0,0,0,0,0,0
7,M,2,Germany x Tajikistan,Dormant,Control,7-BS_D_C,1,8/28/19,1.12,0,0,0,0,0,0,NA,0,0,0,0,0,0
7,M,2,Germany x Tajikistan,Dormant,Control,7-BS_D_C,1,9/4/19,1.13,0,0,0,0,0,0,NA,0,0,0,0,0,0
7,M,2,Germany x Tajikistan,Dormant,Control,7-BS_D_C,1,9/11/19,1.14,0,0,0,0,0,0,NA,0,0,0,0,0,0
7,M,2,Germany x Tajikistan,Dormant,Control,7-BS_D_C,1,9/18/19,1.15,0,0,0,0,0,0,NA,0,0,0,0,0,0
7,M,2,Germany x Tajikistan,Dormant,Control,7-BS_D_C,1,9/25/19,1.16,0,0,0,0,0,0,NA,0,0,0,0,0,0
7,M,2,Germany x Tajikistan,Dormant,Control,7-BS_D_C,1,10/2/19,1.17,0,0,0,0,0,0,NA,0,0,0,0,0,0
7,M,2,Germany x Tajikistan,Dormant,Control,7-BS_D_C,1,10/9/19,1.18,0,0,0,0,0,0,NA,0,0,0,0,0,0
7,M,2,Germany x Tajikistan,Dormant,Control,7-BS_D_C,1,10/18/19,1.19,0,0,0,0,0,0,NA,NA,NA,NA,NA,0,0
7,M,2,Germany x Tajikistan,Dormant,Control,7-BS_D_C,1,10/23/19,1.2,2,0,0,0,0,0,NA,NA,NA,NA,NA,0,2
7,M,2,Germany x Tajikistan,Dormant,Control,7-BS_D_C,1,11/6/19,1.22,1,0,0,0,0,0,NA,NA,NA,NA,NA,0,1
7,M,2,Germany x Tajikistan,Dormant,Control,7-BS_D_C,1,11/20/19,1.23,0,0,0,0,0,0,NA,NA,NA,NA,NA,0,0
7,M,2,Germany x Tajikistan,Dormant,Control,7-BS_D_C,1,12/4/19,1.24,0,0,0,0,0,0,NA,NA,NA,NA,NA,0,0
7,M,2,Germany x Tajikistan,Dormant,Control,7-BS_D_C,1,12/20/19,1.25,0,0,0,0,0,0,NA,0,0,0,0,0,0
7,M,2,Germany x Tajikistan,Dormant,Control,7-BS_D_C,1,2/10/20,1.26,0,0,0,0,0,0,NA,NA,0,0,0,0,0
7,M,2,Germany x Tajikistan,Dormant,Control,7-BS_D_C,1,3/2/20,1.27,0,0,0,0,0,0,NA,NA,0,0,0,0,0
7,M,2,Germany x Tajikistan,Dormant,Control,7-BS_D_C,1,5/5/20,1.29,0,0,0,0,0,0,NA,0,0,0,0,0,0
7,M,2,Germany x Tajikistan,Dormant,Control,7-BS_D_C,2,5/27/20,2.01,0,0,0,0,0,0,1,0,0,0,0,0,1
7,M,2,Germany x Tajikistan,Dormant,Control,7-BS_D_C,2,6/4/20,2.02,0,0,0,0,0,0,0,0,0,0,0,0,0
7,M,2,Germany x Tajikistan,Dormant,Control,7-BS_D_C,2,7/23/20,2.03,0,0,0,0,0,0,0,0,0,0,0,0,0
7,M,2,Germany x Tajikistan,Dormant,Control,7-BS_D_C,2,8/7/20,2.04,0,0,0,0,0,0,0,0,0,0,0,0,0
7,M,2,Germany x Tajikistan,Dormant,Control,7-BS_D_C,2,8/13/20,2.05,0,0,0,0,0,0,0,0,0,0,0,0,0
7,M,2,Germany x Tajikistan,Dormant,Control,7-BS_D_C,2,8/18/20,2.06,0,0,0,0,0,0,0,0,0,0,0,0,0
7,M,2,Germany x Tajikistan,Dormant,Control,7-BS_D_C,2,8/25/20,2.07,0,0,0,0,0,0,0,0,0,0,0,0,0
7,M,2,Germany x Tajikistan,Dormant,Control,7-BS_D_C,2,9/10/20,2.08,0,0,0,0,0,0,0,0,0,0,0,0,0
7,M,2,Germany x Tajikistan,Dormant,Control,7-BS_D_C,2,9/18/20,2.09,0,0,0,0,0,0,0,0,0,0,0,0,0
7,M,2,Germany x Tajikistan,Dormant,Control,7-BS_D_C,2,10/2/20,2.1,10,0,0,0,0,0,15,0,0,0,0,0,25
7,M,2,Germany x Tajikistan,Dormant,Control,7-BS_D_C,2,10/19/20,2.11,0,0,0,0,0,0,5,0,0,0,0,0,5
7,M,2,Germany x Tajikistan,Dormant,Control,7-BS_D_C,2,10/30/20,2.12,1,0,0,0,0,0,0,0,0,0,0,0,1
7,M,2,Germany x Tajikistan,Dormant,Control,7-BS_D_C,2,11/13/20,2.13,1,0,0,0,0,0,1,0,0,0,0,0,2
7,M,2,Germany x Tajikistan,Dormant,Control,7-BS_D_C,2,12/1/20,2.14,0,0,0,0,0,0,0,0,0,0,0,0,0
7,M,2,Germany x Tajikistan,Dormant,Control,7-BS_D_C,2,12/15/20,2.15,0,0,0,0,0,0,0,0,0,0,0,0,0
7,M,2,Germany x Tajikistan,Dormant,Control,7-BS_D_C,2,1/12/21,2.16,0,0,0,0,0,0,0,0,0,0,0,0,0
7,M,2,Germany x Tajikistan,Dormant,Control,7-BS_D_C,2,2/1/21,2.17,0,0,0,0,0,0,0,2,0,0,0,0,2
7,M,2,Germany x Tajikistan,Dormant,Control,7-BS_D_C,2,2/25/21,2.18,0,0,0,0,0,0,0,0,0,0,0,0,0
7,M,2,Germany x Tajikistan,Dormant,Control,7-BS_D_C,2,3/8/21,2.19,0,0,0,0,0,0,0,0,0,0,0,0,0
7,M,2,Germany x Tajikistan,Dormant,Control,7-BS_D_C,2,3/26/21,2.2,0,0,0,0,0,0,0,0,0,0,0,0,0
7,M,2,Germany x Tajikistan,Dormant,Control,7-BS_D_C,2,4/8/21,2.21,0,0,0,0,0,0,0,0,0,0,0,0,0
7,M,2,Germany x Tajikistan,Dormant,Control,7-BS_D_C,3,8/17/21,3.14,0,0,0,0,0,0,0,0,0,0,0,0,0
7,M,2,Germany x Tajikistan,Dormant,Control,7-BS_D_C,3,8/25/21,3.15,0,0,0,0,0,0,0,0,0,0,0,0,0
7,M,2,Germany x Tajikistan,Dormant,Control,7-BS_D_C,3,9/2/21,3.16,0,0,0,0,0,0,0,0,0,0,0,0,0
7,M,2,Germany x Tajikistan,Dormant,Control,7-BS_D_C,3,9/8/21,3.17,0,0,0,0,0,0,0,0,0,0,0,0,0
7,M,2,Germany x Tajikistan,Dormant,Control,7-BS_D_C,3,9/15/21,3.18,0,0,0,0,0,0,0,0,0,0,0,0,0
7,M,2,Germany x Tajikistan,Dormant,Control,7-BS_D_C,3,9/22/21,3.19,0,0,0,0,0,0,0,0,0,0,0,0,0
7,M,2,Germany x Tajikistan,Dormant,Control,7-BS_D_C,3,10/5/21,3.2,0,0,0,0,0,0,0,0,0,0,0,0,0
7,M,2,Germany x Tajikistan,Dormant,Control,7-BS_D_C,3,10/20/21,3.21,0,0,0,0,0,0,0,0,0,0,0,0,0
7,M,2,Germany x Tajikistan,Dormant,Control,7-BS_D_C,3,11/17/21,3.22,0,0,0,0,0,0,0,0,0,0,0,0,0
7,M,2,Germany x Tajikistan,Dormant,Control,7-BS_D_C,3,12/15/21,3.23,0,0,0,0,0,0,0,0,0,0,0,0,0
7,M,3,Germany x Tajikistan,Non-Dormant,Litter,7-BS_ND_F,1,6/12/19,1.01,NA,NA,NA,NA,NA,NA,NA,NA,NA,NA,NA,NA,NA
7,M,3,Germany x Tajikistan,Non-Dormant,Litter,7-BS_ND_F,1,6/16/19,1.02,NA,NA,NA,NA,NA,NA,NA,NA,NA,NA,NA,NA,NA
7,M,3,Germany x Tajikistan,Non-Dormant,Litter,7-BS_ND_F,1,6/26/19,1.03,NA,NA,NA,NA,NA,NA,NA,NA,NA,NA,NA,NA,NA
7,M,3,Germany x Tajikistan,Non-Dormant,Litter,7-BS_ND_F,1,7/3/19,1.04,NA,NA,NA,NA,NA,NA,NA,NA,NA,NA,NA,NA,NA
7,M,3,Germany x Tajikistan,Non-Dormant,Litter,7-BS_ND_F,1,7/10/19,1.05,NA,NA,NA,NA,NA,NA,NA,NA,NA,NA,NA,NA,NA
7,M,3,Germany x Tajikistan,Non-Dormant,Litter,7-BS_ND_F,1,7/17/19,1.06,0,0,0,0,0,0,NA,0,0,0,0,0,0
7,M,3,Germany x Tajikistan,Non-Dormant,Litter,7-BS_ND_F,1,7/24/19,1.07,0,0,0,0,0,0,NA,0,0,0,0,0,0
7,M,3,Germany x Tajikistan,Non-Dormant,Litter,7-BS_ND_F,1,7/31/19,1.08,0,0,0,0,0,0,NA,0,0,0,0,0,0
7,M,3,Germany x Tajikistan,Non-Dormant,Litter,7-BS_ND_F,1,8/7/19,1.09,0,0,0,0,0,0,NA,0,0,0,0,0,0
7,M,3,Germany x Tajikistan,Non-Dormant,Litter,7-BS_ND_F,1,8/15/19,1.1,0,0,0,0,0,0,NA,0,0,0,0,0,0
7,M,3,Germany x Tajikistan,Non-Dormant,Litter,7-BS_ND_F,1,8/20/19,1.11,0,0,0,0,0,0,NA,0,0,0,0,0,0
7,M,3,Germany x Tajikistan,Non-Dormant,Litter,7-BS_ND_F,1,8/28/19,1.12,0,0,0,0,0,0,NA,0,0,0,0,0,0
7,M,3,Germany x Tajikistan,Non-Dormant,Litter,7-BS_ND_F,1,9/4/19,1.13,0,0,0,0,0,0,NA,0,0,0,0,0,0
7,M,3,Germany x Tajikistan,Non-Dormant,Litter,7-BS_ND_F,1,9/11/19,1.14,0,0,0,0,0,0,NA,0,0,0,0,0,0
7,M,3,Germany x Tajikistan,Non-Dormant,Litter,7-BS_ND_F,1,9/18/19,1.15,0,0,0,0,0,0,NA,0,0,0,0,0,0
7,M,3,Germany x Tajikistan,Non-Dormant,Litter,7-BS_ND_F,1,9/25/19,1.16,0,0,0,0,0,0,NA,0,0,0,0,0,0
7,M,3,Germany x Tajikistan,Non-Dormant,Litter,7-BS_ND_F,1,10/2/19,1.17,0,0,0,0,0,0,NA,0,0,0,0,0,0
7,M,3,Germany x Tajikistan,Non-Dormant,Litter,7-BS_ND_F,1,10/9/19,1.18,0,0,0,0,0,0,NA,0,0,0,0,0,0
7,M,3,Germany x Tajikistan,Non-Dormant,Litter,7-BS_ND_F,1,10/18/19,1.19,0,0,0,0,0,0,NA,NA,NA,NA,NA,0,0
7,M,3,Germany x Tajikistan,Non-Dormant,Litter,7-BS_ND_F,1,10/23/19,1.2,0,0,0,0,0,0,NA,NA,NA,NA,NA,0,0
7,M,3,Germany x Tajikistan,Non-Dormant,Litter,7-BS_ND_F,1,11/6/19,1.22,0,0,0,0,0,0,NA,NA,NA,NA,NA,0,0
7,M,3,Germany x Tajikistan,Non-Dormant,Litter,7-BS_ND_F,1,11/20/19,1.23,0,0,0,0,0,0,NA,NA,NA,NA,NA,0,0
7,M,3,Germany x Tajikistan,Non-Dormant,Litter,7-BS_ND_F,1,12/4/19,1.24,0,0,0,0,0,0,NA,NA,NA,NA,NA,0,0
7,M,3,Germany x Tajikistan,Non-Dormant,Litter,7-BS_ND_F,1,12/20/19,1.25,0,0,0,0,0,0,NA,0,0,0,0,0,0
7,M,3,Germany x Tajikistan,Non-Dormant,Litter,7-BS_ND_F,1,2/10/20,1.26,0,0,0,0,0,0,NA,NA,0,0,0,0,0
7,M,3,Germany x Tajikistan,Non-Dormant,Litter,7-BS_ND_F,1,3/2/20,1.27,0,0,0,0,0,0,NA,NA,0,0,0,0,0
7,M,3,Germany x Tajikistan,Non-Dormant,Litter,7-BS_ND_F,1,5/5/20,1.29,0,0,0,0,0,0,NA,0,0,0,0,0,0
7,M,3,Germany x Tajikistan,Non-Dormant,Litter,7-BS_ND_F,2,5/27/20,2.01,0,0,0,0,0,0,0,0,0,0,0,0,0
7,M,3,Germany x Tajikistan,Non-Dormant,Litter,7-BS_ND_F,2,6/4/20,2.02,0,0,0,0,0,0,0,0,0,0,0,0,0
7,M,3,Germany x Tajikistan,Non-Dormant,Litter,7-BS_ND_F,2,9/10/20,2.08,0,0,0,0,0,0,0,0,0,0,0,0,0
7,M,3,Germany x Tajikistan,Non-Dormant,Litter,7-BS_ND_F,2,9/18/20,2.09,0,0,0,0,0,0,0,0,0,0,0,0,0
7,M,3,Germany x Tajikistan,Non-Dormant,Litter,7-BS_ND_F,2,10/2/20,2.1,23,0,0,0,0,0,25,0,0,0,0,0,48
7,M,3,Germany x Tajikistan,Non-Dormant,Litter,7-BS_ND_F,2,10/19/20,2.11,5,0,0,0,0,0,10,0,0,0,0,0,15
7,M,3,Germany x Tajikistan,Non-Dormant,Litter,7-BS_ND_F,2,10/30/20,2.12,1,0,0,0,0,0,10,0,0,0,0,0,11
7,M,3,Germany x Tajikistan,Non-Dormant,Litter,7-BS_ND_F,2,11/13/20,2.13,0,0,0,0,0,0,0,0,0,0,0,0,0
7,M,3,Germany x Tajikistan,Non-Dormant,Litter,7-BS_ND_F,2,12/1/20,2.14,0,0,0,0,0,0,0,0,0,0,0,0,0
7,M,3,Germany x Tajikistan,Non-Dormant,Litter,7-BS_ND_F,2,12/15/20,2.15,0,0,0,0,0,0,0,0,0,0,0,0,0
7,M,3,Germany x Tajikistan,Non-Dormant,Litter,7-BS_ND_F,2,1/12/21,2.16,0,0,0,0,0,0,0,0,0,0,0,0,0
7,M,3,Germany x Tajikistan,Non-Dormant,Litter,7-BS_ND_F,2,2/1/21,2.17,0,0,0,0,0,0,0,0,0,0,0,0,0
7,M,3,Germany x Tajikistan,Non-Dormant,Litter,7-BS_ND_F,2,2/25/21,2.18,0,0,0,0,0,0,0,0,0,0,0,0,0
7,M,3,Germany x Tajikistan,Non-Dormant,Litter,7-BS_ND_F,2,3/8/21,2.19,0,0,0,0,0,0,0,0,0,0,0,0,0
7,M,3,Germany x Tajikistan,Non-Dormant,Litter,7-BS_ND_F,2,3/26/21,2.2,0,0,0,0,0,0,0,0,0,0,0,0,0
7,M,3,Germany x Tajikistan,Non-Dormant,Litter,7-BS_ND_F,2,4/8/21,2.21,0,0,0,0,0,0,0,1,0,0,0,0,1
7,M,4,Germany x Tajikistan,Non-Dormant,Control,7-BS_ND_C,1,6/12/19,1.01,NA,NA,NA,NA,NA,NA,NA,NA,NA,NA,NA,NA,NA
7,M,4,Germany x Tajikistan,Non-Dormant,Control,7-BS_ND_C,1,6/16/19,1.02,NA,NA,NA,NA,NA,NA,NA,NA,NA,NA,NA,NA,NA
7,M,4,Germany x Tajikistan,Non-Dormant,Control,7-BS_ND_C,1,6/26/19,1.03,NA,NA,NA,NA,NA,NA,NA,NA,NA,NA,NA,NA,NA
7,M,4,Germany x Tajikistan,Non-Dormant,Control,7-BS_ND_C,1,7/3/19,1.04,NA,NA,NA,NA,NA,NA,NA,NA,NA,NA,NA,NA,NA
7,M,4,Germany x Tajikistan,Non-Dormant,Control,7-BS_ND_C,1,7/10/19,1.05,NA,NA,NA,NA,NA,NA,NA,NA,NA,NA,NA,NA,NA
7,M,4,Germany x Tajikistan,Non-Dormant,Control,7-BS_ND_C,1,7/17/19,1.06,0,0,0,0,0,0,NA,0,0,0,0,0,0
7,M,4,Germany x Tajikistan,Non-Dormant,Control,7-BS_ND_C,1,7/24/19,1.07,0,0,0,0,0,0,NA,0,0,0,0,0,0
7,M,4,Germany x Tajikistan,Non-Dormant,Control,7-BS_ND_C,1,7/31/19,1.08,0,0,0,0,0,0,NA,0,0,0,0,0,0
7,M,4,Germany x Tajikistan,Non-Dormant,Control,7-BS_ND_C,1,8/7/19,1.09,0,0,0,0,0,0,NA,0,0,0,0,0,0
7,M,4,Germany x Tajikistan,Non-Dormant,Control,7-BS_ND_C,1,8/15/19,1.1,0,0,0,0,0,0,NA,0,0,0,0,0,0
7,M,4,Germany x Tajikistan,Non-Dormant,Control,7-BS_ND_C,1,8/20/19,1.11,0,0,0,0,0,0,NA,0,0,0,0,0,0
7,M,4,Germany x Tajikistan,Non-Dormant,Control,7-BS_ND_C,1,8/28/19,1.12,0,0,0,0,0,0,NA,0,0,0,0,0,0
7,M,4,Germany x Tajikistan,Non-Dormant,Control,7-BS_ND_C,1,9/4/19,1.13,0,0,0,0,0,0,NA,0,0,0,0,0,0
7,M,4,Germany x Tajikistan,Non-Dormant,Control,7-BS_ND_C,1,9/11/19,1.14,0,0,0,0,0,0,NA,0,0,0,0,0,0
7,M,4,Germany x Tajikistan,Non-Dormant,Control,7-BS_ND_C,1,9/18/19,1.15,0,0,0,0,0,0,NA,0,0,0,0,0,0
7,M,4,Germany x Tajikistan,Non-Dormant,Control,7-BS_ND_C,1,9/25/19,1.16,0,0,0,0,0,0,NA,0,0,0,0,0,0
7,M,4,Germany x Tajikistan,Non-Dormant,Control,7-BS_ND_C,1,10/2/19,1.17,0,0,0,0,0,0,NA,0,0,0,0,0,0
7,M,4,Germany x Tajikistan,Non-Dormant,Control,7-BS_ND_C,1,10/9/19,1.18,0,0,0,0,0,0,NA,0,0,0,0,0,0
7,M,4,Germany x Tajikistan,Non-Dormant,Control,7-BS_ND_C,1,10/18/19,1.19,0,0,0,0,0,0,NA,NA,NA,NA,NA,0,0
7,M,4,Germany x Tajikistan,Non-Dormant,Control,7-BS_ND_C,1,10/23/19,1.2,0,0,0,0,0,0,NA,NA,NA,NA,NA,0,0
7,M,4,Germany x Tajikistan,Non-Dormant,Control,7-BS_ND_C,1,11/6/19,1.22,0,0,0,0,0,0,NA,NA,NA,NA,NA,0,0
7,M,4,Germany x Tajikistan,Non-Dormant,Control,7-BS_ND_C,1,11/20/19,1.23,0,0,0,0,0,0,NA,NA,NA,NA,NA,0,0
7,M,4,Germany x Tajikistan,Non-Dormant,Control,7-BS_ND_C,1,12/4/19,1.24,0,0,0,0,0,0,NA,NA,NA,NA,NA,0,0
7,M,4,Germany x Tajikistan,Non-Dormant,Control,7-BS_ND_C,1,12/20/19,1.25,0,0,0,0,0,0,NA,0,0,0,0,0,0
7,M,4,Germany x Tajikistan,Non-Dormant,Control,7-BS_ND_C,1,2/10/20,1.26,0,0,0,0,0,0,NA,NA,0,0,0,0,0
7,M,4,Germany x Tajikistan,Non-Dormant,Control,7-BS_ND_C,1,3/2/20,1.27,0,0,0,0,0,0,NA,NA,0,0,0,0,0
7,M,4,Germany x Tajikistan,Non-Dormant,Control,7-BS_ND_C,1,5/5/20,1.29,0,0,0,0,0,0,NA,0,0,0,0,0,0
7,M,4,Germany x Tajikistan,Non-Dormant,Control,7-BS_ND_C,2,5/27/20,2.01,3,0,0,0,0,0,1,0,0,0,0,0,4
7,M,4,Germany x Tajikistan,Non-Dormant,Control,7-BS_ND_C,2,6/4/20,2.02,1,0,0,0,0,0,1,0,0,0,0,0,2
7,M,4,Germany x Tajikistan,Non-Dormant,Control,7-BS_ND_C,2,7/23/20,2.03,0,0,0,0,0,0,0,0,0,0,0,0,0
7,M,4,Germany x Tajikistan,Non-Dormant,Control,7-BS_ND_C,2,8/7/20,2.04,0,0,0,0,0,0,0,0,0,0,0,0,0
7,M,4,Germany x Tajikistan,Non-Dormant,Control,7-BS_ND_C,2,8/13/20,2.05,0,0,0,0,0,0,0,0,0,0,0,0,0
7,M,4,Germany x Tajikistan,Non-Dormant,Control,7-BS_ND_C,2,8/18/20,2.06,0,0,0,0,0,0,0,0,0,0,0,0,0
7,M,4,Germany x Tajikistan,Non-Dormant,Control,7-BS_ND_C,2,8/25/20,2.07,0,0,0,0,0,0,0,0,0,0,0,0,0
7,M,4,Germany x Tajikistan,Non-Dormant,Control,7-BS_ND_C,2,9/10/20,2.08,0,0,0,0,0,0,0,0,0,0,0,0,0
7,M,4,Germany x Tajikistan,Non-Dormant,Control,7-BS_ND_C,2,9/18/20,2.09,0,0,0,0,0,0,0,0,0,0,0,0,0
7,M,4,Germany x Tajikistan,Non-Dormant,Control,7-BS_ND_C,2,10/2/20,2.1,7,0,0,0,0,0,35,0,0,0,0,0,42
7,M,4,Germany x Tajikistan,Non-Dormant,Control,7-BS_ND_C,2,10/19/20,2.11,5,0,0,0,0,0,10,0,0,0,0,0,15
7,M,4,Germany x Tajikistan,Non-Dormant,Control,7-BS_ND_C,2,10/30/20,2.12,1,0,0,0,0,0,5,0,0,0,0,0,6
7,M,4,Germany x Tajikistan,Non-Dormant,Control,7-BS_ND_C,2,11/13/20,2.13,0,0,0,0,0,0,5,0,0,0,0,0,5
7,M,4,Germany x Tajikistan,Non-Dormant,Control,7-BS_ND_C,2,12/1/20,2.14,0,0,0,0,0,0,0,0,0,0,0,0,0
7,M,4,Germany x Tajikistan,Non-Dormant,Control,7-BS_ND_C,2,12/15/20,2.15,0,0,0,0,0,0,0,0,0,0,0,0,0
7,M,4,Germany x Tajikistan,Non-Dormant,Control,7-BS_ND_C,2,1/12/21,2.16,0,0,0,0,0,0,0,0,0,0,0,0,0
7,M,4,Germany x Tajikistan,Non-Dormant,Control,7-BS_ND_C,2,2/1/21,2.17,0,0,0,0,0,0,0,0,0,0,0,0,0
7,M,4,Germany x Tajikistan,Non-Dormant,Control,7-BS_ND_C,2,2/25/21,2.18,0,0,0,0,0,0,0,0,0,0,0,0,0
7,M,4,Germany x Tajikistan,Non-Dormant,Control,7-BS_ND_C,2,3/8/21,2.19,0,0,0,0,0,0,0,0,0,0,0,0,0
7,M,4,Germany x Tajikistan,Non-Dormant,Control,7-BS_ND_C,2,3/26/21,2.2,0,0,0,0,0,0,0,0,0,0,0,0,0
7,M,4,Germany x Tajikistan,Non-Dormant,Control,7-BS_ND_C,2,4/8/21,2.21,0,0,0,0,0,0,0,0,0,0,0,0,0
7,M,4,Germany x Tajikistan,Non-Dormant,Control,7-BS_ND_C,3,8/17/21,3.14,0,0,0,0,0,0,0,0,0,0,0,0,0
7,M,4,Germany x Tajikistan,Non-Dormant,Control,7-BS_ND_C,3,8/25/21,3.15,0,0,0,0,0,0,0,0,0,0,0,0,0
7,M,4,Germany x Tajikistan,Non-Dormant,Control,7-BS_ND_C,3,9/2/21,3.16,0,0,0,0,0,0,0,0,0,0,0,0,0
7,M,4,Germany x Tajikistan,Non-Dormant,Control,7-BS_ND_C,3,9/8/21,3.17,0,0,0,0,0,0,0,0,0,0,0,0,0
7,M,4,Germany x Tajikistan,Non-Dormant,Control,7-BS_ND_C,3,9/15/21,3.18,0,0,0,0,0,0,0,0,0,0,0,0,0
7,M,4,Germany x Tajikistan,Non-Dormant,Control,7-BS_ND_C,3,9/22/21,3.19,0,0,0,0,0,0,0,0,0,0,0,0,0
7,M,4,Germany x Tajikistan,Non-Dormant,Control,7-BS_ND_C,3,10/5/21,3.2,0,0,0,0,0,0,0,0,0,0,0,0,0
7,M,4,Germany x Tajikistan,Non-Dormant,Control,7-BS_ND_C,3,10/20/21,3.21,0,0,0,0,0,0,0,0,0,0,0,0,0
7,M,4,Germany x Tajikistan,Non-Dormant,Control,7-BS_ND_C,3,11/17/21,3.22,0,0,0,0,0,0,0,0,0,0,0,0,0
7,M,4,Germany x Tajikistan,Non-Dormant,Control,7-BS_ND_C,3,12/15/21,3.23,0,0,0,0,0,0,0,0,0,0,0,0,0
7,M,5,Italy x Sweden,Non-Dormant,Control,7-IS_ND_C,1,6/12/19,1.01,0,0,0,0,0,0,NA,NA,NA,NA,NA,NA,0
7,M,5,Italy x Sweden,Non-Dormant,Control,7-IS_ND_C,1,6/16/19,1.02,0,0,0,0,0,0,NA,NA,NA,NA,NA,NA,0
7,M,5,Italy x Sweden,Non-Dormant,Control,7-IS_ND_C,1,6/26/19,1.03,0,0,0,0,0,0,NA,0,0,0,0,0,0
7,M,5,Italy x Sweden,Non-Dormant,Control,7-IS_ND_C,1,7/3/19,1.04,0,0,0,0,0,0,NA,0,0,0,0,0,0
7,M,5,Italy x Sweden,Non-Dormant,Control,7-IS_ND_C,1,7/10/19,1.05,NA,0,0,0,0,0,NA,0,0,0,0,0,0
7,M,5,Italy x Sweden,Non-Dormant,Control,7-IS_ND_C,1,7/17/19,1.06,0,0,0,0,0,0,NA,0,0,0,0,0,0
7,M,5,Italy x Sweden,Non-Dormant,Control,7-IS_ND_C,1,7/24/19,1.07,0,0,0,0,0,0,NA,0,0,0,0,0,0
7,M,5,Italy x Sweden,Non-Dormant,Control,7-IS_ND_C,1,7/31/19,1.08,0,0,0,0,0,0,NA,0,0,0,0,0,0
7,M,5,Italy x Sweden,Non-Dormant,Control,7-IS_ND_C,1,8/7/19,1.09,0,0,0,0,0,0,NA,0,0,0,0,0,0
7,M,5,Italy x Sweden,Non-Dormant,Control,7-IS_ND_C,1,8/15/19,1.1,0,0,0,0,0,0,NA,0,0,0,0,0,0
7,M,5,Italy x Sweden,Non-Dormant,Control,7-IS_ND_C,1,8/20/19,1.11,0,0,0,0,0,0,NA,0,0,0,0,0,0
7,M,5,Italy x Sweden,Non-Dormant,Control,7-IS_ND_C,1,8/28/19,1.12,0,0,0,0,0,0,NA,0,0,0,0,0,0
7,M,5,Italy x Sweden,Non-Dormant,Control,7-IS_ND_C,1,9/4/19,1.13,0,0,0,0,0,0,NA,0,0,0,0,0,0
7,M,5,Italy x Sweden,Non-Dormant,Control,7-IS_ND_C,1,9/11/19,1.14,0,0,0,0,0,0,NA,0,0,0,0,0,0
7,M,5,Italy x Sweden,Non-Dormant,Control,7-IS_ND_C,1,9/18/19,1.15,0,0,0,0,0,0,NA,0,0,0,0,0,0
7,M,5,Italy x Sweden,Non-Dormant,Control,7-IS_ND_C,1,9/25/19,1.16,0,0,0,0,0,0,NA,0,0,0,0,0,0
7,M,5,Italy x Sweden,Non-Dormant,Control,7-IS_ND_C,1,10/2/19,1.17,0,0,0,0,0,0,NA,0,0,0,0,0,0
7,M,5,Italy x Sweden,Non-Dormant,Control,7-IS_ND_C,1,10/9/19,1.18,0,0,0,0,0,0,NA,0,0,0,0,0,0
7,M,5,Italy x Sweden,Non-Dormant,Control,7-IS_ND_C,1,10/18/19,1.19,0,0,0,0,0,0,NA,NA,NA,NA,NA,0,0
7,M,5,Italy x Sweden,Non-Dormant,Control,7-IS_ND_C,1,10/23/19,1.2,0,0,0,0,0,0,NA,NA,NA,NA,NA,0,0
7,M,5,Italy x Sweden,Non-Dormant,Control,7-IS_ND_C,1,11/6/19,1.22,0,0,0,0,0,0,NA,NA,NA,NA,NA,0,0
7,M,5,Italy x Sweden,Non-Dormant,Control,7-IS_ND_C,1,11/20/19,1.23,0,0,0,0,0,0,NA,NA,NA,NA,NA,0,0
7,M,5,Italy x Sweden,Non-Dormant,Control,7-IS_ND_C,1,12/4/19,1.24,0,0,0,0,0,0,NA,NA,NA,NA,NA,0,0
7,M,5,Italy x Sweden,Non-Dormant,Control,7-IS_ND_C,1,12/20/19,1.25,0,0,0,0,0,0,NA,0,0,0,0,0,0
7,M,5,Italy x Sweden,Non-Dormant,Control,7-IS_ND_C,1,2/10/20,1.26,0,0,0,0,0,0,NA,NA,0,0,0,0,0
7,M,5,Italy x Sweden,Non-Dormant,Control,7-IS_ND_C,1,3/2/20,1.27,0,0,0,0,0,0,NA,NA,0,0,0,0,0
7,M,5,Italy x Sweden,Non-Dormant,Control,7-IS_ND_C,1,5/5/20,1.29,0,0,0,0,0,0,NA,0,0,0,0,0,0
7,M,5,Italy x Sweden,Non-Dormant,Control,7-IS_ND_C,2,5/27/20,2.01,10,0,0,0,0,0,7,0,0,0,0,0,17
7,M,5,Italy x Sweden,Non-Dormant,Control,7-IS_ND_C,2,6/4/20,2.02,0,0,0,0,0,0,0,0,0,0,0,0,0
7,M,5,Italy x Sweden,Non-Dormant,Control,7-IS_ND_C,2,7/23/20,2.03,0,0,0,0,0,0,0,0,0,0,0,0,0
7,M,5,Italy x Sweden,Non-Dormant,Control,7-IS_ND_C,2,8/7/20,2.04,0,0,0,0,0,0,0,0,0,0,0,0,0
7,M,5,Italy x Sweden,Non-Dormant,Control,7-IS_ND_C,2,8/13/20,2.05,0,0,0,0,0,0,0,0,0,0,0,0,0
7,M,5,Italy x Sweden,Non-Dormant,Control,7-IS_ND_C,2,8/18/20,2.06,0,0,0,0,0,0,0,0,0,0,0,0,0
7,M,5,Italy x Sweden,Non-Dormant,Control,7-IS_ND_C,2,8/25/20,2.07,0,0,0,0,0,0,0,0,0,0,0,0,0
7,M,5,Italy x Sweden,Non-Dormant,Control,7-IS_ND_C,2,9/10/20,2.08,0,0,0,0,0,0,0,0,0,0,0,0,0
7,M,5,Italy x Sweden,Non-Dormant,Control,7-IS_ND_C,2,9/18/20,2.09,0,0,0,0,0,0,0,0,0,0,0,0,0
7,M,5,Italy x Sweden,Non-Dormant,Control,7-IS_ND_C,2,10/2/20,2.1,12,0,0,0,0,0,45,0,0,0,0,0,57
7,M,5,Italy x Sweden,Non-Dormant,Control,7-IS_ND_C,2,10/19/20,2.11,3,0,0,0,0,0,10,0,0,0,0,0,13
7,M,5,Italy x Sweden,Non-Dormant,Control,7-IS_ND_C,2,10/30/20,2.12,7,0,0,0,0,0,5,0,0,0,0,0,12
7,M,5,Italy x Sweden,Non-Dormant,Control,7-IS_ND_C,2,11/13/20,2.13,1,0,0,0,0,0,5,0,0,0,0,0,6
7,M,5,Italy x Sweden,Non-Dormant,Control,7-IS_ND_C,2,12/1/20,2.14,0,0,0,0,0,0,0,0,0,0,0,0,0
7,M,5,Italy x Sweden,Non-Dormant,Control,7-IS_ND_C,2,12/15/20,2.15,0,0,0,0,0,0,0,0,0,0,0,0,0
7,M,5,Italy x Sweden,Non-Dormant,Control,7-IS_ND_C,2,1/12/21,2.16,0,0,0,0,0,0,0,0,0,0,0,0,0
7,M,5,Italy x Sweden,Non-Dormant,Control,7-IS_ND_C,2,2/1/21,2.17,0,0,0,0,0,0,0,0,0,0,0,0,0
7,M,5,Italy x Sweden,Non-Dormant,Control,7-IS_ND_C,2,2/25/21,2.18,0,0,0,0,0,0,0,0,0,0,0,0,0
7,M,5,Italy x Sweden,Non-Dormant,Control,7-IS_ND_C,2,3/8/21,2.19,0,0,0,0,0,0,0,0,0,0,0,0,0
7,M,5,Italy x Sweden,Non-Dormant,Control,7-IS_ND_C,2,3/26/21,2.2,0,0,0,0,0,0,0,0,0,0,0,0,0
7,M,5,Italy x Sweden,Non-Dormant,Control,7-IS_ND_C,2,4/8/21,2.21,0,0,0,0,0,0,0,0,0,0,0,0,0
7,M,5,Italy x Sweden,Non-Dormant,Control,7-IS_ND_C,3,8/17/21,3.14,0,0,0,0,0,0,0,0,0,0,0,0,0
7,M,5,Italy x Sweden,Non-Dormant,Control,7-IS_ND_C,3,8/25/21,3.15,0,0,0,0,0,0,0,0,0,0,0,0,0
7,M,5,Italy x Sweden,Non-Dormant,Control,7-IS_ND_C,3,9/2/21,3.16,0,0,0,0,0,0,0,0,0,0,0,0,0
7,M,5,Italy x Sweden,Non-Dormant,Control,7-IS_ND_C,3,9/8/21,3.17,0,0,0,0,0,0,0,0,0,0,0,0,0
7,M,5,Italy x Sweden,Non-Dormant,Control,7-IS_ND_C,3,9/15/21,3.18,0,0,0,0,0,0,0,0,0,0,0,0,0
7,M,5,Italy x Sweden,Non-Dormant,Control,7-IS_ND_C,3,9/22/21,3.19,0,0,0,0,0,0,0,0,0,0,0,0,0
7,M,5,Italy x Sweden,Non-Dormant,Control,7-IS_ND_C,3,10/5/21,3.2,0,0,0,0,0,0,0,0,0,0,0,0,0
7,M,5,Italy x Sweden,Non-Dormant,Control,7-IS_ND_C,3,10/20/21,3.21,0,0,0,0,0,0,0,1,0,0,0,0,1
7,M,5,Italy x Sweden,Non-Dormant,Control,7-IS_ND_C,3,11/17/21,3.22,0,0,0,0,0,0,0,0,0,0,0,0,0
7,M,5,Italy x Sweden,Non-Dormant,Control,7-IS_ND_C,3,12/15/21,3.23,0,0,0,0,0,0,0,0,0,0,0,0,0
7,M,6,Italy x Sweden,Mixed,Control,7-IS_M_C,1,6/12/19,1.01,7,0,0,0,0,0,NA,NA,NA,NA,NA,NA,7
7,M,6,Italy x Sweden,Mixed,Control,7-IS_M_C,1,6/16/19,1.02,3,0,0,0,0,0,NA,NA,NA,NA,NA,NA,3
7,M,6,Italy x Sweden,Mixed,Control,7-IS_M_C,1,6/26/19,1.03,0,0,0,0,0,0,NA,0,0,0,0,0,0
7,M,6,Italy x Sweden,Mixed,Control,7-IS_M_C,1,7/3/19,1.04,0,0,0,0,0,0,NA,0,0,0,0,0,0
7,M,6,Italy x Sweden,Mixed,Control,7-IS_M_C,1,7/10/19,1.05,NA,0,0,0,0,0,NA,0,0,0,0,0,0
7,M,6,Italy x Sweden,Mixed,Control,7-IS_M_C,1,7/17/19,1.06,0,0,0,0,0,0,NA,0,0,0,0,0,0
7,M,6,Italy x Sweden,Mixed,Control,7-IS_M_C,1,7/24/19,1.07,0,0,0,0,0,0,NA,0,0,0,0,0,0
7,M,6,Italy x Sweden,Mixed,Control,7-IS_M_C,1,7/31/19,1.08,0,0,0,0,0,0,NA,0,0,0,0,0,0
7,M,6,Italy x Sweden,Mixed,Control,7-IS_M_C,1,8/7/19,1.09,0,0,0,0,0,0,NA,0,0,0,0,0,0
7,M,6,Italy x Sweden,Mixed,Control,7-IS_M_C,1,8/15/19,1.1,0,0,0,0,0,0,NA,0,0,0,0,0,0
7,M,6,Italy x Sweden,Mixed,Control,7-IS_M_C,1,8/20/19,1.11,0,0,0,0,0,0,NA,0,0,0,0,0,0
7,M,6,Italy x Sweden,Mixed,Control,7-IS_M_C,1,8/28/19,1.12,0,0,0,0,0,0,NA,0,0,0,0,0,0
7,M,6,Italy x Sweden,Mixed,Control,7-IS_M_C,1,9/4/19,1.13,0,0,0,0,0,0,NA,0,0,0,0,0,0
7,M,6,Italy x Sweden,Mixed,Control,7-IS_M_C,1,9/11/19,1.14,0,0,0,0,0,0,NA,0,0,0,0,0,0
7,M,6,Italy x Sweden,Mixed,Control,7-IS_M_C,1,9/18/19,1.15,0,0,0,0,0,0,NA,0,0,0,0,0,0
7,M,6,Italy x Sweden,Mixed,Control,7-IS_M_C,1,9/25/19,1.16,0,0,0,0,0,0,NA,0,0,0,0,0,0
7,M,6,Italy x Sweden,Mixed,Control,7-IS_M_C,1,10/2/19,1.17,0,0,0,0,0,0,NA,0,0,0,0,0,0
7,M,6,Italy x Sweden,Mixed,Control,7-IS_M_C,1,10/9/19,1.18,0,0,0,0,0,0,NA,0,0,0,0,0,0
7,M,6,Italy x Sweden,Mixed,Control,7-IS_M_C,1,10/18/19,1.19,0,0,0,0,0,0,NA,NA,NA,NA,NA,0,0
7,M,6,Italy x Sweden,Mixed,Control,7-IS_M_C,1,10/23/19,1.2,12,0,0,0,0,0,NA,NA,NA,NA,NA,0,12
7,M,6,Italy x Sweden,Mixed,Control,7-IS_M_C,1,11/6/19,1.22,3,3,0,0,0,0,NA,NA,NA,NA,NA,0,6
7,M,6,Italy x Sweden,Mixed,Control,7-IS_M_C,1,11/20/19,1.23,0,5,0,0,0,0,NA,NA,NA,NA,NA,0,5
7,M,6,Italy x Sweden,Mixed,Control,7-IS_M_C,1,12/4/19,1.24,0,8,0,0,0,0,NA,NA,NA,NA,NA,0,8
7,M,6,Italy x Sweden,Mixed,Control,7-IS_M_C,1,12/20/19,1.25,0,15,0,0,0,0,NA,5,0,0,0,0,20
7,M,6,Italy x Sweden,Mixed,Control,7-IS_M_C,1,2/10/20,1.26,2,4,0,1,1,0,NA,NA,0,1,4,0,13
7,M,6,Italy x Sweden,Mixed,Control,7-IS_M_C,1,3/2/20,1.27,0,2,1,2,3,0,NA,NA,0,2,6,0,16
7,M,6,Italy x Sweden,Mixed,Control,7-IS_M_C,1,5/5/20,1.29,0,0,0,0,0,2,NA,0,0,0,0,6,8
7,M,6,Italy x Sweden,Mixed,Control,7-IS_M_C,2,5/27/20,2.01,0,0,0,0,0,0,1,0,0,0,0,0,1
7,M,6,Italy x Sweden,Mixed,Control,7-IS_M_C,2,6/4/20,2.02,0,0,0,0,0,0,0,0,0,0,0,0,0
7,M,6,Italy x Sweden,Mixed,Control,7-IS_M_C,2,7/23/20,2.03,0,0,0,0,0,0,0,0,0,0,0,0,0
7,M,6,Italy x Sweden,Mixed,Control,7-IS_M_C,2,8/7/20,2.04,0,0,0,0,0,0,0,0,0,0,0,0,0
7,M,6,Italy x Sweden,Mixed,Control,7-IS_M_C,2,8/13/20,2.05,0,0,0,0,0,0,0,0,0,0,0,0,0
7,M,6,Italy x Sweden,Mixed,Control,7-IS_M_C,2,8/18/20,2.06,0,0,0,0,0,0,0,0,0,0,0,0,0
7,M,6,Italy x Sweden,Mixed,Control,7-IS_M_C,2,8/25/20,2.07,0,0,0,0,0,0,0,0,0,0,0,0,0
7,M,6,Italy x Sweden,Mixed,Control,7-IS_M_C,2,9/10/20,2.08,0,0,0,0,0,0,0,0,0,0,0,0,0
7,M,6,Italy x Sweden,Mixed,Control,7-IS_M_C,2,9/18/20,2.09,0,0,0,0,0,0,0,0,0,0,0,0,0
7,M,6,Italy x Sweden,Mixed,Control,7-IS_M_C,2,10/2/20,2.1,6,0,0,0,0,0,30,0,0,0,0,0,36
7,M,6,Italy x Sweden,Mixed,Control,7-IS_M_C,2,10/19/20,2.11,1,0,0,0,0,0,1,0,0,0,0,0,2
7,M,6,Italy x Sweden,Mixed,Control,7-IS_M_C,2,10/30/20,2.12,0,0,0,0,0,0,1,0,0,0,0,0,1
7,M,6,Italy x Sweden,Mixed,Control,7-IS_M_C,2,11/13/20,2.13,0,0,0,0,0,0,0,0,0,0,0,0,0
7,M,6,Italy x Sweden,Mixed,Control,7-IS_M_C,2,12/1/20,2.14,0,0,0,0,0,0,0,0,0,0,0,0,0
7,M,6,Italy x Sweden,Mixed,Control,7-IS_M_C,2,12/15/20,2.15,0,0,0,0,0,0,0,0,0,0,0,0,0
7,M,6,Italy x Sweden,Mixed,Control,7-IS_M_C,2,1/12/21,2.16,0,0,0,0,0,0,0,0,0,0,0,0,0
7,M,6,Italy x Sweden,Mixed,Control,7-IS_M_C,2,2/1/21,2.17,0,0,0,0,0,0,0,0,0,0,0,0,0
7,M,6,Italy x Sweden,Mixed,Control,7-IS_M_C,2,2/25/21,2.18,0,0,0,0,0,0,0,0,0,0,0,0,0
7,M,6,Italy x Sweden,Mixed,Control,7-IS_M_C,2,3/8/21,2.19,0,0,0,0,0,0,0,0,0,0,0,0,0
7,M,6,Italy x Sweden,Mixed,Control,7-IS_M_C,2,3/26/21,2.2,0,0,0,0,0,0,0,0,0,0,1,0,1
7,M,6,Italy x Sweden,Mixed,Control,7-IS_M_C,2,4/8/21,2.21,0,0,0,0,0,0,0,0,0,0,0,1,1
7,M,6,Italy x Sweden,Mixed,Control,7-IS_M_C,3,8/17/21,3.14,0,0,0,0,0,0,0,0,0,0,0,0,0
7,M,6,Italy x Sweden,Mixed,Control,7-IS_M_C,3,8/25/21,3.15,0,0,0,0,0,0,0,0,0,0,0,0,0
7,M,6,Italy x Sweden,Mixed,Control,7-IS_M_C,3,9/2/21,3.16,0,0,0,0,0,0,0,0,0,0,0,0,0
7,M,6,Italy x Sweden,Mixed,Control,7-IS_M_C,3,9/8/21,3.17,0,0,0,0,0,0,0,0,0,0,0,0,0
7,M,6,Italy x Sweden,Mixed,Control,7-IS_M_C,3,9/15/21,3.18,0,0,0,0,0,0,0,0,0,0,0,0,0
7,M,6,Italy x Sweden,Mixed,Control,7-IS_M_C,3,9/22/21,3.19,0,0,0,0,0,0,0,0,0,0,0,0,0
7,M,6,Italy x Sweden,Mixed,Control,7-IS_M_C,3,10/5/21,3.2,15,0,0,0,0,0,250,1,0,0,0,0,266
7,M,6,Italy x Sweden,Mixed,Control,7-IS_M_C,3,10/20/21,3.21,10,16,0,0,0,0,120,168,0,0,0,0,314
7,M,6,Italy x Sweden,Mixed,Control,7-IS_M_C,3,11/17/21,3.22,0,1,0,0,0,0,16,311,0,0,0,0,328
7,M,6,Italy x Sweden,Mixed,Control,7-IS_M_C,3,12/15/21,3.23,0,0,0,0,0,0,2,160,0,0,0,0,0
8,M,8,UK x USA,Mixed,Control,8-TC_M_C,1,6/12/19,1.01,NA,NA,NA,NA,NA,NA,NA,NA,NA,NA,NA,NA,NA
8,M,8,UK x USA,Mixed,Control,8-TC_M_C,1,6/16/19,1.02,NA,NA,NA,NA,NA,NA,NA,NA,NA,NA,NA,NA,NA
8,M,8,UK x USA,Mixed,Control,8-TC_M_C,1,6/26/19,1.03,NA,NA,NA,NA,NA,NA,NA,NA,NA,NA,NA,NA,NA
8,M,8,UK x USA,Mixed,Control,8-TC_M_C,1,7/3/19,1.04,NA,NA,NA,NA,NA,NA,NA,NA,NA,NA,NA,NA,NA
8,M,8,UK x USA,Mixed,Control,8-TC_M_C,1,7/10/19,1.05,NA,NA,NA,NA,NA,NA,NA,NA,NA,NA,NA,NA,NA
8,M,8,UK x USA,Mixed,Control,8-TC_M_C,1,7/17/19,1.06,0,0,0,0,0,0,NA,0,0,0,0,0,0
8,M,8,UK x USA,Mixed,Control,8-TC_M_C,1,7/24/19,1.07,0,0,0,0,0,0,NA,0,0,0,0,0,0
8,M,8,UK x USA,Mixed,Control,8-TC_M_C,1,7/31/19,1.08,0,0,0,0,0,0,NA,0,0,0,0,0,0
8,M,8,UK x USA,Mixed,Control,8-TC_M_C,1,8/7/19,1.09,0,0,0,0,0,0,NA,0,0,0,0,0,0
8,M,8,UK x USA,Mixed,Control,8-TC_M_C,1,8/15/19,1.1,0,0,0,0,0,0,NA,0,0,0,0,0,0
8,M,8,UK x USA,Mixed,Control,8-TC_M_C,1,8/20/19,1.11,0,0,0,0,0,0,NA,0,0,0,0,0,0
8,M,8,UK x USA,Mixed,Control,8-TC_M_C,1,8/28/19,1.12,0,0,0,0,0,0,NA,0,0,0,0,0,0
8,M,8,UK x USA,Mixed,Control,8-TC_M_C,1,9/4/19,1.13,0,0,0,0,0,0,NA,0,0,0,0,0,0
8,M,8,UK x USA,Mixed,Control,8-TC_M_C,1,9/11/19,1.14,0,0,0,0,0,0,NA,0,0,0,0,0,0
8,M,8,UK x USA,Mixed,Control,8-TC_M_C,1,9/18/19,1.15,0,0,0,0,0,0,NA,0,0,0,0,0,0
8,M,8,UK x USA,Mixed,Control,8-TC_M_C,1,9/25/19,1.16,0,0,0,0,0,0,NA,0,0,0,0,0,0
8,M,8,UK x USA,Mixed,Control,8-TC_M_C,1,10/2/19,1.17,0,0,0,0,0,0,NA,0,0,0,0,0,0
8,M,8,UK x USA,Mixed,Control,8-TC_M_C,1,10/9/19,1.18,0,0,0,0,0,0,NA,0,0,0,0,0,0
8,M,8,UK x USA,Mixed,Control,8-TC_M_C,1,10/18/19,1.19,0,0,0,0,0,0,NA,NA,NA,NA,NA,0,0
8,M,8,UK x USA,Mixed,Control,8-TC_M_C,1,10/23/19,1.2,8,0,0,0,0,0,NA,NA,NA,NA,NA,0,8
8,M,8,UK x USA,Mixed,Control,8-TC_M_C,1,11/6/19,1.22,6,0,0,0,0,0,NA,NA,NA,NA,NA,0,6
8,M,8,UK x USA,Mixed,Control,8-TC_M_C,1,11/20/19,1.23,0,0,0,0,0,0,NA,NA,NA,NA,NA,0,0
8,M,8,UK x USA,Mixed,Control,8-TC_M_C,1,12/4/19,1.24,0,3,0,0,0,0,NA,NA,NA,NA,NA,0,3
8,M,8,UK x USA,Mixed,Control,8-TC_M_C,1,12/20/19,1.25,1,9,0,0,0,0,NA,10,0,0,0,0,20
8,M,8,UK x USA,Mixed,Control,8-TC_M_C,1,2/10/20,1.26,0,1,1,0,1,0,NA,NA,0,2,7,0,12
8,M,8,UK x USA,Mixed,Control,8-TC_M_C,1,3/2/20,1.27,0,0,0,2,6,0,NA,NA,0,0,14,0,22
8,M,8,UK x USA,Mixed,Control,8-TC_M_C,1,5/5/20,1.29,0,0,0,0,0,5,NA,0,0,0,0,11,16
8,M,8,UK x USA,Mixed,Control,8-TC_M_C,2,5/27/20,2.01,4,0,0,0,0,0,68,0,0,0,0,0,72
8,M,8,UK x USA,Mixed,Control,8-TC_M_C,2,6/4/20,2.02,0,0,0,0,0,0,10,0,0,0,0,0,10
8,M,8,UK x USA,Mixed,Control,8-TC_M_C,2,7/23/20,2.03,0,0,0,0,0,0,0,0,0,0,0,0,0
8,M,8,UK x USA,Mixed,Control,8-TC_M_C,2,8/7/20,2.04,0,0,0,0,0,0,0,0,0,0,0,0,0
8,M,8,UK x USA,Mixed,Control,8-TC_M_C,2,8/13/20,2.05,0,0,0,0,0,0,0,0,0,0,0,0,0
8,M,8,UK x USA,Mixed,Control,8-TC_M_C,2,8/18/20,2.06,0,0,0,0,0,0,0,0,0,0,0,0,0
8,M,8,UK x USA,Mixed,Control,8-TC_M_C,2,8/25/20,2.07,0,0,0,0,0,0,0,0,0,0,0,0,0
8,M,8,UK x USA,Mixed,Control,8-TC_M_C,2,9/10/20,2.08,25,25,4,2,0,0,80,5,0,0,0,0,141
8,M,8,UK x USA,Mixed,Control,8-TC_M_C,2,9/18/20,2.09,29,18,5,0,2,0,20,5,5,1,0,0,85
8,M,8,UK x USA,Mixed,Control,8-TC_M_C,2,10/2/20,2.1,1,0,0,0,0,0,15,0,0,0,0,0,16
8,M,8,UK x USA,Mixed,Control,8-TC_M_C,2,10/19/20,2.11,1,0,0,0,0,0,10,0,0,0,0,0,11
8,M,8,UK x USA,Mixed,Control,8-TC_M_C,2,10/30/20,2.12,3,0,0,0,0,0,5,0,0,0,0,0,8
8,M,8,UK x USA,Mixed,Control,8-TC_M_C,2,11/13/20,2.13,1,0,0,0,0,0,3,0,0,0,0,0,4
8,M,8,UK x USA,Mixed,Control,8-TC_M_C,2,12/1/20,2.14,0,0,0,0,0,0,0,0,0,0,0,0,0
8,M,8,UK x USA,Mixed,Control,8-TC_M_C,2,12/15/20,2.15,0,0,0,0,0,0,0,0,0,0,0,0,0
8,M,8,UK x USA,Mixed,Control,8-TC_M_C,2,1/12/21,2.16,0,0,0,0,0,0,0,0,0,0,0,0,0
8,M,8,UK x USA,Mixed,Control,8-TC_M_C,2,2/1/21,2.17,0,0,0,0,0,0,0,0,0,0,0,0,0
8,M,8,UK x USA,Mixed,Control,8-TC_M_C,2,2/25/21,2.18,0,0,0,0,0,0,0,1,0,0,0,0,1
8,M,8,UK x USA,Mixed,Control,8-TC_M_C,2,3/8/21,2.19,0,0,0,0,0,0,0,0,0,0,0,0,0
8,M,8,UK x USA,Mixed,Control,8-TC_M_C,2,3/26/21,2.2,0,0,0,0,0,0,0,0,0,1,5,0,6
8,M,8,UK x USA,Mixed,Control,8-TC_M_C,2,4/8/21,2.21,0,0,0,0,0,0,0,0,0,0,0,3,3
8,M,8,UK x USA,Mixed,Control,8-TC_M_C,3,8/17/21,3.14,0,0,0,0,0,0,0,0,0,0,0,0,0
8,M,8,UK x USA,Mixed,Control,8-TC_M_C,3,8/25/21,3.15,0,0,0,0,0,0,0,0,0,0,0,0,0
8,M,8,UK x USA,Mixed,Control,8-TC_M_C,3,9/2/21,3.16,0,0,0,0,0,0,0,0,0,0,0,0,0
8,M,8,UK x USA,Mixed,Control,8-TC_M_C,3,9/8/21,3.17,0,0,0,0,0,0,0,0,0,0,0,0,0
8,M,8,UK x USA,Mixed,Control,8-TC_M_C,3,9/15/21,3.18,0,0,0,0,0,0,0,0,0,0,0,0,0
8,M,8,UK x USA,Mixed,Control,8-TC_M_C,3,9/22/21,3.19,0,0,0,0,0,0,0,0,0,0,0,0,0
8,M,8,UK x USA,Mixed,Control,8-TC_M_C,3,10/4/21,3.2,7,0,0,0,0,0,316,2,0,0,0,0,325
8,M,8,UK x USA,Mixed,Control,8-TC_M_C,3,10/16/21,3.21,162,21,0,0,0,0,267,275,0,0,0,0,725
8,M,8,UK x USA,Mixed,Control,8-TC_M_C,3,11/17/21,3.22,20,76,3,1,0,0,74,377,13,21,0,0,585
8,M,8,UK x USA,Mixed,Control,8-TC_M_C,3,12/9/21,3.23,4,57,0,0,1,0,28,200,12,9,43,0,0
8,M,9,Italy x Sweden,Mixed,Control,8-IS_M_C,1,6/12/19,1.01,3,0,0,0,0,0,NA,NA,NA,NA,NA,NA,3
8,M,9,Italy x Sweden,Mixed,Control,8-IS_M_C,1,6/16/19,1.02,0,0,0,0,0,0,NA,NA,NA,NA,NA,NA,0
8,M,9,Italy x Sweden,Mixed,Control,8-IS_M_C,1,6/26/19,1.03,0,0,0,0,0,0,NA,0,0,0,0,0,0
8,M,9,Italy x Sweden,Mixed,Control,8-IS_M_C,1,7/3/19,1.04,0,0,0,0,0,0,NA,0,0,0,0,0,0
8,M,9,Italy x Sweden,Mixed,Control,8-IS_M_C,1,7/10/19,1.05,NA,0,0,0,0,0,NA,0,0,0,0,0,0
8,M,9,Italy x Sweden,Mixed,Control,8-IS_M_C,1,7/17/19,1.06,0,0,0,0,0,0,NA,0,0,0,0,0,0
8,M,9,Italy x Sweden,Mixed,Control,8-IS_M_C,1,7/24/19,1.07,0,0,0,0,0,0,NA,0,0,0,0,0,0
8,M,9,Italy x Sweden,Mixed,Control,8-IS_M_C,1,7/31/19,1.08,0,0,0,0,0,0,NA,0,0,0,0,0,0
8,M,9,Italy x Sweden,Mixed,Control,8-IS_M_C,1,8/7/19,1.09,0,0,0,0,0,0,NA,0,0,0,0,0,0
8,M,9,Italy x Sweden,Mixed,Control,8-IS_M_C,1,8/15/19,1.1,0,0,0,0,0,0,NA,0,0,0,0,0,0
8,M,9,Italy x Sweden,Mixed,Control,8-IS_M_C,1,8/20/19,1.11,0,0,0,0,0,0,NA,0,0,0,0,0,0
8,M,9,Italy x Sweden,Mixed,Control,8-IS_M_C,1,8/28/19,1.12,0,0,0,0,0,0,NA,0,0,0,0,0,0
8,M,9,Italy x Sweden,Mixed,Control,8-IS_M_C,1,9/4/19,1.13,0,0,0,0,0,0,NA,0,0,0,0,0,0
8,M,9,Italy x Sweden,Mixed,Control,8-IS_M_C,1,9/11/19,1.14,0,0,0,0,0,0,NA,0,0,0,0,0,0
8,M,9,Italy x Sweden,Mixed,Control,8-IS_M_C,1,9/18/19,1.15,0,0,0,0,0,0,NA,0,0,0,0,0,0
8,M,9,Italy x Sweden,Mixed,Control,8-IS_M_C,1,9/25/19,1.16,0,0,0,0,0,0,NA,0,0,0,0,0,0
8,M,9,Italy x Sweden,Mixed,Control,8-IS_M_C,1,10/2/19,1.17,0,0,0,0,0,0,NA,0,0,0,0,0,0
8,M,9,Italy x Sweden,Mixed,Control,8-IS_M_C,1,10/9/19,1.18,0,0,0,0,0,0,NA,0,0,0,0,0,0
8,M,9,Italy x Sweden,Mixed,Control,8-IS_M_C,1,10/18/19,1.19,0,0,0,0,0,0,NA,NA,NA,NA,NA,0,0
8,M,9,Italy x Sweden,Mixed,Control,8-IS_M_C,1,10/23/19,1.2,11,0,0,0,0,0,NA,NA,NA,NA,NA,0,11
8,M,9,Italy x Sweden,Mixed,Control,8-IS_M_C,1,11/6/19,1.22,17,0,0,0,0,0,NA,NA,NA,NA,NA,0,17
8,M,9,Italy x Sweden,Mixed,Control,8-IS_M_C,1,11/20/19,1.23,0,11,0,0,0,0,NA,NA,NA,NA,NA,0,11
8,M,9,Italy x Sweden,Mixed,Control,8-IS_M_C,1,12/4/19,1.24,9,18,0,0,0,0,NA,NA,NA,NA,NA,0,27
8,M,9,Italy x Sweden,Mixed,Control,8-IS_M_C,1,12/20/19,1.25,1,22,0,0,0,0,NA,15,0,0,0,0,38
8,M,9,Italy x Sweden,Mixed,Control,8-IS_M_C,1,2/10/20,1.26,0,8,1,5,0,0,NA,NA,2,7,3,0,26
8,M,9,Italy x Sweden,Mixed,Control,8-IS_M_C,1,3/2/20,1.27,0,3,2,2,10,0,NA,NA,0,0,0,0,17
8,M,9,Italy x Sweden,Mixed,Control,8-IS_M_C,1,5/5/20,1.29,0,0,0,0,0,16,NA,0,0,0,0,10,26
8,M,9,Italy x Sweden,Mixed,Control,8-IS_M_C,2,5/27/20,2.01,1,0,0,0,0,0,4,0,0,0,0,0,5
8,M,9,Italy x Sweden,Mixed,Control,8-IS_M_C,2,6/4/20,2.02,0,0,0,0,0,0,0,0,0,0,0,0,0
8,M,9,Italy x Sweden,Mixed,Control,8-IS_M_C,2,7/23/20,2.03,0,0,0,0,0,0,0,0,0,0,0,0,0
8,M,9,Italy x Sweden,Mixed,Control,8-IS_M_C,2,8/7/20,2.04,0,0,0,0,0,0,0,0,0,0,0,0,0
8,M,9,Italy x Sweden,Mixed,Control,8-IS_M_C,2,8/13/20,2.05,0,0,0,0,0,0,0,0,0,0,0,0,0
8,M,9,Italy x Sweden,Mixed,Control,8-IS_M_C,2,8/18/20,2.06,0,0,0,0,0,0,0,0,0,0,0,0,0
8,M,9,Italy x Sweden,Mixed,Control,8-IS_M_C,2,8/25/20,2.07,0,0,0,0,0,0,0,0,0,0,0,0,0
8,M,9,Italy x Sweden,Mixed,Control,8-IS_M_C,2,9/10/20,2.08,0,0,0,0,0,0,0,0,0,0,0,0,0
8,M,9,Italy x Sweden,Mixed,Control,8-IS_M_C,2,9/18/20,2.09,0,0,0,0,0,0,0,0,0,0,0,0,0
8,M,9,Italy x Sweden,Mixed,Control,8-IS_M_C,2,10/2/20,2.1,1,0,0,0,0,0,10,0,0,0,0,0,11
8,M,9,Italy x Sweden,Mixed,Control,8-IS_M_C,2,10/19/20,2.11,12,0,0,0,0,0,10,0,0,0,0,0,22
8,M,9,Italy x Sweden,Mixed,Control,8-IS_M_C,2,10/30/20,2.12,4,0,0,0,0,0,5,0,0,0,0,0,9
8,M,9,Italy x Sweden,Mixed,Control,8-IS_M_C,2,11/13/20,2.13,1,0,0,0,0,0,5,0,0,0,0,0,6
8,M,9,Italy x Sweden,Mixed,Control,8-IS_M_C,2,12/1/20,2.14,0,0,0,0,0,0,0,8,0,0,0,0,8
8,M,9,Italy x Sweden,Mixed,Control,8-IS_M_C,2,12/15/20,2.15,0,0,0,0,0,0,0,4,0,0,0,0,4
8,M,9,Italy x Sweden,Mixed,Control,8-IS_M_C,2,1/12/21,2.16,0,0,0,0,0,0,0,6,0,0,0,0,6
8,M,9,Italy x Sweden,Mixed,Control,8-IS_M_C,2,2/1/21,2.17,0,0,0,0,0,0,0,2,0,0,0,0,2
8,M,9,Italy x Sweden,Mixed,Control,8-IS_M_C,2,2/25/21,2.18,0,0,0,0,0,0,0,3,0,0,0,0,3
8,M,9,Italy x Sweden,Mixed,Control,8-IS_M_C,2,3/8/21,2.19,0,0,0,0,0,0,0,3,7,0,0,0,10
8,M,9,Italy x Sweden,Mixed,Control,8-IS_M_C,2,3/26/21,2.2,0,0,0,0,0,0,0,1,0,2,8,0,11
8,M,9,Italy x Sweden,Mixed,Control,8-IS_M_C,2,4/8/21,2.21,0,0,0,0,0,0,0,0,0,0,0,7,7
8,M,9,Italy x Sweden,Mixed,Control,8-IS_M_C,3,8/17/21,3.14,0,0,0,0,0,0,0,0,0,0,0,0,0
8,M,9,Italy x Sweden,Mixed,Control,8-IS_M_C,3,8/25/21,3.15,0,0,0,0,0,0,0,0,0,0,0,0,0
8,M,9,Italy x Sweden,Mixed,Control,8-IS_M_C,3,9/2/21,3.16,0,0,0,0,0,0,0,0,0,0,0,0,0
8,M,9,Italy x Sweden,Mixed,Control,8-IS_M_C,3,9/8/21,3.17,0,0,0,0,0,0,0,0,0,0,0,0,0
8,M,9,Italy x Sweden,Mixed,Control,8-IS_M_C,3,9/15/21,3.18,0,0,0,0,0,0,0,0,0,0,0,0,0
8,M,9,Italy x Sweden,Mixed,Control,8-IS_M_C,3,9/22/21,3.19,0,0,0,0,0,0,0,0,0,0,0,0,0
8,M,9,Italy x Sweden,Mixed,Control,8-IS_M_C,3,10/4/21,3.2,52,0,0,0,0,0,149,2,0,0,0,0,203
8,M,9,Italy x Sweden,Mixed,Control,8-IS_M_C,3,10/16/21,3.21,97,36,0,0,0,0,357,195,0,0,0,0,685
8,M,9,Italy x Sweden,Mixed,Control,8-IS_M_C,3,11/17/21,3.22,4,27,0,0,0,0,70,410,0,0,0,0,511
8,M,9,Italy x Sweden,Mixed,Control,8-IS_M_C,3,12/9/21,3.23,0,59,0,0,0,0,17,215,0,0,0,0,0
8,M,10,Germany x Tajikistan,Non-Dormant,Litter,8-BS_ND_F,1,6/12/19,1.01,NA,NA,NA,NA,NA,NA,NA,NA,NA,NA,NA,NA,NA
8,M,10,Germany x Tajikistan,Non-Dormant,Litter,8-BS_ND_F,1,6/16/19,1.02,NA,NA,NA,NA,NA,NA,NA,NA,NA,NA,NA,NA,NA
8,M,10,Germany x Tajikistan,Non-Dormant,Litter,8-BS_ND_F,1,6/26/19,1.03,NA,NA,NA,NA,NA,NA,NA,NA,NA,NA,NA,NA,NA
8,M,10,Germany x Tajikistan,Non-Dormant,Litter,8-BS_ND_F,1,7/3/19,1.04,NA,NA,NA,NA,NA,NA,NA,NA,NA,NA,NA,NA,NA
8,M,10,Germany x Tajikistan,Non-Dormant,Litter,8-BS_ND_F,1,7/10/19,1.05,NA,NA,NA,NA,NA,NA,NA,NA,NA,NA,NA,NA,NA
8,M,10,Germany x Tajikistan,Non-Dormant,Litter,8-BS_ND_F,1,7/17/19,1.06,0,0,0,0,0,0,NA,0,0,0,0,0,0
8,M,10,Germany x Tajikistan,Non-Dormant,Litter,8-BS_ND_F,1,7/24/19,1.07,0,0,0,0,0,0,NA,0,0,0,0,0,0
8,M,10,Germany x Tajikistan,Non-Dormant,Litter,8-BS_ND_F,1,7/31/19,1.08,0,0,0,0,0,0,NA,0,0,0,0,0,0
8,M,10,Germany x Tajikistan,Non-Dormant,Litter,8-BS_ND_F,1,8/7/19,1.09,0,0,0,0,0,0,NA,0,0,0,0,0,0
8,M,10,Germany x Tajikistan,Non-Dormant,Litter,8-BS_ND_F,1,8/15/19,1.1,0,0,0,0,0,0,NA,4,1,2,0,0,7
8,M,10,Germany x Tajikistan,Non-Dormant,Litter,8-BS_ND_F,1,8/20/19,1.11,0,0,0,0,0,0,NA,1,0,5,1,0,7
8,M,10,Germany x Tajikistan,Non-Dormant,Litter,8-BS_ND_F,1,8/28/19,1.12,0,0,0,0,0,0,NA,0,0,0,0,0,0
8,M,10,Germany x Tajikistan,Non-Dormant,Litter,8-BS_ND_F,1,9/4/19,1.13,0,0,0,0,0,0,NA,0,0,0,0,0,0
8,M,10,Germany x Tajikistan,Non-Dormant,Litter,8-BS_ND_F,1,9/11/19,1.14,0,0,0,0,0,0,NA,0,0,0,0,1,1
8,M,10,Germany x Tajikistan,Non-Dormant,Litter,8-BS_ND_F,1,9/18/19,1.15,0,0,0,0,0,0,NA,0,0,0,0,0,0
8,M,10,Germany x Tajikistan,Non-Dormant,Litter,8-BS_ND_F,1,9/25/19,1.16,0,0,0,0,0,0,NA,0,0,0,0,0,0
8,M,10,Germany x Tajikistan,Non-Dormant,Litter,8-BS_ND_F,1,10/2/19,1.17,0,0,0,0,0,0,NA,0,0,0,0,0,0
8,M,10,Germany x Tajikistan,Non-Dormant,Litter,8-BS_ND_F,1,10/9/19,1.18,0,0,0,0,0,0,NA,0,0,0,0,0,0
8,M,10,Germany x Tajikistan,Non-Dormant,Litter,8-BS_ND_F,1,10/18/19,1.19,0,0,0,0,0,0,NA,NA,NA,NA,NA,0,0
8,M,10,Germany x Tajikistan,Non-Dormant,Litter,8-BS_ND_F,1,10/23/19,1.2,3,0,0,0,0,0,NA,NA,NA,NA,NA,0,3
8,M,10,Germany x Tajikistan,Non-Dormant,Litter,8-BS_ND_F,1,11/6/19,1.22,2,0,0,0,0,0,NA,NA,NA,NA,NA,0,2
8,M,10,Germany x Tajikistan,Non-Dormant,Litter,8-BS_ND_F,1,11/20/19,1.23,0,0,0,0,0,0,NA,NA,NA,NA,NA,0,0
8,M,10,Germany x Tajikistan,Non-Dormant,Litter,8-BS_ND_F,1,12/4/19,1.24,0,0,0,0,0,0,NA,NA,NA,NA,NA,0,0
8,M,10,Germany x Tajikistan,Non-Dormant,Litter,8-BS_ND_F,1,12/20/19,1.25,0,0,0,0,0,0,NA,1,0,0,0,0,1
8,M,10,Germany x Tajikistan,Non-Dormant,Litter,8-BS_ND_F,1,2/10/20,1.26,0,0,0,0,0,0,NA,NA,0,0,0,0,0
8,M,10,Germany x Tajikistan,Non-Dormant,Litter,8-BS_ND_F,1,3/2/20,1.27,0,0,0,0,0,0,NA,NA,0,0,0,0,0
8,M,10,Germany x Tajikistan,Non-Dormant,Litter,8-BS_ND_F,1,5/5/20,1.29,0,0,0,0,0,0,NA,0,0,0,0,1,1
8,M,10,Germany x Tajikistan,Non-Dormant,Litter,8-BS_ND_F,2,5/27/20,2.01,0,0,0,0,0,0,0,0,0,0,0,0,0
8,M,10,Germany x Tajikistan,Non-Dormant,Litter,8-BS_ND_F,2,6/4/20,2.02,0,0,0,0,0,0,0,0,0,0,0,0,0
8,M,10,Germany x Tajikistan,Non-Dormant,Litter,8-BS_ND_F,2,9/10/20,2.08,0,0,0,0,0,0,0,0,0,0,0,0,0
8,M,10,Germany x Tajikistan,Non-Dormant,Litter,8-BS_ND_F,2,9/18/20,2.09,0,0,0,0,0,0,0,0,0,0,0,0,0
8,M,10,Germany x Tajikistan,Non-Dormant,Litter,8-BS_ND_F,2,10/2/20,2.1,2,0,0,0,0,0,5,0,0,0,0,0,7
8,M,10,Germany x Tajikistan,Non-Dormant,Litter,8-BS_ND_F,2,10/19/20,2.11,0,0,0,0,0,0,2,0,0,0,0,0,2
8,M,10,Germany x Tajikistan,Non-Dormant,Litter,8-BS_ND_F,2,10/30/20,2.12,2,0,0,0,0,0,5,0,0,0,0,0,7
8,M,10,Germany x Tajikistan,Non-Dormant,Litter,8-BS_ND_F,2,11/13/20,2.13,0,0,0,0,0,0,10,0,0,0,0,0,10
8,M,10,Germany x Tajikistan,Non-Dormant,Litter,8-BS_ND_F,2,12/1/20,2.14,0,0,0,0,0,0,0,0,0,0,0,0,0
8,M,10,Germany x Tajikistan,Non-Dormant,Litter,8-BS_ND_F,2,12/15/20,2.15,0,0,0,0,0,0,0,0,0,0,0,0,0
8,M,10,Germany x Tajikistan,Non-Dormant,Litter,8-BS_ND_F,2,1/12/21,2.16,0,0,0,0,0,0,0,0,0,0,0,0,0
8,M,10,Germany x Tajikistan,Non-Dormant,Litter,8-BS_ND_F,2,2/1/21,2.17,0,0,0,0,0,0,0,0,0,0,0,0,0
8,M,10,Germany x Tajikistan,Non-Dormant,Litter,8-BS_ND_F,2,2/25/21,2.18,0,0,0,0,0,0,0,0,0,0,0,0,0
8,M,10,Germany x Tajikistan,Non-Dormant,Litter,8-BS_ND_F,2,3/8/21,2.19,0,0,0,0,0,0,0,0,0,0,0,0,0
8,M,10,Germany x Tajikistan,Non-Dormant,Litter,8-BS_ND_F,2,3/26/21,2.2,0,0,0,0,0,0,0,0,0,0,0,0,0
8,M,10,Germany x Tajikistan,Non-Dormant,Litter,8-BS_ND_F,2,4/8/21,2.21,0,0,0,0,0,0,0,0,0,0,0,0,0
8,M,11,Italy x Sweden,Mixed,Litter,8-IS_M_F,1,6/12/19,1.01,4,0,0,0,0,0,NA,NA,NA,NA,NA,NA,4
8,M,11,Italy x Sweden,Mixed,Litter,8-IS_M_F,1,6/16/19,1.02,2,0,0,0,0,0,NA,NA,NA,NA,NA,NA,2
8,M,11,Italy x Sweden,Mixed,Litter,8-IS_M_F,1,6/26/19,1.03,0,1,0,0,0,0,NA,6,0,0,0,0,7
8,M,11,Italy x Sweden,Mixed,Litter,8-IS_M_F,1,7/3/19,1.04,0,0,0,0,0,0,NA,2,0,0,0,0,2
8,M,11,Italy x Sweden,Mixed,Litter,8-IS_M_F,1,7/10/19,1.05,NA,0,0,0,0,0,NA,2,0,0,0,0,2
8,M,11,Italy x Sweden,Mixed,Litter,8-IS_M_F,1,7/17/19,1.06,0,0,0,0,0,0,NA,2,0,0,0,0,2
8,M,11,Italy x Sweden,Mixed,Litter,8-IS_M_F,1,7/24/19,1.07,0,0,0,0,0,0,NA,2,0,0,0,0,2
8,M,11,Italy x Sweden,Mixed,Litter,8-IS_M_F,1,7/31/19,1.08,0,0,0,0,0,0,NA,0,0,0,0,0,0
8,M,11,Italy x Sweden,Mixed,Litter,8-IS_M_F,1,8/7/19,1.09,0,0,0,0,0,0,NA,0,0,0,0,0,0
8,M,11,Italy x Sweden,Mixed,Litter,8-IS_M_F,1,8/15/19,1.1,0,0,0,0,0,0,NA,0,0,0,0,0,0
8,M,11,Italy x Sweden,Mixed,Litter,8-IS_M_F,1,8/20/19,1.11,0,0,0,0,0,0,NA,0,0,0,0,0,0
8,M,11,Italy x Sweden,Mixed,Litter,8-IS_M_F,1,8/28/19,1.12,0,0,0,0,0,0,NA,0,0,0,0,0,0
8,M,11,Italy x Sweden,Mixed,Litter,8-IS_M_F,1,9/4/19,1.13,0,0,0,0,0,0,NA,0,0,0,0,0,0
8,M,11,Italy x Sweden,Mixed,Litter,8-IS_M_F,1,9/11/19,1.14,0,0,0,0,0,0,NA,0,0,0,0,0,0
8,M,11,Italy x Sweden,Mixed,Litter,8-IS_M_F,1,9/18/19,1.15,0,0,0,0,0,0,NA,0,0,0,0,0,0
8,M,11,Italy x Sweden,Mixed,Litter,8-IS_M_F,1,9/25/19,1.16,0,0,0,0,0,0,NA,0,0,0,0,0,0
8,M,11,Italy x Sweden,Mixed,Litter,8-IS_M_F,1,10/2/19,1.17,0,0,0,0,0,0,NA,0,0,0,0,0,0
8,M,11,Italy x Sweden,Mixed,Litter,8-IS_M_F,1,10/9/19,1.18,0,0,0,0,0,0,NA,0,0,0,0,0,0
8,M,11,Italy x Sweden,Mixed,Litter,8-IS_M_F,1,10/18/19,1.19,0,0,0,0,0,0,NA,NA,NA,NA,NA,0,0
8,M,11,Italy x Sweden,Mixed,Litter,8-IS_M_F,1,10/23/19,1.2,2,0,0,0,0,0,NA,NA,NA,NA,NA,0,2
8,M,11,Italy x Sweden,Mixed,Litter,8-IS_M_F,1,11/6/19,1.22,1,1,0,0,0,0,NA,NA,NA,NA,NA,0,2
8,M,11,Italy x Sweden,Mixed,Litter,8-IS_M_F,1,11/20/19,1.23,0,1,0,0,0,0,NA,NA,NA,NA,NA,0,1
8,M,11,Italy x Sweden,Mixed,Litter,8-IS_M_F,1,12/4/19,1.24,0,5,0,0,0,0,NA,NA,NA,NA,NA,0,5
8,M,11,Italy x Sweden,Mixed,Litter,8-IS_M_F,1,12/20/19,1.25,0,1,0,0,0,0,NA,2,0,0,0,0,3
8,M,11,Italy x Sweden,Mixed,Litter,8-IS_M_F,1,2/10/20,1.26,0,0,0,0,0,0,NA,NA,0,0,0,0,0
8,M,11,Italy x Sweden,Mixed,Litter,8-IS_M_F,1,3/2/20,1.27,0,0,0,0,0,0,NA,NA,0,0,1,0,1
8,M,11,Italy x Sweden,Mixed,Litter,8-IS_M_F,1,5/5/20,1.29,0,0,0,0,0,0,NA,0,0,0,0,0,0
8,M,11,Italy x Sweden,Mixed,Litter,8-IS_M_F,2,5/27/20,2.01,0,0,0,0,0,0,0,0,0,0,0,0,0
8,M,11,Italy x Sweden,Mixed,Litter,8-IS_M_F,2,6/4/20,2.02,0,0,0,0,0,0,0,0,0,0,0,0,0
8,M,11,Italy x Sweden,Mixed,Litter,8-IS_M_F,2,7/23/20,2.03,0,0,0,0,0,0,0,0,0,0,0,0,0
8,M,11,Italy x Sweden,Mixed,Litter,8-IS_M_F,2,8/7/20,2.04,0,0,0,0,0,0,0,0,0,0,0,0,0
8,M,11,Italy x Sweden,Mixed,Litter,8-IS_M_F,2,8/13/20,2.05,0,0,0,0,0,0,0,0,0,0,0,0,0
8,M,11,Italy x Sweden,Mixed,Litter,8-IS_M_F,2,8/18/20,2.06,0,0,0,0,0,0,0,0,0,0,0,0,0
8,M,11,Italy x Sweden,Mixed,Litter,8-IS_M_F,2,8/25/20,2.07,0,0,0,0,0,0,0,0,0,0,0,0,0
8,M,11,Italy x Sweden,Mixed,Litter,8-IS_M_F,2,9/10/20,2.08,0,0,0,0,0,0,0,0,0,0,0,0,0
8,M,11,Italy x Sweden,Mixed,Litter,8-IS_M_F,2,9/18/20,2.09,0,0,0,0,0,0,0,0,0,0,0,0,0
8,M,11,Italy x Sweden,Mixed,Litter,8-IS_M_F,2,10/2/20,2.1,4,0,0,0,0,0,5,0,0,0,0,0,9
8,M,11,Italy x Sweden,Mixed,Litter,8-IS_M_F,2,10/19/20,2.11,17,0,0,0,0,0,15,0,0,0,0,0,32
8,M,11,Italy x Sweden,Mixed,Litter,8-IS_M_F,2,10/30/20,2.12,0,0,0,0,0,0,5,0,0,0,0,0,5
8,M,11,Italy x Sweden,Mixed,Litter,8-IS_M_F,2,11/13/20,2.13,2,0,0,0,0,0,5,0,0,0,0,0,7
8,M,11,Italy x Sweden,Mixed,Litter,8-IS_M_F,2,12/1/20,2.14,0,0,0,0,0,0,0,0,0,0,0,0,0
8,M,11,Italy x Sweden,Mixed,Litter,8-IS_M_F,2,12/15/20,2.15,0,0,0,0,0,0,0,0,0,0,0,0,0
8,M,11,Italy x Sweden,Mixed,Litter,8-IS_M_F,2,1/12/21,2.16,0,0,0,0,0,0,0,0,0,0,0,0,0
8,M,11,Italy x Sweden,Mixed,Litter,8-IS_M_F,2,2/1/21,2.17,2,0,0,0,0,0,2,0,0,0,0,0,4
8,M,11,Italy x Sweden,Mixed,Litter,8-IS_M_F,2,2/25/21,2.18,0,0,0,0,0,0,0,0,0,0,0,0,0
8,M,11,Italy x Sweden,Mixed,Litter,8-IS_M_F,2,3/8/21,2.19,0,0,0,0,0,0,0,0,0,0,0,0,0
8,M,11,Italy x Sweden,Mixed,Litter,8-IS_M_F,2,3/26/21,2.2,0,0,0,0,0,0,0,0,0,0,0,0,0
8,M,11,Italy x Sweden,Mixed,Litter,8-IS_M_F,2,4/8/21,2.21,0,0,0,0,0,0,0,0,0,0,0,0,0
8,M,11,Italy x Sweden,Mixed,Litter,8-IS_M_F,3,8/17/21,3.14,0,0,0,0,0,0,0,0,0,0,0,0,0
8,M,11,Italy x Sweden,Mixed,Litter,8-IS_M_F,3,8/25/21,3.15,0,0,0,0,0,0,0,0,0,0,0,0,0
8,M,11,Italy x Sweden,Mixed,Litter,8-IS_M_F,3,9/2/21,3.16,0,0,0,0,0,0,0,0,0,0,0,0,0
8,M,11,Italy x Sweden,Mixed,Litter,8-IS_M_F,3,9/8/21,3.17,0,0,0,0,0,0,0,0,0,0,0,0,0
8,M,11,Italy x Sweden,Mixed,Litter,8-IS_M_F,3,9/15/21,3.18,0,0,0,0,0,0,0,0,0,0,0,0,0
8,M,11,Italy x Sweden,Mixed,Litter,8-IS_M_F,3,9/22/21,3.19,0,0,0,0,0,0,0,0,0,0,0,0,0
8,M,11,Italy x Sweden,Mixed,Litter,8-IS_M_F,3,10/4/21,3.2,39,0,0,0,0,0,28,0,0,0,0,0,67
8,M,11,Italy x Sweden,Mixed,Litter,8-IS_M_F,3,10/16/21,3.21,5,41,0,0,0,0,7,43,0,0,0,0,96
8,M,11,Italy x Sweden,Mixed,Litter,8-IS_M_F,3,11/17/21,3.22,0,65,1,0,0,0,1,35,0,0,0,0,102
8,M,11,Italy x Sweden,Mixed,Litter,8-IS_M_F,3,12/9/21,3.23,0,45,0,0,0,0,0,55,0,0,0,0,0
8,M,12,Italy x Sweden,Non-Dormant,Native Soil,8-IS-ND-Soil,1,6/12/19,1.01,1,0,0,0,0,0,NA,NA,NA,NA,NA,NA,1
8,M,12,Italy x Sweden,Non-Dormant,Native Soil,8-IS-ND-Soil,1,6/16/19,1.02,0,0,0,0,0,0,NA,NA,NA,NA,NA,NA,0
8,M,12,Italy x Sweden,Non-Dormant,Native Soil,8-IS-ND-Soil,1,6/26/19,1.03,0,0,0,0,0,0,NA,0,0,0,0,0,0
8,M,12,Italy x Sweden,Non-Dormant,Native Soil,8-IS-ND-Soil,1,7/3/19,1.04,0,0,0,0,0,0,NA,0,0,0,0,0,0
8,M,12,Italy x Sweden,Non-Dormant,Native Soil,8-IS-ND-Soil,1,7/10/19,1.05,NA,0,0,0,0,0,NA,0,0,0,0,0,0
8,M,12,Italy x Sweden,Non-Dormant,Native Soil,8-IS-ND-Soil,1,7/17/19,1.06,0,0,0,0,0,0,NA,0,0,0,0,0,0
8,M,12,Italy x Sweden,Non-Dormant,Native Soil,8-IS-ND-Soil,1,7/24/19,1.07,0,0,0,0,0,0,NA,0,0,0,0,0,0
8,M,12,Italy x Sweden,Non-Dormant,Native Soil,8-IS-ND-Soil,1,7/31/19,1.08,0,0,0,0,0,0,NA,0,0,0,0,0,0
8,M,12,Italy x Sweden,Non-Dormant,Native Soil,8-IS-ND-Soil,1,8/7/19,1.09,0,0,0,0,0,0,NA,0,0,0,0,0,0
8,M,12,Italy x Sweden,Non-Dormant,Native Soil,8-IS-ND-Soil,1,8/15/19,1.1,0,0,0,0,0,0,NA,0,0,0,0,0,0
8,M,12,Italy x Sweden,Non-Dormant,Native Soil,8-IS-ND-Soil,1,8/20/19,1.11,0,0,0,0,0,0,NA,0,0,0,0,0,0
8,M,12,Italy x Sweden,Non-Dormant,Native Soil,8-IS-ND-Soil,1,8/28/19,1.12,0,0,0,0,0,0,NA,0,0,0,0,0,0
8,M,12,Italy x Sweden,Non-Dormant,Native Soil,8-IS-ND-Soil,1,9/4/19,1.13,0,0,0,0,0,0,NA,0,0,0,0,0,0
8,M,12,Italy x Sweden,Non-Dormant,Native Soil,8-IS-ND-Soil,1,9/11/19,1.14,0,0,0,0,0,0,NA,0,0,0,0,0,0
8,M,12,Italy x Sweden,Non-Dormant,Native Soil,8-IS-ND-Soil,1,9/18/19,1.15,0,0,0,0,0,0,NA,0,0,0,0,0,0
8,M,12,Italy x Sweden,Non-Dormant,Native Soil,8-IS-ND-Soil,1,9/25/19,1.16,0,0,0,0,0,0,NA,0,0,0,0,0,0
8,M,12,Italy x Sweden,Non-Dormant,Native Soil,8-IS-ND-Soil,1,10/2/19,1.17,0,0,0,0,0,0,NA,0,0,0,0,0,0
8,M,12,Italy x Sweden,Non-Dormant,Native Soil,8-IS-ND-Soil,1,10/9/19,1.18,0,0,0,0,0,0,NA,0,0,0,0,0,0
8,M,12,Italy x Sweden,Non-Dormant,Native Soil,8-IS-ND-Soil,1,10/18/19,1.19,0,0,0,0,0,0,NA,NA,NA,NA,NA,0,0
8,M,12,Italy x Sweden,Non-Dormant,Native Soil,8-IS-ND-Soil,1,10/23/19,1.2,2,0,0,0,0,0,NA,NA,NA,NA,NA,0,2
8,M,12,Italy x Sweden,Non-Dormant,Native Soil,8-IS-ND-Soil,1,11/6/19,1.22,1,2,0,0,0,0,NA,NA,NA,NA,NA,0,3
8,M,12,Italy x Sweden,Non-Dormant,Native Soil,8-IS-ND-Soil,1,11/20/19,1.23,0,2,0,0,0,0,NA,NA,NA,NA,NA,0,2
8,M,12,Italy x Sweden,Non-Dormant,Native Soil,8-IS-ND-Soil,1,12/4/19,1.24,0,2,0,0,0,0,NA,NA,NA,NA,NA,0,2
8,M,12,Italy x Sweden,Non-Dormant,Native Soil,8-IS-ND-Soil,1,12/20/19,1.25,2,2,0,0,0,0,NA,6,0,0,0,0,10
8,M,12,Italy x Sweden,Non-Dormant,Native Soil,8-IS-ND-Soil,1,2/10/20,1.26,0,3,1,0,0,0,NA,NA,0,0,1,0,5
8,M,12,Italy x Sweden,Non-Dormant,Native Soil,8-IS-ND-Soil,1,3/2/20,1.27,0,3,0,0,3,0,NA,NA,0,1,4,0,11
8,M,12,Italy x Sweden,Non-Dormant,Native Soil,8-IS-ND-Soil,1,5/5/20,1.29,0,0,0,0,0,13,NA,0,0,0,0,21,34
8,M,12,Italy x Sweden,Non-Dormant,Native Soil,8-IS-ND-Soil,2,5/27/20,2.01,21,0,0,0,0,0,26,0,0,0,0,0,47
8,M,12,Italy x Sweden,Non-Dormant,Native Soil,8-IS-ND-Soil,2,6/4/20,2.02,0,0,0,0,0,0,0,0,0,0,0,0,0
8,M,12,Italy x Sweden,Non-Dormant,Native Soil,8-IS-ND-Soil,2,7/23/20,2.03,0,0,0,0,0,0,0,0,0,0,0,0,0
8,M,12,Italy x Sweden,Non-Dormant,Native Soil,8-IS-ND-Soil,2,8/7/20,2.04,0,0,0,0,0,0,0,0,0,0,0,0,0
8,M,12,Italy x Sweden,Non-Dormant,Native Soil,8-IS-ND-Soil,2,8/13/20,2.05,0,0,0,0,0,0,0,0,0,0,0,0,0
8,M,12,Italy x Sweden,Non-Dormant,Native Soil,8-IS-ND-Soil,2,8/18/20,2.06,0,0,0,0,0,0,0,0,0,0,0,0,0
8,M,12,Italy x Sweden,Non-Dormant,Native Soil,8-IS-ND-Soil,2,8/25/20,2.07,0,0,0,0,0,0,0,0,0,0,0,0,0
8,M,12,Italy x Sweden,Non-Dormant,Native Soil,8-IS-ND-Soil,2,9/10/20,2.08,0,0,0,0,0,0,0,0,0,0,0,0,0
8,M,12,Italy x Sweden,Non-Dormant,Native Soil,8-IS-ND-Soil,2,9/18/20,2.09,0,0,0,0,0,0,0,0,0,0,0,0,0
8,M,12,Italy x Sweden,Non-Dormant,Native Soil,8-IS-ND-Soil,2,10/2/20,2.1,4,0,0,0,0,0,5,0,0,0,0,0,9
8,M,12,Italy x Sweden,Non-Dormant,Native Soil,8-IS-ND-Soil,2,10/19/20,2.11,0,0,0,0,0,0,10,0,0,0,0,0,10
8,M,12,Italy x Sweden,Non-Dormant,Native Soil,8-IS-ND-Soil,2,10/30/20,2.12,0,0,0,0,0,0,0,0,0,0,0,0,0
8,M,12,Italy x Sweden,Non-Dormant,Native Soil,8-IS-ND-Soil,2,11/13/20,2.13,1,0,0,0,0,0,0,0,0,0,0,0,1
8,M,12,Italy x Sweden,Non-Dormant,Native Soil,8-IS-ND-Soil,2,12/1/20,2.14,0,0,0,0,0,0,0,0,0,0,0,0,0
8,M,12,Italy x Sweden,Non-Dormant,Native Soil,8-IS-ND-Soil,2,12/15/20,2.15,0,0,0,0,0,0,0,0,0,0,0,0,0
8,M,12,Italy x Sweden,Non-Dormant,Native Soil,8-IS-ND-Soil,2,1/12/21,2.16,0,0,0,0,0,0,0,0,0,0,0,0,0
8,M,12,Italy x Sweden,Non-Dormant,Native Soil,8-IS-ND-Soil,2,2/1/21,2.17,0,0,0,0,0,0,0,5,0,0,0,0,5
8,M,12,Italy x Sweden,Non-Dormant,Native Soil,8-IS-ND-Soil,2,2/25/21,2.18,0,0,0,0,0,0,0,1,0,0,0,0,1
8,M,12,Italy x Sweden,Non-Dormant,Native Soil,8-IS-ND-Soil,2,3/8/21,2.19,0,0,0,0,0,0,0,0,0,0,0,0,0
8,M,12,Italy x Sweden,Non-Dormant,Native Soil,8-IS-ND-Soil,2,3/26/21,2.2,0,0,0,0,0,0,0,0,0,0,0,0,0
8,M,12,Italy x Sweden,Non-Dormant,Native Soil,8-IS-ND-Soil,2,4/8/21,2.21,0,0,0,0,0,0,0,0,0,1,3,0,4
8,M,12,Italy x Sweden,Non-Dormant,Native Soil,8-IS-ND-Soil,3,8/17/21,3.14,0,0,0,0,0,0,0,0,0,0,0,0,0
8,M,12,Italy x Sweden,Non-Dormant,Native Soil,8-IS-ND-Soil,3,8/25/21,3.15,0,0,0,0,0,0,0,0,0,0,0,0,0
8,M,12,Italy x Sweden,Non-Dormant,Native Soil,8-IS-ND-Soil,3,9/2/21,3.16,0,0,0,0,0,0,0,0,0,0,0,0,0
8,M,12,Italy x Sweden,Non-Dormant,Native Soil,8-IS-ND-Soil,3,9/8/21,3.17,0,0,0,0,0,0,0,0,0,0,0,0,0
8,M,12,Italy x Sweden,Non-Dormant,Native Soil,8-IS-ND-Soil,3,9/15/21,3.18,0,0,0,0,0,0,0,0,0,0,0,0,0
8,M,12,Italy x Sweden,Non-Dormant,Native Soil,8-IS-ND-Soil,3,9/22/21,3.19,0,0,0,0,0,0,0,0,0,0,0,0,0
8,M,12,Italy x Sweden,Non-Dormant,Native Soil,8-IS-ND-Soil,3,10/4/21,3.2,0,0,0,0,0,0,0,0,0,0,0,0,0
8,M,12,Italy x Sweden,Non-Dormant,Native Soil,8-IS-ND-Soil,3,10/16/21,3.21,0,0,0,0,0,0,0,0,0,0,0,0,0
8,M,12,Italy x Sweden,Non-Dormant,Native Soil,8-IS-ND-Soil,3,11/17/21,3.22,0,0,0,0,0,0,0,0,0,0,0,0,0
8,M,12,Italy x Sweden,Non-Dormant,Native Soil,8-IS-ND-Soil,3,12/9/21,3.23,0,0,0,0,0,0,0,0,0,0,0,0,0
8,M,13,Italy x Sweden,Mixed,Native Soil,8-IS-M-Soil,1,6/12/19,1.01,1,0,0,0,0,0,NA,NA,NA,NA,NA,NA,1
8,M,13,Italy x Sweden,Mixed,Native Soil,8-IS-M-Soil,1,6/16/19,1.02,0,0,0,0,0,0,NA,NA,NA,NA,NA,NA,0
8,M,13,Italy x Sweden,Mixed,Native Soil,8-IS-M-Soil,1,6/26/19,1.03,0,0,0,0,0,0,NA,0,0,0,0,0,0
8,M,13,Italy x Sweden,Mixed,Native Soil,8-IS-M-Soil,1,7/3/19,1.04,0,0,0,0,0,0,NA,0,0,0,0,0,0
8,M,13,Italy x Sweden,Mixed,Native Soil,8-IS-M-Soil,1,7/10/19,1.05,NA,0,0,0,0,0,NA,0,0,0,0,0,0
8,M,13,Italy x Sweden,Mixed,Native Soil,8-IS-M-Soil,1,7/17/19,1.06,0,0,0,0,0,0,NA,0,0,0,0,0,0
8,M,13,Italy x Sweden,Mixed,Native Soil,8-IS-M-Soil,1,7/24/19,1.07,0,0,0,0,0,0,NA,0,0,0,0,0,0
8,M,13,Italy x Sweden,Mixed,Native Soil,8-IS-M-Soil,1,7/31/19,1.08,0,0,0,0,0,0,NA,0,0,0,0,0,0
8,M,13,Italy x Sweden,Mixed,Native Soil,8-IS-M-Soil,1,8/7/19,1.09,0,0,0,0,0,0,NA,0,0,0,0,0,0
8,M,13,Italy x Sweden,Mixed,Native Soil,8-IS-M-Soil,1,8/15/19,1.1,0,0,0,0,0,0,NA,0,0,0,0,0,0
8,M,13,Italy x Sweden,Mixed,Native Soil,8-IS-M-Soil,1,8/20/19,1.11,0,0,0,0,0,0,NA,0,0,0,0,0,0
8,M,13,Italy x Sweden,Mixed,Native Soil,8-IS-M-Soil,1,8/28/19,1.12,0,0,0,0,0,0,NA,0,0,0,0,0,0
8,M,13,Italy x Sweden,Mixed,Native Soil,8-IS-M-Soil,1,9/4/19,1.13,0,0,0,0,0,0,NA,0,0,0,0,0,0
8,M,13,Italy x Sweden,Mixed,Native Soil,8-IS-M-Soil,1,9/11/19,1.14,0,0,0,0,0,0,NA,0,0,0,0,0,0
8,M,13,Italy x Sweden,Mixed,Native Soil,8-IS-M-Soil,1,9/18/19,1.15,0,0,0,0,0,0,NA,0,0,0,0,0,0
8,M,13,Italy x Sweden,Mixed,Native Soil,8-IS-M-Soil,1,9/25/19,1.16,0,0,0,0,0,0,NA,0,0,0,0,0,0
8,M,13,Italy x Sweden,Mixed,Native Soil,8-IS-M-Soil,1,10/2/19,1.17,0,0,0,0,0,0,NA,0,0,0,0,0,0
8,M,13,Italy x Sweden,Mixed,Native Soil,8-IS-M-Soil,1,10/9/19,1.18,0,0,0,0,0,0,NA,0,0,0,0,0,0
8,M,13,Italy x Sweden,Mixed,Native Soil,8-IS-M-Soil,1,10/18/19,1.19,0,0,0,0,0,0,NA,NA,NA,NA,NA,0,0
8,M,13,Italy x Sweden,Mixed,Native Soil,8-IS-M-Soil,1,10/23/19,1.2,4,0,0,0,0,0,NA,NA,NA,NA,NA,0,4
8,M,13,Italy x Sweden,Mixed,Native Soil,8-IS-M-Soil,1,11/6/19,1.22,1,7,0,0,0,0,NA,NA,NA,NA,NA,0,8
8,M,13,Italy x Sweden,Mixed,Native Soil,8-IS-M-Soil,1,11/20/19,1.23,1,6,0,0,0,0,NA,NA,NA,NA,NA,0,7
8,M,13,Italy x Sweden,Mixed,Native Soil,8-IS-M-Soil,1,12/4/19,1.24,3,8,0,0,0,0,NA,NA,NA,NA,NA,0,11
8,M,13,Italy x Sweden,Mixed,Native Soil,8-IS-M-Soil,1,12/20/19,1.25,18,8,0,0,0,0,NA,20,0,0,0,0,46
8,M,13,Italy x Sweden,Mixed,Native Soil,8-IS-M-Soil,1,2/10/20,1.26,0,12,1,3,3,0,NA,NA,0,11,6,0,36
8,M,13,Italy x Sweden,Mixed,Native Soil,8-IS-M-Soil,1,3/2/20,1.27,0,9,0,0,6,0,NA,NA,1,1,30,0,47
8,M,13,Italy x Sweden,Mixed,Native Soil,8-IS-M-Soil,1,5/5/20,1.29,0,0,0,0,0,28,NA,0,0,0,0,18,46
8,M,13,Italy x Sweden,Mixed,Native Soil,8-IS-M-Soil,2,5/27/20,2.01,10,0,0,0,0,0,24,0,0,0,0,0,34
8,M,13,Italy x Sweden,Mixed,Native Soil,8-IS-M-Soil,2,6/4/20,2.02,0,0,0,0,0,0,0,0,0,0,0,0,0
8,M,13,Italy x Sweden,Mixed,Native Soil,8-IS-M-Soil,2,7/23/20,2.03,0,0,0,0,0,0,0,0,0,0,0,0,0
8,M,13,Italy x Sweden,Mixed,Native Soil,8-IS-M-Soil,2,8/7/20,2.04,0,0,0,0,0,0,0,0,0,0,0,0,0
8,M,13,Italy x Sweden,Mixed,Native Soil,8-IS-M-Soil,2,8/13/20,2.05,0,0,0,0,0,0,0,0,0,0,0,0,0
8,M,13,Italy x Sweden,Mixed,Native Soil,8-IS-M-Soil,2,8/18/20,2.06,0,0,0,0,0,0,0,0,0,0,0,0,0
8,M,13,Italy x Sweden,Mixed,Native Soil,8-IS-M-Soil,2,8/25/20,2.07,0,0,0,0,0,0,0,0,0,0,0,0,0
8,M,13,Italy x Sweden,Mixed,Native Soil,8-IS-M-Soil,2,9/10/20,2.08,0,0,0,0,0,0,0,0,0,0,0,0,0
8,M,13,Italy x Sweden,Mixed,Native Soil,8-IS-M-Soil,2,9/18/20,2.09,0,0,0,0,0,0,0,0,0,0,0,0,0
8,M,13,Italy x Sweden,Mixed,Native Soil,8-IS-M-Soil,2,10/2/20,2.1,7,0,0,0,0,0,10,0,0,0,0,0,17
8,M,13,Italy x Sweden,Mixed,Native Soil,8-IS-M-Soil,2,10/19/20,2.11,0,0,0,0,0,0,5,0,0,0,0,0,5
8,M,13,Italy x Sweden,Mixed,Native Soil,8-IS-M-Soil,2,10/30/20,2.12,0,0,0,0,0,0,0,0,0,0,0,0,0
8,M,13,Italy x Sweden,Mixed,Native Soil,8-IS-M-Soil,2,11/13/20,2.13,0,0,0,0,0,0,0,0,0,0,0,0,0
8,M,13,Italy x Sweden,Mixed,Native Soil,8-IS-M-Soil,2,12/1/20,2.14,0,0,0,0,0,0,0,0,0,0,0,0,0
8,M,13,Italy x Sweden,Mixed,Native Soil,8-IS-M-Soil,2,12/15/20,2.15,0,0,0,0,0,0,0,0,0,0,0,0,0
8,M,13,Italy x Sweden,Mixed,Native Soil,8-IS-M-Soil,2,1/12/21,2.16,0,0,0,0,0,0,0,0,0,0,0,0,0
8,M,13,Italy x Sweden,Mixed,Native Soil,8-IS-M-Soil,2,2/1/21,2.17,0,0,0,0,0,0,0,0,0,0,0,0,0
8,M,13,Italy x Sweden,Mixed,Native Soil,8-IS-M-Soil,2,2/25/21,2.18,0,0,0,0,0,0,0,0,0,0,0,0,0
8,M,13,Italy x Sweden,Mixed,Native Soil,8-IS-M-Soil,2,3/8/21,2.19,0,0,0,0,0,0,0,0,0,0,0,0,0
8,M,13,Italy x Sweden,Mixed,Native Soil,8-IS-M-Soil,2,3/26/21,2.2,0,0,0,0,0,0,0,0,0,2,10,0,12
8,M,13,Italy x Sweden,Mixed,Native Soil,8-IS-M-Soil,2,4/8/21,2.21,0,0,0,0,0,0,0,0,0,0,6,0,6
8,M,13,Italy x Sweden,Mixed,Native Soil,8-IS-M-Soil,3,8/17/21,3.14,0,0,0,0,0,0,0,0,0,0,0,0,0
8,M,13,Italy x Sweden,Mixed,Native Soil,8-IS-M-Soil,3,8/25/21,3.15,0,0,0,0,0,0,0,0,0,0,0,0,0
8,M,13,Italy x Sweden,Mixed,Native Soil,8-IS-M-Soil,3,9/2/21,3.16,0,0,0,0,0,0,0,0,0,0,0,0,0
8,M,13,Italy x Sweden,Mixed,Native Soil,8-IS-M-Soil,3,9/8/21,3.17,0,0,0,0,0,0,0,0,0,0,0,0,0
8,M,13,Italy x Sweden,Mixed,Native Soil,8-IS-M-Soil,3,9/15/21,3.18,0,0,0,0,0,0,0,0,0,0,0,0,0
8,M,13,Italy x Sweden,Mixed,Native Soil,8-IS-M-Soil,3,9/22/21,3.19,0,0,0,0,0,0,0,0,0,0,0,0,0
8,M,13,Italy x Sweden,Mixed,Native Soil,8-IS-M-Soil,3,10/4/21,3.2,0,0,0,0,0,0,0,0,0,0,0,0,0
8,M,13,Italy x Sweden,Mixed,Native Soil,8-IS-M-Soil,3,10/16/21,3.21,1,0,0,0,0,0,48,14,0,0,0,0,63
8,M,13,Italy x Sweden,Mixed,Native Soil,8-IS-M-Soil,3,11/17/21,3.22,0,0,0,0,0,0,3,15,0,0,0,0,18
8,M,13,Italy x Sweden,Mixed,Native Soil,8-IS-M-Soil,3,12/9/21,3.23,1,1,0,0,0,0,2,9,0,0,0,0,0