Block,PopId,RILSet,Dormancy,Envt,Ident,CensusN,Newsdls,Year,Date,JulianDate
1,A_0,Italy x Sweden,Dormant,Litter,1-IS_D_F,1.01,0,1,2019-06-12,163
1,A_0,Italy x Sweden,Dormant,Litter,1-IS_D_F,1.02,0,1,2019-06-16,167
1,A_0,Italy x Sweden,Dormant,Litter,1-IS_D_F,1.03,0,1,2019-06-26,177
1,A_0,Italy x Sweden,Dormant,Litter,1-IS_D_F,1.04,0,1,2019-07-03,184
1,A_0,Italy x Sweden,Dormant,Litter,1-IS_D_F,1.05,NA,1,2019-07-10,191
1,A_0,Italy x Sweden,Dormant,Litter,1-IS_D_F,1.06,NA,1,2019-07-17,198
1,A_0,Italy x Sweden,Dormant,Litter,1-IS_D_F,1.07,0,1,2019-07-24,205
1,A_0,Italy x Sweden,Dormant,Litter,1-IS_D_F,1.08,0,1,2019-07-31,212
1,A_0,Italy x Sweden,Dormant,Litter,1-IS_D_F,1.09,0,1,2019-08-07,219
1,A_0,Italy x Sweden,Dormant,Litter,1-IS_D_F,1.1,0,1,2019-08-15,227
1,A_0,Italy x Sweden,Dormant,Litter,1-IS_D_F,1.11,0,1,2019-08-20,232
1,A_0,Italy x Sweden,Dormant,Litter,1-IS_D_F,1.12,0,1,2019-08-28,240
1,A_0,Italy x Sweden,Dormant,Litter,1-IS_D_F,1.13,0,1,2019-09-04,247
1,A_0,Italy x Sweden,Dormant,Litter,1-IS_D_F,1.14,0,1,2019-09-11,254
1,A_0,Italy x Sweden,Dormant,Litter,1-IS_D_F,1.15,0,1,2019-09-18,261
1,A_0,Italy x Sweden,Dormant,Litter,1-IS_D_F,1.16,0,1,2019-09-25,268
1,A_0,Italy x Sweden,Dormant,Litter,1-IS_D_F,1.17,0,1,2019-10-02,275
1,A_0,Italy x Sweden,Dormant,Litter,1-IS_D_F,1.18,0,1,2019-10-09,282
1,A_0,Italy x Sweden,Dormant,Litter,1-IS_D_F,1.19,0,1,2019-10-18,291
1,A_0,Italy x Sweden,Dormant,Litter,1-IS_D_F,1.2,15,1,2019-10-23,296
1,A_0,Italy x Sweden,Dormant,Litter,1-IS_D_F,1.22,4,1,2019-11-06,310
1,A_0,Italy x Sweden,Dormant,Litter,1-IS_D_F,1.23,0,1,2019-11-20,324
1,A_0,Italy x Sweden,Dormant,Litter,1-IS_D_F,1.24,8,1,2019-12-04,338
1,A_0,Italy x Sweden,Dormant,Litter,1-IS_D_F,1.25,31,1,2019-12-20,354
1,A_0,Italy x Sweden,Dormant,Litter,1-IS_D_F,1.26,2,1,2020-02-10,41
1,A_0,Italy x Sweden,Dormant,Litter,1-IS_D_F,1.27,0,1,2020-03-02,62
1,A_0,Italy x Sweden,Dormant,Litter,1-IS_D_F,1.29,0,1,2020-05-05,126
1,A_0,Italy x Sweden,Dormant,Litter,1-IS_D_F,2.01,0,2,2020-05-27,148
1,A_0,Italy x Sweden,Dormant,Litter,1-IS_D_F,2.02,0,2,2020-06-04,156
1,A_0,Italy x Sweden,Dormant,Litter,1-IS_D_F,2.03,0,2,2020-07-23,205
1,A_0,Italy x Sweden,Dormant,Litter,1-IS_D_F,2.04,0,2,2020-08-07,220
1,A_0,Italy x Sweden,Dormant,Litter,1-IS_D_F,2.05,0,2,2020-08-13,226
1,A_0,Italy x Sweden,Dormant,Litter,1-IS_D_F,2.06,0,2,2020-08-18,231
1,A_0,Italy x Sweden,Dormant,Litter,1-IS_D_F,2.07,0,2,2020-08-25,238
1,A_0,Italy x Sweden,Dormant,Litter,1-IS_D_F,2.08,0,2,2020-09-04,248
1,A_0,Italy x Sweden,Dormant,Litter,1-IS_D_F,2.09,0,2,2020-09-16,260
1,A_0,Italy x Sweden,Dormant,Litter,1-IS_D_F,2.1,18,2,2020-10-02,276
1,A_0,Italy x Sweden,Dormant,Litter,1-IS_D_F,2.11,0,2,2020-10-19,293
1,A_0,Italy x Sweden,Dormant,Litter,1-IS_D_F,2.12,0,2,2020-10-30,304
1,A_0,Italy x Sweden,Dormant,Litter,1-IS_D_F,2.13,0,2,2020-11-13,318
1,A_0,Italy x Sweden,Dormant,Litter,1-IS_D_F,2.14,0,2,2020-12-02,337
1,A_0,Italy x Sweden,Dormant,Litter,1-IS_D_F,2.15,0,2,2020-12-17,352
1,A_0,Italy x Sweden,Dormant,Litter,1-IS_D_F,2.16,0,2,2021-01-15,15
1,A_0,Italy x Sweden,Dormant,Litter,1-IS_D_F,2.17,0,2,2021-02-01,32
1,A_0,Italy x Sweden,Dormant,Litter,1-IS_D_F,2.18,0,2,2021-02-25,56
1,A_0,Italy x Sweden,Dormant,Litter,1-IS_D_F,2.19,0,2,2021-03-08,67
1,A_0,Italy x Sweden,Dormant,Litter,1-IS_D_F,2.2,0,2,2021-03-25,84
1,A_0,Italy x Sweden,Dormant,Litter,1-IS_D_F,2.21,0,2,2021-04-08,98
1,A_0,Italy x Sweden,Dormant,Litter,1-IS_D_F,3.14,0,3,2021-08-17,229
1,A_0,Italy x Sweden,Dormant,Litter,1-IS_D_F,3.15,0,3,2021-08-25,237
1,A_0,Italy x Sweden,Dormant,Litter,1-IS_D_F,3.16,0,3,2021-09-02,245
1,A_0,Italy x Sweden,Dormant,Litter,1-IS_D_F,3.17,0,3,2021-09-08,251
1,A_0,Italy x Sweden,Dormant,Litter,1-IS_D_F,3.18,0,3,2021-09-15,258
1,A_0,Italy x Sweden,Dormant,Litter,1-IS_D_F,3.19,0,3,2021-09-22,265
1,A_0,Italy x Sweden,Dormant,Litter,1-IS_D_F,3.2,0,3,2021-09-27,270
1,A_0,Italy x Sweden,Dormant,Litter,1-IS_D_F,3.21,65,3,2021-10-11,284
1,A_0,Italy x Sweden,Dormant,Litter,1-IS_D_F,3.22,8,3,2021-11-08,312
1,A_0,Italy x Sweden,Dormant,Litter,1-IS_D_F,3.23,0,3,2021-12-17,351
1,A_1,Germany x Tajikistan,Dormant,Control,1-BS_D_C,1.01,NA,1,2019-06-12,163
1,A_1,Germany x Tajikistan,Dormant,Control,1-BS_D_C,1.02,NA,1,2019-06-16,167
1,A_1,Germany x Tajikistan,Dormant,Control,1-BS_D_C,1.03,NA,1,2019-06-26,177
1,A_1,Germany x Tajikistan,Dormant,Control,1-BS_D_C,1.04,NA,1,2019-07-03,184
1,A_1,Germany x Tajikistan,Dormant,Control,1-BS_D_C,1.05,NA,1,2019-07-10,191
1,A_1,Germany x Tajikistan,Dormant,Control,1-BS_D_C,1.06,NA,1,2019-07-17,198
1,A_1,Germany x Tajikistan,Dormant,Control,1-BS_D_C,1.07,0,1,2019-07-24,205
1,A_1,Germany x Tajikistan,Dormant,Control,1-BS_D_C,1.08,0,1,2019-07-31,212
1,A_1,Germany x Tajikistan,Dormant,Control,1-BS_D_C,1.09,0,1,2019-08-07,219
1,A_1,Germany x Tajikistan,Dormant,Control,1-BS_D_C,1.1,0,1,2019-08-15,227
1,A_1,Germany x Tajikistan,Dormant,Control,1-BS_D_C,1.11,0,1,2019-08-20,232
1,A_1,Germany x Tajikistan,Dormant,Control,1-BS_D_C,1.12,0,1,2019-08-28,240
1,A_1,Germany x Tajikistan,Dormant,Control,1-BS_D_C,1.13,0,1,2019-09-04,247
1,A_1,Germany x Tajikistan,Dormant,Control,1-BS_D_C,1.14,0,1,2019-09-11,254
1,A_1,Germany x Tajikistan,Dormant,Control,1-BS_D_C,1.15,0,1,2019-09-18,261
1,A_1,Germany x Tajikistan,Dormant,Control,1-BS_D_C,1.16,0,1,2019-09-25,268
1,A_1,Germany x Tajikistan,Dormant,Control,1-BS_D_C,1.17,0,1,2019-10-02,275
1,A_1,Germany x Tajikistan,Dormant,Control,1-BS_D_C,1.18,0,1,2019-10-09,282
1,A_1,Germany x Tajikistan,Dormant,Control,1-BS_D_C,1.19,0,1,2019-10-18,291
1,A_1,Germany x Tajikistan,Dormant,Control,1-BS_D_C,1.2,21,1,2019-10-23,296
1,A_1,Germany x Tajikistan,Dormant,Control,1-BS_D_C,1.22,0,1,2019-11-06,310
1,A_1,Germany x Tajikistan,Dormant,Control,1-BS_D_C,1.23,0,1,2019-11-20,324
1,A_1,Germany x Tajikistan,Dormant,Control,1-BS_D_C,1.24,0,1,2019-12-04,338
1,A_1,Germany x Tajikistan,Dormant,Control,1-BS_D_C,1.25,13,1,2019-12-20,354
1,A_1,Germany x Tajikistan,Dormant,Control,1-BS_D_C,1.26,0,1,2020-02-10,41
1,A_1,Germany x Tajikistan,Dormant,Control,1-BS_D_C,1.27,0,1,2020-03-02,62
1,A_1,Germany x Tajikistan,Dormant,Control,1-BS_D_C,1.29,0,1,2020-05-05,126
1,A_1,Germany x Tajikistan,Dormant,Control,1-BS_D_C,2.01,24,2,2020-05-27,148
1,A_1,Germany x Tajikistan,Dormant,Control,1-BS_D_C,2.02,0,2,2020-06-04,156
1,A_1,Germany x Tajikistan,Dormant,Control,1-BS_D_C,2.03,0,2,2020-07-23,205
1,A_1,Germany x Tajikistan,Dormant,Control,1-BS_D_C,2.04,0,2,2020-08-07,220
1,A_1,Germany x Tajikistan,Dormant,Control,1-BS_D_C,2.05,0,2,2020-08-13,226
1,A_1,Germany x Tajikistan,Dormant,Control,1-BS_D_C,2.06,0,2,2020-08-18,231
1,A_1,Germany x Tajikistan,Dormant,Control,1-BS_D_C,2.07,0,2,2020-08-25,238
1,A_1,Germany x Tajikistan,Dormant,Control,1-BS_D_C,2.08,267,2,2020-09-04,248
1,A_1,Germany x Tajikistan,Dormant,Control,1-BS_D_C,2.09,0,2,2020-09-16,260
1,A_1,Germany x Tajikistan,Dormant,Control,1-BS_D_C,2.1,0,2,2020-10-02,276
1,A_1,Germany x Tajikistan,Dormant,Control,1-BS_D_C,2.11,0,2,2020-10-19,293
1,A_1,Germany x Tajikistan,Dormant,Control,1-BS_D_C,2.12,0,2,2020-10-30,304
1,A_1,Germany x Tajikistan,Dormant,Control,1-BS_D_C,2.13,0,2,2020-11-13,318
1,A_1,Germany x Tajikistan,Dormant,Control,1-BS_D_C,2.14,0,2,2020-12-02,337
1,A_1,Germany x Tajikistan,Dormant,Control,1-BS_D_C,2.15,0,2,2020-12-17,352
1,A_1,Germany x Tajikistan,Dormant,Control,1-BS_D_C,2.16,0,2,2021-01-15,15
1,A_1,Germany x Tajikistan,Dormant,Control,1-BS_D_C,2.17,0,2,2021-02-01,32
1,A_1,Germany x Tajikistan,Dormant,Control,1-BS_D_C,2.18,0,2,2021-02-25,56
1,A_1,Germany x Tajikistan,Dormant,Control,1-BS_D_C,2.19,0,2,2021-03-08,67
1,A_1,Germany x Tajikistan,Dormant,Control,1-BS_D_C,2.2,0,2,2021-03-25,84
1,A_1,Germany x Tajikistan,Dormant,Control,1-BS_D_C,2.21,0,2,2021-04-08,98
1,A_1,Germany x Tajikistan,Dormant,Control,1-BS_D_C,3.14,0,3,2021-08-17,229
1,A_1,Germany x Tajikistan,Dormant,Control,1-BS_D_C,3.15,19,3,2021-08-25,237
1,A_1,Germany x Tajikistan,Dormant,Control,1-BS_D_C,3.16,0,3,2021-09-02,245
1,A_1,Germany x Tajikistan,Dormant,Control,1-BS_D_C,3.17,0,3,2021-09-08,251
1,A_1,Germany x Tajikistan,Dormant,Control,1-BS_D_C,3.18,0,3,2021-09-15,258
1,A_1,Germany x Tajikistan,Dormant,Control,1-BS_D_C,3.19,0,3,2021-09-22,265
1,A_1,Germany x Tajikistan,Dormant,Control,1-BS_D_C,3.2,46,3,2021-09-27,270
1,A_1,Germany x Tajikistan,Dormant,Control,1-BS_D_C,3.21,0,3,2021-10-11,284
1,A_1,Germany x Tajikistan,Dormant,Control,1-BS_D_C,3.22,9,3,2021-11-08,312
1,A_1,Germany x Tajikistan,Dormant,Control,1-BS_D_C,3.23,0,3,2021-12-17,351
1,A_2,UK x USA,Dormant,Control,1-TC_D_C,1.01,NA,1,2019-06-12,163
1,A_2,UK x USA,Dormant,Control,1-TC_D_C,1.02,NA,1,2019-06-16,167
1,A_2,UK x USA,Dormant,Control,1-TC_D_C,1.03,NA,1,2019-06-26,177
1,A_2,UK x USA,Dormant,Control,1-TC_D_C,1.04,NA,1,2019-07-03,184
1,A_2,UK x USA,Dormant,Control,1-TC_D_C,1.05,NA,1,2019-07-10,191
1,A_2,UK x USA,Dormant,Control,1-TC_D_C,1.06,NA,1,2019-07-17,198
1,A_2,UK x USA,Dormant,Control,1-TC_D_C,1.07,0,1,2019-07-24,205
1,A_2,UK x USA,Dormant,Control,1-TC_D_C,1.08,0,1,2019-07-31,212
1,A_2,UK x USA,Dormant,Control,1-TC_D_C,1.09,0,1,2019-08-07,219
1,A_2,UK x USA,Dormant,Control,1-TC_D_C,1.1,0,1,2019-08-15,227
1,A_2,UK x USA,Dormant,Control,1-TC_D_C,1.11,0,1,2019-08-20,232
1,A_2,UK x USA,Dormant,Control,1-TC_D_C,1.12,0,1,2019-08-28,240
1,A_2,UK x USA,Dormant,Control,1-TC_D_C,1.13,0,1,2019-09-04,247
1,A_2,UK x USA,Dormant,Control,1-TC_D_C,1.14,0,1,2019-09-11,254
1,A_2,UK x USA,Dormant,Control,1-TC_D_C,1.15,0,1,2019-09-18,261
1,A_2,UK x USA,Dormant,Control,1-TC_D_C,1.16,0,1,2019-09-25,268
1,A_2,UK x USA,Dormant,Control,1-TC_D_C,1.17,0,1,2019-10-02,275
1,A_2,UK x USA,Dormant,Control,1-TC_D_C,1.18,0,1,2019-10-09,282
1,A_2,UK x USA,Dormant,Control,1-TC_D_C,1.19,0,1,2019-10-18,291
1,A_2,UK x USA,Dormant,Control,1-TC_D_C,1.2,11,1,2019-10-23,296
1,A_2,UK x USA,Dormant,Control,1-TC_D_C,1.22,0,1,2019-11-06,310
1,A_2,UK x USA,Dormant,Control,1-TC_D_C,1.23,0,1,2019-11-20,324
1,A_2,UK x USA,Dormant,Control,1-TC_D_C,1.24,0,1,2019-12-04,338
1,A_2,UK x USA,Dormant,Control,1-TC_D_C,1.25,1,1,2019-12-20,354
1,A_2,UK x USA,Dormant,Control,1-TC_D_C,1.26,0,1,2020-02-10,41
1,A_2,UK x USA,Dormant,Control,1-TC_D_C,1.27,0,1,2020-03-02,62
1,A_2,UK x USA,Dormant,Control,1-TC_D_C,1.29,0,1,2020-05-05,126
1,A_2,UK x USA,Dormant,Control,1-TC_D_C,2.01,0,2,2020-05-27,148
1,A_2,UK x USA,Dormant,Control,1-TC_D_C,2.02,0,2,2020-06-04,156
1,A_2,UK x USA,Dormant,Control,1-TC_D_C,2.03,0,2,2020-07-23,205
1,A_2,UK x USA,Dormant,Control,1-TC_D_C,2.04,0,2,2020-08-07,220
1,A_2,UK x USA,Dormant,Control,1-TC_D_C,2.05,0,2,2020-08-13,226
1,A_2,UK x USA,Dormant,Control,1-TC_D_C,2.06,0,2,2020-08-18,231
1,A_2,UK x USA,Dormant,Control,1-TC_D_C,2.07,0,2,2020-08-25,238
1,A_2,UK x USA,Dormant,Control,1-TC_D_C,2.08,0,2,2020-09-04,248
1,A_2,UK x USA,Dormant,Control,1-TC_D_C,2.09,4,2,2020-09-16,260
1,A_2,UK x USA,Dormant,Control,1-TC_D_C,2.1,0,2,2020-10-02,276
1,A_2,UK x USA,Dormant,Control,1-TC_D_C,2.11,0,2,2020-10-19,293
1,A_2,UK x USA,Dormant,Control,1-TC_D_C,2.12,0,2,2020-10-30,304
1,A_2,UK x USA,Dormant,Control,1-TC_D_C,2.13,0,2,2020-11-13,318
1,A_2,UK x USA,Dormant,Control,1-TC_D_C,2.14,0,2,2020-12-02,337
1,A_2,UK x USA,Dormant,Control,1-TC_D_C,2.15,0,2,2020-12-17,352
1,A_2,UK x USA,Dormant,Control,1-TC_D_C,2.16,0,2,2021-01-15,15
1,A_2,UK x USA,Dormant,Control,1-TC_D_C,2.17,0,2,2021-02-01,32
1,A_2,UK x USA,Dormant,Control,1-TC_D_C,2.18,0,2,2021-02-25,56
1,A_2,UK x USA,Dormant,Control,1-TC_D_C,2.19,0,2,2021-03-08,67
1,A_2,UK x USA,Dormant,Control,1-TC_D_C,2.2,0,2,2021-03-25,84
1,A_2,UK x USA,Dormant,Control,1-TC_D_C,2.21,0,2,2021-04-08,98
1,A_2,UK x USA,Dormant,Control,1-TC_D_C,3.14,0,3,2021-08-17,229
1,A_2,UK x USA,Dormant,Control,1-TC_D_C,3.15,0,3,2021-08-25,237
1,A_2,UK x USA,Dormant,Control,1-TC_D_C,3.16,0,3,2021-09-02,245
1,A_2,UK x USA,Dormant,Control,1-TC_D_C,3.17,0,3,2021-09-08,251
1,A_2,UK x USA,Dormant,Control,1-TC_D_C,3.18,0,3,2021-09-15,258
1,A_2,UK x USA,Dormant,Control,1-TC_D_C,3.19,0,3,2021-09-22,265
1,A_2,UK x USA,Dormant,Control,1-TC_D_C,3.2,0,3,2021-09-27,270
1,A_2,UK x USA,Dormant,Control,1-TC_D_C,3.21,1,3,2021-10-11,284
1,A_2,UK x USA,Dormant,Control,1-TC_D_C,3.22,0,3,2021-11-08,312
1,A_2,UK x USA,Dormant,Control,1-TC_D_C,3.23,0,3,2021-12-17,351
1,A_3,Italy x Sweden,Non-Dormant,Litter,1-IS_ND_F,1.01,14,1,2019-06-12,163
1,A_3,Italy x Sweden,Non-Dormant,Litter,1-IS_ND_F,1.02,0,1,2019-06-16,167
1,A_3,Italy x Sweden,Non-Dormant,Litter,1-IS_ND_F,1.03,0,1,2019-06-26,177
1,A_3,Italy x Sweden,Non-Dormant,Litter,1-IS_ND_F,1.04,0,1,2019-07-03,184
1,A_3,Italy x Sweden,Non-Dormant,Litter,1-IS_ND_F,1.05,NA,1,2019-07-10,191
1,A_3,Italy x Sweden,Non-Dormant,Litter,1-IS_ND_F,1.06,NA,1,2019-07-17,198
1,A_3,Italy x Sweden,Non-Dormant,Litter,1-IS_ND_F,1.07,0,1,2019-07-24,205
1,A_3,Italy x Sweden,Non-Dormant,Litter,1-IS_ND_F,1.08,0,1,2019-07-31,212
1,A_3,Italy x Sweden,Non-Dormant,Litter,1-IS_ND_F,1.09,0,1,2019-08-07,219
1,A_3,Italy x Sweden,Non-Dormant,Litter,1-IS_ND_F,1.1,0,1,2019-08-15,227
1,A_3,Italy x Sweden,Non-Dormant,Litter,1-IS_ND_F,1.11,0,1,2019-08-20,232
1,A_3,Italy x Sweden,Non-Dormant,Litter,1-IS_ND_F,1.12,0,1,2019-08-28,240
1,A_3,Italy x Sweden,Non-Dormant,Litter,1-IS_ND_F,1.13,0,1,2019-09-04,247
1,A_3,Italy x Sweden,Non-Dormant,Litter,1-IS_ND_F,1.14,0,1,2019-09-11,254
1,A_3,Italy x Sweden,Non-Dormant,Litter,1-IS_ND_F,1.15,0,1,2019-09-18,261
1,A_3,Italy x Sweden,Non-Dormant,Litter,1-IS_ND_F,1.16,0,1,2019-09-25,268
1,A_3,Italy x Sweden,Non-Dormant,Litter,1-IS_ND_F,1.17,0,1,2019-10-02,275
1,A_3,Italy x Sweden,Non-Dormant,Litter,1-IS_ND_F,1.18,0,1,2019-10-09,282
1,A_3,Italy x Sweden,Non-Dormant,Litter,1-IS_ND_F,1.19,11,1,2019-10-18,291
1,A_3,Italy x Sweden,Non-Dormant,Litter,1-IS_ND_F,1.2,151,1,2019-10-23,296
1,A_3,Italy x Sweden,Non-Dormant,Litter,1-IS_ND_F,1.22,0,1,2019-11-06,310
1,A_3,Italy x Sweden,Non-Dormant,Litter,1-IS_ND_F,1.23,22,1,2019-11-20,324
1,A_3,Italy x Sweden,Non-Dormant,Litter,1-IS_ND_F,1.24,0,1,2019-12-04,338
1,A_3,Italy x Sweden,Non-Dormant,Litter,1-IS_ND_F,1.25,45,1,2019-12-20,354
1,A_3,Italy x Sweden,Non-Dormant,Litter,1-IS_ND_F,1.26,0,1,2020-02-10,41
1,A_3,Italy x Sweden,Non-Dormant,Litter,1-IS_ND_F,1.27,0,1,2020-03-02,62
1,A_3,Italy x Sweden,Non-Dormant,Litter,1-IS_ND_F,1.29,0,1,2020-05-05,126
1,A_3,Italy x Sweden,Non-Dormant,Litter,1-IS_ND_F,2.01,0,2,2020-05-27,148
1,A_3,Italy x Sweden,Non-Dormant,Litter,1-IS_ND_F,2.02,0,2,2020-06-04,156
1,A_3,Italy x Sweden,Non-Dormant,Litter,1-IS_ND_F,2.03,0,2,2020-07-23,205
1,A_3,Italy x Sweden,Non-Dormant,Litter,1-IS_ND_F,2.04,0,2,2020-08-07,220
1,A_3,Italy x Sweden,Non-Dormant,Litter,1-IS_ND_F,2.05,0,2,2020-08-13,226
1,A_3,Italy x Sweden,Non-Dormant,Litter,1-IS_ND_F,2.06,0,2,2020-08-18,231
1,A_3,Italy x Sweden,Non-Dormant,Litter,1-IS_ND_F,2.07,0,2,2020-08-25,238
1,A_3,Italy x Sweden,Non-Dormant,Litter,1-IS_ND_F,2.08,0,2,2020-09-04,248
1,A_3,Italy x Sweden,Non-Dormant,Litter,1-IS_ND_F,2.09,0,2,2020-09-16,260
1,A_3,Italy x Sweden,Non-Dormant,Litter,1-IS_ND_F,2.1,6,2,2020-10-02,276
1,A_3,Italy x Sweden,Non-Dormant,Litter,1-IS_ND_F,2.11,0,2,2020-10-19,293
1,A_3,Italy x Sweden,Non-Dormant,Litter,1-IS_ND_F,2.12,0,2,2020-10-30,304
1,A_3,Italy x Sweden,Non-Dormant,Litter,1-IS_ND_F,2.13,0,2,2020-11-13,318
1,A_3,Italy x Sweden,Non-Dormant,Litter,1-IS_ND_F,2.14,0,2,2020-12-02,337
1,A_3,Italy x Sweden,Non-Dormant,Litter,1-IS_ND_F,2.15,0,2,2020-12-17,352
1,A_3,Italy x Sweden,Non-Dormant,Litter,1-IS_ND_F,2.16,0,2,2021-01-15,15
1,A_3,Italy x Sweden,Non-Dormant,Litter,1-IS_ND_F,2.17,0,2,2021-02-01,32
1,A_3,Italy x Sweden,Non-Dormant,Litter,1-IS_ND_F,2.18,0,2,2021-02-25,56
1,A_3,Italy x Sweden,Non-Dormant,Litter,1-IS_ND_F,2.19,0,2,2021-03-08,67
1,A_3,Italy x Sweden,Non-Dormant,Litter,1-IS_ND_F,2.2,0,2,2021-03-25,84
1,A_3,Italy x Sweden,Non-Dormant,Litter,1-IS_ND_F,2.21,0,2,2021-04-08,98
1,A_3,Italy x Sweden,Non-Dormant,Litter,1-IS_ND_F,3.14,0,3,2021-08-17,229
1,A_3,Italy x Sweden,Non-Dormant,Litter,1-IS_ND_F,3.15,0,3,2021-08-25,237
1,A_3,Italy x Sweden,Non-Dormant,Litter,1-IS_ND_F,3.16,0,3,2021-09-02,245
1,A_3,Italy x Sweden,Non-Dormant,Litter,1-IS_ND_F,3.17,0,3,2021-09-08,251
1,A_3,Italy x Sweden,Non-Dormant,Litter,1-IS_ND_F,3.18,0,3,2021-09-15,258
1,A_3,Italy x Sweden,Non-Dormant,Litter,1-IS_ND_F,3.19,0,3,2021-09-22,265
1,A_3,Italy x Sweden,Non-Dormant,Litter,1-IS_ND_F,3.2,7,3,2021-09-27,270
1,A_3,Italy x Sweden,Non-Dormant,Litter,1-IS_ND_F,3.21,0,3,2021-10-11,284
1,A_3,Italy x Sweden,Non-Dormant,Litter,1-IS_ND_F,3.22,1,3,2021-11-08,312
1,A_3,Italy x Sweden,Non-Dormant,Litter,1-IS_ND_F,3.23,2,3,2021-12-17,351
1,A_4,Italy x Sweden,Mixed,High Humidity,1-IS_M_D,1.01,0,1,2019-06-12,163
1,A_4,Italy x Sweden,Mixed,High Humidity,1-IS_M_D,1.02,0,1,2019-06-16,167
1,A_4,Italy x Sweden,Mixed,High Humidity,1-IS_M_D,1.03,0,1,2019-06-26,177
1,A_4,Italy x Sweden,Mixed,High Humidity,1-IS_M_D,1.04,0,1,2019-07-03,184
1,A_4,Italy x Sweden,Mixed,High Humidity,1-IS_M_D,1.05,NA,1,2019-07-10,191
1,A_4,Italy x Sweden,Mixed,High Humidity,1-IS_M_D,1.06,NA,1,2019-07-17,198
1,A_4,Italy x Sweden,Mixed,High Humidity,1-IS_M_D,1.07,0,1,2019-07-24,205
1,A_4,Italy x Sweden,Mixed,High Humidity,1-IS_M_D,1.08,0,1,2019-07-31,212
1,A_4,Italy x Sweden,Mixed,High Humidity,1-IS_M_D,1.09,0,1,2019-08-07,219
1,A_4,Italy x Sweden,Mixed,High Humidity,1-IS_M_D,1.1,0,1,2019-08-15,227
1,A_4,Italy x Sweden,Mixed,High Humidity,1-IS_M_D,1.11,0,1,2019-08-20,232
1,A_4,Italy x Sweden,Mixed,High Humidity,1-IS_M_D,1.12,0,1,2019-08-28,240
1,A_4,Italy x Sweden,Mixed,High Humidity,1-IS_M_D,1.13,0,1,2019-09-04,247
1,A_4,Italy x Sweden,Mixed,High Humidity,1-IS_M_D,1.14,0,1,2019-09-11,254
1,A_4,Italy x Sweden,Mixed,High Humidity,1-IS_M_D,1.15,0,1,2019-09-18,261
1,A_4,Italy x Sweden,Mixed,High Humidity,1-IS_M_D,1.16,0,1,2019-09-25,268
1,A_4,Italy x Sweden,Mixed,High Humidity,1-IS_M_D,1.17,0,1,2019-10-02,275
1,A_4,Italy x Sweden,Mixed,High Humidity,1-IS_M_D,1.18,0,1,2019-10-09,282
1,A_4,Italy x Sweden,Mixed,High Humidity,1-IS_M_D,1.19,0,1,2019-10-18,291
1,A_4,Italy x Sweden,Mixed,High Humidity,1-IS_M_D,1.2,45,1,2019-10-23,296
1,A_4,Italy x Sweden,Mixed,High Humidity,1-IS_M_D,1.22,38,1,2019-11-06,310
1,A_4,Italy x Sweden,Mixed,High Humidity,1-IS_M_D,1.23,0,1,2019-11-20,324
1,A_4,Italy x Sweden,Mixed,High Humidity,1-IS_M_D,1.24,25,1,2019-12-04,338
1,A_4,Italy x Sweden,Mixed,High Humidity,1-IS_M_D,1.25,39,1,2019-12-20,354
1,A_4,Italy x Sweden,Mixed,High Humidity,1-IS_M_D,1.26,0,1,2020-02-10,41
1,A_4,Italy x Sweden,Mixed,High Humidity,1-IS_M_D,1.27,0,1,2020-03-02,62
1,A_4,Italy x Sweden,Mixed,High Humidity,1-IS_M_D,1.29,0,1,2020-05-05,126
1,A_4,Italy x Sweden,Mixed,High Humidity,1-IS_M_D,2.01,48,2,2020-05-27,148
1,A_4,Italy x Sweden,Mixed,High Humidity,1-IS_M_D,2.02,0,2,2020-06-04,156
1,A_4,Italy x Sweden,Mixed,High Humidity,1-IS_M_D,2.03,0,2,2020-07-23,205
1,A_4,Italy x Sweden,Mixed,High Humidity,1-IS_M_D,2.04,0,2,2020-08-07,220
1,A_4,Italy x Sweden,Mixed,High Humidity,1-IS_M_D,2.05,0,2,2020-08-13,226
1,A_4,Italy x Sweden,Mixed,High Humidity,1-IS_M_D,2.06,0,2,2020-08-18,231
1,A_4,Italy x Sweden,Mixed,High Humidity,1-IS_M_D,2.07,0,2,2020-08-25,238
1,A_4,Italy x Sweden,Mixed,High Humidity,1-IS_M_D,2.08,2,2,2020-09-04,248
1,A_4,Italy x Sweden,Mixed,High Humidity,1-IS_M_D,2.09,53,2,2020-09-16,260
1,A_4,Italy x Sweden,Mixed,High Humidity,1-IS_M_D,2.1,382,2,2020-10-02,276
1,A_4,Italy x Sweden,Mixed,High Humidity,1-IS_M_D,2.11,0,2,2020-10-19,293
1,A_4,Italy x Sweden,Mixed,High Humidity,1-IS_M_D,2.12,50,2,2020-10-30,304
1,A_4,Italy x Sweden,Mixed,High Humidity,1-IS_M_D,2.13,3,2,2020-11-13,318
1,A_4,Italy x Sweden,Mixed,High Humidity,1-IS_M_D,2.14,0,2,2020-12-02,337
1,A_4,Italy x Sweden,Mixed,High Humidity,1-IS_M_D,2.15,0,2,2020-12-17,352
1,A_4,Italy x Sweden,Mixed,High Humidity,1-IS_M_D,2.16,11,2,2021-01-15,15
1,A_4,Italy x Sweden,Mixed,High Humidity,1-IS_M_D,2.17,0,2,2021-02-01,32
1,A_4,Italy x Sweden,Mixed,High Humidity,1-IS_M_D,2.18,0,2,2021-02-25,56
1,A_4,Italy x Sweden,Mixed,High Humidity,1-IS_M_D,2.19,0,2,2021-03-08,67
1,A_4,Italy x Sweden,Mixed,High Humidity,1-IS_M_D,2.2,0,2,2021-03-25,84
1,A_4,Italy x Sweden,Mixed,High Humidity,1-IS_M_D,2.21,0,2,2021-04-08,98
1,A_4,Italy x Sweden,Mixed,High Humidity,1-IS_M_D,3.14,0,3,2021-08-17,229
1,A_4,Italy x Sweden,Mixed,High Humidity,1-IS_M_D,3.15,0,3,2021-08-25,237
1,A_4,Italy x Sweden,Mixed,High Humidity,1-IS_M_D,3.16,0,3,2021-09-02,245
1,A_4,Italy x Sweden,Mixed,High Humidity,1-IS_M_D,3.17,0,3,2021-09-08,251
1,A_4,Italy x Sweden,Mixed,High Humidity,1-IS_M_D,3.18,0,3,2021-09-15,258
1,A_4,Italy x Sweden,Mixed,High Humidity,1-IS_M_D,3.19,0,3,2021-09-22,265
1,A_4,Italy x Sweden,Mixed,High Humidity,1-IS_M_D,3.2,27,3,2021-09-27,270
1,A_4,Italy x Sweden,Mixed,High Humidity,1-IS_M_D,3.21,24,3,2021-10-11,284
1,A_4,Italy x Sweden,Mixed,High Humidity,1-IS_M_D,3.22,198,3,2021-11-08,312
1,A_4,Italy x Sweden,Mixed,High Humidity,1-IS_M_D,3.23,0,3,2021-12-17,351
2,A_5,Italy x Sweden,Mixed,Litter,2-IS_M_F,1.01,1,1,2019-06-12,163
2,A_5,Italy x Sweden,Mixed,Litter,2-IS_M_F,1.02,0,1,2019-06-16,167
2,A_5,Italy x Sweden,Mixed,Litter,2-IS_M_F,1.03,0,1,2019-06-26,177
2,A_5,Italy x Sweden,Mixed,Litter,2-IS_M_F,1.04,0,1,2019-07-03,184
2,A_5,Italy x Sweden,Mixed,Litter,2-IS_M_F,1.05,NA,1,2019-07-10,191
2,A_5,Italy x Sweden,Mixed,Litter,2-IS_M_F,1.06,NA,1,2019-07-17,198
2,A_5,Italy x Sweden,Mixed,Litter,2-IS_M_F,1.07,0,1,2019-07-24,205
2,A_5,Italy x Sweden,Mixed,Litter,2-IS_M_F,1.08,0,1,2019-07-31,212
2,A_5,Italy x Sweden,Mixed,Litter,2-IS_M_F,1.09,0,1,2019-08-07,219
2,A_5,Italy x Sweden,Mixed,Litter,2-IS_M_F,1.1,0,1,2019-08-15,227
2,A_5,Italy x Sweden,Mixed,Litter,2-IS_M_F,1.11,0,1,2019-08-20,232
2,A_5,Italy x Sweden,Mixed,Litter,2-IS_M_F,1.12,0,1,2019-08-28,240
2,A_5,Italy x Sweden,Mixed,Litter,2-IS_M_F,1.13,0,1,2019-09-04,247
2,A_5,Italy x Sweden,Mixed,Litter,2-IS_M_F,1.14,0,1,2019-09-11,254
2,A_5,Italy x Sweden,Mixed,Litter,2-IS_M_F,1.15,0,1,2019-09-18,261
2,A_5,Italy x Sweden,Mixed,Litter,2-IS_M_F,1.16,0,1,2019-09-25,268
2,A_5,Italy x Sweden,Mixed,Litter,2-IS_M_F,1.17,0,1,2019-10-02,275
2,A_5,Italy x Sweden,Mixed,Litter,2-IS_M_F,1.18,0,1,2019-10-09,282
2,A_5,Italy x Sweden,Mixed,Litter,2-IS_M_F,1.19,0,1,2019-10-18,291
2,A_5,Italy x Sweden,Mixed,Litter,2-IS_M_F,1.2,16,1,2019-10-23,296
2,A_5,Italy x Sweden,Mixed,Litter,2-IS_M_F,1.22,0,1,2019-11-06,310
2,A_5,Italy x Sweden,Mixed,Litter,2-IS_M_F,1.23,0,1,2019-11-20,324
2,A_5,Italy x Sweden,Mixed,Litter,2-IS_M_F,1.24,3,1,2019-12-04,338
2,A_5,Italy x Sweden,Mixed,Litter,2-IS_M_F,1.25,1,1,2019-12-20,354
2,A_5,Italy x Sweden,Mixed,Litter,2-IS_M_F,1.26,0,1,2020-02-10,41
2,A_5,Italy x Sweden,Mixed,Litter,2-IS_M_F,1.27,0,1,2020-03-02,62
2,A_5,Italy x Sweden,Mixed,Litter,2-IS_M_F,1.29,0,1,2020-05-05,126
2,A_5,Italy x Sweden,Mixed,Litter,2-IS_M_F,2.01,0,2,2020-05-27,148
2,A_5,Italy x Sweden,Mixed,Litter,2-IS_M_F,2.02,0,2,2020-06-04,156
2,A_5,Italy x Sweden,Mixed,Litter,2-IS_M_F,2.03,0,2,2020-07-23,205
2,A_5,Italy x Sweden,Mixed,Litter,2-IS_M_F,2.04,0,2,2020-08-07,220
2,A_5,Italy x Sweden,Mixed,Litter,2-IS_M_F,2.05,0,2,2020-08-13,226
2,A_5,Italy x Sweden,Mixed,Litter,2-IS_M_F,2.06,0,2,2020-08-18,231
2,A_5,Italy x Sweden,Mixed,Litter,2-IS_M_F,2.07,0,2,2020-08-25,238
2,A_5,Italy x Sweden,Mixed,Litter,2-IS_M_F,2.08,0,2,2020-09-04,248
2,A_5,Italy x Sweden,Mixed,Litter,2-IS_M_F,2.09,0,2,2020-09-16,260
2,A_5,Italy x Sweden,Mixed,Litter,2-IS_M_F,2.1,0,2,2020-10-02,276
2,A_5,Italy x Sweden,Mixed,Litter,2-IS_M_F,2.11,0,2,2020-10-19,293
2,A_5,Italy x Sweden,Mixed,Litter,2-IS_M_F,2.12,0,2,2020-10-30,304
2,A_5,Italy x Sweden,Mixed,Litter,2-IS_M_F,2.13,1,2,2020-11-13,318
2,A_5,Italy x Sweden,Mixed,Litter,2-IS_M_F,2.14,0,2,2020-12-02,337
2,A_5,Italy x Sweden,Mixed,Litter,2-IS_M_F,2.15,0,2,2020-12-17,352
2,A_5,Italy x Sweden,Mixed,Litter,2-IS_M_F,2.16,0,2,2021-01-15,15
2,A_5,Italy x Sweden,Mixed,Litter,2-IS_M_F,2.17,0,2,2021-02-01,32
2,A_5,Italy x Sweden,Mixed,Litter,2-IS_M_F,2.18,0,2,2021-02-25,56
2,A_5,Italy x Sweden,Mixed,Litter,2-IS_M_F,2.19,0,2,2021-03-08,67
2,A_5,Italy x Sweden,Mixed,Litter,2-IS_M_F,2.2,0,2,2021-03-25,84
2,A_5,Italy x Sweden,Mixed,Litter,2-IS_M_F,2.21,0,2,2021-04-08,98
2,A_5,Italy x Sweden,Mixed,Litter,2-IS_M_F,3.14,0,3,2021-08-17,229
2,A_5,Italy x Sweden,Mixed,Litter,2-IS_M_F,3.15,0,3,2021-08-25,237
2,A_5,Italy x Sweden,Mixed,Litter,2-IS_M_F,3.16,0,3,2021-09-02,245
2,A_5,Italy x Sweden,Mixed,Litter,2-IS_M_F,3.17,0,3,2021-09-08,251
2,A_5,Italy x Sweden,Mixed,Litter,2-IS_M_F,3.18,0,3,2021-09-15,258
2,A_5,Italy x Sweden,Mixed,Litter,2-IS_M_F,3.19,0,3,2021-09-22,265
2,A_5,Italy x Sweden,Mixed,Litter,2-IS_M_F,3.2,8,3,2021-09-29,272
2,A_5,Italy x Sweden,Mixed,Litter,2-IS_M_F,3.21,0,3,2021-10-12,285
2,A_5,Italy x Sweden,Mixed,Litter,2-IS_M_F,3.22,22,3,2021-11-10,314
2,A_5,Italy x Sweden,Mixed,Litter,2-IS_M_F,3.23,0,3,2021-12-17,351
2,A_6,Germany x Tajikistan,Dormant,Litter,2-BS_D_F,1.01,NA,1,2019-06-12,163
2,A_6,Germany x Tajikistan,Dormant,Litter,2-BS_D_F,1.02,NA,1,2019-06-16,167
2,A_6,Germany x Tajikistan,Dormant,Litter,2-BS_D_F,1.03,NA,1,2019-06-26,177
2,A_6,Germany x Tajikistan,Dormant,Litter,2-BS_D_F,1.04,NA,1,2019-07-03,184
2,A_6,Germany x Tajikistan,Dormant,Litter,2-BS_D_F,1.05,NA,1,2019-07-10,191
2,A_6,Germany x Tajikistan,Dormant,Litter,2-BS_D_F,1.06,NA,1,2019-07-17,198
2,A_6,Germany x Tajikistan,Dormant,Litter,2-BS_D_F,1.07,0,1,2019-07-24,205
2,A_6,Germany x Tajikistan,Dormant,Litter,2-BS_D_F,1.08,0,1,2019-07-31,212
2,A_6,Germany x Tajikistan,Dormant,Litter,2-BS_D_F,1.09,0,1,2019-08-07,219
2,A_6,Germany x Tajikistan,Dormant,Litter,2-BS_D_F,1.1,0,1,2019-08-15,227
2,A_6,Germany x Tajikistan,Dormant,Litter,2-BS_D_F,1.11,0,1,2019-08-20,232
2,A_6,Germany x Tajikistan,Dormant,Litter,2-BS_D_F,1.12,0,1,2019-08-28,240
2,A_6,Germany x Tajikistan,Dormant,Litter,2-BS_D_F,1.13,0,1,2019-09-04,247
2,A_6,Germany x Tajikistan,Dormant,Litter,2-BS_D_F,1.14,0,1,2019-09-11,254
2,A_6,Germany x Tajikistan,Dormant,Litter,2-BS_D_F,1.15,0,1,2019-09-18,261
2,A_6,Germany x Tajikistan,Dormant,Litter,2-BS_D_F,1.16,0,1,2019-09-25,268
2,A_6,Germany x Tajikistan,Dormant,Litter,2-BS_D_F,1.17,0,1,2019-10-02,275
2,A_6,Germany x Tajikistan,Dormant,Litter,2-BS_D_F,1.18,0,1,2019-10-09,282
2,A_6,Germany x Tajikistan,Dormant,Litter,2-BS_D_F,1.19,1,1,2019-10-18,291
2,A_6,Germany x Tajikistan,Dormant,Litter,2-BS_D_F,1.2,3,1,2019-10-23,296
2,A_6,Germany x Tajikistan,Dormant,Litter,2-BS_D_F,1.22,0,1,2019-11-06,310
2,A_6,Germany x Tajikistan,Dormant,Litter,2-BS_D_F,1.23,0,1,2019-11-20,324
2,A_6,Germany x Tajikistan,Dormant,Litter,2-BS_D_F,1.24,0,1,2019-12-04,338
2,A_6,Germany x Tajikistan,Dormant,Litter,2-BS_D_F,1.25,0,1,2019-12-20,354
2,A_6,Germany x Tajikistan,Dormant,Litter,2-BS_D_F,1.26,0,1,2020-02-10,41
2,A_6,Germany x Tajikistan,Dormant,Litter,2-BS_D_F,1.27,0,1,2020-03-02,62
2,A_6,Germany x Tajikistan,Dormant,Litter,2-BS_D_F,1.29,0,1,2020-05-05,126
2,A_6,Germany x Tajikistan,Dormant,Litter,2-BS_D_F,2.01,0,2,2020-05-27,148
2,A_6,Germany x Tajikistan,Dormant,Litter,2-BS_D_F,2.02,0,2,2020-06-04,156
2,A_6,Germany x Tajikistan,Dormant,Litter,2-BS_D_F,2.03,NA,NA,NA,NA
2,A_6,Germany x Tajikistan,Dormant,Litter,2-BS_D_F,2.04,NA,NA,NA,NA
2,A_6,Germany x Tajikistan,Dormant,Litter,2-BS_D_F,2.05,NA,NA,NA,NA
2,A_6,Germany x Tajikistan,Dormant,Litter,2-BS_D_F,2.06,NA,NA,NA,NA
2,A_6,Germany x Tajikistan,Dormant,Litter,2-BS_D_F,2.07,NA,NA,NA,NA
2,A_6,Germany x Tajikistan,Dormant,Litter,2-BS_D_F,2.08,NA,2,2020-09-04,248
2,A_6,Germany x Tajikistan,Dormant,Litter,2-BS_D_F,2.09,0,2,2020-09-16,260
2,A_6,Germany x Tajikistan,Dormant,Litter,2-BS_D_F,2.1,0,2,2020-10-02,276
2,A_6,Germany x Tajikistan,Dormant,Litter,2-BS_D_F,2.11,0,2,2020-10-19,293
2,A_6,Germany x Tajikistan,Dormant,Litter,2-BS_D_F,2.12,0,2,2020-10-30,304
2,A_6,Germany x Tajikistan,Dormant,Litter,2-BS_D_F,2.13,0,2,2020-11-13,318
2,A_6,Germany x Tajikistan,Dormant,Litter,2-BS_D_F,2.14,0,2,2020-12-02,337
2,A_6,Germany x Tajikistan,Dormant,Litter,2-BS_D_F,2.15,0,2,2020-12-17,352
2,A_6,Germany x Tajikistan,Dormant,Litter,2-BS_D_F,2.16,0,2,2021-01-15,15
2,A_6,Germany x Tajikistan,Dormant,Litter,2-BS_D_F,2.17,0,2,2021-02-01,32
2,A_6,Germany x Tajikistan,Dormant,Litter,2-BS_D_F,2.18,0,2,2021-02-25,56
2,A_6,Germany x Tajikistan,Dormant,Litter,2-BS_D_F,2.19,0,2,2021-03-08,67
2,A_6,Germany x Tajikistan,Dormant,Litter,2-BS_D_F,2.2,0,2,2021-03-25,84
2,A_6,Germany x Tajikistan,Dormant,Litter,2-BS_D_F,2.21,0,2,2021-04-08,98
2,A_6,Germany x Tajikistan,Dormant,Litter,2-BS_D_F,3.14,NA,NA,NA,NA
2,A_6,Germany x Tajikistan,Dormant,Litter,2-BS_D_F,3.15,NA,NA,NA,NA
2,A_6,Germany x Tajikistan,Dormant,Litter,2-BS_D_F,3.16,NA,NA,NA,NA
2,A_6,Germany x Tajikistan,Dormant,Litter,2-BS_D_F,3.17,NA,NA,NA,NA
2,A_6,Germany x Tajikistan,Dormant,Litter,2-BS_D_F,3.18,NA,NA,NA,NA
2,A_6,Germany x Tajikistan,Dormant,Litter,2-BS_D_F,3.19,NA,NA,NA,NA
2,A_6,Germany x Tajikistan,Dormant,Litter,2-BS_D_F,3.2,NA,NA,NA,NA
2,A_6,Germany x Tajikistan,Dormant,Litter,2-BS_D_F,3.21,NA,NA,NA,NA
2,A_6,Germany x Tajikistan,Dormant,Litter,2-BS_D_F,3.22,NA,NA,NA,NA
2,A_6,Germany x Tajikistan,Dormant,Litter,2-BS_D_F,3.23,NA,NA,NA,NA
2,A_7,Italy x Sweden,Mixed,Native Soil,2-IS-M-Soil,1.01,0,1,2019-06-12,163
2,A_7,Italy x Sweden,Mixed,Native Soil,2-IS-M-Soil,1.02,0,1,2019-06-16,167
2,A_7,Italy x Sweden,Mixed,Native Soil,2-IS-M-Soil,1.03,0,1,2019-06-26,177
2,A_7,Italy x Sweden,Mixed,Native Soil,2-IS-M-Soil,1.04,0,1,2019-07-03,184
2,A_7,Italy x Sweden,Mixed,Native Soil,2-IS-M-Soil,1.05,NA,1,2019-07-10,191
2,A_7,Italy x Sweden,Mixed,Native Soil,2-IS-M-Soil,1.06,NA,1,2019-07-17,198
2,A_7,Italy x Sweden,Mixed,Native Soil,2-IS-M-Soil,1.07,0,1,2019-07-24,205
2,A_7,Italy x Sweden,Mixed,Native Soil,2-IS-M-Soil,1.08,0,1,2019-07-31,212
2,A_7,Italy x Sweden,Mixed,Native Soil,2-IS-M-Soil,1.09,0,1,2019-08-07,219
2,A_7,Italy x Sweden,Mixed,Native Soil,2-IS-M-Soil,1.1,0,1,2019-08-15,227
2,A_7,Italy x Sweden,Mixed,Native Soil,2-IS-M-Soil,1.11,0,1,2019-08-20,232
2,A_7,Italy x Sweden,Mixed,Native Soil,2-IS-M-Soil,1.12,0,1,2019-08-28,240
2,A_7,Italy x Sweden,Mixed,Native Soil,2-IS-M-Soil,1.13,0,1,2019-09-04,247
2,A_7,Italy x Sweden,Mixed,Native Soil,2-IS-M-Soil,1.14,0,1,2019-09-11,254
2,A_7,Italy x Sweden,Mixed,Native Soil,2-IS-M-Soil,1.15,0,1,2019-09-18,261
2,A_7,Italy x Sweden,Mixed,Native Soil,2-IS-M-Soil,1.16,0,1,2019-09-25,268
2,A_7,Italy x Sweden,Mixed,Native Soil,2-IS-M-Soil,1.17,0,1,2019-10-02,275
2,A_7,Italy x Sweden,Mixed,Native Soil,2-IS-M-Soil,1.18,0,1,2019-10-09,282
2,A_7,Italy x Sweden,Mixed,Native Soil,2-IS-M-Soil,1.19,0,1,2019-10-18,291
2,A_7,Italy x Sweden,Mixed,Native Soil,2-IS-M-Soil,1.2,0,1,2019-10-23,296
2,A_7,Italy x Sweden,Mixed,Native Soil,2-IS-M-Soil,1.22,0,1,2019-11-06,310
2,A_7,Italy x Sweden,Mixed,Native Soil,2-IS-M-Soil,1.23,0,1,2019-11-20,324
2,A_7,Italy x Sweden,Mixed,Native Soil,2-IS-M-Soil,1.24,19,1,2019-12-04,338
2,A_7,Italy x Sweden,Mixed,Native Soil,2-IS-M-Soil,1.25,33,1,2019-12-20,354
2,A_7,Italy x Sweden,Mixed,Native Soil,2-IS-M-Soil,1.26,0,1,2020-02-10,41
2,A_7,Italy x Sweden,Mixed,Native Soil,2-IS-M-Soil,1.27,0,1,2020-03-02,62
2,A_7,Italy x Sweden,Mixed,Native Soil,2-IS-M-Soil,1.29,0,1,2020-05-05,126
2,A_7,Italy x Sweden,Mixed,Native Soil,2-IS-M-Soil,2.01,0,2,2020-05-27,148
2,A_7,Italy x Sweden,Mixed,Native Soil,2-IS-M-Soil,2.02,0,2,2020-06-04,156
2,A_7,Italy x Sweden,Mixed,Native Soil,2-IS-M-Soil,2.03,0,2,2020-07-23,205
2,A_7,Italy x Sweden,Mixed,Native Soil,2-IS-M-Soil,2.04,0,2,2020-08-07,220
2,A_7,Italy x Sweden,Mixed,Native Soil,2-IS-M-Soil,2.05,0,2,2020-08-13,226
2,A_7,Italy x Sweden,Mixed,Native Soil,2-IS-M-Soil,2.06,0,2,2020-08-18,231
2,A_7,Italy x Sweden,Mixed,Native Soil,2-IS-M-Soil,2.07,0,2,2020-08-25,238
2,A_7,Italy x Sweden,Mixed,Native Soil,2-IS-M-Soil,2.08,0,2,2020-09-04,248
2,A_7,Italy x Sweden,Mixed,Native Soil,2-IS-M-Soil,2.09,0,2,2020-09-16,260
2,A_7,Italy x Sweden,Mixed,Native Soil,2-IS-M-Soil,2.1,0,2,2020-10-02,276
2,A_7,Italy x Sweden,Mixed,Native Soil,2-IS-M-Soil,2.11,0,2,2020-10-19,293
2,A_7,Italy x Sweden,Mixed,Native Soil,2-IS-M-Soil,2.12,0,2,2020-10-30,304
2,A_7,Italy x Sweden,Mixed,Native Soil,2-IS-M-Soil,2.13,0,2,2020-11-13,318
2,A_7,Italy x Sweden,Mixed,Native Soil,2-IS-M-Soil,2.14,0,2,2020-12-02,337
2,A_7,Italy x Sweden,Mixed,Native Soil,2-IS-M-Soil,2.15,0,2,2020-12-17,352
2,A_7,Italy x Sweden,Mixed,Native Soil,2-IS-M-Soil,2.16,0,2,2021-01-15,15
2,A_7,Italy x Sweden,Mixed,Native Soil,2-IS-M-Soil,2.17,0,2,2021-02-01,32
2,A_7,Italy x Sweden,Mixed,Native Soil,2-IS-M-Soil,2.18,0,2,2021-02-25,56
2,A_7,Italy x Sweden,Mixed,Native Soil,2-IS-M-Soil,2.19,0,2,2021-03-08,67
2,A_7,Italy x Sweden,Mixed,Native Soil,2-IS-M-Soil,2.2,0,2,2021-03-25,84
2,A_7,Italy x Sweden,Mixed,Native Soil,2-IS-M-Soil,2.21,0,2,2021-04-08,98
2,A_7,Italy x Sweden,Mixed,Native Soil,2-IS-M-Soil,3.14,0,3,2021-08-17,229
2,A_7,Italy x Sweden,Mixed,Native Soil,2-IS-M-Soil,3.15,0,3,2021-08-25,237
2,A_7,Italy x Sweden,Mixed,Native Soil,2-IS-M-Soil,3.16,0,3,2021-09-02,245
2,A_7,Italy x Sweden,Mixed,Native Soil,2-IS-M-Soil,3.17,0,3,2021-09-08,251
2,A_7,Italy x Sweden,Mixed,Native Soil,2-IS-M-Soil,3.18,0,3,2021-09-15,258
2,A_7,Italy x Sweden,Mixed,Native Soil,2-IS-M-Soil,3.19,0,3,2021-09-22,265
2,A_7,Italy x Sweden,Mixed,Native Soil,2-IS-M-Soil,3.2,0,3,2021-09-29,272
2,A_7,Italy x Sweden,Mixed,Native Soil,2-IS-M-Soil,3.21,2,3,2021-10-12,285
2,A_7,Italy x Sweden,Mixed,Native Soil,2-IS-M-Soil,3.22,0,3,2021-11-10,314
2,A_7,Italy x Sweden,Mixed,Native Soil,2-IS-M-Soil,3.23,1,3,2021-12-17,351
2,A_8,UK x USA,Mixed,Control,2-TC_M_C,1.01,NA,1,2019-06-12,163
2,A_8,UK x USA,Mixed,Control,2-TC_M_C,1.02,NA,1,2019-06-16,167
2,A_8,UK x USA,Mixed,Control,2-TC_M_C,1.03,NA,1,2019-06-26,177
2,A_8,UK x USA,Mixed,Control,2-TC_M_C,1.04,NA,1,2019-07-03,184
2,A_8,UK x USA,Mixed,Control,2-TC_M_C,1.05,NA,1,2019-07-10,191
2,A_8,UK x USA,Mixed,Control,2-TC_M_C,1.06,NA,1,2019-07-17,198
2,A_8,UK x USA,Mixed,Control,2-TC_M_C,1.07,0,1,2019-07-24,205
2,A_8,UK x USA,Mixed,Control,2-TC_M_C,1.08,0,1,2019-07-31,212
2,A_8,UK x USA,Mixed,Control,2-TC_M_C,1.09,0,1,2019-08-07,219
2,A_8,UK x USA,Mixed,Control,2-TC_M_C,1.1,0,1,2019-08-15,227
2,A_8,UK x USA,Mixed,Control,2-TC_M_C,1.11,0,1,2019-08-20,232
2,A_8,UK x USA,Mixed,Control,2-TC_M_C,1.12,0,1,2019-08-28,240
2,A_8,UK x USA,Mixed,Control,2-TC_M_C,1.13,0,1,2019-09-04,247
2,A_8,UK x USA,Mixed,Control,2-TC_M_C,1.14,0,1,2019-09-11,254
2,A_8,UK x USA,Mixed,Control,2-TC_M_C,1.15,0,1,2019-09-18,261
2,A_8,UK x USA,Mixed,Control,2-TC_M_C,1.16,0,1,2019-09-25,268
2,A_8,UK x USA,Mixed,Control,2-TC_M_C,1.17,0,1,2019-10-02,275
2,A_8,UK x USA,Mixed,Control,2-TC_M_C,1.18,0,1,2019-10-09,282
2,A_8,UK x USA,Mixed,Control,2-TC_M_C,1.19,0,1,2019-10-18,291
2,A_8,UK x USA,Mixed,Control,2-TC_M_C,1.2,11,1,2019-10-23,296
2,A_8,UK x USA,Mixed,Control,2-TC_M_C,1.22,0,1,2019-11-06,310
2,A_8,UK x USA,Mixed,Control,2-TC_M_C,1.23,1,1,2019-11-20,324
2,A_8,UK x USA,Mixed,Control,2-TC_M_C,1.24,0,1,2019-12-04,338
2,A_8,UK x USA,Mixed,Control,2-TC_M_C,1.25,2,1,2019-12-20,354
2,A_8,UK x USA,Mixed,Control,2-TC_M_C,1.26,0,1,2020-02-10,41
2,A_8,UK x USA,Mixed,Control,2-TC_M_C,1.27,0,1,2020-03-02,62
2,A_8,UK x USA,Mixed,Control,2-TC_M_C,1.29,0,1,2020-05-05,126
2,A_8,UK x USA,Mixed,Control,2-TC_M_C,2.01,1,2,2020-05-27,148
2,A_8,UK x USA,Mixed,Control,2-TC_M_C,2.02,0,2,2020-06-04,156
2,A_8,UK x USA,Mixed,Control,2-TC_M_C,2.03,0,2,2020-07-23,205
2,A_8,UK x USA,Mixed,Control,2-TC_M_C,2.04,0,2,2020-08-07,220
2,A_8,UK x USA,Mixed,Control,2-TC_M_C,2.05,0,2,2020-08-13,226
2,A_8,UK x USA,Mixed,Control,2-TC_M_C,2.06,0,2,2020-08-18,231
2,A_8,UK x USA,Mixed,Control,2-TC_M_C,2.07,0,2,2020-08-25,238
2,A_8,UK x USA,Mixed,Control,2-TC_M_C,2.08,13,2,2020-09-04,248
2,A_8,UK x USA,Mixed,Control,2-TC_M_C,2.09,10,2,2020-09-16,260
2,A_8,UK x USA,Mixed,Control,2-TC_M_C,2.1,0,2,2020-10-02,276
2,A_8,UK x USA,Mixed,Control,2-TC_M_C,2.11,0,2,2020-10-19,293
2,A_8,UK x USA,Mixed,Control,2-TC_M_C,2.12,0,2,2020-10-30,304
2,A_8,UK x USA,Mixed,Control,2-TC_M_C,2.13,0,2,2020-11-13,318
2,A_8,UK x USA,Mixed,Control,2-TC_M_C,2.14,0,2,2020-12-02,337
2,A_8,UK x USA,Mixed,Control,2-TC_M_C,2.15,0,2,2020-12-17,352
2,A_8,UK x USA,Mixed,Control,2-TC_M_C,2.16,0,2,2021-01-15,15
2,A_8,UK x USA,Mixed,Control,2-TC_M_C,2.17,0,2,2021-02-01,32
2,A_8,UK x USA,Mixed,Control,2-TC_M_C,2.18,0,2,2021-02-25,56
2,A_8,UK x USA,Mixed,Control,2-TC_M_C,2.19,0,2,2021-03-08,67
2,A_8,UK x USA,Mixed,Control,2-TC_M_C,2.2,0,2,2021-03-25,84
2,A_8,UK x USA,Mixed,Control,2-TC_M_C,2.21,0,2,2021-04-08,98
2,A_8,UK x USA,Mixed,Control,2-TC_M_C,3.14,0,3,2021-08-17,229
2,A_8,UK x USA,Mixed,Control,2-TC_M_C,3.15,0,3,2021-08-25,237
2,A_8,UK x USA,Mixed,Control,2-TC_M_C,3.16,0,3,2021-09-02,245
2,A_8,UK x USA,Mixed,Control,2-TC_M_C,3.17,0,3,2021-09-08,251
2,A_8,UK x USA,Mixed,Control,2-TC_M_C,3.18,0,3,2021-09-15,258
2,A_8,UK x USA,Mixed,Control,2-TC_M_C,3.19,0,3,2021-09-22,265
2,A_8,UK x USA,Mixed,Control,2-TC_M_C,3.2,0,3,2021-09-29,272
2,A_8,UK x USA,Mixed,Control,2-TC_M_C,3.21,8,3,2021-10-12,285
2,A_8,UK x USA,Mixed,Control,2-TC_M_C,3.22,0,3,2021-11-10,314
2,A_8,UK x USA,Mixed,Control,2-TC_M_C,3.23,0,3,2021-12-17,351
3,A_9,Italy x Sweden,Dormant,Native Soil,3-IS-D-Soil,1.01,1,1,2019-06-12,163
3,A_9,Italy x Sweden,Dormant,Native Soil,3-IS-D-Soil,1.02,0,1,2019-06-16,167
3,A_9,Italy x Sweden,Dormant,Native Soil,3-IS-D-Soil,1.03,0,1,2019-06-26,177
3,A_9,Italy x Sweden,Dormant,Native Soil,3-IS-D-Soil,1.04,0,1,2019-07-03,184
3,A_9,Italy x Sweden,Dormant,Native Soil,3-IS-D-Soil,1.05,NA,1,2019-07-10,191
3,A_9,Italy x Sweden,Dormant,Native Soil,3-IS-D-Soil,1.06,NA,1,2019-07-17,198
3,A_9,Italy x Sweden,Dormant,Native Soil,3-IS-D-Soil,1.07,0,1,2019-07-24,205
3,A_9,Italy x Sweden,Dormant,Native Soil,3-IS-D-Soil,1.08,0,1,2019-07-31,212
3,A_9,Italy x Sweden,Dormant,Native Soil,3-IS-D-Soil,1.09,0,1,2019-08-07,219
3,A_9,Italy x Sweden,Dormant,Native Soil,3-IS-D-Soil,1.1,0,1,2019-08-15,227
3,A_9,Italy x Sweden,Dormant,Native Soil,3-IS-D-Soil,1.11,0,1,2019-08-20,232
3,A_9,Italy x Sweden,Dormant,Native Soil,3-IS-D-Soil,1.12,0,1,2019-08-28,240
3,A_9,Italy x Sweden,Dormant,Native Soil,3-IS-D-Soil,1.13,0,1,2019-09-04,247
3,A_9,Italy x Sweden,Dormant,Native Soil,3-IS-D-Soil,1.14,0,1,2019-09-11,254
3,A_9,Italy x Sweden,Dormant,Native Soil,3-IS-D-Soil,1.15,0,1,2019-09-18,261
3,A_9,Italy x Sweden,Dormant,Native Soil,3-IS-D-Soil,1.16,0,1,2019-09-25,268
3,A_9,Italy x Sweden,Dormant,Native Soil,3-IS-D-Soil,1.17,0,1,2019-10-02,275
3,A_9,Italy x Sweden,Dormant,Native Soil,3-IS-D-Soil,1.18,0,1,2019-10-09,282
3,A_9,Italy x Sweden,Dormant,Native Soil,3-IS-D-Soil,1.19,0,1,2019-10-18,291
3,A_9,Italy x Sweden,Dormant,Native Soil,3-IS-D-Soil,1.2,4,1,2019-10-23,296
3,A_9,Italy x Sweden,Dormant,Native Soil,3-IS-D-Soil,1.22,0,1,2019-11-06,310
3,A_9,Italy x Sweden,Dormant,Native Soil,3-IS-D-Soil,1.23,3,1,2019-11-20,324
3,A_9,Italy x Sweden,Dormant,Native Soil,3-IS-D-Soil,1.24,21,1,2019-12-04,338
3,A_9,Italy x Sweden,Dormant,Native Soil,3-IS-D-Soil,1.25,9,1,2019-12-20,354
3,A_9,Italy x Sweden,Dormant,Native Soil,3-IS-D-Soil,1.26,0,1,2020-02-10,41
3,A_9,Italy x Sweden,Dormant,Native Soil,3-IS-D-Soil,1.27,0,1,2020-03-02,62
3,A_9,Italy x Sweden,Dormant,Native Soil,3-IS-D-Soil,1.29,0,1,2020-05-05,126
3,A_9,Italy x Sweden,Dormant,Native Soil,3-IS-D-Soil,2.01,0,2,2020-05-27,148
3,A_9,Italy x Sweden,Dormant,Native Soil,3-IS-D-Soil,2.02,0,2,2020-06-04,156
3,A_9,Italy x Sweden,Dormant,Native Soil,3-IS-D-Soil,2.03,0,2,2020-07-23,205
3,A_9,Italy x Sweden,Dormant,Native Soil,3-IS-D-Soil,2.04,0,2,2020-08-07,220
3,A_9,Italy x Sweden,Dormant,Native Soil,3-IS-D-Soil,2.05,0,2,2020-08-13,226
3,A_9,Italy x Sweden,Dormant,Native Soil,3-IS-D-Soil,2.06,0,2,2020-08-18,231
3,A_9,Italy x Sweden,Dormant,Native Soil,3-IS-D-Soil,2.07,0,2,2020-08-25,238
3,A_9,Italy x Sweden,Dormant,Native Soil,3-IS-D-Soil,2.08,0,2,2020-09-04,248
3,A_9,Italy x Sweden,Dormant,Native Soil,3-IS-D-Soil,2.09,0,2,2020-09-16,260
3,A_9,Italy x Sweden,Dormant,Native Soil,3-IS-D-Soil,2.1,0,2,2020-10-02,276
3,A_9,Italy x Sweden,Dormant,Native Soil,3-IS-D-Soil,2.11,0,2,2020-10-19,293
3,A_9,Italy x Sweden,Dormant,Native Soil,3-IS-D-Soil,2.12,0,2,2020-10-30,304
3,A_9,Italy x Sweden,Dormant,Native Soil,3-IS-D-Soil,2.13,2,2,2020-11-13,318
3,A_9,Italy x Sweden,Dormant,Native Soil,3-IS-D-Soil,2.14,0,2,2020-12-02,337
3,A_9,Italy x Sweden,Dormant,Native Soil,3-IS-D-Soil,2.15,0,2,2020-12-17,352
3,A_9,Italy x Sweden,Dormant,Native Soil,3-IS-D-Soil,2.16,1,2,2021-01-15,15
3,A_9,Italy x Sweden,Dormant,Native Soil,3-IS-D-Soil,2.17,0,2,2021-02-01,32
3,A_9,Italy x Sweden,Dormant,Native Soil,3-IS-D-Soil,2.18,0,2,2021-02-25,56
3,A_9,Italy x Sweden,Dormant,Native Soil,3-IS-D-Soil,2.19,0,2,2021-03-08,67
3,A_9,Italy x Sweden,Dormant,Native Soil,3-IS-D-Soil,2.2,0,2,2021-03-25,84
3,A_9,Italy x Sweden,Dormant,Native Soil,3-IS-D-Soil,2.21,0,2,2021-04-08,98
3,A_9,Italy x Sweden,Dormant,Native Soil,3-IS-D-Soil,3.14,0,3,2021-08-17,229
3,A_9,Italy x Sweden,Dormant,Native Soil,3-IS-D-Soil,3.15,0,3,2021-08-25,237
3,A_9,Italy x Sweden,Dormant,Native Soil,3-IS-D-Soil,3.16,0,3,2021-09-02,245
3,A_9,Italy x Sweden,Dormant,Native Soil,3-IS-D-Soil,3.17,0,3,2021-09-08,251
3,A_9,Italy x Sweden,Dormant,Native Soil,3-IS-D-Soil,3.18,0,3,2021-09-15,258
3,A_9,Italy x Sweden,Dormant,Native Soil,3-IS-D-Soil,3.19,0,3,2021-09-22,265
3,A_9,Italy x Sweden,Dormant,Native Soil,3-IS-D-Soil,3.2,0,3,2021-09-29,272
3,A_9,Italy x Sweden,Dormant,Native Soil,3-IS-D-Soil,3.21,13,3,2021-10-13,286
3,A_9,Italy x Sweden,Dormant,Native Soil,3-IS-D-Soil,3.22,0,3,2021-11-10,314
3,A_9,Italy x Sweden,Dormant,Native Soil,3-IS-D-Soil,3.23,6,3,2021-12-17,351
3,A_10,Italy x Sweden,Non-Dormant,Litter,3-IS_ND_F,1.01,3,1,2019-06-12,163
3,A_10,Italy x Sweden,Non-Dormant,Litter,3-IS_ND_F,1.02,0,1,2019-06-16,167
3,A_10,Italy x Sweden,Non-Dormant,Litter,3-IS_ND_F,1.03,0,1,2019-06-26,177
3,A_10,Italy x Sweden,Non-Dormant,Litter,3-IS_ND_F,1.04,0,1,2019-07-03,184
3,A_10,Italy x Sweden,Non-Dormant,Litter,3-IS_ND_F,1.05,NA,1,2019-07-10,191
3,A_10,Italy x Sweden,Non-Dormant,Litter,3-IS_ND_F,1.06,NA,1,2019-07-17,198
3,A_10,Italy x Sweden,Non-Dormant,Litter,3-IS_ND_F,1.07,0,1,2019-07-24,205
3,A_10,Italy x Sweden,Non-Dormant,Litter,3-IS_ND_F,1.08,0,1,2019-07-31,212
3,A_10,Italy x Sweden,Non-Dormant,Litter,3-IS_ND_F,1.09,0,1,2019-08-07,219
3,A_10,Italy x Sweden,Non-Dormant,Litter,3-IS_ND_F,1.1,0,1,2019-08-15,227
3,A_10,Italy x Sweden,Non-Dormant,Litter,3-IS_ND_F,1.11,0,1,2019-08-20,232
3,A_10,Italy x Sweden,Non-Dormant,Litter,3-IS_ND_F,1.12,0,1,2019-08-28,240
3,A_10,Italy x Sweden,Non-Dormant,Litter,3-IS_ND_F,1.13,0,1,2019-09-04,247
3,A_10,Italy x Sweden,Non-Dormant,Litter,3-IS_ND_F,1.14,0,1,2019-09-11,254
3,A_10,Italy x Sweden,Non-Dormant,Litter,3-IS_ND_F,1.15,0,1,2019-09-18,261
3,A_10,Italy x Sweden,Non-Dormant,Litter,3-IS_ND_F,1.16,0,1,2019-09-25,268
3,A_10,Italy x Sweden,Non-Dormant,Litter,3-IS_ND_F,1.17,0,1,2019-10-02,275
3,A_10,Italy x Sweden,Non-Dormant,Litter,3-IS_ND_F,1.18,0,1,2019-10-09,282
3,A_10,Italy x Sweden,Non-Dormant,Litter,3-IS_ND_F,1.19,0,1,2019-10-18,291
3,A_10,Italy x Sweden,Non-Dormant,Litter,3-IS_ND_F,1.2,0,1,2019-10-23,296
3,A_10,Italy x Sweden,Non-Dormant,Litter,3-IS_ND_F,1.22,0,1,2019-11-06,310
3,A_10,Italy x Sweden,Non-Dormant,Litter,3-IS_ND_F,1.23,1,1,2019-11-20,324
3,A_10,Italy x Sweden,Non-Dormant,Litter,3-IS_ND_F,1.24,0,1,2019-12-04,338
3,A_10,Italy x Sweden,Non-Dormant,Litter,3-IS_ND_F,1.25,0,1,2019-12-20,354
3,A_10,Italy x Sweden,Non-Dormant,Litter,3-IS_ND_F,1.26,0,1,2020-02-10,41
3,A_10,Italy x Sweden,Non-Dormant,Litter,3-IS_ND_F,1.27,0,1,2020-03-02,62
3,A_10,Italy x Sweden,Non-Dormant,Litter,3-IS_ND_F,1.29,0,1,2020-05-05,126
3,A_10,Italy x Sweden,Non-Dormant,Litter,3-IS_ND_F,2.01,0,2,2020-05-27,148
3,A_10,Italy x Sweden,Non-Dormant,Litter,3-IS_ND_F,2.02,0,2,2020-06-04,156
3,A_10,Italy x Sweden,Non-Dormant,Litter,3-IS_ND_F,2.03,0,2,2020-07-23,205
3,A_10,Italy x Sweden,Non-Dormant,Litter,3-IS_ND_F,2.04,0,2,2020-08-07,220
3,A_10,Italy x Sweden,Non-Dormant,Litter,3-IS_ND_F,2.05,0,2,2020-08-13,226
3,A_10,Italy x Sweden,Non-Dormant,Litter,3-IS_ND_F,2.06,0,2,2020-08-18,231
3,A_10,Italy x Sweden,Non-Dormant,Litter,3-IS_ND_F,2.07,0,2,2020-08-25,238
3,A_10,Italy x Sweden,Non-Dormant,Litter,3-IS_ND_F,2.08,0,2,2020-09-04,248
3,A_10,Italy x Sweden,Non-Dormant,Litter,3-IS_ND_F,2.09,0,2,2020-09-16,260
3,A_10,Italy x Sweden,Non-Dormant,Litter,3-IS_ND_F,2.1,0,2,2020-10-02,276
3,A_10,Italy x Sweden,Non-Dormant,Litter,3-IS_ND_F,2.11,0,2,2020-10-19,293
3,A_10,Italy x Sweden,Non-Dormant,Litter,3-IS_ND_F,2.12,0,2,2020-10-30,304
3,A_10,Italy x Sweden,Non-Dormant,Litter,3-IS_ND_F,2.13,0,2,2020-11-13,318
3,A_10,Italy x Sweden,Non-Dormant,Litter,3-IS_ND_F,2.14,0,2,2020-12-02,337
3,A_10,Italy x Sweden,Non-Dormant,Litter,3-IS_ND_F,2.15,0,2,2020-12-17,352
3,A_10,Italy x Sweden,Non-Dormant,Litter,3-IS_ND_F,2.16,0,2,2021-01-15,15
3,A_10,Italy x Sweden,Non-Dormant,Litter,3-IS_ND_F,2.17,0,2,2021-02-01,32
3,A_10,Italy x Sweden,Non-Dormant,Litter,3-IS_ND_F,2.18,0,2,2021-02-25,56
3,A_10,Italy x Sweden,Non-Dormant,Litter,3-IS_ND_F,2.19,0,2,2021-03-08,67
3,A_10,Italy x Sweden,Non-Dormant,Litter,3-IS_ND_F,2.2,0,2,2021-03-25,84
3,A_10,Italy x Sweden,Non-Dormant,Litter,3-IS_ND_F,2.21,0,2,2021-04-08,98
3,A_10,Italy x Sweden,Non-Dormant,Litter,3-IS_ND_F,3.14,0,3,2021-08-17,229
3,A_10,Italy x Sweden,Non-Dormant,Litter,3-IS_ND_F,3.15,0,3,2021-08-25,237
3,A_10,Italy x Sweden,Non-Dormant,Litter,3-IS_ND_F,3.16,0,3,2021-09-02,245
3,A_10,Italy x Sweden,Non-Dormant,Litter,3-IS_ND_F,3.17,0,3,2021-09-08,251
3,A_10,Italy x Sweden,Non-Dormant,Litter,3-IS_ND_F,3.18,0,3,2021-09-15,258
3,A_10,Italy x Sweden,Non-Dormant,Litter,3-IS_ND_F,3.19,0,3,2021-09-22,265
3,A_10,Italy x Sweden,Non-Dormant,Litter,3-IS_ND_F,3.2,0,3,2021-09-29,272
3,A_10,Italy x Sweden,Non-Dormant,Litter,3-IS_ND_F,3.21,3,3,2021-10-13,286
3,A_10,Italy x Sweden,Non-Dormant,Litter,3-IS_ND_F,3.22,0,3,2021-11-10,314
3,A_10,Italy x Sweden,Non-Dormant,Litter,3-IS_ND_F,3.23,0,3,2021-12-17,351
3,A_11,UK x USA,Dormant,Control,3-TC_D_C,1.01,NA,1,2019-06-12,163
3,A_11,UK x USA,Dormant,Control,3-TC_D_C,1.02,NA,1,2019-06-16,167
3,A_11,UK x USA,Dormant,Control,3-TC_D_C,1.03,NA,1,2019-06-26,177
3,A_11,UK x USA,Dormant,Control,3-TC_D_C,1.04,NA,1,2019-07-03,184
3,A_11,UK x USA,Dormant,Control,3-TC_D_C,1.05,NA,1,2019-07-10,191
3,A_11,UK x USA,Dormant,Control,3-TC_D_C,1.06,NA,1,2019-07-17,198
3,A_11,UK x USA,Dormant,Control,3-TC_D_C,1.07,0,1,2019-07-24,205
3,A_11,UK x USA,Dormant,Control,3-TC_D_C,1.08,0,1,2019-07-31,212
3,A_11,UK x USA,Dormant,Control,3-TC_D_C,1.09,0,1,2019-08-07,219
3,A_11,UK x USA,Dormant,Control,3-TC_D_C,1.1,0,1,2019-08-15,227
3,A_11,UK x USA,Dormant,Control,3-TC_D_C,1.11,0,1,2019-08-20,232
3,A_11,UK x USA,Dormant,Control,3-TC_D_C,1.12,0,1,2019-08-28,240
3,A_11,UK x USA,Dormant,Control,3-TC_D_C,1.13,0,1,2019-09-04,247
3,A_11,UK x USA,Dormant,Control,3-TC_D_C,1.14,0,1,2019-09-11,254
3,A_11,UK x USA,Dormant,Control,3-TC_D_C,1.15,0,1,2019-09-18,261
3,A_11,UK x USA,Dormant,Control,3-TC_D_C,1.16,0,1,2019-09-25,268
3,A_11,UK x USA,Dormant,Control,3-TC_D_C,1.17,0,1,2019-10-02,275
3,A_11,UK x USA,Dormant,Control,3-TC_D_C,1.18,0,1,2019-10-09,282
3,A_11,UK x USA,Dormant,Control,3-TC_D_C,1.19,0,1,2019-10-18,291
3,A_11,UK x USA,Dormant,Control,3-TC_D_C,1.2,0,1,2019-10-23,296
3,A_11,UK x USA,Dormant,Control,3-TC_D_C,1.22,0,1,2019-11-06,310
3,A_11,UK x USA,Dormant,Control,3-TC_D_C,1.23,0,1,2019-11-20,324
3,A_11,UK x USA,Dormant,Control,3-TC_D_C,1.24,0,1,2019-12-04,338
3,A_11,UK x USA,Dormant,Control,3-TC_D_C,1.25,0,1,2019-12-20,354
3,A_11,UK x USA,Dormant,Control,3-TC_D_C,1.26,0,1,2020-02-10,41
3,A_11,UK x USA,Dormant,Control,3-TC_D_C,1.27,0,1,2020-03-02,62
3,A_11,UK x USA,Dormant,Control,3-TC_D_C,1.29,0,1,2020-05-05,126
3,A_11,UK x USA,Dormant,Control,3-TC_D_C,2.01,0,2,2020-05-27,148
3,A_11,UK x USA,Dormant,Control,3-TC_D_C,2.02,0,2,2020-06-04,156
3,A_11,UK x USA,Dormant,Control,3-TC_D_C,2.03,0,2,2020-07-23,205
3,A_11,UK x USA,Dormant,Control,3-TC_D_C,2.04,0,2,2020-08-07,220
3,A_11,UK x USA,Dormant,Control,3-TC_D_C,2.05,0,2,2020-08-13,226
3,A_11,UK x USA,Dormant,Control,3-TC_D_C,2.06,0,2,2020-08-18,231
3,A_11,UK x USA,Dormant,Control,3-TC_D_C,2.07,0,2,2020-08-25,238
3,A_11,UK x USA,Dormant,Control,3-TC_D_C,2.08,7,2,2020-09-04,248
3,A_11,UK x USA,Dormant,Control,3-TC_D_C,2.09,36,2,2020-09-16,260
3,A_11,UK x USA,Dormant,Control,3-TC_D_C,2.1,0,2,2020-10-02,276
3,A_11,UK x USA,Dormant,Control,3-TC_D_C,2.11,0,2,2020-10-19,293
3,A_11,UK x USA,Dormant,Control,3-TC_D_C,2.12,0,2,2020-10-30,304
3,A_11,UK x USA,Dormant,Control,3-TC_D_C,2.13,0,2,2020-11-13,318
3,A_11,UK x USA,Dormant,Control,3-TC_D_C,2.14,0,2,2020-12-02,337
3,A_11,UK x USA,Dormant,Control,3-TC_D_C,2.15,0,2,2020-12-17,352
3,A_11,UK x USA,Dormant,Control,3-TC_D_C,2.16,0,2,2021-01-15,15
3,A_11,UK x USA,Dormant,Control,3-TC_D_C,2.17,0,2,2021-02-01,32
3,A_11,UK x USA,Dormant,Control,3-TC_D_C,2.18,0,2,2021-02-25,56
3,A_11,UK x USA,Dormant,Control,3-TC_D_C,2.19,0,2,2021-03-08,67
3,A_11,UK x USA,Dormant,Control,3-TC_D_C,2.2,0,2,2021-03-25,84
3,A_11,UK x USA,Dormant,Control,3-TC_D_C,2.21,0,2,2021-04-08,98
3,A_11,UK x USA,Dormant,Control,3-TC_D_C,3.14,0,3,2021-08-17,229
3,A_11,UK x USA,Dormant,Control,3-TC_D_C,3.15,0,3,2021-08-25,237
3,A_11,UK x USA,Dormant,Control,3-TC_D_C,3.16,0,3,2021-09-02,245
3,A_11,UK x USA,Dormant,Control,3-TC_D_C,3.17,0,3,2021-09-08,251
3,A_11,UK x USA,Dormant,Control,3-TC_D_C,3.18,0,3,2021-09-15,258
3,A_11,UK x USA,Dormant,Control,3-TC_D_C,3.19,0,3,2021-09-22,265
3,A_11,UK x USA,Dormant,Control,3-TC_D_C,3.2,12,3,2021-09-29,272
3,A_11,UK x USA,Dormant,Control,3-TC_D_C,3.21,0,3,2021-10-13,286
3,A_11,UK x USA,Dormant,Control,3-TC_D_C,3.22,1,3,2021-11-10,314
3,A_11,UK x USA,Dormant,Control,3-TC_D_C,3.23,0,3,2021-12-17,351
3,A_12,Germany x Tajikistan,Mixed,Control,3-BS_M_C,1.01,NA,1,2019-06-12,163
3,A_12,Germany x Tajikistan,Mixed,Control,3-BS_M_C,1.02,NA,1,2019-06-16,167
3,A_12,Germany x Tajikistan,Mixed,Control,3-BS_M_C,1.03,NA,1,2019-06-26,177
3,A_12,Germany x Tajikistan,Mixed,Control,3-BS_M_C,1.04,NA,1,2019-07-03,184
3,A_12,Germany x Tajikistan,Mixed,Control,3-BS_M_C,1.05,NA,1,2019-07-10,191
3,A_12,Germany x Tajikistan,Mixed,Control,3-BS_M_C,1.06,NA,1,2019-07-17,198
3,A_12,Germany x Tajikistan,Mixed,Control,3-BS_M_C,1.07,0,1,2019-07-24,205
3,A_12,Germany x Tajikistan,Mixed,Control,3-BS_M_C,1.08,0,1,2019-07-31,212
3,A_12,Germany x Tajikistan,Mixed,Control,3-BS_M_C,1.09,0,1,2019-08-07,219
3,A_12,Germany x Tajikistan,Mixed,Control,3-BS_M_C,1.1,0,1,2019-08-15,227
3,A_12,Germany x Tajikistan,Mixed,Control,3-BS_M_C,1.11,0,1,2019-08-20,232
3,A_12,Germany x Tajikistan,Mixed,Control,3-BS_M_C,1.12,0,1,2019-08-28,240
3,A_12,Germany x Tajikistan,Mixed,Control,3-BS_M_C,1.13,0,1,2019-09-04,247
3,A_12,Germany x Tajikistan,Mixed,Control,3-BS_M_C,1.14,0,1,2019-09-11,254
3,A_12,Germany x Tajikistan,Mixed,Control,3-BS_M_C,1.15,0,1,2019-09-18,261
3,A_12,Germany x Tajikistan,Mixed,Control,3-BS_M_C,1.16,0,1,2019-09-25,268
3,A_12,Germany x Tajikistan,Mixed,Control,3-BS_M_C,1.17,0,1,2019-10-02,275
3,A_12,Germany x Tajikistan,Mixed,Control,3-BS_M_C,1.18,0,1,2019-10-09,282
3,A_12,Germany x Tajikistan,Mixed,Control,3-BS_M_C,1.19,0,1,2019-10-18,291
3,A_12,Germany x Tajikistan,Mixed,Control,3-BS_M_C,1.2,4,1,2019-10-23,296
3,A_12,Germany x Tajikistan,Mixed,Control,3-BS_M_C,1.22,0,1,2019-11-06,310
3,A_12,Germany x Tajikistan,Mixed,Control,3-BS_M_C,1.23,0,1,2019-11-20,324
3,A_12,Germany x Tajikistan,Mixed,Control,3-BS_M_C,1.24,0,1,2019-12-04,338
3,A_12,Germany x Tajikistan,Mixed,Control,3-BS_M_C,1.25,0,1,2019-12-20,354
3,A_12,Germany x Tajikistan,Mixed,Control,3-BS_M_C,1.26,0,1,2020-02-10,41
3,A_12,Germany x Tajikistan,Mixed,Control,3-BS_M_C,1.27,0,1,2020-03-02,62
3,A_12,Germany x Tajikistan,Mixed,Control,3-BS_M_C,1.29,0,1,2020-05-05,126
3,A_12,Germany x Tajikistan,Mixed,Control,3-BS_M_C,2.01,0,2,2020-05-27,148
3,A_12,Germany x Tajikistan,Mixed,Control,3-BS_M_C,2.02,0,2,2020-06-04,156
3,A_12,Germany x Tajikistan,Mixed,Control,3-BS_M_C,2.03,0,2,2020-07-23,205
3,A_12,Germany x Tajikistan,Mixed,Control,3-BS_M_C,2.04,0,2,2020-08-07,220
3,A_12,Germany x Tajikistan,Mixed,Control,3-BS_M_C,2.05,0,2,2020-08-13,226
3,A_12,Germany x Tajikistan,Mixed,Control,3-BS_M_C,2.06,0,2,2020-08-18,231
3,A_12,Germany x Tajikistan,Mixed,Control,3-BS_M_C,2.07,0,2,2020-08-25,238
3,A_12,Germany x Tajikistan,Mixed,Control,3-BS_M_C,2.08,31,2,2020-09-04,248
3,A_12,Germany x Tajikistan,Mixed,Control,3-BS_M_C,2.09,0,2,2020-09-16,260
3,A_12,Germany x Tajikistan,Mixed,Control,3-BS_M_C,2.1,0,2,2020-10-02,276
3,A_12,Germany x Tajikistan,Mixed,Control,3-BS_M_C,2.11,0,2,2020-10-19,293
3,A_12,Germany x Tajikistan,Mixed,Control,3-BS_M_C,2.12,0,2,2020-10-30,304
3,A_12,Germany x Tajikistan,Mixed,Control,3-BS_M_C,2.13,0,2,2020-11-13,318
3,A_12,Germany x Tajikistan,Mixed,Control,3-BS_M_C,2.14,0,2,2020-12-02,337
3,A_12,Germany x Tajikistan,Mixed,Control,3-BS_M_C,2.15,0,2,2020-12-17,352
3,A_12,Germany x Tajikistan,Mixed,Control,3-BS_M_C,2.16,0,2,2021-01-15,15
3,A_12,Germany x Tajikistan,Mixed,Control,3-BS_M_C,2.17,0,2,2021-02-01,32
3,A_12,Germany x Tajikistan,Mixed,Control,3-BS_M_C,2.18,0,2,2021-02-25,56
3,A_12,Germany x Tajikistan,Mixed,Control,3-BS_M_C,2.19,0,2,2021-03-08,67
3,A_12,Germany x Tajikistan,Mixed,Control,3-BS_M_C,2.2,0,2,2021-03-25,84
3,A_12,Germany x Tajikistan,Mixed,Control,3-BS_M_C,2.21,0,2,2021-04-08,98
3,A_12,Germany x Tajikistan,Mixed,Control,3-BS_M_C,3.14,0,3,2021-08-17,229
3,A_12,Germany x Tajikistan,Mixed,Control,3-BS_M_C,3.15,0,3,2021-08-25,237
3,A_12,Germany x Tajikistan,Mixed,Control,3-BS_M_C,3.16,0,3,2021-09-02,245
3,A_12,Germany x Tajikistan,Mixed,Control,3-BS_M_C,3.17,0,3,2021-09-08,251
3,A_12,Germany x Tajikistan,Mixed,Control,3-BS_M_C,3.18,0,3,2021-09-15,258
3,A_12,Germany x Tajikistan,Mixed,Control,3-BS_M_C,3.19,0,3,2021-09-22,265
3,A_12,Germany x Tajikistan,Mixed,Control,3-BS_M_C,3.2,6,3,2021-09-29,272
3,A_12,Germany x Tajikistan,Mixed,Control,3-BS_M_C,3.21,0,3,2021-10-13,286
3,A_12,Germany x Tajikistan,Mixed,Control,3-BS_M_C,3.22,0,3,2021-11-10,314
3,A_12,Germany x Tajikistan,Mixed,Control,3-BS_M_C,3.23,0,3,2021-12-17,351
1,B_0,Italy x Sweden,Dormant,Native Soil,1-IS-D-Soil,1.01,0,1,2019-06-12,163
1,B_0,Italy x Sweden,Dormant,Native Soil,1-IS-D-Soil,1.02,0,1,2019-06-16,167
1,B_0,Italy x Sweden,Dormant,Native Soil,1-IS-D-Soil,1.03,0,1,2019-06-26,177
1,B_0,Italy x Sweden,Dormant,Native Soil,1-IS-D-Soil,1.04,0,1,2019-07-03,184
1,B_0,Italy x Sweden,Dormant,Native Soil,1-IS-D-Soil,1.05,NA,1,2019-07-10,191
1,B_0,Italy x Sweden,Dormant,Native Soil,1-IS-D-Soil,1.06,NA,1,2019-07-17,198
1,B_0,Italy x Sweden,Dormant,Native Soil,1-IS-D-Soil,1.07,0,1,2019-07-24,205
1,B_0,Italy x Sweden,Dormant,Native Soil,1-IS-D-Soil,1.08,0,1,2019-07-31,212
1,B_0,Italy x Sweden,Dormant,Native Soil,1-IS-D-Soil,1.09,0,1,2019-08-07,219
1,B_0,Italy x Sweden,Dormant,Native Soil,1-IS-D-Soil,1.1,0,1,2019-08-15,227
1,B_0,Italy x Sweden,Dormant,Native Soil,1-IS-D-Soil,1.11,0,1,2019-08-20,232
1,B_0,Italy x Sweden,Dormant,Native Soil,1-IS-D-Soil,1.12,0,1,2019-08-28,240
1,B_0,Italy x Sweden,Dormant,Native Soil,1-IS-D-Soil,1.13,0,1,2019-09-04,247
1,B_0,Italy x Sweden,Dormant,Native Soil,1-IS-D-Soil,1.14,0,1,2019-09-11,254
1,B_0,Italy x Sweden,Dormant,Native Soil,1-IS-D-Soil,1.15,0,1,2019-09-18,261
1,B_0,Italy x Sweden,Dormant,Native Soil,1-IS-D-Soil,1.16,0,1,2019-09-25,268
1,B_0,Italy x Sweden,Dormant,Native Soil,1-IS-D-Soil,1.17,0,1,2019-10-02,275
1,B_0,Italy x Sweden,Dormant,Native Soil,1-IS-D-Soil,1.18,0,1,2019-10-09,282
1,B_0,Italy x Sweden,Dormant,Native Soil,1-IS-D-Soil,1.19,0,1,2019-10-18,291
1,B_0,Italy x Sweden,Dormant,Native Soil,1-IS-D-Soil,1.2,6,1,2019-10-23,296
1,B_0,Italy x Sweden,Dormant,Native Soil,1-IS-D-Soil,1.22,0,1,2019-11-06,310
1,B_0,Italy x Sweden,Dormant,Native Soil,1-IS-D-Soil,1.23,1,1,2019-11-20,324
1,B_0,Italy x Sweden,Dormant,Native Soil,1-IS-D-Soil,1.24,2,1,2019-12-04,338
1,B_0,Italy x Sweden,Dormant,Native Soil,1-IS-D-Soil,1.25,1,1,2019-12-20,354
1,B_0,Italy x Sweden,Dormant,Native Soil,1-IS-D-Soil,1.26,0,1,2020-02-10,41
1,B_0,Italy x Sweden,Dormant,Native Soil,1-IS-D-Soil,1.27,0,1,2020-03-02,62
1,B_0,Italy x Sweden,Dormant,Native Soil,1-IS-D-Soil,1.29,0,1,2020-05-05,126
1,B_0,Italy x Sweden,Dormant,Native Soil,1-IS-D-Soil,2.01,0,2,2020-05-27,148
1,B_0,Italy x Sweden,Dormant,Native Soil,1-IS-D-Soil,2.02,0,2,2020-06-04,156
1,B_0,Italy x Sweden,Dormant,Native Soil,1-IS-D-Soil,2.03,0,2,2020-07-23,205
1,B_0,Italy x Sweden,Dormant,Native Soil,1-IS-D-Soil,2.04,0,2,2020-08-07,220
1,B_0,Italy x Sweden,Dormant,Native Soil,1-IS-D-Soil,2.05,0,2,2020-08-13,226
1,B_0,Italy x Sweden,Dormant,Native Soil,1-IS-D-Soil,2.06,0,2,2020-08-18,231
1,B_0,Italy x Sweden,Dormant,Native Soil,1-IS-D-Soil,2.07,0,2,2020-08-25,238
1,B_0,Italy x Sweden,Dormant,Native Soil,1-IS-D-Soil,2.08,0,2,2020-09-04,248
1,B_0,Italy x Sweden,Dormant,Native Soil,1-IS-D-Soil,2.09,0,2,2020-09-16,260
1,B_0,Italy x Sweden,Dormant,Native Soil,1-IS-D-Soil,2.1,0,2,2020-10-02,276
1,B_0,Italy x Sweden,Dormant,Native Soil,1-IS-D-Soil,2.11,0,2,2020-10-19,293
1,B_0,Italy x Sweden,Dormant,Native Soil,1-IS-D-Soil,2.12,0,2,2020-10-30,304
1,B_0,Italy x Sweden,Dormant,Native Soil,1-IS-D-Soil,2.13,0,2,2020-11-13,318
1,B_0,Italy x Sweden,Dormant,Native Soil,1-IS-D-Soil,2.14,0,2,2020-12-02,337
1,B_0,Italy x Sweden,Dormant,Native Soil,1-IS-D-Soil,2.15,0,2,2020-12-17,352
1,B_0,Italy x Sweden,Dormant,Native Soil,1-IS-D-Soil,2.16,0,2,2021-01-15,15
1,B_0,Italy x Sweden,Dormant,Native Soil,1-IS-D-Soil,2.17,0,2,2021-02-01,32
1,B_0,Italy x Sweden,Dormant,Native Soil,1-IS-D-Soil,2.18,0,2,2021-02-25,56
1,B_0,Italy x Sweden,Dormant,Native Soil,1-IS-D-Soil,2.19,0,2,2021-03-08,67
1,B_0,Italy x Sweden,Dormant,Native Soil,1-IS-D-Soil,2.2,0,2,2021-03-25,84
1,B_0,Italy x Sweden,Dormant,Native Soil,1-IS-D-Soil,2.21,0,2,2021-04-08,98
1,B_0,Italy x Sweden,Dormant,Native Soil,1-IS-D-Soil,3.14,0,3,2021-08-17,229
1,B_0,Italy x Sweden,Dormant,Native Soil,1-IS-D-Soil,3.15,0,3,2021-08-25,237
1,B_0,Italy x Sweden,Dormant,Native Soil,1-IS-D-Soil,3.16,0,3,2021-09-02,245
1,B_0,Italy x Sweden,Dormant,Native Soil,1-IS-D-Soil,3.17,0,3,2021-09-08,251
1,B_0,Italy x Sweden,Dormant,Native Soil,1-IS-D-Soil,3.18,0,3,2021-09-15,258
1,B_0,Italy x Sweden,Dormant,Native Soil,1-IS-D-Soil,3.19,0,3,2021-09-22,265
1,B_0,Italy x Sweden,Dormant,Native Soil,1-IS-D-Soil,3.2,0,3,2021-09-27,270
1,B_0,Italy x Sweden,Dormant,Native Soil,1-IS-D-Soil,3.21,0,3,2021-10-11,284
1,B_0,Italy x Sweden,Dormant,Native Soil,1-IS-D-Soil,3.22,1,3,2021-11-08,312
1,B_0,Italy x Sweden,Dormant,Native Soil,1-IS-D-Soil,3.23,0,3,2021-12-17,351
1,B_1,Italy x Sweden,Mixed,Control,1-IS_M_C,1.01,19,1,2019-06-12,163
1,B_1,Italy x Sweden,Mixed,Control,1-IS_M_C,1.02,0,1,2019-06-16,167
1,B_1,Italy x Sweden,Mixed,Control,1-IS_M_C,1.03,0,1,2019-06-26,177
1,B_1,Italy x Sweden,Mixed,Control,1-IS_M_C,1.04,0,1,2019-07-03,184
1,B_1,Italy x Sweden,Mixed,Control,1-IS_M_C,1.05,NA,1,2019-07-10,191
1,B_1,Italy x Sweden,Mixed,Control,1-IS_M_C,1.06,NA,1,2019-07-17,198
1,B_1,Italy x Sweden,Mixed,Control,1-IS_M_C,1.07,0,1,2019-07-24,205
1,B_1,Italy x Sweden,Mixed,Control,1-IS_M_C,1.08,0,1,2019-07-31,212
1,B_1,Italy x Sweden,Mixed,Control,1-IS_M_C,1.09,0,1,2019-08-07,219
1,B_1,Italy x Sweden,Mixed,Control,1-IS_M_C,1.1,0,1,2019-08-15,227
1,B_1,Italy x Sweden,Mixed,Control,1-IS_M_C,1.11,0,1,2019-08-20,232
1,B_1,Italy x Sweden,Mixed,Control,1-IS_M_C,1.12,0,1,2019-08-28,240
1,B_1,Italy x Sweden,Mixed,Control,1-IS_M_C,1.13,0,1,2019-09-04,247
1,B_1,Italy x Sweden,Mixed,Control,1-IS_M_C,1.14,0,1,2019-09-11,254
1,B_1,Italy x Sweden,Mixed,Control,1-IS_M_C,1.15,0,1,2019-09-18,261
1,B_1,Italy x Sweden,Mixed,Control,1-IS_M_C,1.16,0,1,2019-09-25,268
1,B_1,Italy x Sweden,Mixed,Control,1-IS_M_C,1.17,0,1,2019-10-02,275
1,B_1,Italy x Sweden,Mixed,Control,1-IS_M_C,1.18,0,1,2019-10-09,282
1,B_1,Italy x Sweden,Mixed,Control,1-IS_M_C,1.19,0,1,2019-10-18,291
1,B_1,Italy x Sweden,Mixed,Control,1-IS_M_C,1.2,5,1,2019-10-23,296
1,B_1,Italy x Sweden,Mixed,Control,1-IS_M_C,1.22,1,1,2019-11-06,310
1,B_1,Italy x Sweden,Mixed,Control,1-IS_M_C,1.23,0,1,2019-11-20,324
1,B_1,Italy x Sweden,Mixed,Control,1-IS_M_C,1.24,5,1,2019-12-04,338
1,B_1,Italy x Sweden,Mixed,Control,1-IS_M_C,1.25,2,1,2019-12-20,354
1,B_1,Italy x Sweden,Mixed,Control,1-IS_M_C,1.26,0,1,2020-02-10,41
1,B_1,Italy x Sweden,Mixed,Control,1-IS_M_C,1.27,0,1,2020-03-02,62
1,B_1,Italy x Sweden,Mixed,Control,1-IS_M_C,1.29,0,1,2020-05-05,126
1,B_1,Italy x Sweden,Mixed,Control,1-IS_M_C,2.01,0,2,2020-05-27,148
1,B_1,Italy x Sweden,Mixed,Control,1-IS_M_C,2.02,0,2,2020-06-04,156
1,B_1,Italy x Sweden,Mixed,Control,1-IS_M_C,2.03,0,2,2020-07-23,205
1,B_1,Italy x Sweden,Mixed,Control,1-IS_M_C,2.04,0,2,2020-08-07,220
1,B_1,Italy x Sweden,Mixed,Control,1-IS_M_C,2.05,0,2,2020-08-13,226
1,B_1,Italy x Sweden,Mixed,Control,1-IS_M_C,2.06,0,2,2020-08-18,231
1,B_1,Italy x Sweden,Mixed,Control,1-IS_M_C,2.07,0,2,2020-08-25,238
1,B_1,Italy x Sweden,Mixed,Control,1-IS_M_C,2.08,12,2,2020-09-04,248
1,B_1,Italy x Sweden,Mixed,Control,1-IS_M_C,2.09,66,2,2020-09-16,260
1,B_1,Italy x Sweden,Mixed,Control,1-IS_M_C,2.1,0,2,2020-10-02,276
1,B_1,Italy x Sweden,Mixed,Control,1-IS_M_C,2.11,0,2,2020-10-19,293
1,B_1,Italy x Sweden,Mixed,Control,1-IS_M_C,2.12,0,2,2020-10-30,304
1,B_1,Italy x Sweden,Mixed,Control,1-IS_M_C,2.13,0,2,2020-11-13,318
1,B_1,Italy x Sweden,Mixed,Control,1-IS_M_C,2.14,0,2,2020-12-02,337
1,B_1,Italy x Sweden,Mixed,Control,1-IS_M_C,2.15,0,2,2020-12-17,352
1,B_1,Italy x Sweden,Mixed,Control,1-IS_M_C,2.16,0,2,2021-01-15,15
1,B_1,Italy x Sweden,Mixed,Control,1-IS_M_C,2.17,0,2,2021-02-01,32
1,B_1,Italy x Sweden,Mixed,Control,1-IS_M_C,2.18,0,2,2021-02-25,56
1,B_1,Italy x Sweden,Mixed,Control,1-IS_M_C,2.19,0,2,2021-03-08,67
1,B_1,Italy x Sweden,Mixed,Control,1-IS_M_C,2.2,0,2,2021-03-25,84
1,B_1,Italy x Sweden,Mixed,Control,1-IS_M_C,2.21,0,2,2021-04-08,98
1,B_1,Italy x Sweden,Mixed,Control,1-IS_M_C,3.14,0,3,2021-08-17,229
1,B_1,Italy x Sweden,Mixed,Control,1-IS_M_C,3.15,0,3,2021-08-25,237
1,B_1,Italy x Sweden,Mixed,Control,1-IS_M_C,3.16,0,3,2021-09-02,245
1,B_1,Italy x Sweden,Mixed,Control,1-IS_M_C,3.17,0,3,2021-09-08,251
1,B_1,Italy x Sweden,Mixed,Control,1-IS_M_C,3.18,0,3,2021-09-15,258
1,B_1,Italy x Sweden,Mixed,Control,1-IS_M_C,3.19,0,3,2021-09-22,265
1,B_1,Italy x Sweden,Mixed,Control,1-IS_M_C,3.2,27,3,2021-09-27,270
1,B_1,Italy x Sweden,Mixed,Control,1-IS_M_C,3.21,0,3,2021-10-11,284
1,B_1,Italy x Sweden,Mixed,Control,1-IS_M_C,3.22,0,3,2021-11-08,312
1,B_1,Italy x Sweden,Mixed,Control,1-IS_M_C,3.23,0,3,2021-12-17,351
1,B_2,Italy x Sweden,Non-Dormant,High Humidity,1-IS_ND_D,1.01,18,1,2019-06-12,163
1,B_2,Italy x Sweden,Non-Dormant,High Humidity,1-IS_ND_D,1.02,0,1,2019-06-16,167
1,B_2,Italy x Sweden,Non-Dormant,High Humidity,1-IS_ND_D,1.03,0,1,2019-06-26,177
1,B_2,Italy x Sweden,Non-Dormant,High Humidity,1-IS_ND_D,1.04,0,1,2019-07-03,184
1,B_2,Italy x Sweden,Non-Dormant,High Humidity,1-IS_ND_D,1.05,NA,1,2019-07-10,191
1,B_2,Italy x Sweden,Non-Dormant,High Humidity,1-IS_ND_D,1.06,NA,1,2019-07-17,198
1,B_2,Italy x Sweden,Non-Dormant,High Humidity,1-IS_ND_D,1.07,0,1,2019-07-24,205
1,B_2,Italy x Sweden,Non-Dormant,High Humidity,1-IS_ND_D,1.08,0,1,2019-07-31,212
1,B_2,Italy x Sweden,Non-Dormant,High Humidity,1-IS_ND_D,1.09,0,1,2019-08-07,219
1,B_2,Italy x Sweden,Non-Dormant,High Humidity,1-IS_ND_D,1.1,0,1,2019-08-15,227
1,B_2,Italy x Sweden,Non-Dormant,High Humidity,1-IS_ND_D,1.11,0,1,2019-08-20,232
1,B_2,Italy x Sweden,Non-Dormant,High Humidity,1-IS_ND_D,1.12,0,1,2019-08-28,240
1,B_2,Italy x Sweden,Non-Dormant,High Humidity,1-IS_ND_D,1.13,0,1,2019-09-04,247
1,B_2,Italy x Sweden,Non-Dormant,High Humidity,1-IS_ND_D,1.14,0,1,2019-09-11,254
1,B_2,Italy x Sweden,Non-Dormant,High Humidity,1-IS_ND_D,1.15,0,1,2019-09-18,261
1,B_2,Italy x Sweden,Non-Dormant,High Humidity,1-IS_ND_D,1.16,0,1,2019-09-25,268
1,B_2,Italy x Sweden,Non-Dormant,High Humidity,1-IS_ND_D,1.17,0,1,2019-10-02,275
1,B_2,Italy x Sweden,Non-Dormant,High Humidity,1-IS_ND_D,1.18,0,1,2019-10-09,282
1,B_2,Italy x Sweden,Non-Dormant,High Humidity,1-IS_ND_D,1.19,8,1,2019-10-18,291
1,B_2,Italy x Sweden,Non-Dormant,High Humidity,1-IS_ND_D,1.2,341,1,2019-10-23,296
1,B_2,Italy x Sweden,Non-Dormant,High Humidity,1-IS_ND_D,1.22,0,1,2019-11-06,310
1,B_2,Italy x Sweden,Non-Dormant,High Humidity,1-IS_ND_D,1.23,0,1,2019-11-20,324
1,B_2,Italy x Sweden,Non-Dormant,High Humidity,1-IS_ND_D,1.24,54,1,2019-12-04,338
1,B_2,Italy x Sweden,Non-Dormant,High Humidity,1-IS_ND_D,1.25,98,1,2019-12-20,354
1,B_2,Italy x Sweden,Non-Dormant,High Humidity,1-IS_ND_D,1.26,0,1,2020-02-10,41
1,B_2,Italy x Sweden,Non-Dormant,High Humidity,1-IS_ND_D,1.27,13,1,2020-03-02,62
1,B_2,Italy x Sweden,Non-Dormant,High Humidity,1-IS_ND_D,1.29,0,1,2020-05-05,126
1,B_2,Italy x Sweden,Non-Dormant,High Humidity,1-IS_ND_D,2.01,27,2,2020-05-27,148
1,B_2,Italy x Sweden,Non-Dormant,High Humidity,1-IS_ND_D,2.02,0,2,2020-06-04,156
1,B_2,Italy x Sweden,Non-Dormant,High Humidity,1-IS_ND_D,2.03,0,2,2020-07-23,205
1,B_2,Italy x Sweden,Non-Dormant,High Humidity,1-IS_ND_D,2.04,0,2,2020-08-07,220
1,B_2,Italy x Sweden,Non-Dormant,High Humidity,1-IS_ND_D,2.05,0,2,2020-08-13,226
1,B_2,Italy x Sweden,Non-Dormant,High Humidity,1-IS_ND_D,2.06,0,2,2020-08-18,231
1,B_2,Italy x Sweden,Non-Dormant,High Humidity,1-IS_ND_D,2.07,0,2,2020-08-25,238
1,B_2,Italy x Sweden,Non-Dormant,High Humidity,1-IS_ND_D,2.08,25,2,2020-09-04,248
1,B_2,Italy x Sweden,Non-Dormant,High Humidity,1-IS_ND_D,2.09,42,2,2020-09-16,260
1,B_2,Italy x Sweden,Non-Dormant,High Humidity,1-IS_ND_D,2.1,0,2,2020-10-02,276
1,B_2,Italy x Sweden,Non-Dormant,High Humidity,1-IS_ND_D,2.11,0,2,2020-10-19,293
1,B_2,Italy x Sweden,Non-Dormant,High Humidity,1-IS_ND_D,2.12,0,2,2020-10-30,304
1,B_2,Italy x Sweden,Non-Dormant,High Humidity,1-IS_ND_D,2.13,0,2,2020-11-13,318
1,B_2,Italy x Sweden,Non-Dormant,High Humidity,1-IS_ND_D,2.14,0,2,2020-12-02,337
1,B_2,Italy x Sweden,Non-Dormant,High Humidity,1-IS_ND_D,2.15,0,2,2020-12-17,352
1,B_2,Italy x Sweden,Non-Dormant,High Humidity,1-IS_ND_D,2.16,0,2,2021-01-15,15
1,B_2,Italy x Sweden,Non-Dormant,High Humidity,1-IS_ND_D,2.17,0,2,2021-02-01,32
1,B_2,Italy x Sweden,Non-Dormant,High Humidity,1-IS_ND_D,2.18,0,2,2021-02-25,56
1,B_2,Italy x Sweden,Non-Dormant,High Humidity,1-IS_ND_D,2.19,0,2,2021-03-08,67
1,B_2,Italy x Sweden,Non-Dormant,High Humidity,1-IS_ND_D,2.2,0,2,2021-03-25,84
1,B_2,Italy x Sweden,Non-Dormant,High Humidity,1-IS_ND_D,2.21,0,2,2021-04-08,98
1,B_2,Italy x Sweden,Non-Dormant,High Humidity,1-IS_ND_D,3.14,0,3,2021-08-17,229
1,B_2,Italy x Sweden,Non-Dormant,High Humidity,1-IS_ND_D,3.15,0,3,2021-08-25,237
1,B_2,Italy x Sweden,Non-Dormant,High Humidity,1-IS_ND_D,3.16,0,3,2021-09-02,245
1,B_2,Italy x Sweden,Non-Dormant,High Humidity,1-IS_ND_D,3.17,0,3,2021-09-08,251
1,B_2,Italy x Sweden,Non-Dormant,High Humidity,1-IS_ND_D,3.18,0,3,2021-09-15,258
1,B_2,Italy x Sweden,Non-Dormant,High Humidity,1-IS_ND_D,3.19,0,3,2021-09-22,265
1,B_2,Italy x Sweden,Non-Dormant,High Humidity,1-IS_ND_D,3.2,55,3,2021-09-27,270
1,B_2,Italy x Sweden,Non-Dormant,High Humidity,1-IS_ND_D,3.21,39,3,2021-10-11,284
1,B_2,Italy x Sweden,Non-Dormant,High Humidity,1-IS_ND_D,3.22,6,3,2021-11-08,312
1,B_2,Italy x Sweden,Non-Dormant,High Humidity,1-IS_ND_D,3.23,8,3,2021-12-17,351
1,B_3,Germany x Tajikistan,Non-Dormant,Control,1-BS_ND_C,1.01,NA,1,2019-06-12,163
1,B_3,Germany x Tajikistan,Non-Dormant,Control,1-BS_ND_C,1.02,NA,1,2019-06-16,167
1,B_3,Germany x Tajikistan,Non-Dormant,Control,1-BS_ND_C,1.03,NA,1,2019-06-26,177
1,B_3,Germany x Tajikistan,Non-Dormant,Control,1-BS_ND_C,1.04,NA,1,2019-07-03,184
1,B_3,Germany x Tajikistan,Non-Dormant,Control,1-BS_ND_C,1.05,NA,1,2019-07-10,191
1,B_3,Germany x Tajikistan,Non-Dormant,Control,1-BS_ND_C,1.06,NA,1,2019-07-17,198
1,B_3,Germany x Tajikistan,Non-Dormant,Control,1-BS_ND_C,1.07,0,1,2019-07-24,205
1,B_3,Germany x Tajikistan,Non-Dormant,Control,1-BS_ND_C,1.08,0,1,2019-07-31,212
1,B_3,Germany x Tajikistan,Non-Dormant,Control,1-BS_ND_C,1.09,0,1,2019-08-07,219
1,B_3,Germany x Tajikistan,Non-Dormant,Control,1-BS_ND_C,1.1,0,1,2019-08-15,227
1,B_3,Germany x Tajikistan,Non-Dormant,Control,1-BS_ND_C,1.11,0,1,2019-08-20,232
1,B_3,Germany x Tajikistan,Non-Dormant,Control,1-BS_ND_C,1.12,0,1,2019-08-28,240
1,B_3,Germany x Tajikistan,Non-Dormant,Control,1-BS_ND_C,1.13,0,1,2019-09-04,247
1,B_3,Germany x Tajikistan,Non-Dormant,Control,1-BS_ND_C,1.14,0,1,2019-09-11,254
1,B_3,Germany x Tajikistan,Non-Dormant,Control,1-BS_ND_C,1.15,0,1,2019-09-18,261
1,B_3,Germany x Tajikistan,Non-Dormant,Control,1-BS_ND_C,1.16,0,1,2019-09-25,268
1,B_3,Germany x Tajikistan,Non-Dormant,Control,1-BS_ND_C,1.17,0,1,2019-10-02,275
1,B_3,Germany x Tajikistan,Non-Dormant,Control,1-BS_ND_C,1.18,0,1,2019-10-09,282
1,B_3,Germany x Tajikistan,Non-Dormant,Control,1-BS_ND_C,1.19,0,1,2019-10-18,291
1,B_3,Germany x Tajikistan,Non-Dormant,Control,1-BS_ND_C,1.2,0,1,2019-10-23,296
1,B_3,Germany x Tajikistan,Non-Dormant,Control,1-BS_ND_C,1.22,0,1,2019-11-06,310
1,B_3,Germany x Tajikistan,Non-Dormant,Control,1-BS_ND_C,1.23,0,1,2019-11-20,324
1,B_3,Germany x Tajikistan,Non-Dormant,Control,1-BS_ND_C,1.24,0,1,2019-12-04,338
1,B_3,Germany x Tajikistan,Non-Dormant,Control,1-BS_ND_C,1.25,2,1,2019-12-20,354
1,B_3,Germany x Tajikistan,Non-Dormant,Control,1-BS_ND_C,1.26,0,1,2020-02-10,41
1,B_3,Germany x Tajikistan,Non-Dormant,Control,1-BS_ND_C,1.27,0,1,2020-03-02,62
1,B_3,Germany x Tajikistan,Non-Dormant,Control,1-BS_ND_C,1.29,0,1,2020-05-05,126
1,B_3,Germany x Tajikistan,Non-Dormant,Control,1-BS_ND_C,2.01,0,2,2020-05-27,148
1,B_3,Germany x Tajikistan,Non-Dormant,Control,1-BS_ND_C,2.02,0,2,2020-06-04,156
1,B_3,Germany x Tajikistan,Non-Dormant,Control,1-BS_ND_C,2.03,0,2,2020-07-23,205
1,B_3,Germany x Tajikistan,Non-Dormant,Control,1-BS_ND_C,2.04,0,2,2020-08-07,220
1,B_3,Germany x Tajikistan,Non-Dormant,Control,1-BS_ND_C,2.05,0,2,2020-08-13,226
1,B_3,Germany x Tajikistan,Non-Dormant,Control,1-BS_ND_C,2.06,0,2,2020-08-18,231
1,B_3,Germany x Tajikistan,Non-Dormant,Control,1-BS_ND_C,2.07,0,2,2020-08-25,238
1,B_3,Germany x Tajikistan,Non-Dormant,Control,1-BS_ND_C,2.08,7,2,2020-09-04,248
1,B_3,Germany x Tajikistan,Non-Dormant,Control,1-BS_ND_C,2.09,0,2,2020-09-16,260
1,B_3,Germany x Tajikistan,Non-Dormant,Control,1-BS_ND_C,2.1,0,2,2020-10-02,276
1,B_3,Germany x Tajikistan,Non-Dormant,Control,1-BS_ND_C,2.11,0,2,2020-10-19,293
1,B_3,Germany x Tajikistan,Non-Dormant,Control,1-BS_ND_C,2.12,0,2,2020-10-30,304
1,B_3,Germany x Tajikistan,Non-Dormant,Control,1-BS_ND_C,2.13,0,2,2020-11-13,318
1,B_3,Germany x Tajikistan,Non-Dormant,Control,1-BS_ND_C,2.14,0,2,2020-12-02,337
1,B_3,Germany x Tajikistan,Non-Dormant,Control,1-BS_ND_C,2.15,0,2,2020-12-17,352
1,B_3,Germany x Tajikistan,Non-Dormant,Control,1-BS_ND_C,2.16,0,2,2021-01-15,15
1,B_3,Germany x Tajikistan,Non-Dormant,Control,1-BS_ND_C,2.17,0,2,2021-02-01,32
1,B_3,Germany x Tajikistan,Non-Dormant,Control,1-BS_ND_C,2.18,0,2,2021-02-25,56
1,B_3,Germany x Tajikistan,Non-Dormant,Control,1-BS_ND_C,2.19,0,2,2021-03-08,67
1,B_3,Germany x Tajikistan,Non-Dormant,Control,1-BS_ND_C,2.2,0,2,2021-03-25,84
1,B_3,Germany x Tajikistan,Non-Dormant,Control,1-BS_ND_C,2.21,0,2,2021-04-08,98
1,B_3,Germany x Tajikistan,Non-Dormant,Control,1-BS_ND_C,3.14,0,3,2021-08-17,229
1,B_3,Germany x Tajikistan,Non-Dormant,Control,1-BS_ND_C,3.15,0,3,2021-08-25,237
1,B_3,Germany x Tajikistan,Non-Dormant,Control,1-BS_ND_C,3.16,0,3,2021-09-02,245
1,B_3,Germany x Tajikistan,Non-Dormant,Control,1-BS_ND_C,3.17,0,3,2021-09-08,251
1,B_3,Germany x Tajikistan,Non-Dormant,Control,1-BS_ND_C,3.18,0,3,2021-09-15,258
1,B_3,Germany x Tajikistan,Non-Dormant,Control,1-BS_ND_C,3.19,0,3,2021-09-22,265
1,B_3,Germany x Tajikistan,Non-Dormant,Control,1-BS_ND_C,3.2,39,3,2021-09-27,270
1,B_3,Germany x Tajikistan,Non-Dormant,Control,1-BS_ND_C,3.21,0,3,2021-10-11,284
1,B_3,Germany x Tajikistan,Non-Dormant,Control,1-BS_ND_C,3.22,0,3,2021-11-08,312
1,B_3,Germany x Tajikistan,Non-Dormant,Control,1-BS_ND_C,3.23,0,3,2021-12-17,351
1,B_4,Italy x Sweden,Dormant,High Humidity,1-IS_D_D,1.01,0,1,2019-06-12,163
1,B_4,Italy x Sweden,Dormant,High Humidity,1-IS_D_D,1.02,0,1,2019-06-16,167
1,B_4,Italy x Sweden,Dormant,High Humidity,1-IS_D_D,1.03,0,1,2019-06-26,177
1,B_4,Italy x Sweden,Dormant,High Humidity,1-IS_D_D,1.04,0,1,2019-07-03,184
1,B_4,Italy x Sweden,Dormant,High Humidity,1-IS_D_D,1.05,NA,1,2019-07-10,191
1,B_4,Italy x Sweden,Dormant,High Humidity,1-IS_D_D,1.06,NA,1,2019-07-17,198
1,B_4,Italy x Sweden,Dormant,High Humidity,1-IS_D_D,1.07,0,1,2019-07-24,205
1,B_4,Italy x Sweden,Dormant,High Humidity,1-IS_D_D,1.08,0,1,2019-07-31,212
1,B_4,Italy x Sweden,Dormant,High Humidity,1-IS_D_D,1.09,0,1,2019-08-07,219
1,B_4,Italy x Sweden,Dormant,High Humidity,1-IS_D_D,1.1,0,1,2019-08-15,227
1,B_4,Italy x Sweden,Dormant,High Humidity,1-IS_D_D,1.11,0,1,2019-08-20,232
1,B_4,Italy x Sweden,Dormant,High Humidity,1-IS_D_D,1.12,0,1,2019-08-28,240
1,B_4,Italy x Sweden,Dormant,High Humidity,1-IS_D_D,1.13,0,1,2019-09-04,247
1,B_4,Italy x Sweden,Dormant,High Humidity,1-IS_D_D,1.14,0,1,2019-09-11,254
1,B_4,Italy x Sweden,Dormant,High Humidity,1-IS_D_D,1.15,0,1,2019-09-18,261
1,B_4,Italy x Sweden,Dormant,High Humidity,1-IS_D_D,1.16,0,1,2019-09-25,268
1,B_4,Italy x Sweden,Dormant,High Humidity,1-IS_D_D,1.17,0,1,2019-10-02,275
1,B_4,Italy x Sweden,Dormant,High Humidity,1-IS_D_D,1.18,0,1,2019-10-09,282
1,B_4,Italy x Sweden,Dormant,High Humidity,1-IS_D_D,1.19,0,1,2019-10-18,291
1,B_4,Italy x Sweden,Dormant,High Humidity,1-IS_D_D,1.2,6,1,2019-10-23,296
1,B_4,Italy x Sweden,Dormant,High Humidity,1-IS_D_D,1.22,33,1,2019-11-06,310
1,B_4,Italy x Sweden,Dormant,High Humidity,1-IS_D_D,1.23,0,1,2019-11-20,324
1,B_4,Italy x Sweden,Dormant,High Humidity,1-IS_D_D,1.24,12,1,2019-12-04,338
1,B_4,Italy x Sweden,Dormant,High Humidity,1-IS_D_D,1.25,4,1,2019-12-20,354
1,B_4,Italy x Sweden,Dormant,High Humidity,1-IS_D_D,1.26,0,1,2020-02-10,41
1,B_4,Italy x Sweden,Dormant,High Humidity,1-IS_D_D,1.27,1,1,2020-03-02,62
1,B_4,Italy x Sweden,Dormant,High Humidity,1-IS_D_D,1.29,0,1,2020-05-05,126
1,B_4,Italy x Sweden,Dormant,High Humidity,1-IS_D_D,2.01,5,2,2020-05-27,148
1,B_4,Italy x Sweden,Dormant,High Humidity,1-IS_D_D,2.02,0,2,2020-06-04,156
1,B_4,Italy x Sweden,Dormant,High Humidity,1-IS_D_D,2.03,0,2,2020-07-23,205
1,B_4,Italy x Sweden,Dormant,High Humidity,1-IS_D_D,2.04,0,2,2020-08-07,220
1,B_4,Italy x Sweden,Dormant,High Humidity,1-IS_D_D,2.05,0,2,2020-08-13,226
1,B_4,Italy x Sweden,Dormant,High Humidity,1-IS_D_D,2.06,0,2,2020-08-18,231
1,B_4,Italy x Sweden,Dormant,High Humidity,1-IS_D_D,2.07,0,2,2020-08-25,238
1,B_4,Italy x Sweden,Dormant,High Humidity,1-IS_D_D,2.08,0,2,2020-09-04,248
1,B_4,Italy x Sweden,Dormant,High Humidity,1-IS_D_D,2.09,0,2,2020-09-16,260
1,B_4,Italy x Sweden,Dormant,High Humidity,1-IS_D_D,2.1,0,2,2020-10-02,276
1,B_4,Italy x Sweden,Dormant,High Humidity,1-IS_D_D,2.11,0,2,2020-10-19,293
1,B_4,Italy x Sweden,Dormant,High Humidity,1-IS_D_D,2.12,0,2,2020-10-30,304
1,B_4,Italy x Sweden,Dormant,High Humidity,1-IS_D_D,2.13,26,2,2020-11-13,318
1,B_4,Italy x Sweden,Dormant,High Humidity,1-IS_D_D,2.14,0,2,2020-12-02,337
1,B_4,Italy x Sweden,Dormant,High Humidity,1-IS_D_D,2.15,6,2,2020-12-17,352
1,B_4,Italy x Sweden,Dormant,High Humidity,1-IS_D_D,2.16,0,2,2021-01-15,15
1,B_4,Italy x Sweden,Dormant,High Humidity,1-IS_D_D,2.17,0,2,2021-02-01,32
1,B_4,Italy x Sweden,Dormant,High Humidity,1-IS_D_D,2.18,0,2,2021-02-25,56
1,B_4,Italy x Sweden,Dormant,High Humidity,1-IS_D_D,2.19,0,2,2021-03-08,67
1,B_4,Italy x Sweden,Dormant,High Humidity,1-IS_D_D,2.2,0,2,2021-03-25,84
1,B_4,Italy x Sweden,Dormant,High Humidity,1-IS_D_D,2.21,0,2,2021-04-08,98
1,B_4,Italy x Sweden,Dormant,High Humidity,1-IS_D_D,3.14,0,3,2021-08-17,229
1,B_4,Italy x Sweden,Dormant,High Humidity,1-IS_D_D,3.15,0,3,2021-08-25,237
1,B_4,Italy x Sweden,Dormant,High Humidity,1-IS_D_D,3.16,0,3,2021-09-02,245
1,B_4,Italy x Sweden,Dormant,High Humidity,1-IS_D_D,3.17,0,3,2021-09-08,251
1,B_4,Italy x Sweden,Dormant,High Humidity,1-IS_D_D,3.18,0,3,2021-09-15,258
1,B_4,Italy x Sweden,Dormant,High Humidity,1-IS_D_D,3.19,0,3,2021-09-22,265
1,B_4,Italy x Sweden,Dormant,High Humidity,1-IS_D_D,3.2,16,3,2021-09-27,270
1,B_4,Italy x Sweden,Dormant,High Humidity,1-IS_D_D,3.21,37,3,2021-10-11,284
1,B_4,Italy x Sweden,Dormant,High Humidity,1-IS_D_D,3.22,220,3,2021-11-08,312
1,B_4,Italy x Sweden,Dormant,High Humidity,1-IS_D_D,3.23,0,3,2021-12-17,351
2,B_5,UK x USA,Dormant,Control,2-TC_D_C,1.01,NA,1,2019-06-12,163
2,B_5,UK x USA,Dormant,Control,2-TC_D_C,1.02,NA,1,2019-06-16,167
2,B_5,UK x USA,Dormant,Control,2-TC_D_C,1.03,NA,1,2019-06-26,177
2,B_5,UK x USA,Dormant,Control,2-TC_D_C,1.04,NA,1,2019-07-03,184
2,B_5,UK x USA,Dormant,Control,2-TC_D_C,1.05,NA,1,2019-07-10,191
2,B_5,UK x USA,Dormant,Control,2-TC_D_C,1.06,NA,1,2019-07-17,198
2,B_5,UK x USA,Dormant,Control,2-TC_D_C,1.07,0,1,2019-07-24,205
2,B_5,UK x USA,Dormant,Control,2-TC_D_C,1.08,0,1,2019-07-31,212
2,B_5,UK x USA,Dormant,Control,2-TC_D_C,1.09,0,1,2019-08-07,219
2,B_5,UK x USA,Dormant,Control,2-TC_D_C,1.1,0,1,2019-08-15,227
2,B_5,UK x USA,Dormant,Control,2-TC_D_C,1.11,0,1,2019-08-20,232
2,B_5,UK x USA,Dormant,Control,2-TC_D_C,1.12,0,1,2019-08-28,240
2,B_5,UK x USA,Dormant,Control,2-TC_D_C,1.13,0,1,2019-09-04,247
2,B_5,UK x USA,Dormant,Control,2-TC_D_C,1.14,0,1,2019-09-11,254
2,B_5,UK x USA,Dormant,Control,2-TC_D_C,1.15,0,1,2019-09-18,261
2,B_5,UK x USA,Dormant,Control,2-TC_D_C,1.16,0,1,2019-09-25,268
2,B_5,UK x USA,Dormant,Control,2-TC_D_C,1.17,0,1,2019-10-02,275
2,B_5,UK x USA,Dormant,Control,2-TC_D_C,1.18,0,1,2019-10-09,282
2,B_5,UK x USA,Dormant,Control,2-TC_D_C,1.19,0,1,2019-10-18,291
2,B_5,UK x USA,Dormant,Control,2-TC_D_C,1.2,9,1,2019-10-23,296
2,B_5,UK x USA,Dormant,Control,2-TC_D_C,1.22,0,1,2019-11-06,310
2,B_5,UK x USA,Dormant,Control,2-TC_D_C,1.23,0,1,2019-11-20,324
2,B_5,UK x USA,Dormant,Control,2-TC_D_C,1.24,0,1,2019-12-04,338
2,B_5,UK x USA,Dormant,Control,2-TC_D_C,1.25,0,1,2019-12-20,354
2,B_5,UK x USA,Dormant,Control,2-TC_D_C,1.26,0,1,2020-02-10,41
2,B_5,UK x USA,Dormant,Control,2-TC_D_C,1.27,0,1,2020-03-02,62
2,B_5,UK x USA,Dormant,Control,2-TC_D_C,1.29,0,1,2020-05-05,126
2,B_5,UK x USA,Dormant,Control,2-TC_D_C,2.01,0,2,2020-05-27,148
2,B_5,UK x USA,Dormant,Control,2-TC_D_C,2.02,0,2,2020-06-04,156
2,B_5,UK x USA,Dormant,Control,2-TC_D_C,2.03,0,2,2020-07-23,205
2,B_5,UK x USA,Dormant,Control,2-TC_D_C,2.04,0,2,2020-08-07,220
2,B_5,UK x USA,Dormant,Control,2-TC_D_C,2.05,0,2,2020-08-13,226
2,B_5,UK x USA,Dormant,Control,2-TC_D_C,2.06,0,2,2020-08-18,231
2,B_5,UK x USA,Dormant,Control,2-TC_D_C,2.07,0,2,2020-08-25,238
2,B_5,UK x USA,Dormant,Control,2-TC_D_C,2.08,45,2,2020-09-04,248
2,B_5,UK x USA,Dormant,Control,2-TC_D_C,2.09,0,2,2020-09-16,260
2,B_5,UK x USA,Dormant,Control,2-TC_D_C,2.1,0,2,2020-10-02,276
2,B_5,UK x USA,Dormant,Control,2-TC_D_C,2.11,0,2,2020-10-19,293
2,B_5,UK x USA,Dormant,Control,2-TC_D_C,2.12,0,2,2020-10-30,304
2,B_5,UK x USA,Dormant,Control,2-TC_D_C,2.13,0,2,2020-11-13,318
2,B_5,UK x USA,Dormant,Control,2-TC_D_C,2.14,0,2,2020-12-02,337
2,B_5,UK x USA,Dormant,Control,2-TC_D_C,2.15,0,2,2020-12-17,352
2,B_5,UK x USA,Dormant,Control,2-TC_D_C,2.16,0,2,2021-01-15,15
2,B_5,UK x USA,Dormant,Control,2-TC_D_C,2.17,0,2,2021-02-01,32
2,B_5,UK x USA,Dormant,Control,2-TC_D_C,2.18,0,2,2021-02-25,56
2,B_5,UK x USA,Dormant,Control,2-TC_D_C,2.19,0,2,2021-03-08,67
2,B_5,UK x USA,Dormant,Control,2-TC_D_C,2.2,0,2,2021-03-25,84
2,B_5,UK x USA,Dormant,Control,2-TC_D_C,2.21,0,2,2021-04-08,98
2,B_5,UK x USA,Dormant,Control,2-TC_D_C,3.14,0,3,2021-08-17,229
2,B_5,UK x USA,Dormant,Control,2-TC_D_C,3.15,0,3,2021-08-25,237
2,B_5,UK x USA,Dormant,Control,2-TC_D_C,3.16,0,3,2021-09-02,245
2,B_5,UK x USA,Dormant,Control,2-TC_D_C,3.17,0,3,2021-09-08,251
2,B_5,UK x USA,Dormant,Control,2-TC_D_C,3.18,0,3,2021-09-15,258
2,B_5,UK x USA,Dormant,Control,2-TC_D_C,3.19,0,3,2021-09-22,265
2,B_5,UK x USA,Dormant,Control,2-TC_D_C,3.2,0,3,2021-09-29,272
2,B_5,UK x USA,Dormant,Control,2-TC_D_C,3.21,0,3,2021-10-12,285
2,B_5,UK x USA,Dormant,Control,2-TC_D_C,3.22,0,3,2021-11-10,314
2,B_5,UK x USA,Dormant,Control,2-TC_D_C,3.23,0,3,2021-12-17,351
2,B_6,Italy x Sweden,Non-Dormant,High Humidity,2-IS_ND_D,1.01,1,1,2019-06-12,163
2,B_6,Italy x Sweden,Non-Dormant,High Humidity,2-IS_ND_D,1.02,0,1,2019-06-16,167
2,B_6,Italy x Sweden,Non-Dormant,High Humidity,2-IS_ND_D,1.03,0,1,2019-06-26,177
2,B_6,Italy x Sweden,Non-Dormant,High Humidity,2-IS_ND_D,1.04,0,1,2019-07-03,184
2,B_6,Italy x Sweden,Non-Dormant,High Humidity,2-IS_ND_D,1.05,NA,1,2019-07-10,191
2,B_6,Italy x Sweden,Non-Dormant,High Humidity,2-IS_ND_D,1.06,NA,1,2019-07-17,198
2,B_6,Italy x Sweden,Non-Dormant,High Humidity,2-IS_ND_D,1.07,0,1,2019-07-24,205
2,B_6,Italy x Sweden,Non-Dormant,High Humidity,2-IS_ND_D,1.08,0,1,2019-07-31,212
2,B_6,Italy x Sweden,Non-Dormant,High Humidity,2-IS_ND_D,1.09,0,1,2019-08-07,219
2,B_6,Italy x Sweden,Non-Dormant,High Humidity,2-IS_ND_D,1.1,0,1,2019-08-15,227
2,B_6,Italy x Sweden,Non-Dormant,High Humidity,2-IS_ND_D,1.11,0,1,2019-08-20,232
2,B_6,Italy x Sweden,Non-Dormant,High Humidity,2-IS_ND_D,1.12,0,1,2019-08-28,240
2,B_6,Italy x Sweden,Non-Dormant,High Humidity,2-IS_ND_D,1.13,0,1,2019-09-04,247
2,B_6,Italy x Sweden,Non-Dormant,High Humidity,2-IS_ND_D,1.14,0,1,2019-09-11,254
2,B_6,Italy x Sweden,Non-Dormant,High Humidity,2-IS_ND_D,1.15,0,1,2019-09-18,261
2,B_6,Italy x Sweden,Non-Dormant,High Humidity,2-IS_ND_D,1.16,0,1,2019-09-25,268
2,B_6,Italy x Sweden,Non-Dormant,High Humidity,2-IS_ND_D,1.17,0,1,2019-10-02,275
2,B_6,Italy x Sweden,Non-Dormant,High Humidity,2-IS_ND_D,1.18,0,1,2019-10-09,282
2,B_6,Italy x Sweden,Non-Dormant,High Humidity,2-IS_ND_D,1.19,0,1,2019-10-18,291
2,B_6,Italy x Sweden,Non-Dormant,High Humidity,2-IS_ND_D,1.2,0,1,2019-10-23,296
2,B_6,Italy x Sweden,Non-Dormant,High Humidity,2-IS_ND_D,1.22,2,1,2019-11-06,310
2,B_6,Italy x Sweden,Non-Dormant,High Humidity,2-IS_ND_D,1.23,5,1,2019-11-20,324
2,B_6,Italy x Sweden,Non-Dormant,High Humidity,2-IS_ND_D,1.24,12,1,2019-12-04,338
2,B_6,Italy x Sweden,Non-Dormant,High Humidity,2-IS_ND_D,1.25,0,1,2019-12-20,354
2,B_6,Italy x Sweden,Non-Dormant,High Humidity,2-IS_ND_D,1.26,0,1,2020-02-10,41
2,B_6,Italy x Sweden,Non-Dormant,High Humidity,2-IS_ND_D,1.27,0,1,2020-03-02,62
2,B_6,Italy x Sweden,Non-Dormant,High Humidity,2-IS_ND_D,1.29,0,1,2020-05-05,126
2,B_6,Italy x Sweden,Non-Dormant,High Humidity,2-IS_ND_D,2.01,6,2,2020-05-27,148
2,B_6,Italy x Sweden,Non-Dormant,High Humidity,2-IS_ND_D,2.02,0,2,2020-06-04,156
2,B_6,Italy x Sweden,Non-Dormant,High Humidity,2-IS_ND_D,2.03,0,2,2020-07-23,205
2,B_6,Italy x Sweden,Non-Dormant,High Humidity,2-IS_ND_D,2.04,0,2,2020-08-07,220
2,B_6,Italy x Sweden,Non-Dormant,High Humidity,2-IS_ND_D,2.05,0,2,2020-08-13,226
2,B_6,Italy x Sweden,Non-Dormant,High Humidity,2-IS_ND_D,2.06,0,2,2020-08-18,231
2,B_6,Italy x Sweden,Non-Dormant,High Humidity,2-IS_ND_D,2.07,0,2,2020-08-25,238
2,B_6,Italy x Sweden,Non-Dormant,High Humidity,2-IS_ND_D,2.08,0,2,2020-09-04,248
2,B_6,Italy x Sweden,Non-Dormant,High Humidity,2-IS_ND_D,2.09,0,2,2020-09-16,260
2,B_6,Italy x Sweden,Non-Dormant,High Humidity,2-IS_ND_D,2.1,164,2,2020-10-02,276
2,B_6,Italy x Sweden,Non-Dormant,High Humidity,2-IS_ND_D,2.11,0,2,2020-10-19,293
2,B_6,Italy x Sweden,Non-Dormant,High Humidity,2-IS_ND_D,2.12,0,2,2020-10-30,304
2,B_6,Italy x Sweden,Non-Dormant,High Humidity,2-IS_ND_D,2.13,41,2,2020-11-13,318
2,B_6,Italy x Sweden,Non-Dormant,High Humidity,2-IS_ND_D,2.14,0,2,2020-12-02,337
2,B_6,Italy x Sweden,Non-Dormant,High Humidity,2-IS_ND_D,2.15,0,2,2020-12-17,352
2,B_6,Italy x Sweden,Non-Dormant,High Humidity,2-IS_ND_D,2.16,0,2,2021-01-15,15
2,B_6,Italy x Sweden,Non-Dormant,High Humidity,2-IS_ND_D,2.17,0,2,2021-02-01,32
2,B_6,Italy x Sweden,Non-Dormant,High Humidity,2-IS_ND_D,2.18,0,2,2021-02-25,56
2,B_6,Italy x Sweden,Non-Dormant,High Humidity,2-IS_ND_D,2.19,0,2,2021-03-08,67
2,B_6,Italy x Sweden,Non-Dormant,High Humidity,2-IS_ND_D,2.2,0,2,2021-03-25,84
2,B_6,Italy x Sweden,Non-Dormant,High Humidity,2-IS_ND_D,2.21,0,2,2021-04-08,98
2,B_6,Italy x Sweden,Non-Dormant,High Humidity,2-IS_ND_D,3.14,0,3,2021-08-17,229
2,B_6,Italy x Sweden,Non-Dormant,High Humidity,2-IS_ND_D,3.15,0,3,2021-08-25,237
2,B_6,Italy x Sweden,Non-Dormant,High Humidity,2-IS_ND_D,3.16,0,3,2021-09-02,245
2,B_6,Italy x Sweden,Non-Dormant,High Humidity,2-IS_ND_D,3.17,0,3,2021-09-08,251
2,B_6,Italy x Sweden,Non-Dormant,High Humidity,2-IS_ND_D,3.18,0,3,2021-09-15,258
2,B_6,Italy x Sweden,Non-Dormant,High Humidity,2-IS_ND_D,3.19,0,3,2021-09-22,265
2,B_6,Italy x Sweden,Non-Dormant,High Humidity,2-IS_ND_D,3.2,35,3,2021-09-29,272
2,B_6,Italy x Sweden,Non-Dormant,High Humidity,2-IS_ND_D,3.21,158,3,2021-10-12,285
2,B_6,Italy x Sweden,Non-Dormant,High Humidity,2-IS_ND_D,3.22,0,3,2021-11-10,314
2,B_6,Italy x Sweden,Non-Dormant,High Humidity,2-IS_ND_D,3.23,0,3,2021-12-17,351
2,B_7,Italy x Sweden,Mixed,Control,2-IS_M_C,1.01,0,1,2019-06-12,163
2,B_7,Italy x Sweden,Mixed,Control,2-IS_M_C,1.02,0,1,2019-06-16,167
2,B_7,Italy x Sweden,Mixed,Control,2-IS_M_C,1.03,0,1,2019-06-26,177
2,B_7,Italy x Sweden,Mixed,Control,2-IS_M_C,1.04,0,1,2019-07-03,184
2,B_7,Italy x Sweden,Mixed,Control,2-IS_M_C,1.05,NA,1,2019-07-10,191
2,B_7,Italy x Sweden,Mixed,Control,2-IS_M_C,1.06,NA,1,2019-07-17,198
2,B_7,Italy x Sweden,Mixed,Control,2-IS_M_C,1.07,0,1,2019-07-24,205
2,B_7,Italy x Sweden,Mixed,Control,2-IS_M_C,1.08,0,1,2019-07-31,212
2,B_7,Italy x Sweden,Mixed,Control,2-IS_M_C,1.09,0,1,2019-08-07,219
2,B_7,Italy x Sweden,Mixed,Control,2-IS_M_C,1.1,0,1,2019-08-15,227
2,B_7,Italy x Sweden,Mixed,Control,2-IS_M_C,1.11,0,1,2019-08-20,232
2,B_7,Italy x Sweden,Mixed,Control,2-IS_M_C,1.12,0,1,2019-08-28,240
2,B_7,Italy x Sweden,Mixed,Control,2-IS_M_C,1.13,0,1,2019-09-04,247
2,B_7,Italy x Sweden,Mixed,Control,2-IS_M_C,1.14,0,1,2019-09-11,254
2,B_7,Italy x Sweden,Mixed,Control,2-IS_M_C,1.15,0,1,2019-09-18,261
2,B_7,Italy x Sweden,Mixed,Control,2-IS_M_C,1.16,0,1,2019-09-25,268
2,B_7,Italy x Sweden,Mixed,Control,2-IS_M_C,1.17,0,1,2019-10-02,275
2,B_7,Italy x Sweden,Mixed,Control,2-IS_M_C,1.18,0,1,2019-10-09,282
2,B_7,Italy x Sweden,Mixed,Control,2-IS_M_C,1.19,0,1,2019-10-18,291
2,B_7,Italy x Sweden,Mixed,Control,2-IS_M_C,1.2,3,1,2019-10-23,296
2,B_7,Italy x Sweden,Mixed,Control,2-IS_M_C,1.22,0,1,2019-11-06,310
2,B_7,Italy x Sweden,Mixed,Control,2-IS_M_C,1.23,1,1,2019-11-20,324
2,B_7,Italy x Sweden,Mixed,Control,2-IS_M_C,1.24,2,1,2019-12-04,338
2,B_7,Italy x Sweden,Mixed,Control,2-IS_M_C,1.25,6,1,2019-12-20,354
2,B_7,Italy x Sweden,Mixed,Control,2-IS_M_C,1.26,0,1,2020-02-10,41
2,B_7,Italy x Sweden,Mixed,Control,2-IS_M_C,1.27,0,1,2020-03-02,62
2,B_7,Italy x Sweden,Mixed,Control,2-IS_M_C,1.29,0,1,2020-05-05,126
2,B_7,Italy x Sweden,Mixed,Control,2-IS_M_C,2.01,2,2,2020-05-27,148
2,B_7,Italy x Sweden,Mixed,Control,2-IS_M_C,2.02,0,2,2020-06-04,156
2,B_7,Italy x Sweden,Mixed,Control,2-IS_M_C,2.03,0,2,2020-07-23,205
2,B_7,Italy x Sweden,Mixed,Control,2-IS_M_C,2.04,0,2,2020-08-07,220
2,B_7,Italy x Sweden,Mixed,Control,2-IS_M_C,2.05,0,2,2020-08-13,226
2,B_7,Italy x Sweden,Mixed,Control,2-IS_M_C,2.06,0,2,2020-08-18,231
2,B_7,Italy x Sweden,Mixed,Control,2-IS_M_C,2.07,0,2,2020-08-25,238
2,B_7,Italy x Sweden,Mixed,Control,2-IS_M_C,2.08,0,2,2020-09-04,248
2,B_7,Italy x Sweden,Mixed,Control,2-IS_M_C,2.09,35,2,2020-09-16,260
2,B_7,Italy x Sweden,Mixed,Control,2-IS_M_C,2.1,0,2,2020-10-02,276
2,B_7,Italy x Sweden,Mixed,Control,2-IS_M_C,2.11,16,2,2020-10-19,293
2,B_7,Italy x Sweden,Mixed,Control,2-IS_M_C,2.12,0,2,2020-10-30,304
2,B_7,Italy x Sweden,Mixed,Control,2-IS_M_C,2.13,0,2,2020-11-13,318
2,B_7,Italy x Sweden,Mixed,Control,2-IS_M_C,2.14,0,2,2020-12-02,337
2,B_7,Italy x Sweden,Mixed,Control,2-IS_M_C,2.15,0,2,2020-12-17,352
2,B_7,Italy x Sweden,Mixed,Control,2-IS_M_C,2.16,0,2,2021-01-15,15
2,B_7,Italy x Sweden,Mixed,Control,2-IS_M_C,2.17,0,2,2021-02-01,32
2,B_7,Italy x Sweden,Mixed,Control,2-IS_M_C,2.18,0,2,2021-02-25,56
2,B_7,Italy x Sweden,Mixed,Control,2-IS_M_C,2.19,0,2,2021-03-08,67
2,B_7,Italy x Sweden,Mixed,Control,2-IS_M_C,2.2,0,2,2021-03-25,84
2,B_7,Italy x Sweden,Mixed,Control,2-IS_M_C,2.21,0,2,2021-04-08,98
2,B_7,Italy x Sweden,Mixed,Control,2-IS_M_C,3.14,0,3,2021-08-17,229
2,B_7,Italy x Sweden,Mixed,Control,2-IS_M_C,3.15,0,3,2021-08-25,237
2,B_7,Italy x Sweden,Mixed,Control,2-IS_M_C,3.16,0,3,2021-09-02,245
2,B_7,Italy x Sweden,Mixed,Control,2-IS_M_C,3.17,0,3,2021-09-08,251
2,B_7,Italy x Sweden,Mixed,Control,2-IS_M_C,3.18,0,3,2021-09-15,258
2,B_7,Italy x Sweden,Mixed,Control,2-IS_M_C,3.19,0,3,2021-09-22,265
2,B_7,Italy x Sweden,Mixed,Control,2-IS_M_C,3.2,179,3,2021-09-29,272
2,B_7,Italy x Sweden,Mixed,Control,2-IS_M_C,3.21,0,3,2021-10-12,285
2,B_7,Italy x Sweden,Mixed,Control,2-IS_M_C,3.22,0,3,2021-11-10,314
2,B_7,Italy x Sweden,Mixed,Control,2-IS_M_C,3.23,0,3,2021-12-17,351
2,B_8,Germany x Tajikistan,Non-Dormant,Control,2-BS_ND_C,1.01,NA,1,2019-06-12,163
2,B_8,Germany x Tajikistan,Non-Dormant,Control,2-BS_ND_C,1.02,NA,1,2019-06-16,167
2,B_8,Germany x Tajikistan,Non-Dormant,Control,2-BS_ND_C,1.03,NA,1,2019-06-26,177
2,B_8,Germany x Tajikistan,Non-Dormant,Control,2-BS_ND_C,1.04,NA,1,2019-07-03,184
2,B_8,Germany x Tajikistan,Non-Dormant,Control,2-BS_ND_C,1.05,NA,1,2019-07-10,191
2,B_8,Germany x Tajikistan,Non-Dormant,Control,2-BS_ND_C,1.06,NA,1,2019-07-17,198
2,B_8,Germany x Tajikistan,Non-Dormant,Control,2-BS_ND_C,1.07,0,1,2019-07-24,205
2,B_8,Germany x Tajikistan,Non-Dormant,Control,2-BS_ND_C,1.08,0,1,2019-07-31,212
2,B_8,Germany x Tajikistan,Non-Dormant,Control,2-BS_ND_C,1.09,0,1,2019-08-07,219
2,B_8,Germany x Tajikistan,Non-Dormant,Control,2-BS_ND_C,1.1,0,1,2019-08-15,227
2,B_8,Germany x Tajikistan,Non-Dormant,Control,2-BS_ND_C,1.11,0,1,2019-08-20,232
2,B_8,Germany x Tajikistan,Non-Dormant,Control,2-BS_ND_C,1.12,0,1,2019-08-28,240
2,B_8,Germany x Tajikistan,Non-Dormant,Control,2-BS_ND_C,1.13,0,1,2019-09-04,247
2,B_8,Germany x Tajikistan,Non-Dormant,Control,2-BS_ND_C,1.14,0,1,2019-09-11,254
2,B_8,Germany x Tajikistan,Non-Dormant,Control,2-BS_ND_C,1.15,0,1,2019-09-18,261
2,B_8,Germany x Tajikistan,Non-Dormant,Control,2-BS_ND_C,1.16,0,1,2019-09-25,268
2,B_8,Germany x Tajikistan,Non-Dormant,Control,2-BS_ND_C,1.17,0,1,2019-10-02,275
2,B_8,Germany x Tajikistan,Non-Dormant,Control,2-BS_ND_C,1.18,0,1,2019-10-09,282
2,B_8,Germany x Tajikistan,Non-Dormant,Control,2-BS_ND_C,1.19,0,1,2019-10-18,291
2,B_8,Germany x Tajikistan,Non-Dormant,Control,2-BS_ND_C,1.2,3,1,2019-10-23,296
2,B_8,Germany x Tajikistan,Non-Dormant,Control,2-BS_ND_C,1.22,0,1,2019-11-06,310
2,B_8,Germany x Tajikistan,Non-Dormant,Control,2-BS_ND_C,1.23,0,1,2019-11-20,324
2,B_8,Germany x Tajikistan,Non-Dormant,Control,2-BS_ND_C,1.24,2,1,2019-12-04,338
2,B_8,Germany x Tajikistan,Non-Dormant,Control,2-BS_ND_C,1.25,0,1,2019-12-20,354
2,B_8,Germany x Tajikistan,Non-Dormant,Control,2-BS_ND_C,1.26,0,1,2020-02-10,41
2,B_8,Germany x Tajikistan,Non-Dormant,Control,2-BS_ND_C,1.27,0,1,2020-03-02,62
2,B_8,Germany x Tajikistan,Non-Dormant,Control,2-BS_ND_C,1.29,0,1,2020-05-05,126
2,B_8,Germany x Tajikistan,Non-Dormant,Control,2-BS_ND_C,2.01,0,2,2020-05-27,148
2,B_8,Germany x Tajikistan,Non-Dormant,Control,2-BS_ND_C,2.02,0,2,2020-06-04,156
2,B_8,Germany x Tajikistan,Non-Dormant,Control,2-BS_ND_C,2.03,0,2,2020-07-23,205
2,B_8,Germany x Tajikistan,Non-Dormant,Control,2-BS_ND_C,2.04,0,2,2020-08-07,220
2,B_8,Germany x Tajikistan,Non-Dormant,Control,2-BS_ND_C,2.05,0,2,2020-08-13,226
2,B_8,Germany x Tajikistan,Non-Dormant,Control,2-BS_ND_C,2.06,0,2,2020-08-18,231
2,B_8,Germany x Tajikistan,Non-Dormant,Control,2-BS_ND_C,2.07,0,2,2020-08-25,238
2,B_8,Germany x Tajikistan,Non-Dormant,Control,2-BS_ND_C,2.08,26,2,2020-09-04,248
2,B_8,Germany x Tajikistan,Non-Dormant,Control,2-BS_ND_C,2.09,19,2,2020-09-16,260
2,B_8,Germany x Tajikistan,Non-Dormant,Control,2-BS_ND_C,2.1,0,2,2020-10-02,276
2,B_8,Germany x Tajikistan,Non-Dormant,Control,2-BS_ND_C,2.11,0,2,2020-10-19,293
2,B_8,Germany x Tajikistan,Non-Dormant,Control,2-BS_ND_C,2.12,0,2,2020-10-30,304
2,B_8,Germany x Tajikistan,Non-Dormant,Control,2-BS_ND_C,2.13,0,2,2020-11-13,318
2,B_8,Germany x Tajikistan,Non-Dormant,Control,2-BS_ND_C,2.14,0,2,2020-12-02,337
2,B_8,Germany x Tajikistan,Non-Dormant,Control,2-BS_ND_C,2.15,0,2,2020-12-17,352
2,B_8,Germany x Tajikistan,Non-Dormant,Control,2-BS_ND_C,2.16,0,2,2021-01-15,15
2,B_8,Germany x Tajikistan,Non-Dormant,Control,2-BS_ND_C,2.17,0,2,2021-02-01,32
2,B_8,Germany x Tajikistan,Non-Dormant,Control,2-BS_ND_C,2.18,0,2,2021-02-25,56
2,B_8,Germany x Tajikistan,Non-Dormant,Control,2-BS_ND_C,2.19,0,2,2021-03-08,67
2,B_8,Germany x Tajikistan,Non-Dormant,Control,2-BS_ND_C,2.2,0,2,2021-03-25,84
2,B_8,Germany x Tajikistan,Non-Dormant,Control,2-BS_ND_C,2.21,0,2,2021-04-08,98
2,B_8,Germany x Tajikistan,Non-Dormant,Control,2-BS_ND_C,3.14,0,3,2021-08-17,229
2,B_8,Germany x Tajikistan,Non-Dormant,Control,2-BS_ND_C,3.15,0,3,2021-08-25,237
2,B_8,Germany x Tajikistan,Non-Dormant,Control,2-BS_ND_C,3.16,0,3,2021-09-02,245
2,B_8,Germany x Tajikistan,Non-Dormant,Control,2-BS_ND_C,3.17,0,3,2021-09-08,251
2,B_8,Germany x Tajikistan,Non-Dormant,Control,2-BS_ND_C,3.18,0,3,2021-09-15,258
2,B_8,Germany x Tajikistan,Non-Dormant,Control,2-BS_ND_C,3.19,0,3,2021-09-22,265
2,B_8,Germany x Tajikistan,Non-Dormant,Control,2-BS_ND_C,3.2,0,3,2021-09-29,272
2,B_8,Germany x Tajikistan,Non-Dormant,Control,2-BS_ND_C,3.21,0,3,2021-10-12,285
2,B_8,Germany x Tajikistan,Non-Dormant,Control,2-BS_ND_C,3.22,0,3,2021-11-10,314
2,B_8,Germany x Tajikistan,Non-Dormant,Control,2-BS_ND_C,3.23,0,3,2021-12-17,351
3,B_9,UK x USA,Mixed,Control,3-TC_M_C,1.01,NA,1,2019-06-12,163
3,B_9,UK x USA,Mixed,Control,3-TC_M_C,1.02,NA,1,2019-06-16,167
3,B_9,UK x USA,Mixed,Control,3-TC_M_C,1.03,NA,1,2019-06-26,177
3,B_9,UK x USA,Mixed,Control,3-TC_M_C,1.04,NA,1,2019-07-03,184
3,B_9,UK x USA,Mixed,Control,3-TC_M_C,1.05,NA,1,2019-07-10,191
3,B_9,UK x USA,Mixed,Control,3-TC_M_C,1.06,NA,1,2019-07-17,198
3,B_9,UK x USA,Mixed,Control,3-TC_M_C,1.07,0,1,2019-07-24,205
3,B_9,UK x USA,Mixed,Control,3-TC_M_C,1.08,0,1,2019-07-31,212
3,B_9,UK x USA,Mixed,Control,3-TC_M_C,1.09,0,1,2019-08-07,219
3,B_9,UK x USA,Mixed,Control,3-TC_M_C,1.1,0,1,2019-08-15,227
3,B_9,UK x USA,Mixed,Control,3-TC_M_C,1.11,0,1,2019-08-20,232
3,B_9,UK x USA,Mixed,Control,3-TC_M_C,1.12,0,1,2019-08-28,240
3,B_9,UK x USA,Mixed,Control,3-TC_M_C,1.13,0,1,2019-09-04,247
3,B_9,UK x USA,Mixed,Control,3-TC_M_C,1.14,0,1,2019-09-11,254
3,B_9,UK x USA,Mixed,Control,3-TC_M_C,1.15,0,1,2019-09-18,261
3,B_9,UK x USA,Mixed,Control,3-TC_M_C,1.16,0,1,2019-09-25,268
3,B_9,UK x USA,Mixed,Control,3-TC_M_C,1.17,0,1,2019-10-02,275
3,B_9,UK x USA,Mixed,Control,3-TC_M_C,1.18,0,1,2019-10-09,282
3,B_9,UK x USA,Mixed,Control,3-TC_M_C,1.19,0,1,2019-10-18,291
3,B_9,UK x USA,Mixed,Control,3-TC_M_C,1.2,9,1,2019-10-23,296
3,B_9,UK x USA,Mixed,Control,3-TC_M_C,1.22,0,1,2019-11-06,310
3,B_9,UK x USA,Mixed,Control,3-TC_M_C,1.23,0,1,2019-11-20,324
3,B_9,UK x USA,Mixed,Control,3-TC_M_C,1.24,0,1,2019-12-04,338
3,B_9,UK x USA,Mixed,Control,3-TC_M_C,1.25,0,1,2019-12-20,354
3,B_9,UK x USA,Mixed,Control,3-TC_M_C,1.26,0,1,2020-02-10,41
3,B_9,UK x USA,Mixed,Control,3-TC_M_C,1.27,0,1,2020-03-02,62
3,B_9,UK x USA,Mixed,Control,3-TC_M_C,1.29,0,1,2020-05-05,126
3,B_9,UK x USA,Mixed,Control,3-TC_M_C,2.01,0,2,2020-05-27,148
3,B_9,UK x USA,Mixed,Control,3-TC_M_C,2.02,0,2,2020-06-04,156
3,B_9,UK x USA,Mixed,Control,3-TC_M_C,2.03,0,2,2020-07-23,205
3,B_9,UK x USA,Mixed,Control,3-TC_M_C,2.04,0,2,2020-08-07,220
3,B_9,UK x USA,Mixed,Control,3-TC_M_C,2.05,0,2,2020-08-13,226
3,B_9,UK x USA,Mixed,Control,3-TC_M_C,2.06,0,2,2020-08-18,231
3,B_9,UK x USA,Mixed,Control,3-TC_M_C,2.07,0,2,2020-08-25,238
3,B_9,UK x USA,Mixed,Control,3-TC_M_C,2.08,0,2,2020-09-04,248
3,B_9,UK x USA,Mixed,Control,3-TC_M_C,2.09,13,2,2020-09-16,260
3,B_9,UK x USA,Mixed,Control,3-TC_M_C,2.1,0,2,2020-10-02,276
3,B_9,UK x USA,Mixed,Control,3-TC_M_C,2.11,0,2,2020-10-19,293
3,B_9,UK x USA,Mixed,Control,3-TC_M_C,2.12,0,2,2020-10-30,304
3,B_9,UK x USA,Mixed,Control,3-TC_M_C,2.13,0,2,2020-11-13,318
3,B_9,UK x USA,Mixed,Control,3-TC_M_C,2.14,0,2,2020-12-02,337
3,B_9,UK x USA,Mixed,Control,3-TC_M_C,2.15,0,2,2020-12-17,352
3,B_9,UK x USA,Mixed,Control,3-TC_M_C,2.16,0,2,2021-01-15,15
3,B_9,UK x USA,Mixed,Control,3-TC_M_C,2.17,0,2,2021-02-01,32
3,B_9,UK x USA,Mixed,Control,3-TC_M_C,2.18,0,2,2021-02-25,56
3,B_9,UK x USA,Mixed,Control,3-TC_M_C,2.19,0,2,2021-03-08,67
3,B_9,UK x USA,Mixed,Control,3-TC_M_C,2.2,0,2,2021-03-25,84
3,B_9,UK x USA,Mixed,Control,3-TC_M_C,2.21,0,2,2021-04-08,98
3,B_9,UK x USA,Mixed,Control,3-TC_M_C,3.14,0,3,2021-08-17,229
3,B_9,UK x USA,Mixed,Control,3-TC_M_C,3.15,0,3,2021-08-25,237
3,B_9,UK x USA,Mixed,Control,3-TC_M_C,3.16,0,3,2021-09-02,245
3,B_9,UK x USA,Mixed,Control,3-TC_M_C,3.17,0,3,2021-09-08,251
3,B_9,UK x USA,Mixed,Control,3-TC_M_C,3.18,0,3,2021-09-15,258
3,B_9,UK x USA,Mixed,Control,3-TC_M_C,3.19,0,3,2021-09-22,265
3,B_9,UK x USA,Mixed,Control,3-TC_M_C,3.2,3,3,2021-09-29,272
3,B_9,UK x USA,Mixed,Control,3-TC_M_C,3.21,0,3,2021-10-13,286
3,B_9,UK x USA,Mixed,Control,3-TC_M_C,3.22,0,3,2021-11-10,314
3,B_9,UK x USA,Mixed,Control,3-TC_M_C,3.23,0,3,2021-12-17,351
3,B_10,UK x USA,Non-Dormant,Control,3-TC_ND_C,1.01,NA,1,2019-06-12,163
3,B_10,UK x USA,Non-Dormant,Control,3-TC_ND_C,1.02,NA,1,2019-06-16,167
3,B_10,UK x USA,Non-Dormant,Control,3-TC_ND_C,1.03,NA,1,2019-06-26,177
3,B_10,UK x USA,Non-Dormant,Control,3-TC_ND_C,1.04,NA,1,2019-07-03,184
3,B_10,UK x USA,Non-Dormant,Control,3-TC_ND_C,1.05,NA,1,2019-07-10,191
3,B_10,UK x USA,Non-Dormant,Control,3-TC_ND_C,1.06,NA,1,2019-07-17,198
3,B_10,UK x USA,Non-Dormant,Control,3-TC_ND_C,1.07,0,1,2019-07-24,205
3,B_10,UK x USA,Non-Dormant,Control,3-TC_ND_C,1.08,0,1,2019-07-31,212
3,B_10,UK x USA,Non-Dormant,Control,3-TC_ND_C,1.09,0,1,2019-08-07,219
3,B_10,UK x USA,Non-Dormant,Control,3-TC_ND_C,1.1,0,1,2019-08-15,227
3,B_10,UK x USA,Non-Dormant,Control,3-TC_ND_C,1.11,0,1,2019-08-20,232
3,B_10,UK x USA,Non-Dormant,Control,3-TC_ND_C,1.12,0,1,2019-08-28,240
3,B_10,UK x USA,Non-Dormant,Control,3-TC_ND_C,1.13,0,1,2019-09-04,247
3,B_10,UK x USA,Non-Dormant,Control,3-TC_ND_C,1.14,0,1,2019-09-11,254
3,B_10,UK x USA,Non-Dormant,Control,3-TC_ND_C,1.15,0,1,2019-09-18,261
3,B_10,UK x USA,Non-Dormant,Control,3-TC_ND_C,1.16,0,1,2019-09-25,268
3,B_10,UK x USA,Non-Dormant,Control,3-TC_ND_C,1.17,0,1,2019-10-02,275
3,B_10,UK x USA,Non-Dormant,Control,3-TC_ND_C,1.18,0,1,2019-10-09,282
3,B_10,UK x USA,Non-Dormant,Control,3-TC_ND_C,1.19,0,1,2019-10-18,291
3,B_10,UK x USA,Non-Dormant,Control,3-TC_ND_C,1.2,1,1,2019-10-23,296
3,B_10,UK x USA,Non-Dormant,Control,3-TC_ND_C,1.22,0,1,2019-11-06,310
3,B_10,UK x USA,Non-Dormant,Control,3-TC_ND_C,1.23,0,1,2019-11-20,324
3,B_10,UK x USA,Non-Dormant,Control,3-TC_ND_C,1.24,0,1,2019-12-04,338
3,B_10,UK x USA,Non-Dormant,Control,3-TC_ND_C,1.25,0,1,2019-12-20,354
3,B_10,UK x USA,Non-Dormant,Control,3-TC_ND_C,1.26,0,1,2020-02-10,41
3,B_10,UK x USA,Non-Dormant,Control,3-TC_ND_C,1.27,0,1,2020-03-02,62
3,B_10,UK x USA,Non-Dormant,Control,3-TC_ND_C,1.29,0,1,2020-05-05,126
3,B_10,UK x USA,Non-Dormant,Control,3-TC_ND_C,2.01,0,2,2020-05-27,148
3,B_10,UK x USA,Non-Dormant,Control,3-TC_ND_C,2.02,0,2,2020-06-04,156
3,B_10,UK x USA,Non-Dormant,Control,3-TC_ND_C,2.03,0,2,2020-07-23,205
3,B_10,UK x USA,Non-Dormant,Control,3-TC_ND_C,2.04,0,2,2020-08-07,220
3,B_10,UK x USA,Non-Dormant,Control,3-TC_ND_C,2.05,0,2,2020-08-13,226
3,B_10,UK x USA,Non-Dormant,Control,3-TC_ND_C,2.06,0,2,2020-08-18,231
3,B_10,UK x USA,Non-Dormant,Control,3-TC_ND_C,2.07,0,2,2020-08-25,238
3,B_10,UK x USA,Non-Dormant,Control,3-TC_ND_C,2.08,0,2,2020-09-04,248
3,B_10,UK x USA,Non-Dormant,Control,3-TC_ND_C,2.09,0,2,2020-09-16,260
3,B_10,UK x USA,Non-Dormant,Control,3-TC_ND_C,2.1,0,2,2020-10-02,276
3,B_10,UK x USA,Non-Dormant,Control,3-TC_ND_C,2.11,0,2,2020-10-19,293
3,B_10,UK x USA,Non-Dormant,Control,3-TC_ND_C,2.12,0,2,2020-10-30,304
3,B_10,UK x USA,Non-Dormant,Control,3-TC_ND_C,2.13,0,2,2020-11-13,318
3,B_10,UK x USA,Non-Dormant,Control,3-TC_ND_C,2.14,0,2,2020-12-02,337
3,B_10,UK x USA,Non-Dormant,Control,3-TC_ND_C,2.15,0,2,2020-12-17,352
3,B_10,UK x USA,Non-Dormant,Control,3-TC_ND_C,2.16,0,2,2021-01-15,15
3,B_10,UK x USA,Non-Dormant,Control,3-TC_ND_C,2.17,0,2,2021-02-01,32
3,B_10,UK x USA,Non-Dormant,Control,3-TC_ND_C,2.18,0,2,2021-02-25,56
3,B_10,UK x USA,Non-Dormant,Control,3-TC_ND_C,2.19,0,2,2021-03-08,67
3,B_10,UK x USA,Non-Dormant,Control,3-TC_ND_C,2.2,0,2,2021-03-25,84
3,B_10,UK x USA,Non-Dormant,Control,3-TC_ND_C,2.21,0,2,2021-04-08,98
3,B_10,UK x USA,Non-Dormant,Control,3-TC_ND_C,3.14,0,3,2021-08-17,229
3,B_10,UK x USA,Non-Dormant,Control,3-TC_ND_C,3.15,0,3,2021-08-25,237
3,B_10,UK x USA,Non-Dormant,Control,3-TC_ND_C,3.16,0,3,2021-09-02,245
3,B_10,UK x USA,Non-Dormant,Control,3-TC_ND_C,3.17,0,3,2021-09-08,251
3,B_10,UK x USA,Non-Dormant,Control,3-TC_ND_C,3.18,0,3,2021-09-15,258
3,B_10,UK x USA,Non-Dormant,Control,3-TC_ND_C,3.19,0,3,2021-09-22,265
3,B_10,UK x USA,Non-Dormant,Control,3-TC_ND_C,3.2,3,3,2021-09-29,272
3,B_10,UK x USA,Non-Dormant,Control,3-TC_ND_C,3.21,0,3,2021-10-13,286
3,B_10,UK x USA,Non-Dormant,Control,3-TC_ND_C,3.22,1,3,2021-11-10,314
3,B_10,UK x USA,Non-Dormant,Control,3-TC_ND_C,3.23,0,3,2021-12-17,351
3,B_11,Italy x Sweden,Non-Dormant,Native Soil,3-IS-ND-Soil,1.01,0,1,2019-06-12,163
3,B_11,Italy x Sweden,Non-Dormant,Native Soil,3-IS-ND-Soil,1.02,0,1,2019-06-16,167
3,B_11,Italy x Sweden,Non-Dormant,Native Soil,3-IS-ND-Soil,1.03,0,1,2019-06-26,177
3,B_11,Italy x Sweden,Non-Dormant,Native Soil,3-IS-ND-Soil,1.04,0,1,2019-07-03,184
3,B_11,Italy x Sweden,Non-Dormant,Native Soil,3-IS-ND-Soil,1.05,NA,1,2019-07-10,191
3,B_11,Italy x Sweden,Non-Dormant,Native Soil,3-IS-ND-Soil,1.06,NA,1,2019-07-17,198
3,B_11,Italy x Sweden,Non-Dormant,Native Soil,3-IS-ND-Soil,1.07,0,1,2019-07-24,205
3,B_11,Italy x Sweden,Non-Dormant,Native Soil,3-IS-ND-Soil,1.08,0,1,2019-07-31,212
3,B_11,Italy x Sweden,Non-Dormant,Native Soil,3-IS-ND-Soil,1.09,0,1,2019-08-07,219
3,B_11,Italy x Sweden,Non-Dormant,Native Soil,3-IS-ND-Soil,1.1,0,1,2019-08-15,227
3,B_11,Italy x Sweden,Non-Dormant,Native Soil,3-IS-ND-Soil,1.11,0,1,2019-08-20,232
3,B_11,Italy x Sweden,Non-Dormant,Native Soil,3-IS-ND-Soil,1.12,0,1,2019-08-28,240
3,B_11,Italy x Sweden,Non-Dormant,Native Soil,3-IS-ND-Soil,1.13,0,1,2019-09-04,247
3,B_11,Italy x Sweden,Non-Dormant,Native Soil,3-IS-ND-Soil,1.14,0,1,2019-09-11,254
3,B_11,Italy x Sweden,Non-Dormant,Native Soil,3-IS-ND-Soil,1.15,0,1,2019-09-18,261
3,B_11,Italy x Sweden,Non-Dormant,Native Soil,3-IS-ND-Soil,1.16,0,1,2019-09-25,268
3,B_11,Italy x Sweden,Non-Dormant,Native Soil,3-IS-ND-Soil,1.17,0,1,2019-10-02,275
3,B_11,Italy x Sweden,Non-Dormant,Native Soil,3-IS-ND-Soil,1.18,0,1,2019-10-09,282
3,B_11,Italy x Sweden,Non-Dormant,Native Soil,3-IS-ND-Soil,1.19,0,1,2019-10-18,291
3,B_11,Italy x Sweden,Non-Dormant,Native Soil,3-IS-ND-Soil,1.2,0,1,2019-10-23,296
3,B_11,Italy x Sweden,Non-Dormant,Native Soil,3-IS-ND-Soil,1.22,0,1,2019-11-06,310
3,B_11,Italy x Sweden,Non-Dormant,Native Soil,3-IS-ND-Soil,1.23,1,1,2019-11-20,324
3,B_11,Italy x Sweden,Non-Dormant,Native Soil,3-IS-ND-Soil,1.24,10,1,2019-12-04,338
3,B_11,Italy x Sweden,Non-Dormant,Native Soil,3-IS-ND-Soil,1.25,6,1,2019-12-20,354
3,B_11,Italy x Sweden,Non-Dormant,Native Soil,3-IS-ND-Soil,1.26,0,1,2020-02-10,41
3,B_11,Italy x Sweden,Non-Dormant,Native Soil,3-IS-ND-Soil,1.27,6,1,2020-03-02,62
3,B_11,Italy x Sweden,Non-Dormant,Native Soil,3-IS-ND-Soil,1.29,0,1,2020-05-05,126
3,B_11,Italy x Sweden,Non-Dormant,Native Soil,3-IS-ND-Soil,2.01,2,2,2020-05-27,148
3,B_11,Italy x Sweden,Non-Dormant,Native Soil,3-IS-ND-Soil,2.02,0,2,2020-06-04,156
3,B_11,Italy x Sweden,Non-Dormant,Native Soil,3-IS-ND-Soil,2.03,0,2,2020-07-23,205
3,B_11,Italy x Sweden,Non-Dormant,Native Soil,3-IS-ND-Soil,2.04,0,2,2020-08-07,220
3,B_11,Italy x Sweden,Non-Dormant,Native Soil,3-IS-ND-Soil,2.05,0,2,2020-08-13,226
3,B_11,Italy x Sweden,Non-Dormant,Native Soil,3-IS-ND-Soil,2.06,0,2,2020-08-18,231
3,B_11,Italy x Sweden,Non-Dormant,Native Soil,3-IS-ND-Soil,2.07,0,2,2020-08-25,238
3,B_11,Italy x Sweden,Non-Dormant,Native Soil,3-IS-ND-Soil,2.08,0,2,2020-09-04,248
3,B_11,Italy x Sweden,Non-Dormant,Native Soil,3-IS-ND-Soil,2.09,0,2,2020-09-16,260
3,B_11,Italy x Sweden,Non-Dormant,Native Soil,3-IS-ND-Soil,2.1,0,2,2020-10-02,276
3,B_11,Italy x Sweden,Non-Dormant,Native Soil,3-IS-ND-Soil,2.11,0,2,2020-10-19,293
3,B_11,Italy x Sweden,Non-Dormant,Native Soil,3-IS-ND-Soil,2.12,0,2,2020-10-30,304
3,B_11,Italy x Sweden,Non-Dormant,Native Soil,3-IS-ND-Soil,2.13,0,2,2020-11-13,318
3,B_11,Italy x Sweden,Non-Dormant,Native Soil,3-IS-ND-Soil,2.14,0,2,2020-12-02,337
3,B_11,Italy x Sweden,Non-Dormant,Native Soil,3-IS-ND-Soil,2.15,0,2,2020-12-17,352
3,B_11,Italy x Sweden,Non-Dormant,Native Soil,3-IS-ND-Soil,2.16,0,2,2021-01-15,15
3,B_11,Italy x Sweden,Non-Dormant,Native Soil,3-IS-ND-Soil,2.17,0,2,2021-02-01,32
3,B_11,Italy x Sweden,Non-Dormant,Native Soil,3-IS-ND-Soil,2.18,0,2,2021-02-25,56
3,B_11,Italy x Sweden,Non-Dormant,Native Soil,3-IS-ND-Soil,2.19,0,2,2021-03-08,67
3,B_11,Italy x Sweden,Non-Dormant,Native Soil,3-IS-ND-Soil,2.2,0,2,2021-03-25,84
3,B_11,Italy x Sweden,Non-Dormant,Native Soil,3-IS-ND-Soil,2.21,0,2,2021-04-08,98
3,B_11,Italy x Sweden,Non-Dormant,Native Soil,3-IS-ND-Soil,3.14,0,3,2021-08-17,229
3,B_11,Italy x Sweden,Non-Dormant,Native Soil,3-IS-ND-Soil,3.15,0,3,2021-08-25,237
3,B_11,Italy x Sweden,Non-Dormant,Native Soil,3-IS-ND-Soil,3.16,0,3,2021-09-02,245
3,B_11,Italy x Sweden,Non-Dormant,Native Soil,3-IS-ND-Soil,3.17,0,3,2021-09-08,251
3,B_11,Italy x Sweden,Non-Dormant,Native Soil,3-IS-ND-Soil,3.18,0,3,2021-09-15,258
3,B_11,Italy x Sweden,Non-Dormant,Native Soil,3-IS-ND-Soil,3.19,0,3,2021-09-22,265
3,B_11,Italy x Sweden,Non-Dormant,Native Soil,3-IS-ND-Soil,3.2,0,3,2021-09-29,272
3,B_11,Italy x Sweden,Non-Dormant,Native Soil,3-IS-ND-Soil,3.21,3,3,2021-10-13,286
3,B_11,Italy x Sweden,Non-Dormant,Native Soil,3-IS-ND-Soil,3.22,0,3,2021-11-10,314
3,B_11,Italy x Sweden,Non-Dormant,Native Soil,3-IS-ND-Soil,3.23,1,3,2021-12-17,351
3,B_12,Italy x Sweden,Mixed,Native Soil,3-IS-M-Soil,1.01,1,1,2019-06-12,163
3,B_12,Italy x Sweden,Mixed,Native Soil,3-IS-M-Soil,1.02,0,1,2019-06-16,167
3,B_12,Italy x Sweden,Mixed,Native Soil,3-IS-M-Soil,1.03,0,1,2019-06-26,177
3,B_12,Italy x Sweden,Mixed,Native Soil,3-IS-M-Soil,1.04,0,1,2019-07-03,184
3,B_12,Italy x Sweden,Mixed,Native Soil,3-IS-M-Soil,1.05,NA,1,2019-07-10,191
3,B_12,Italy x Sweden,Mixed,Native Soil,3-IS-M-Soil,1.06,NA,1,2019-07-17,198
3,B_12,Italy x Sweden,Mixed,Native Soil,3-IS-M-Soil,1.07,0,1,2019-07-24,205
3,B_12,Italy x Sweden,Mixed,Native Soil,3-IS-M-Soil,1.08,0,1,2019-07-31,212
3,B_12,Italy x Sweden,Mixed,Native Soil,3-IS-M-Soil,1.09,0,1,2019-08-07,219
3,B_12,Italy x Sweden,Mixed,Native Soil,3-IS-M-Soil,1.1,0,1,2019-08-15,227
3,B_12,Italy x Sweden,Mixed,Native Soil,3-IS-M-Soil,1.11,0,1,2019-08-20,232
3,B_12,Italy x Sweden,Mixed,Native Soil,3-IS-M-Soil,1.12,0,1,2019-08-28,240
3,B_12,Italy x Sweden,Mixed,Native Soil,3-IS-M-Soil,1.13,0,1,2019-09-04,247
3,B_12,Italy x Sweden,Mixed,Native Soil,3-IS-M-Soil,1.14,0,1,2019-09-11,254
3,B_12,Italy x Sweden,Mixed,Native Soil,3-IS-M-Soil,1.15,0,1,2019-09-18,261
3,B_12,Italy x Sweden,Mixed,Native Soil,3-IS-M-Soil,1.16,0,1,2019-09-25,268
3,B_12,Italy x Sweden,Mixed,Native Soil,3-IS-M-Soil,1.17,0,1,2019-10-02,275
3,B_12,Italy x Sweden,Mixed,Native Soil,3-IS-M-Soil,1.18,0,1,2019-10-09,282
3,B_12,Italy x Sweden,Mixed,Native Soil,3-IS-M-Soil,1.19,0,1,2019-10-18,291
3,B_12,Italy x Sweden,Mixed,Native Soil,3-IS-M-Soil,1.2,0,1,2019-10-23,296
3,B_12,Italy x Sweden,Mixed,Native Soil,3-IS-M-Soil,1.22,1,1,2019-11-06,310
3,B_12,Italy x Sweden,Mixed,Native Soil,3-IS-M-Soil,1.23,0,1,2019-11-20,324
3,B_12,Italy x Sweden,Mixed,Native Soil,3-IS-M-Soil,1.24,0,1,2019-12-04,338
3,B_12,Italy x Sweden,Mixed,Native Soil,3-IS-M-Soil,1.25,12,1,2019-12-20,354
3,B_12,Italy x Sweden,Mixed,Native Soil,3-IS-M-Soil,1.26,15,1,2020-02-10,41
3,B_12,Italy x Sweden,Mixed,Native Soil,3-IS-M-Soil,1.27,0,1,2020-03-02,62
3,B_12,Italy x Sweden,Mixed,Native Soil,3-IS-M-Soil,1.29,0,1,2020-05-05,126
3,B_12,Italy x Sweden,Mixed,Native Soil,3-IS-M-Soil,2.01,1,2,2020-05-27,148
3,B_12,Italy x Sweden,Mixed,Native Soil,3-IS-M-Soil,2.02,0,2,2020-06-04,156
3,B_12,Italy x Sweden,Mixed,Native Soil,3-IS-M-Soil,2.03,0,2,2020-07-23,205
3,B_12,Italy x Sweden,Mixed,Native Soil,3-IS-M-Soil,2.04,0,2,2020-08-07,220
3,B_12,Italy x Sweden,Mixed,Native Soil,3-IS-M-Soil,2.05,0,2,2020-08-13,226
3,B_12,Italy x Sweden,Mixed,Native Soil,3-IS-M-Soil,2.06,0,2,2020-08-18,231
3,B_12,Italy x Sweden,Mixed,Native Soil,3-IS-M-Soil,2.07,0,2,2020-08-25,238
3,B_12,Italy x Sweden,Mixed,Native Soil,3-IS-M-Soil,2.08,0,2,2020-09-04,248
3,B_12,Italy x Sweden,Mixed,Native Soil,3-IS-M-Soil,2.09,0,2,2020-09-16,260
3,B_12,Italy x Sweden,Mixed,Native Soil,3-IS-M-Soil,2.1,0,2,2020-10-02,276
3,B_12,Italy x Sweden,Mixed,Native Soil,3-IS-M-Soil,2.11,0,2,2020-10-19,293
3,B_12,Italy x Sweden,Mixed,Native Soil,3-IS-M-Soil,2.12,0,2,2020-10-30,304
3,B_12,Italy x Sweden,Mixed,Native Soil,3-IS-M-Soil,2.13,0,2,2020-11-13,318
3,B_12,Italy x Sweden,Mixed,Native Soil,3-IS-M-Soil,2.14,0,2,2020-12-02,337
3,B_12,Italy x Sweden,Mixed,Native Soil,3-IS-M-Soil,2.15,0,2,2020-12-17,352
3,B_12,Italy x Sweden,Mixed,Native Soil,3-IS-M-Soil,2.16,0,2,2021-01-15,15
3,B_12,Italy x Sweden,Mixed,Native Soil,3-IS-M-Soil,2.17,0,2,2021-02-01,32
3,B_12,Italy x Sweden,Mixed,Native Soil,3-IS-M-Soil,2.18,0,2,2021-02-25,56
3,B_12,Italy x Sweden,Mixed,Native Soil,3-IS-M-Soil,2.19,0,2,2021-03-08,67
3,B_12,Italy x Sweden,Mixed,Native Soil,3-IS-M-Soil,2.2,0,2,2021-03-25,84
3,B_12,Italy x Sweden,Mixed,Native Soil,3-IS-M-Soil,2.21,0,2,2021-04-08,98
3,B_12,Italy x Sweden,Mixed,Native Soil,3-IS-M-Soil,3.14,0,3,2021-08-17,229
3,B_12,Italy x Sweden,Mixed,Native Soil,3-IS-M-Soil,3.15,0,3,2021-08-25,237
3,B_12,Italy x Sweden,Mixed,Native Soil,3-IS-M-Soil,3.16,0,3,2021-09-02,245
3,B_12,Italy x Sweden,Mixed,Native Soil,3-IS-M-Soil,3.17,0,3,2021-09-08,251
3,B_12,Italy x Sweden,Mixed,Native Soil,3-IS-M-Soil,3.18,0,3,2021-09-15,258
3,B_12,Italy x Sweden,Mixed,Native Soil,3-IS-M-Soil,3.19,0,3,2021-09-22,265
3,B_12,Italy x Sweden,Mixed,Native Soil,3-IS-M-Soil,3.2,1,3,2021-09-29,272
3,B_12,Italy x Sweden,Mixed,Native Soil,3-IS-M-Soil,3.21,7,3,2021-10-13,286
3,B_12,Italy x Sweden,Mixed,Native Soil,3-IS-M-Soil,3.22,0,3,2021-11-10,314
3,B_12,Italy x Sweden,Mixed,Native Soil,3-IS-M-Soil,3.23,4,3,2021-12-17,351
3,B_13,Italy x Sweden,Dormant,Litter,3-IS_D_F,1.01,0,1,2019-06-12,163
3,B_13,Italy x Sweden,Dormant,Litter,3-IS_D_F,1.02,0,1,2019-06-16,167
3,B_13,Italy x Sweden,Dormant,Litter,3-IS_D_F,1.03,0,1,2019-06-26,177
3,B_13,Italy x Sweden,Dormant,Litter,3-IS_D_F,1.04,0,1,2019-07-03,184
3,B_13,Italy x Sweden,Dormant,Litter,3-IS_D_F,1.05,NA,1,2019-07-10,191
3,B_13,Italy x Sweden,Dormant,Litter,3-IS_D_F,1.06,NA,1,2019-07-17,198
3,B_13,Italy x Sweden,Dormant,Litter,3-IS_D_F,1.07,0,1,2019-07-24,205
3,B_13,Italy x Sweden,Dormant,Litter,3-IS_D_F,1.08,0,1,2019-07-31,212
3,B_13,Italy x Sweden,Dormant,Litter,3-IS_D_F,1.09,0,1,2019-08-07,219
3,B_13,Italy x Sweden,Dormant,Litter,3-IS_D_F,1.1,0,1,2019-08-15,227
3,B_13,Italy x Sweden,Dormant,Litter,3-IS_D_F,1.11,0,1,2019-08-20,232
3,B_13,Italy x Sweden,Dormant,Litter,3-IS_D_F,1.12,0,1,2019-08-28,240
3,B_13,Italy x Sweden,Dormant,Litter,3-IS_D_F,1.13,0,1,2019-09-04,247
3,B_13,Italy x Sweden,Dormant,Litter,3-IS_D_F,1.14,0,1,2019-09-11,254
3,B_13,Italy x Sweden,Dormant,Litter,3-IS_D_F,1.15,0,1,2019-09-18,261
3,B_13,Italy x Sweden,Dormant,Litter,3-IS_D_F,1.16,0,1,2019-09-25,268
3,B_13,Italy x Sweden,Dormant,Litter,3-IS_D_F,1.17,0,1,2019-10-02,275
3,B_13,Italy x Sweden,Dormant,Litter,3-IS_D_F,1.18,0,1,2019-10-09,282
3,B_13,Italy x Sweden,Dormant,Litter,3-IS_D_F,1.19,0,1,2019-10-18,291
3,B_13,Italy x Sweden,Dormant,Litter,3-IS_D_F,1.2,0,1,2019-10-23,296
3,B_13,Italy x Sweden,Dormant,Litter,3-IS_D_F,1.22,0,1,2019-11-06,310
3,B_13,Italy x Sweden,Dormant,Litter,3-IS_D_F,1.23,0,1,2019-11-20,324
3,B_13,Italy x Sweden,Dormant,Litter,3-IS_D_F,1.24,0,1,2019-12-04,338
3,B_13,Italy x Sweden,Dormant,Litter,3-IS_D_F,1.25,0,1,2019-12-20,354
3,B_13,Italy x Sweden,Dormant,Litter,3-IS_D_F,1.26,0,1,2020-02-10,41
3,B_13,Italy x Sweden,Dormant,Litter,3-IS_D_F,1.27,0,1,2020-03-02,62
3,B_13,Italy x Sweden,Dormant,Litter,3-IS_D_F,1.29,0,1,2020-05-05,126
3,B_13,Italy x Sweden,Dormant,Litter,3-IS_D_F,2.01,0,2,2020-05-27,148
3,B_13,Italy x Sweden,Dormant,Litter,3-IS_D_F,2.02,0,2,2020-06-04,156
3,B_13,Italy x Sweden,Dormant,Litter,3-IS_D_F,2.03,0,2,2020-07-23,205
3,B_13,Italy x Sweden,Dormant,Litter,3-IS_D_F,2.04,0,2,2020-08-07,220
3,B_13,Italy x Sweden,Dormant,Litter,3-IS_D_F,2.05,0,2,2020-08-13,226
3,B_13,Italy x Sweden,Dormant,Litter,3-IS_D_F,2.06,0,2,2020-08-18,231
3,B_13,Italy x Sweden,Dormant,Litter,3-IS_D_F,2.07,0,2,2020-08-25,238
3,B_13,Italy x Sweden,Dormant,Litter,3-IS_D_F,2.08,0,2,2020-09-04,248
3,B_13,Italy x Sweden,Dormant,Litter,3-IS_D_F,2.09,0,2,2020-09-16,260
3,B_13,Italy x Sweden,Dormant,Litter,3-IS_D_F,2.1,0,2,2020-10-02,276
3,B_13,Italy x Sweden,Dormant,Litter,3-IS_D_F,2.11,0,2,2020-10-19,293
3,B_13,Italy x Sweden,Dormant,Litter,3-IS_D_F,2.12,0,2,2020-10-30,304
3,B_13,Italy x Sweden,Dormant,Litter,3-IS_D_F,2.13,0,2,2020-11-13,318
3,B_13,Italy x Sweden,Dormant,Litter,3-IS_D_F,2.14,0,2,2020-12-02,337
3,B_13,Italy x Sweden,Dormant,Litter,3-IS_D_F,2.15,0,2,2020-12-17,352
3,B_13,Italy x Sweden,Dormant,Litter,3-IS_D_F,2.16,0,2,2021-01-15,15
3,B_13,Italy x Sweden,Dormant,Litter,3-IS_D_F,2.17,0,2,2021-02-01,32
3,B_13,Italy x Sweden,Dormant,Litter,3-IS_D_F,2.18,0,2,2021-02-25,56
3,B_13,Italy x Sweden,Dormant,Litter,3-IS_D_F,2.19,0,2,2021-03-08,67
3,B_13,Italy x Sweden,Dormant,Litter,3-IS_D_F,2.2,0,2,2021-03-25,84
3,B_13,Italy x Sweden,Dormant,Litter,3-IS_D_F,2.21,0,2,2021-04-08,98
3,B_13,Italy x Sweden,Dormant,Litter,3-IS_D_F,3.14,0,3,2021-08-17,229
3,B_13,Italy x Sweden,Dormant,Litter,3-IS_D_F,3.15,0,3,2021-08-25,237
3,B_13,Italy x Sweden,Dormant,Litter,3-IS_D_F,3.16,0,3,2021-09-02,245
3,B_13,Italy x Sweden,Dormant,Litter,3-IS_D_F,3.17,0,3,2021-09-08,251
3,B_13,Italy x Sweden,Dormant,Litter,3-IS_D_F,3.18,0,3,2021-09-15,258
3,B_13,Italy x Sweden,Dormant,Litter,3-IS_D_F,3.19,0,3,2021-09-22,265
3,B_13,Italy x Sweden,Dormant,Litter,3-IS_D_F,3.2,8,3,2021-09-29,272
3,B_13,Italy x Sweden,Dormant,Litter,3-IS_D_F,3.21,15,3,2021-10-13,286
3,B_13,Italy x Sweden,Dormant,Litter,3-IS_D_F,3.22,0,3,2021-11-10,314
3,B_13,Italy x Sweden,Dormant,Litter,3-IS_D_F,3.23,0,3,2021-12-17,351
1,C_0,Germany x Tajikistan,Non-Dormant,Litter,1-BS_ND_F,1.01,NA,1,2019-06-12,163
1,C_0,Germany x Tajikistan,Non-Dormant,Litter,1-BS_ND_F,1.02,NA,1,2019-06-16,167
1,C_0,Germany x Tajikistan,Non-Dormant,Litter,1-BS_ND_F,1.03,NA,1,2019-06-26,177
1,C_0,Germany x Tajikistan,Non-Dormant,Litter,1-BS_ND_F,1.04,NA,1,2019-07-03,184
1,C_0,Germany x Tajikistan,Non-Dormant,Litter,1-BS_ND_F,1.05,NA,1,2019-07-10,191
1,C_0,Germany x Tajikistan,Non-Dormant,Litter,1-BS_ND_F,1.06,NA,1,2019-07-17,198
1,C_0,Germany x Tajikistan,Non-Dormant,Litter,1-BS_ND_F,1.07,0,1,2019-07-24,205
1,C_0,Germany x Tajikistan,Non-Dormant,Litter,1-BS_ND_F,1.08,0,1,2019-07-31,212
1,C_0,Germany x Tajikistan,Non-Dormant,Litter,1-BS_ND_F,1.09,0,1,2019-08-07,219
1,C_0,Germany x Tajikistan,Non-Dormant,Litter,1-BS_ND_F,1.1,0,1,2019-08-15,227
1,C_0,Germany x Tajikistan,Non-Dormant,Litter,1-BS_ND_F,1.11,0,1,2019-08-20,232
1,C_0,Germany x Tajikistan,Non-Dormant,Litter,1-BS_ND_F,1.12,0,1,2019-08-28,240
1,C_0,Germany x Tajikistan,Non-Dormant,Litter,1-BS_ND_F,1.13,0,1,2019-09-04,247
1,C_0,Germany x Tajikistan,Non-Dormant,Litter,1-BS_ND_F,1.14,0,1,2019-09-11,254
1,C_0,Germany x Tajikistan,Non-Dormant,Litter,1-BS_ND_F,1.15,0,1,2019-09-18,261
1,C_0,Germany x Tajikistan,Non-Dormant,Litter,1-BS_ND_F,1.16,0,1,2019-09-25,268
1,C_0,Germany x Tajikistan,Non-Dormant,Litter,1-BS_ND_F,1.17,0,1,2019-10-02,275
1,C_0,Germany x Tajikistan,Non-Dormant,Litter,1-BS_ND_F,1.18,0,1,2019-10-09,282
1,C_0,Germany x Tajikistan,Non-Dormant,Litter,1-BS_ND_F,1.19,0,1,2019-10-18,291
1,C_0,Germany x Tajikistan,Non-Dormant,Litter,1-BS_ND_F,1.2,1,1,2019-10-23,296
1,C_0,Germany x Tajikistan,Non-Dormant,Litter,1-BS_ND_F,1.22,0,1,2019-11-06,310
1,C_0,Germany x Tajikistan,Non-Dormant,Litter,1-BS_ND_F,1.23,1,1,2019-11-20,324
1,C_0,Germany x Tajikistan,Non-Dormant,Litter,1-BS_ND_F,1.24,0,1,2019-12-04,338
1,C_0,Germany x Tajikistan,Non-Dormant,Litter,1-BS_ND_F,1.25,0,1,2019-12-20,354
1,C_0,Germany x Tajikistan,Non-Dormant,Litter,1-BS_ND_F,1.26,0,1,2020-02-10,41
1,C_0,Germany x Tajikistan,Non-Dormant,Litter,1-BS_ND_F,1.27,0,1,2020-03-02,62
1,C_0,Germany x Tajikistan,Non-Dormant,Litter,1-BS_ND_F,1.29,0,1,2020-05-05,126
1,C_0,Germany x Tajikistan,Non-Dormant,Litter,1-BS_ND_F,2.01,0,2,2020-05-27,148
1,C_0,Germany x Tajikistan,Non-Dormant,Litter,1-BS_ND_F,2.02,0,2,2020-06-04,156
1,C_0,Germany x Tajikistan,Non-Dormant,Litter,1-BS_ND_F,2.03,NA,NA,NA,NA
1,C_0,Germany x Tajikistan,Non-Dormant,Litter,1-BS_ND_F,2.04,NA,NA,NA,NA
1,C_0,Germany x Tajikistan,Non-Dormant,Litter,1-BS_ND_F,2.05,NA,NA,NA,NA
1,C_0,Germany x Tajikistan,Non-Dormant,Litter,1-BS_ND_F,2.06,NA,NA,NA,NA
1,C_0,Germany x Tajikistan,Non-Dormant,Litter,1-BS_ND_F,2.07,NA,NA,NA,NA
1,C_0,Germany x Tajikistan,Non-Dormant,Litter,1-BS_ND_F,2.08,NA,2,2020-09-04,248
1,C_0,Germany x Tajikistan,Non-Dormant,Litter,1-BS_ND_F,2.09,0,2,2020-09-16,260
1,C_0,Germany x Tajikistan,Non-Dormant,Litter,1-BS_ND_F,2.1,0,2,2020-10-02,276
1,C_0,Germany x Tajikistan,Non-Dormant,Litter,1-BS_ND_F,2.11,0,2,2020-10-19,293
1,C_0,Germany x Tajikistan,Non-Dormant,Litter,1-BS_ND_F,2.12,0,2,2020-10-30,304
1,C_0,Germany x Tajikistan,Non-Dormant,Litter,1-BS_ND_F,2.13,0,2,2020-11-13,318
1,C_0,Germany x Tajikistan,Non-Dormant,Litter,1-BS_ND_F,2.14,0,2,2020-12-02,337
1,C_0,Germany x Tajikistan,Non-Dormant,Litter,1-BS_ND_F,2.15,0,2,2020-12-17,352
1,C_0,Germany x Tajikistan,Non-Dormant,Litter,1-BS_ND_F,2.16,0,2,2021-01-15,15
1,C_0,Germany x Tajikistan,Non-Dormant,Litter,1-BS_ND_F,2.17,0,2,2021-02-01,32
1,C_0,Germany x Tajikistan,Non-Dormant,Litter,1-BS_ND_F,2.18,0,2,2021-02-25,56
1,C_0,Germany x Tajikistan,Non-Dormant,Litter,1-BS_ND_F,2.19,0,2,2021-03-08,67
1,C_0,Germany x Tajikistan,Non-Dormant,Litter,1-BS_ND_F,2.2,0,2,2021-03-25,84
1,C_0,Germany x Tajikistan,Non-Dormant,Litter,1-BS_ND_F,2.21,0,2,2021-04-08,98
1,C_0,Germany x Tajikistan,Non-Dormant,Litter,1-BS_ND_F,3.14,NA,NA,NA,NA
1,C_0,Germany x Tajikistan,Non-Dormant,Litter,1-BS_ND_F,3.15,NA,NA,NA,NA
1,C_0,Germany x Tajikistan,Non-Dormant,Litter,1-BS_ND_F,3.16,NA,NA,NA,NA
1,C_0,Germany x Tajikistan,Non-Dormant,Litter,1-BS_ND_F,3.17,NA,NA,NA,NA
1,C_0,Germany x Tajikistan,Non-Dormant,Litter,1-BS_ND_F,3.18,NA,NA,NA,NA
1,C_0,Germany x Tajikistan,Non-Dormant,Litter,1-BS_ND_F,3.19,NA,NA,NA,NA
1,C_0,Germany x Tajikistan,Non-Dormant,Litter,1-BS_ND_F,3.2,NA,NA,NA,NA
1,C_0,Germany x Tajikistan,Non-Dormant,Litter,1-BS_ND_F,3.21,NA,NA,NA,NA
1,C_0,Germany x Tajikistan,Non-Dormant,Litter,1-BS_ND_F,3.22,NA,NA,NA,NA
1,C_0,Germany x Tajikistan,Non-Dormant,Litter,1-BS_ND_F,3.23,NA,NA,NA,NA
1,C_1,Italy x Sweden,Dormant,Control,1-IS_D_C,1.01,1,1,2019-06-12,163
1,C_1,Italy x Sweden,Dormant,Control,1-IS_D_C,1.02,0,1,2019-06-16,167
1,C_1,Italy x Sweden,Dormant,Control,1-IS_D_C,1.03,1,1,2019-06-26,177
1,C_1,Italy x Sweden,Dormant,Control,1-IS_D_C,1.04,0,1,2019-07-03,184
1,C_1,Italy x Sweden,Dormant,Control,1-IS_D_C,1.05,NA,1,2019-07-10,191
1,C_1,Italy x Sweden,Dormant,Control,1-IS_D_C,1.06,NA,1,2019-07-17,198
1,C_1,Italy x Sweden,Dormant,Control,1-IS_D_C,1.07,0,1,2019-07-24,205
1,C_1,Italy x Sweden,Dormant,Control,1-IS_D_C,1.08,0,1,2019-07-31,212
1,C_1,Italy x Sweden,Dormant,Control,1-IS_D_C,1.09,0,1,2019-08-07,219
1,C_1,Italy x Sweden,Dormant,Control,1-IS_D_C,1.1,0,1,2019-08-15,227
1,C_1,Italy x Sweden,Dormant,Control,1-IS_D_C,1.11,0,1,2019-08-20,232
1,C_1,Italy x Sweden,Dormant,Control,1-IS_D_C,1.12,0,1,2019-08-28,240
1,C_1,Italy x Sweden,Dormant,Control,1-IS_D_C,1.13,0,1,2019-09-04,247
1,C_1,Italy x Sweden,Dormant,Control,1-IS_D_C,1.14,0,1,2019-09-11,254
1,C_1,Italy x Sweden,Dormant,Control,1-IS_D_C,1.15,0,1,2019-09-18,261
1,C_1,Italy x Sweden,Dormant,Control,1-IS_D_C,1.16,0,1,2019-09-25,268
1,C_1,Italy x Sweden,Dormant,Control,1-IS_D_C,1.17,0,1,2019-10-02,275
1,C_1,Italy x Sweden,Dormant,Control,1-IS_D_C,1.18,0,1,2019-10-09,282
1,C_1,Italy x Sweden,Dormant,Control,1-IS_D_C,1.19,0,1,2019-10-18,291
1,C_1,Italy x Sweden,Dormant,Control,1-IS_D_C,1.2,15,1,2019-10-23,296
1,C_1,Italy x Sweden,Dormant,Control,1-IS_D_C,1.22,0,1,2019-11-06,310
1,C_1,Italy x Sweden,Dormant,Control,1-IS_D_C,1.23,1,1,2019-11-20,324
1,C_1,Italy x Sweden,Dormant,Control,1-IS_D_C,1.24,0,1,2019-12-04,338
1,C_1,Italy x Sweden,Dormant,Control,1-IS_D_C,1.25,2,1,2019-12-20,354
1,C_1,Italy x Sweden,Dormant,Control,1-IS_D_C,1.26,0,1,2020-02-10,41
1,C_1,Italy x Sweden,Dormant,Control,1-IS_D_C,1.27,0,1,2020-03-02,62
1,C_1,Italy x Sweden,Dormant,Control,1-IS_D_C,1.29,0,1,2020-05-05,126
1,C_1,Italy x Sweden,Dormant,Control,1-IS_D_C,2.01,0,2,2020-05-27,148
1,C_1,Italy x Sweden,Dormant,Control,1-IS_D_C,2.02,0,2,2020-06-04,156
1,C_1,Italy x Sweden,Dormant,Control,1-IS_D_C,2.03,0,2,2020-07-23,205
1,C_1,Italy x Sweden,Dormant,Control,1-IS_D_C,2.04,0,2,2020-08-07,220
1,C_1,Italy x Sweden,Dormant,Control,1-IS_D_C,2.05,0,2,2020-08-13,226
1,C_1,Italy x Sweden,Dormant,Control,1-IS_D_C,2.06,0,2,2020-08-18,231
1,C_1,Italy x Sweden,Dormant,Control,1-IS_D_C,2.07,0,2,2020-08-25,238
1,C_1,Italy x Sweden,Dormant,Control,1-IS_D_C,2.08,0,2,2020-09-04,248
1,C_1,Italy x Sweden,Dormant,Control,1-IS_D_C,2.09,17,2,2020-09-16,260
1,C_1,Italy x Sweden,Dormant,Control,1-IS_D_C,2.1,0,2,2020-10-02,276
1,C_1,Italy x Sweden,Dormant,Control,1-IS_D_C,2.11,0,2,2020-10-19,293
1,C_1,Italy x Sweden,Dormant,Control,1-IS_D_C,2.12,0,2,2020-10-30,304
1,C_1,Italy x Sweden,Dormant,Control,1-IS_D_C,2.13,0,2,2020-11-13,318
1,C_1,Italy x Sweden,Dormant,Control,1-IS_D_C,2.14,0,2,2020-12-02,337
1,C_1,Italy x Sweden,Dormant,Control,1-IS_D_C,2.15,0,2,2020-12-17,352
1,C_1,Italy x Sweden,Dormant,Control,1-IS_D_C,2.16,0,2,2021-01-15,15
1,C_1,Italy x Sweden,Dormant,Control,1-IS_D_C,2.17,0,2,2021-02-01,32
1,C_1,Italy x Sweden,Dormant,Control,1-IS_D_C,2.18,0,2,2021-02-25,56
1,C_1,Italy x Sweden,Dormant,Control,1-IS_D_C,2.19,0,2,2021-03-08,67
1,C_1,Italy x Sweden,Dormant,Control,1-IS_D_C,2.2,0,2,2021-03-25,84
1,C_1,Italy x Sweden,Dormant,Control,1-IS_D_C,2.21,0,2,2021-04-08,98
1,C_1,Italy x Sweden,Dormant,Control,1-IS_D_C,3.14,0,3,2021-08-17,229
1,C_1,Italy x Sweden,Dormant,Control,1-IS_D_C,3.15,0,3,2021-08-25,237
1,C_1,Italy x Sweden,Dormant,Control,1-IS_D_C,3.16,0,3,2021-09-02,245
1,C_1,Italy x Sweden,Dormant,Control,1-IS_D_C,3.17,0,3,2021-09-08,251
1,C_1,Italy x Sweden,Dormant,Control,1-IS_D_C,3.18,0,3,2021-09-15,258
1,C_1,Italy x Sweden,Dormant,Control,1-IS_D_C,3.19,0,3,2021-09-22,265
1,C_1,Italy x Sweden,Dormant,Control,1-IS_D_C,3.2,137,3,2021-09-27,270
1,C_1,Italy x Sweden,Dormant,Control,1-IS_D_C,3.21,0,3,2021-10-11,284
1,C_1,Italy x Sweden,Dormant,Control,1-IS_D_C,3.22,0,3,2021-11-08,312
1,C_1,Italy x Sweden,Dormant,Control,1-IS_D_C,3.23,0,3,2021-12-17,351
1,C_2,Italy x Sweden,Non-Dormant,Control,1-IS_ND_C,1.01,0,1,2019-06-12,163
1,C_2,Italy x Sweden,Non-Dormant,Control,1-IS_ND_C,1.02,0,1,2019-06-16,167
1,C_2,Italy x Sweden,Non-Dormant,Control,1-IS_ND_C,1.03,1,1,2019-06-26,177
1,C_2,Italy x Sweden,Non-Dormant,Control,1-IS_ND_C,1.04,0,1,2019-07-03,184
1,C_2,Italy x Sweden,Non-Dormant,Control,1-IS_ND_C,1.05,NA,1,2019-07-10,191
1,C_2,Italy x Sweden,Non-Dormant,Control,1-IS_ND_C,1.06,NA,1,2019-07-17,198
1,C_2,Italy x Sweden,Non-Dormant,Control,1-IS_ND_C,1.07,0,1,2019-07-24,205
1,C_2,Italy x Sweden,Non-Dormant,Control,1-IS_ND_C,1.08,0,1,2019-07-31,212
1,C_2,Italy x Sweden,Non-Dormant,Control,1-IS_ND_C,1.09,0,1,2019-08-07,219
1,C_2,Italy x Sweden,Non-Dormant,Control,1-IS_ND_C,1.1,0,1,2019-08-15,227
1,C_2,Italy x Sweden,Non-Dormant,Control,1-IS_ND_C,1.11,0,1,2019-08-20,232
1,C_2,Italy x Sweden,Non-Dormant,Control,1-IS_ND_C,1.12,0,1,2019-08-28,240
1,C_2,Italy x Sweden,Non-Dormant,Control,1-IS_ND_C,1.13,0,1,2019-09-04,247
1,C_2,Italy x Sweden,Non-Dormant,Control,1-IS_ND_C,1.14,0,1,2019-09-11,254
1,C_2,Italy x Sweden,Non-Dormant,Control,1-IS_ND_C,1.15,0,1,2019-09-18,261
1,C_2,Italy x Sweden,Non-Dormant,Control,1-IS_ND_C,1.16,0,1,2019-09-25,268
1,C_2,Italy x Sweden,Non-Dormant,Control,1-IS_ND_C,1.17,0,1,2019-10-02,275
1,C_2,Italy x Sweden,Non-Dormant,Control,1-IS_ND_C,1.18,0,1,2019-10-09,282
1,C_2,Italy x Sweden,Non-Dormant,Control,1-IS_ND_C,1.19,0,1,2019-10-18,291
1,C_2,Italy x Sweden,Non-Dormant,Control,1-IS_ND_C,1.2,0,1,2019-10-23,296
1,C_2,Italy x Sweden,Non-Dormant,Control,1-IS_ND_C,1.22,0,1,2019-11-06,310
1,C_2,Italy x Sweden,Non-Dormant,Control,1-IS_ND_C,1.23,0,1,2019-11-20,324
1,C_2,Italy x Sweden,Non-Dormant,Control,1-IS_ND_C,1.24,0,1,2019-12-04,338
1,C_2,Italy x Sweden,Non-Dormant,Control,1-IS_ND_C,1.25,0,1,2019-12-20,354
1,C_2,Italy x Sweden,Non-Dormant,Control,1-IS_ND_C,1.26,0,1,2020-02-10,41
1,C_2,Italy x Sweden,Non-Dormant,Control,1-IS_ND_C,1.27,0,1,2020-03-02,62
1,C_2,Italy x Sweden,Non-Dormant,Control,1-IS_ND_C,1.29,0,1,2020-05-05,126
1,C_2,Italy x Sweden,Non-Dormant,Control,1-IS_ND_C,2.01,0,2,2020-05-27,148
1,C_2,Italy x Sweden,Non-Dormant,Control,1-IS_ND_C,2.02,0,2,2020-06-04,156
1,C_2,Italy x Sweden,Non-Dormant,Control,1-IS_ND_C,2.03,0,2,2020-07-23,205
1,C_2,Italy x Sweden,Non-Dormant,Control,1-IS_ND_C,2.04,0,2,2020-08-07,220
1,C_2,Italy x Sweden,Non-Dormant,Control,1-IS_ND_C,2.05,0,2,2020-08-13,226
1,C_2,Italy x Sweden,Non-Dormant,Control,1-IS_ND_C,2.06,0,2,2020-08-18,231
1,C_2,Italy x Sweden,Non-Dormant,Control,1-IS_ND_C,2.07,0,2,2020-08-25,238
1,C_2,Italy x Sweden,Non-Dormant,Control,1-IS_ND_C,2.08,32,2,2020-09-04,248
1,C_2,Italy x Sweden,Non-Dormant,Control,1-IS_ND_C,2.09,0,2,2020-09-16,260
1,C_2,Italy x Sweden,Non-Dormant,Control,1-IS_ND_C,2.1,0,2,2020-10-02,276
1,C_2,Italy x Sweden,Non-Dormant,Control,1-IS_ND_C,2.11,0,2,2020-10-19,293
1,C_2,Italy x Sweden,Non-Dormant,Control,1-IS_ND_C,2.12,0,2,2020-10-30,304
1,C_2,Italy x Sweden,Non-Dormant,Control,1-IS_ND_C,2.13,0,2,2020-11-13,318
1,C_2,Italy x Sweden,Non-Dormant,Control,1-IS_ND_C,2.14,0,2,2020-12-02,337
1,C_2,Italy x Sweden,Non-Dormant,Control,1-IS_ND_C,2.15,0,2,2020-12-17,352
1,C_2,Italy x Sweden,Non-Dormant,Control,1-IS_ND_C,2.16,0,2,2021-01-15,15
1,C_2,Italy x Sweden,Non-Dormant,Control,1-IS_ND_C,2.17,0,2,2021-02-01,32
1,C_2,Italy x Sweden,Non-Dormant,Control,1-IS_ND_C,2.18,0,2,2021-02-25,56
1,C_2,Italy x Sweden,Non-Dormant,Control,1-IS_ND_C,2.19,0,2,2021-03-08,67
1,C_2,Italy x Sweden,Non-Dormant,Control,1-IS_ND_C,2.2,0,2,2021-03-25,84
1,C_2,Italy x Sweden,Non-Dormant,Control,1-IS_ND_C,2.21,0,2,2021-04-08,98
1,C_2,Italy x Sweden,Non-Dormant,Control,1-IS_ND_C,3.14,0,3,2021-08-17,229
1,C_2,Italy x Sweden,Non-Dormant,Control,1-IS_ND_C,3.15,0,3,2021-08-25,237
1,C_2,Italy x Sweden,Non-Dormant,Control,1-IS_ND_C,3.16,0,3,2021-09-02,245
1,C_2,Italy x Sweden,Non-Dormant,Control,1-IS_ND_C,3.17,0,3,2021-09-08,251
1,C_2,Italy x Sweden,Non-Dormant,Control,1-IS_ND_C,3.18,0,3,2021-09-15,258
1,C_2,Italy x Sweden,Non-Dormant,Control,1-IS_ND_C,3.19,0,3,2021-09-22,265
1,C_2,Italy x Sweden,Non-Dormant,Control,1-IS_ND_C,3.2,40,3,2021-09-27,270
1,C_2,Italy x Sweden,Non-Dormant,Control,1-IS_ND_C,3.21,0,3,2021-10-11,284
1,C_2,Italy x Sweden,Non-Dormant,Control,1-IS_ND_C,3.22,0,3,2021-11-08,312
1,C_2,Italy x Sweden,Non-Dormant,Control,1-IS_ND_C,3.23,0,3,2021-12-17,351
1,C_3,Italy x Sweden,Mixed,Litter,1-IS_M_F,1.01,6,1,2019-06-12,163
1,C_3,Italy x Sweden,Mixed,Litter,1-IS_M_F,1.02,0,1,2019-06-16,167
1,C_3,Italy x Sweden,Mixed,Litter,1-IS_M_F,1.03,0,1,2019-06-26,177
1,C_3,Italy x Sweden,Mixed,Litter,1-IS_M_F,1.04,0,1,2019-07-03,184
1,C_3,Italy x Sweden,Mixed,Litter,1-IS_M_F,1.05,NA,1,2019-07-10,191
1,C_3,Italy x Sweden,Mixed,Litter,1-IS_M_F,1.06,NA,1,2019-07-17,198
1,C_3,Italy x Sweden,Mixed,Litter,1-IS_M_F,1.07,0,1,2019-07-24,205
1,C_3,Italy x Sweden,Mixed,Litter,1-IS_M_F,1.08,0,1,2019-07-31,212
1,C_3,Italy x Sweden,Mixed,Litter,1-IS_M_F,1.09,0,1,2019-08-07,219
1,C_3,Italy x Sweden,Mixed,Litter,1-IS_M_F,1.1,0,1,2019-08-15,227
1,C_3,Italy x Sweden,Mixed,Litter,1-IS_M_F,1.11,0,1,2019-08-20,232
1,C_3,Italy x Sweden,Mixed,Litter,1-IS_M_F,1.12,0,1,2019-08-28,240
1,C_3,Italy x Sweden,Mixed,Litter,1-IS_M_F,1.13,0,1,2019-09-04,247
1,C_3,Italy x Sweden,Mixed,Litter,1-IS_M_F,1.14,0,1,2019-09-11,254
1,C_3,Italy x Sweden,Mixed,Litter,1-IS_M_F,1.15,0,1,2019-09-18,261
1,C_3,Italy x Sweden,Mixed,Litter,1-IS_M_F,1.16,0,1,2019-09-25,268
1,C_3,Italy x Sweden,Mixed,Litter,1-IS_M_F,1.17,0,1,2019-10-02,275
1,C_3,Italy x Sweden,Mixed,Litter,1-IS_M_F,1.18,0,1,2019-10-09,282
1,C_3,Italy x Sweden,Mixed,Litter,1-IS_M_F,1.19,0,1,2019-10-18,291
1,C_3,Italy x Sweden,Mixed,Litter,1-IS_M_F,1.2,11,1,2019-10-23,296
1,C_3,Italy x Sweden,Mixed,Litter,1-IS_M_F,1.22,1,1,2019-11-06,310
1,C_3,Italy x Sweden,Mixed,Litter,1-IS_M_F,1.23,0,1,2019-11-20,324
1,C_3,Italy x Sweden,Mixed,Litter,1-IS_M_F,1.24,6,1,2019-12-04,338
1,C_3,Italy x Sweden,Mixed,Litter,1-IS_M_F,1.25,17,1,2019-12-20,354
1,C_3,Italy x Sweden,Mixed,Litter,1-IS_M_F,1.26,0,1,2020-02-10,41
1,C_3,Italy x Sweden,Mixed,Litter,1-IS_M_F,1.27,0,1,2020-03-02,62
1,C_3,Italy x Sweden,Mixed,Litter,1-IS_M_F,1.29,0,1,2020-05-05,126
1,C_3,Italy x Sweden,Mixed,Litter,1-IS_M_F,2.01,0,2,2020-05-27,148
1,C_3,Italy x Sweden,Mixed,Litter,1-IS_M_F,2.02,0,2,2020-06-04,156
1,C_3,Italy x Sweden,Mixed,Litter,1-IS_M_F,2.03,0,2,2020-07-23,205
1,C_3,Italy x Sweden,Mixed,Litter,1-IS_M_F,2.04,0,2,2020-08-07,220
1,C_3,Italy x Sweden,Mixed,Litter,1-IS_M_F,2.05,0,2,2020-08-13,226
1,C_3,Italy x Sweden,Mixed,Litter,1-IS_M_F,2.06,0,2,2020-08-18,231
1,C_3,Italy x Sweden,Mixed,Litter,1-IS_M_F,2.07,0,2,2020-08-25,238
1,C_3,Italy x Sweden,Mixed,Litter,1-IS_M_F,2.08,0,2,2020-09-04,248
1,C_3,Italy x Sweden,Mixed,Litter,1-IS_M_F,2.09,0,2,2020-09-16,260
1,C_3,Italy x Sweden,Mixed,Litter,1-IS_M_F,2.1,0,2,2020-10-02,276
1,C_3,Italy x Sweden,Mixed,Litter,1-IS_M_F,2.11,0,2,2020-10-19,293
1,C_3,Italy x Sweden,Mixed,Litter,1-IS_M_F,2.12,0,2,2020-10-30,304
1,C_3,Italy x Sweden,Mixed,Litter,1-IS_M_F,2.13,0,2,2020-11-13,318
1,C_3,Italy x Sweden,Mixed,Litter,1-IS_M_F,2.14,0,2,2020-12-02,337
1,C_3,Italy x Sweden,Mixed,Litter,1-IS_M_F,2.15,0,2,2020-12-17,352
1,C_3,Italy x Sweden,Mixed,Litter,1-IS_M_F,2.16,0,2,2021-01-15,15
1,C_3,Italy x Sweden,Mixed,Litter,1-IS_M_F,2.17,0,2,2021-02-01,32
1,C_3,Italy x Sweden,Mixed,Litter,1-IS_M_F,2.18,0,2,2021-02-25,56
1,C_3,Italy x Sweden,Mixed,Litter,1-IS_M_F,2.19,0,2,2021-03-08,67
1,C_3,Italy x Sweden,Mixed,Litter,1-IS_M_F,2.2,0,2,2021-03-25,84
1,C_3,Italy x Sweden,Mixed,Litter,1-IS_M_F,2.21,0,2,2021-04-08,98
1,C_3,Italy x Sweden,Mixed,Litter,1-IS_M_F,3.14,0,3,2021-08-17,229
1,C_3,Italy x Sweden,Mixed,Litter,1-IS_M_F,3.15,0,3,2021-08-25,237
1,C_3,Italy x Sweden,Mixed,Litter,1-IS_M_F,3.16,0,3,2021-09-02,245
1,C_3,Italy x Sweden,Mixed,Litter,1-IS_M_F,3.17,0,3,2021-09-08,251
1,C_3,Italy x Sweden,Mixed,Litter,1-IS_M_F,3.18,0,3,2021-09-15,258
1,C_3,Italy x Sweden,Mixed,Litter,1-IS_M_F,3.19,0,3,2021-09-22,265
1,C_3,Italy x Sweden,Mixed,Litter,1-IS_M_F,3.2,69,3,2021-09-27,270
1,C_3,Italy x Sweden,Mixed,Litter,1-IS_M_F,3.21,37,3,2021-10-11,284
1,C_3,Italy x Sweden,Mixed,Litter,1-IS_M_F,3.22,0,3,2021-11-08,312
1,C_3,Italy x Sweden,Mixed,Litter,1-IS_M_F,3.23,0,3,2021-12-17,351
1,C_4,Germany x Tajikistan,Dormant,Litter,1-BS_D_F,1.01,NA,1,2019-06-12,163
1,C_4,Germany x Tajikistan,Dormant,Litter,1-BS_D_F,1.02,NA,1,2019-06-16,167
1,C_4,Germany x Tajikistan,Dormant,Litter,1-BS_D_F,1.03,NA,1,2019-06-26,177
1,C_4,Germany x Tajikistan,Dormant,Litter,1-BS_D_F,1.04,NA,1,2019-07-03,184
1,C_4,Germany x Tajikistan,Dormant,Litter,1-BS_D_F,1.05,NA,1,2019-07-10,191
1,C_4,Germany x Tajikistan,Dormant,Litter,1-BS_D_F,1.06,NA,1,2019-07-17,198
1,C_4,Germany x Tajikistan,Dormant,Litter,1-BS_D_F,1.07,0,1,2019-07-24,205
1,C_4,Germany x Tajikistan,Dormant,Litter,1-BS_D_F,1.08,0,1,2019-07-31,212
1,C_4,Germany x Tajikistan,Dormant,Litter,1-BS_D_F,1.09,0,1,2019-08-07,219
1,C_4,Germany x Tajikistan,Dormant,Litter,1-BS_D_F,1.1,0,1,2019-08-15,227
1,C_4,Germany x Tajikistan,Dormant,Litter,1-BS_D_F,1.11,0,1,2019-08-20,232
1,C_4,Germany x Tajikistan,Dormant,Litter,1-BS_D_F,1.12,0,1,2019-08-28,240
1,C_4,Germany x Tajikistan,Dormant,Litter,1-BS_D_F,1.13,0,1,2019-09-04,247
1,C_4,Germany x Tajikistan,Dormant,Litter,1-BS_D_F,1.14,0,1,2019-09-11,254
1,C_4,Germany x Tajikistan,Dormant,Litter,1-BS_D_F,1.15,0,1,2019-09-18,261
1,C_4,Germany x Tajikistan,Dormant,Litter,1-BS_D_F,1.16,0,1,2019-09-25,268
1,C_4,Germany x Tajikistan,Dormant,Litter,1-BS_D_F,1.17,0,1,2019-10-02,275
1,C_4,Germany x Tajikistan,Dormant,Litter,1-BS_D_F,1.18,0,1,2019-10-09,282
1,C_4,Germany x Tajikistan,Dormant,Litter,1-BS_D_F,1.19,0,1,2019-10-18,291
1,C_4,Germany x Tajikistan,Dormant,Litter,1-BS_D_F,1.2,3,1,2019-10-23,296
1,C_4,Germany x Tajikistan,Dormant,Litter,1-BS_D_F,1.22,0,1,2019-11-06,310
1,C_4,Germany x Tajikistan,Dormant,Litter,1-BS_D_F,1.23,4,1,2019-11-20,324
1,C_4,Germany x Tajikistan,Dormant,Litter,1-BS_D_F,1.24,0,1,2019-12-04,338
1,C_4,Germany x Tajikistan,Dormant,Litter,1-BS_D_F,1.25,1,1,2019-12-20,354
1,C_4,Germany x Tajikistan,Dormant,Litter,1-BS_D_F,1.26,0,1,2020-02-10,41
1,C_4,Germany x Tajikistan,Dormant,Litter,1-BS_D_F,1.27,0,1,2020-03-02,62
1,C_4,Germany x Tajikistan,Dormant,Litter,1-BS_D_F,1.29,0,1,2020-05-05,126
1,C_4,Germany x Tajikistan,Dormant,Litter,1-BS_D_F,2.01,0,2,2020-05-27,148
1,C_4,Germany x Tajikistan,Dormant,Litter,1-BS_D_F,2.02,0,2,2020-06-04,156
1,C_4,Germany x Tajikistan,Dormant,Litter,1-BS_D_F,2.03,NA,NA,NA,NA
1,C_4,Germany x Tajikistan,Dormant,Litter,1-BS_D_F,2.04,NA,NA,NA,NA
1,C_4,Germany x Tajikistan,Dormant,Litter,1-BS_D_F,2.05,NA,NA,NA,NA
1,C_4,Germany x Tajikistan,Dormant,Litter,1-BS_D_F,2.06,NA,NA,NA,NA
1,C_4,Germany x Tajikistan,Dormant,Litter,1-BS_D_F,2.07,NA,NA,NA,NA
1,C_4,Germany x Tajikistan,Dormant,Litter,1-BS_D_F,2.08,NA,2,2020-09-04,248
1,C_4,Germany x Tajikistan,Dormant,Litter,1-BS_D_F,2.09,0,2,2020-09-16,260
1,C_4,Germany x Tajikistan,Dormant,Litter,1-BS_D_F,2.1,0,2,2020-10-02,276
1,C_4,Germany x Tajikistan,Dormant,Litter,1-BS_D_F,2.11,0,2,2020-10-19,293
1,C_4,Germany x Tajikistan,Dormant,Litter,1-BS_D_F,2.12,0,2,2020-10-30,304
1,C_4,Germany x Tajikistan,Dormant,Litter,1-BS_D_F,2.13,0,2,2020-11-13,318
1,C_4,Germany x Tajikistan,Dormant,Litter,1-BS_D_F,2.14,0,2,2020-12-02,337
1,C_4,Germany x Tajikistan,Dormant,Litter,1-BS_D_F,2.15,0,2,2020-12-17,352
1,C_4,Germany x Tajikistan,Dormant,Litter,1-BS_D_F,2.16,0,2,2021-01-15,15
1,C_4,Germany x Tajikistan,Dormant,Litter,1-BS_D_F,2.17,0,2,2021-02-01,32
1,C_4,Germany x Tajikistan,Dormant,Litter,1-BS_D_F,2.18,0,2,2021-02-25,56
1,C_4,Germany x Tajikistan,Dormant,Litter,1-BS_D_F,2.19,0,2,2021-03-08,67
1,C_4,Germany x Tajikistan,Dormant,Litter,1-BS_D_F,2.2,0,2,2021-03-25,84
1,C_4,Germany x Tajikistan,Dormant,Litter,1-BS_D_F,2.21,0,2,2021-04-08,98
1,C_4,Germany x Tajikistan,Dormant,Litter,1-BS_D_F,3.14,NA,NA,NA,NA
1,C_4,Germany x Tajikistan,Dormant,Litter,1-BS_D_F,3.15,NA,NA,NA,NA
1,C_4,Germany x Tajikistan,Dormant,Litter,1-BS_D_F,3.16,NA,NA,NA,NA
1,C_4,Germany x Tajikistan,Dormant,Litter,1-BS_D_F,3.17,NA,NA,NA,NA
1,C_4,Germany x Tajikistan,Dormant,Litter,1-BS_D_F,3.18,NA,NA,NA,NA
1,C_4,Germany x Tajikistan,Dormant,Litter,1-BS_D_F,3.19,NA,NA,NA,NA
1,C_4,Germany x Tajikistan,Dormant,Litter,1-BS_D_F,3.2,NA,NA,NA,NA
1,C_4,Germany x Tajikistan,Dormant,Litter,1-BS_D_F,3.21,NA,NA,NA,NA
1,C_4,Germany x Tajikistan,Dormant,Litter,1-BS_D_F,3.22,NA,NA,NA,NA
1,C_4,Germany x Tajikistan,Dormant,Litter,1-BS_D_F,3.23,NA,NA,NA,NA
2,C_5,UK x USA,Non-Dormant,Control,2-TC_ND_C,1.01,NA,1,2019-06-12,163
2,C_5,UK x USA,Non-Dormant,Control,2-TC_ND_C,1.02,NA,1,2019-06-16,167
2,C_5,UK x USA,Non-Dormant,Control,2-TC_ND_C,1.03,NA,1,2019-06-26,177
2,C_5,UK x USA,Non-Dormant,Control,2-TC_ND_C,1.04,NA,1,2019-07-03,184
2,C_5,UK x USA,Non-Dormant,Control,2-TC_ND_C,1.05,NA,1,2019-07-10,191
2,C_5,UK x USA,Non-Dormant,Control,2-TC_ND_C,1.06,NA,1,2019-07-17,198
2,C_5,UK x USA,Non-Dormant,Control,2-TC_ND_C,1.07,0,1,2019-07-24,205
2,C_5,UK x USA,Non-Dormant,Control,2-TC_ND_C,1.08,0,1,2019-07-31,212
2,C_5,UK x USA,Non-Dormant,Control,2-TC_ND_C,1.09,0,1,2019-08-07,219
2,C_5,UK x USA,Non-Dormant,Control,2-TC_ND_C,1.1,0,1,2019-08-15,227
2,C_5,UK x USA,Non-Dormant,Control,2-TC_ND_C,1.11,0,1,2019-08-20,232
2,C_5,UK x USA,Non-Dormant,Control,2-TC_ND_C,1.12,0,1,2019-08-28,240
2,C_5,UK x USA,Non-Dormant,Control,2-TC_ND_C,1.13,0,1,2019-09-04,247
2,C_5,UK x USA,Non-Dormant,Control,2-TC_ND_C,1.14,0,1,2019-09-11,254
2,C_5,UK x USA,Non-Dormant,Control,2-TC_ND_C,1.15,0,1,2019-09-18,261
2,C_5,UK x USA,Non-Dormant,Control,2-TC_ND_C,1.16,0,1,2019-09-25,268
2,C_5,UK x USA,Non-Dormant,Control,2-TC_ND_C,1.17,0,1,2019-10-02,275
2,C_5,UK x USA,Non-Dormant,Control,2-TC_ND_C,1.18,0,1,2019-10-09,282
2,C_5,UK x USA,Non-Dormant,Control,2-TC_ND_C,1.19,0,1,2019-10-18,291
2,C_5,UK x USA,Non-Dormant,Control,2-TC_ND_C,1.2,0,1,2019-10-23,296
2,C_5,UK x USA,Non-Dormant,Control,2-TC_ND_C,1.22,0,1,2019-11-06,310
2,C_5,UK x USA,Non-Dormant,Control,2-TC_ND_C,1.23,0,1,2019-11-20,324
2,C_5,UK x USA,Non-Dormant,Control,2-TC_ND_C,1.24,0,1,2019-12-04,338
2,C_5,UK x USA,Non-Dormant,Control,2-TC_ND_C,1.25,0,1,2019-12-20,354
2,C_5,UK x USA,Non-Dormant,Control,2-TC_ND_C,1.26,0,1,2020-02-10,41
2,C_5,UK x USA,Non-Dormant,Control,2-TC_ND_C,1.27,0,1,2020-03-02,62
2,C_5,UK x USA,Non-Dormant,Control,2-TC_ND_C,1.29,0,1,2020-05-05,126
2,C_5,UK x USA,Non-Dormant,Control,2-TC_ND_C,2.01,0,2,2020-05-27,148
2,C_5,UK x USA,Non-Dormant,Control,2-TC_ND_C,2.02,0,2,2020-06-04,156
2,C_5,UK x USA,Non-Dormant,Control,2-TC_ND_C,2.03,0,2,2020-07-23,205
2,C_5,UK x USA,Non-Dormant,Control,2-TC_ND_C,2.04,0,2,2020-08-07,220
2,C_5,UK x USA,Non-Dormant,Control,2-TC_ND_C,2.05,0,2,2020-08-13,226
2,C_5,UK x USA,Non-Dormant,Control,2-TC_ND_C,2.06,0,2,2020-08-18,231
2,C_5,UK x USA,Non-Dormant,Control,2-TC_ND_C,2.07,0,2,2020-08-25,238
2,C_5,UK x USA,Non-Dormant,Control,2-TC_ND_C,2.08,38,2,2020-09-04,248
2,C_5,UK x USA,Non-Dormant,Control,2-TC_ND_C,2.09,0,2,2020-09-16,260
2,C_5,UK x USA,Non-Dormant,Control,2-TC_ND_C,2.1,0,2,2020-10-02,276
2,C_5,UK x USA,Non-Dormant,Control,2-TC_ND_C,2.11,0,2,2020-10-19,293
2,C_5,UK x USA,Non-Dormant,Control,2-TC_ND_C,2.12,0,2,2020-10-30,304
2,C_5,UK x USA,Non-Dormant,Control,2-TC_ND_C,2.13,0,2,2020-11-13,318
2,C_5,UK x USA,Non-Dormant,Control,2-TC_ND_C,2.14,0,2,2020-12-02,337
2,C_5,UK x USA,Non-Dormant,Control,2-TC_ND_C,2.15,0,2,2020-12-17,352
2,C_5,UK x USA,Non-Dormant,Control,2-TC_ND_C,2.16,0,2,2021-01-15,15
2,C_5,UK x USA,Non-Dormant,Control,2-TC_ND_C,2.17,0,2,2021-02-01,32
2,C_5,UK x USA,Non-Dormant,Control,2-TC_ND_C,2.18,0,2,2021-02-25,56
2,C_5,UK x USA,Non-Dormant,Control,2-TC_ND_C,2.19,0,2,2021-03-08,67
2,C_5,UK x USA,Non-Dormant,Control,2-TC_ND_C,2.2,0,2,2021-03-25,84
2,C_5,UK x USA,Non-Dormant,Control,2-TC_ND_C,2.21,0,2,2021-04-08,98
2,C_5,UK x USA,Non-Dormant,Control,2-TC_ND_C,3.14,0,3,2021-08-17,229
2,C_5,UK x USA,Non-Dormant,Control,2-TC_ND_C,3.15,0,3,2021-08-25,237
2,C_5,UK x USA,Non-Dormant,Control,2-TC_ND_C,3.16,0,3,2021-09-02,245
2,C_5,UK x USA,Non-Dormant,Control,2-TC_ND_C,3.17,0,3,2021-09-08,251
2,C_5,UK x USA,Non-Dormant,Control,2-TC_ND_C,3.18,0,3,2021-09-15,258
2,C_5,UK x USA,Non-Dormant,Control,2-TC_ND_C,3.19,0,3,2021-09-22,265
2,C_5,UK x USA,Non-Dormant,Control,2-TC_ND_C,3.2,1,3,2021-09-29,272
2,C_5,UK x USA,Non-Dormant,Control,2-TC_ND_C,3.21,5,3,2021-10-12,285
2,C_5,UK x USA,Non-Dormant,Control,2-TC_ND_C,3.22,0,3,2021-11-10,314
2,C_5,UK x USA,Non-Dormant,Control,2-TC_ND_C,3.23,0,3,2021-12-17,351
2,C_6,Germany x Tajikistan,Dormant,Control,2-BS_D_C,1.01,NA,1,2019-06-12,163
2,C_6,Germany x Tajikistan,Dormant,Control,2-BS_D_C,1.02,NA,1,2019-06-16,167
2,C_6,Germany x Tajikistan,Dormant,Control,2-BS_D_C,1.03,NA,1,2019-06-26,177
2,C_6,Germany x Tajikistan,Dormant,Control,2-BS_D_C,1.04,NA,1,2019-07-03,184
2,C_6,Germany x Tajikistan,Dormant,Control,2-BS_D_C,1.05,NA,1,2019-07-10,191
2,C_6,Germany x Tajikistan,Dormant,Control,2-BS_D_C,1.06,NA,1,2019-07-17,198
2,C_6,Germany x Tajikistan,Dormant,Control,2-BS_D_C,1.07,0,1,2019-07-24,205
2,C_6,Germany x Tajikistan,Dormant,Control,2-BS_D_C,1.08,0,1,2019-07-31,212
2,C_6,Germany x Tajikistan,Dormant,Control,2-BS_D_C,1.09,0,1,2019-08-07,219
2,C_6,Germany x Tajikistan,Dormant,Control,2-BS_D_C,1.1,0,1,2019-08-15,227
2,C_6,Germany x Tajikistan,Dormant,Control,2-BS_D_C,1.11,0,1,2019-08-20,232
2,C_6,Germany x Tajikistan,Dormant,Control,2-BS_D_C,1.12,0,1,2019-08-28,240
2,C_6,Germany x Tajikistan,Dormant,Control,2-BS_D_C,1.13,0,1,2019-09-04,247
2,C_6,Germany x Tajikistan,Dormant,Control,2-BS_D_C,1.14,0,1,2019-09-11,254
2,C_6,Germany x Tajikistan,Dormant,Control,2-BS_D_C,1.15,0,1,2019-09-18,261
2,C_6,Germany x Tajikistan,Dormant,Control,2-BS_D_C,1.16,0,1,2019-09-25,268
2,C_6,Germany x Tajikistan,Dormant,Control,2-BS_D_C,1.17,0,1,2019-10-02,275
2,C_6,Germany x Tajikistan,Dormant,Control,2-BS_D_C,1.18,0,1,2019-10-09,282
2,C_6,Germany x Tajikistan,Dormant,Control,2-BS_D_C,1.19,0,1,2019-10-18,291
2,C_6,Germany x Tajikistan,Dormant,Control,2-BS_D_C,1.2,4,1,2019-10-23,296
2,C_6,Germany x Tajikistan,Dormant,Control,2-BS_D_C,1.22,0,1,2019-11-06,310
2,C_6,Germany x Tajikistan,Dormant,Control,2-BS_D_C,1.23,1,1,2019-11-20,324
2,C_6,Germany x Tajikistan,Dormant,Control,2-BS_D_C,1.24,0,1,2019-12-04,338
2,C_6,Germany x Tajikistan,Dormant,Control,2-BS_D_C,1.25,0,1,2019-12-20,354
2,C_6,Germany x Tajikistan,Dormant,Control,2-BS_D_C,1.26,0,1,2020-02-10,41
2,C_6,Germany x Tajikistan,Dormant,Control,2-BS_D_C,1.27,0,1,2020-03-02,62
2,C_6,Germany x Tajikistan,Dormant,Control,2-BS_D_C,1.29,0,1,2020-05-05,126
2,C_6,Germany x Tajikistan,Dormant,Control,2-BS_D_C,2.01,0,2,2020-05-27,148
2,C_6,Germany x Tajikistan,Dormant,Control,2-BS_D_C,2.02,0,2,2020-06-04,156
2,C_6,Germany x Tajikistan,Dormant,Control,2-BS_D_C,2.03,0,2,2020-07-23,205
2,C_6,Germany x Tajikistan,Dormant,Control,2-BS_D_C,2.04,0,2,2020-08-07,220
2,C_6,Germany x Tajikistan,Dormant,Control,2-BS_D_C,2.05,0,2,2020-08-13,226
2,C_6,Germany x Tajikistan,Dormant,Control,2-BS_D_C,2.06,0,2,2020-08-18,231
2,C_6,Germany x Tajikistan,Dormant,Control,2-BS_D_C,2.07,0,2,2020-08-25,238
2,C_6,Germany x Tajikistan,Dormant,Control,2-BS_D_C,2.08,23,2,2020-09-04,248
2,C_6,Germany x Tajikistan,Dormant,Control,2-BS_D_C,2.09,1,2,2020-09-16,260
2,C_6,Germany x Tajikistan,Dormant,Control,2-BS_D_C,2.1,0,2,2020-10-02,276
2,C_6,Germany x Tajikistan,Dormant,Control,2-BS_D_C,2.11,0,2,2020-10-19,293
2,C_6,Germany x Tajikistan,Dormant,Control,2-BS_D_C,2.12,0,2,2020-10-30,304
2,C_6,Germany x Tajikistan,Dormant,Control,2-BS_D_C,2.13,0,2,2020-11-13,318
2,C_6,Germany x Tajikistan,Dormant,Control,2-BS_D_C,2.14,0,2,2020-12-02,337
2,C_6,Germany x Tajikistan,Dormant,Control,2-BS_D_C,2.15,0,2,2020-12-17,352
2,C_6,Germany x Tajikistan,Dormant,Control,2-BS_D_C,2.16,0,2,2021-01-15,15
2,C_6,Germany x Tajikistan,Dormant,Control,2-BS_D_C,2.17,0,2,2021-02-01,32
2,C_6,Germany x Tajikistan,Dormant,Control,2-BS_D_C,2.18,0,2,2021-02-25,56
2,C_6,Germany x Tajikistan,Dormant,Control,2-BS_D_C,2.19,0,2,2021-03-08,67
2,C_6,Germany x Tajikistan,Dormant,Control,2-BS_D_C,2.2,0,2,2021-03-25,84
2,C_6,Germany x Tajikistan,Dormant,Control,2-BS_D_C,2.21,0,2,2021-04-08,98
2,C_6,Germany x Tajikistan,Dormant,Control,2-BS_D_C,3.14,0,3,2021-08-17,229
2,C_6,Germany x Tajikistan,Dormant,Control,2-BS_D_C,3.15,0,3,2021-08-25,237
2,C_6,Germany x Tajikistan,Dormant,Control,2-BS_D_C,3.16,0,3,2021-09-02,245
2,C_6,Germany x Tajikistan,Dormant,Control,2-BS_D_C,3.17,0,3,2021-09-08,251
2,C_6,Germany x Tajikistan,Dormant,Control,2-BS_D_C,3.18,0,3,2021-09-15,258
2,C_6,Germany x Tajikistan,Dormant,Control,2-BS_D_C,3.19,0,3,2021-09-22,265
2,C_6,Germany x Tajikistan,Dormant,Control,2-BS_D_C,3.2,0,3,2021-09-29,272
2,C_6,Germany x Tajikistan,Dormant,Control,2-BS_D_C,3.21,1,3,2021-10-12,285
2,C_6,Germany x Tajikistan,Dormant,Control,2-BS_D_C,3.22,0,3,2021-11-10,314
2,C_6,Germany x Tajikistan,Dormant,Control,2-BS_D_C,3.23,0,3,2021-12-17,351
2,C_7,Italy x Sweden,Dormant,Control,2-IS_D_C,1.01,0,1,2019-06-12,163
2,C_7,Italy x Sweden,Dormant,Control,2-IS_D_C,1.02,0,1,2019-06-16,167
2,C_7,Italy x Sweden,Dormant,Control,2-IS_D_C,1.03,0,1,2019-06-26,177
2,C_7,Italy x Sweden,Dormant,Control,2-IS_D_C,1.04,0,1,2019-07-03,184
2,C_7,Italy x Sweden,Dormant,Control,2-IS_D_C,1.05,NA,1,2019-07-10,191
2,C_7,Italy x Sweden,Dormant,Control,2-IS_D_C,1.06,NA,1,2019-07-17,198
2,C_7,Italy x Sweden,Dormant,Control,2-IS_D_C,1.07,0,1,2019-07-24,205
2,C_7,Italy x Sweden,Dormant,Control,2-IS_D_C,1.08,0,1,2019-07-31,212
2,C_7,Italy x Sweden,Dormant,Control,2-IS_D_C,1.09,0,1,2019-08-07,219
2,C_7,Italy x Sweden,Dormant,Control,2-IS_D_C,1.1,0,1,2019-08-15,227
2,C_7,Italy x Sweden,Dormant,Control,2-IS_D_C,1.11,0,1,2019-08-20,232
2,C_7,Italy x Sweden,Dormant,Control,2-IS_D_C,1.12,0,1,2019-08-28,240
2,C_7,Italy x Sweden,Dormant,Control,2-IS_D_C,1.13,0,1,2019-09-04,247
2,C_7,Italy x Sweden,Dormant,Control,2-IS_D_C,1.14,0,1,2019-09-11,254
2,C_7,Italy x Sweden,Dormant,Control,2-IS_D_C,1.15,0,1,2019-09-18,261
2,C_7,Italy x Sweden,Dormant,Control,2-IS_D_C,1.16,0,1,2019-09-25,268
2,C_7,Italy x Sweden,Dormant,Control,2-IS_D_C,1.17,0,1,2019-10-02,275
2,C_7,Italy x Sweden,Dormant,Control,2-IS_D_C,1.18,0,1,2019-10-09,282
2,C_7,Italy x Sweden,Dormant,Control,2-IS_D_C,1.19,0,1,2019-10-18,291
2,C_7,Italy x Sweden,Dormant,Control,2-IS_D_C,1.2,6,1,2019-10-23,296
2,C_7,Italy x Sweden,Dormant,Control,2-IS_D_C,1.22,0,1,2019-11-06,310
2,C_7,Italy x Sweden,Dormant,Control,2-IS_D_C,1.23,0,1,2019-11-20,324
2,C_7,Italy x Sweden,Dormant,Control,2-IS_D_C,1.24,0,1,2019-12-04,338
2,C_7,Italy x Sweden,Dormant,Control,2-IS_D_C,1.25,2,1,2019-12-20,354
2,C_7,Italy x Sweden,Dormant,Control,2-IS_D_C,1.26,0,1,2020-02-10,41
2,C_7,Italy x Sweden,Dormant,Control,2-IS_D_C,1.27,0,1,2020-03-02,62
2,C_7,Italy x Sweden,Dormant,Control,2-IS_D_C,1.29,0,1,2020-05-05,126
2,C_7,Italy x Sweden,Dormant,Control,2-IS_D_C,2.01,0,2,2020-05-27,148
2,C_7,Italy x Sweden,Dormant,Control,2-IS_D_C,2.02,0,2,2020-06-04,156
2,C_7,Italy x Sweden,Dormant,Control,2-IS_D_C,2.03,0,2,2020-07-23,205
2,C_7,Italy x Sweden,Dormant,Control,2-IS_D_C,2.04,0,2,2020-08-07,220
2,C_7,Italy x Sweden,Dormant,Control,2-IS_D_C,2.05,0,2,2020-08-13,226
2,C_7,Italy x Sweden,Dormant,Control,2-IS_D_C,2.06,0,2,2020-08-18,231
2,C_7,Italy x Sweden,Dormant,Control,2-IS_D_C,2.07,0,2,2020-08-25,238
2,C_7,Italy x Sweden,Dormant,Control,2-IS_D_C,2.08,0,2,2020-09-04,248
2,C_7,Italy x Sweden,Dormant,Control,2-IS_D_C,2.09,4,2,2020-09-16,260
2,C_7,Italy x Sweden,Dormant,Control,2-IS_D_C,2.1,0,2,2020-10-02,276
2,C_7,Italy x Sweden,Dormant,Control,2-IS_D_C,2.11,0,2,2020-10-19,293
2,C_7,Italy x Sweden,Dormant,Control,2-IS_D_C,2.12,1,2,2020-10-30,304
2,C_7,Italy x Sweden,Dormant,Control,2-IS_D_C,2.13,0,2,2020-11-13,318
2,C_7,Italy x Sweden,Dormant,Control,2-IS_D_C,2.14,0,2,2020-12-02,337
2,C_7,Italy x Sweden,Dormant,Control,2-IS_D_C,2.15,0,2,2020-12-17,352
2,C_7,Italy x Sweden,Dormant,Control,2-IS_D_C,2.16,0,2,2021-01-15,15
2,C_7,Italy x Sweden,Dormant,Control,2-IS_D_C,2.17,4,2,2021-02-01,32
2,C_7,Italy x Sweden,Dormant,Control,2-IS_D_C,2.18,0,2,2021-02-25,56
2,C_7,Italy x Sweden,Dormant,Control,2-IS_D_C,2.19,0,2,2021-03-08,67
2,C_7,Italy x Sweden,Dormant,Control,2-IS_D_C,2.2,0,2,2021-03-25,84
2,C_7,Italy x Sweden,Dormant,Control,2-IS_D_C,2.21,0,2,2021-04-08,98
2,C_7,Italy x Sweden,Dormant,Control,2-IS_D_C,3.14,0,3,2021-08-17,229
2,C_7,Italy x Sweden,Dormant,Control,2-IS_D_C,3.15,0,3,2021-08-25,237
2,C_7,Italy x Sweden,Dormant,Control,2-IS_D_C,3.16,0,3,2021-09-02,245
2,C_7,Italy x Sweden,Dormant,Control,2-IS_D_C,3.17,0,3,2021-09-08,251
2,C_7,Italy x Sweden,Dormant,Control,2-IS_D_C,3.18,0,3,2021-09-15,258
2,C_7,Italy x Sweden,Dormant,Control,2-IS_D_C,3.19,0,3,2021-09-22,265
2,C_7,Italy x Sweden,Dormant,Control,2-IS_D_C,3.2,29,3,2021-09-29,272
2,C_7,Italy x Sweden,Dormant,Control,2-IS_D_C,3.21,45,3,2021-10-12,285
2,C_7,Italy x Sweden,Dormant,Control,2-IS_D_C,3.22,0,3,2021-11-10,314
2,C_7,Italy x Sweden,Dormant,Control,2-IS_D_C,3.23,0,3,2021-12-17,351
3,C_9,Italy x Sweden,Mixed,Control,3-IS_M_C,1.01,0,1,2019-06-12,163
3,C_9,Italy x Sweden,Mixed,Control,3-IS_M_C,1.02,0,1,2019-06-16,167
3,C_9,Italy x Sweden,Mixed,Control,3-IS_M_C,1.03,0,1,2019-06-26,177
3,C_9,Italy x Sweden,Mixed,Control,3-IS_M_C,1.04,0,1,2019-07-03,184
3,C_9,Italy x Sweden,Mixed,Control,3-IS_M_C,1.05,NA,1,2019-07-10,191
3,C_9,Italy x Sweden,Mixed,Control,3-IS_M_C,1.06,NA,1,2019-07-17,198
3,C_9,Italy x Sweden,Mixed,Control,3-IS_M_C,1.07,0,1,2019-07-24,205
3,C_9,Italy x Sweden,Mixed,Control,3-IS_M_C,1.08,0,1,2019-07-31,212
3,C_9,Italy x Sweden,Mixed,Control,3-IS_M_C,1.09,0,1,2019-08-07,219
3,C_9,Italy x Sweden,Mixed,Control,3-IS_M_C,1.1,0,1,2019-08-15,227
3,C_9,Italy x Sweden,Mixed,Control,3-IS_M_C,1.11,0,1,2019-08-20,232
3,C_9,Italy x Sweden,Mixed,Control,3-IS_M_C,1.12,0,1,2019-08-28,240
3,C_9,Italy x Sweden,Mixed,Control,3-IS_M_C,1.13,0,1,2019-09-04,247
3,C_9,Italy x Sweden,Mixed,Control,3-IS_M_C,1.14,0,1,2019-09-11,254
3,C_9,Italy x Sweden,Mixed,Control,3-IS_M_C,1.15,0,1,2019-09-18,261
3,C_9,Italy x Sweden,Mixed,Control,3-IS_M_C,1.16,0,1,2019-09-25,268
3,C_9,Italy x Sweden,Mixed,Control,3-IS_M_C,1.17,0,1,2019-10-02,275
3,C_9,Italy x Sweden,Mixed,Control,3-IS_M_C,1.18,0,1,2019-10-09,282
3,C_9,Italy x Sweden,Mixed,Control,3-IS_M_C,1.19,0,1,2019-10-18,291
3,C_9,Italy x Sweden,Mixed,Control,3-IS_M_C,1.2,1,1,2019-10-23,296
3,C_9,Italy x Sweden,Mixed,Control,3-IS_M_C,1.22,0,1,2019-11-06,310
3,C_9,Italy x Sweden,Mixed,Control,3-IS_M_C,1.23,0,1,2019-11-20,324
3,C_9,Italy x Sweden,Mixed,Control,3-IS_M_C,1.24,0,1,2019-12-04,338
3,C_9,Italy x Sweden,Mixed,Control,3-IS_M_C,1.25,0,1,2019-12-20,354
3,C_9,Italy x Sweden,Mixed,Control,3-IS_M_C,1.26,0,1,2020-02-10,41
3,C_9,Italy x Sweden,Mixed,Control,3-IS_M_C,1.27,0,1,2020-03-02,62
3,C_9,Italy x Sweden,Mixed,Control,3-IS_M_C,1.29,0,1,2020-05-05,126
3,C_9,Italy x Sweden,Mixed,Control,3-IS_M_C,2.01,2,2,2020-05-27,148
3,C_9,Italy x Sweden,Mixed,Control,3-IS_M_C,2.02,0,2,2020-06-04,156
3,C_9,Italy x Sweden,Mixed,Control,3-IS_M_C,2.03,0,2,2020-07-23,205
3,C_9,Italy x Sweden,Mixed,Control,3-IS_M_C,2.04,0,2,2020-08-07,220
3,C_9,Italy x Sweden,Mixed,Control,3-IS_M_C,2.05,0,2,2020-08-13,226
3,C_9,Italy x Sweden,Mixed,Control,3-IS_M_C,2.06,0,2,2020-08-18,231
3,C_9,Italy x Sweden,Mixed,Control,3-IS_M_C,2.07,0,2,2020-08-25,238
3,C_9,Italy x Sweden,Mixed,Control,3-IS_M_C,2.08,0,2,2020-09-04,248
3,C_9,Italy x Sweden,Mixed,Control,3-IS_M_C,2.09,0,2,2020-09-16,260
3,C_9,Italy x Sweden,Mixed,Control,3-IS_M_C,2.1,0,2,2020-10-02,276
3,C_9,Italy x Sweden,Mixed,Control,3-IS_M_C,2.11,0,2,2020-10-19,293
3,C_9,Italy x Sweden,Mixed,Control,3-IS_M_C,2.12,0,2,2020-10-30,304
3,C_9,Italy x Sweden,Mixed,Control,3-IS_M_C,2.13,0,2,2020-11-13,318
3,C_9,Italy x Sweden,Mixed,Control,3-IS_M_C,2.14,0,2,2020-12-02,337
3,C_9,Italy x Sweden,Mixed,Control,3-IS_M_C,2.15,0,2,2020-12-17,352
3,C_9,Italy x Sweden,Mixed,Control,3-IS_M_C,2.16,0,2,2021-01-15,15
3,C_9,Italy x Sweden,Mixed,Control,3-IS_M_C,2.17,0,2,2021-02-01,32
3,C_9,Italy x Sweden,Mixed,Control,3-IS_M_C,2.18,0,2,2021-02-25,56
3,C_9,Italy x Sweden,Mixed,Control,3-IS_M_C,2.19,0,2,2021-03-08,67
3,C_9,Italy x Sweden,Mixed,Control,3-IS_M_C,2.2,0,2,2021-03-25,84
3,C_9,Italy x Sweden,Mixed,Control,3-IS_M_C,2.21,0,2,2021-04-08,98
3,C_9,Italy x Sweden,Mixed,Control,3-IS_M_C,3.14,0,3,2021-08-17,229
3,C_9,Italy x Sweden,Mixed,Control,3-IS_M_C,3.15,0,3,2021-08-25,237
3,C_9,Italy x Sweden,Mixed,Control,3-IS_M_C,3.16,0,3,2021-09-02,245
3,C_9,Italy x Sweden,Mixed,Control,3-IS_M_C,3.17,0,3,2021-09-08,251
3,C_9,Italy x Sweden,Mixed,Control,3-IS_M_C,3.18,0,3,2021-09-15,258
3,C_9,Italy x Sweden,Mixed,Control,3-IS_M_C,3.19,0,3,2021-09-22,265
3,C_9,Italy x Sweden,Mixed,Control,3-IS_M_C,3.2,5,3,2021-09-29,272
3,C_9,Italy x Sweden,Mixed,Control,3-IS_M_C,3.21,15,3,2021-10-13,286
3,C_9,Italy x Sweden,Mixed,Control,3-IS_M_C,3.22,0,3,2021-11-10,314
3,C_9,Italy x Sweden,Mixed,Control,3-IS_M_C,3.23,0,3,2021-12-17,351
3,C_10,Italy x Sweden,Dormant,High Humidity,3-IS_D_D,1.01,2,1,2019-06-12,163
3,C_10,Italy x Sweden,Dormant,High Humidity,3-IS_D_D,1.02,0,1,2019-06-16,167
3,C_10,Italy x Sweden,Dormant,High Humidity,3-IS_D_D,1.03,0,1,2019-06-26,177
3,C_10,Italy x Sweden,Dormant,High Humidity,3-IS_D_D,1.04,0,1,2019-07-03,184
3,C_10,Italy x Sweden,Dormant,High Humidity,3-IS_D_D,1.05,NA,1,2019-07-10,191
3,C_10,Italy x Sweden,Dormant,High Humidity,3-IS_D_D,1.06,NA,1,2019-07-17,198
3,C_10,Italy x Sweden,Dormant,High Humidity,3-IS_D_D,1.07,0,1,2019-07-24,205
3,C_10,Italy x Sweden,Dormant,High Humidity,3-IS_D_D,1.08,0,1,2019-07-31,212
3,C_10,Italy x Sweden,Dormant,High Humidity,3-IS_D_D,1.09,0,1,2019-08-07,219
3,C_10,Italy x Sweden,Dormant,High Humidity,3-IS_D_D,1.1,0,1,2019-08-15,227
3,C_10,Italy x Sweden,Dormant,High Humidity,3-IS_D_D,1.11,0,1,2019-08-20,232
3,C_10,Italy x Sweden,Dormant,High Humidity,3-IS_D_D,1.12,0,1,2019-08-28,240
3,C_10,Italy x Sweden,Dormant,High Humidity,3-IS_D_D,1.13,0,1,2019-09-04,247
3,C_10,Italy x Sweden,Dormant,High Humidity,3-IS_D_D,1.14,0,1,2019-09-11,254
3,C_10,Italy x Sweden,Dormant,High Humidity,3-IS_D_D,1.15,0,1,2019-09-18,261
3,C_10,Italy x Sweden,Dormant,High Humidity,3-IS_D_D,1.16,0,1,2019-09-25,268
3,C_10,Italy x Sweden,Dormant,High Humidity,3-IS_D_D,1.17,0,1,2019-10-02,275
3,C_10,Italy x Sweden,Dormant,High Humidity,3-IS_D_D,1.18,0,1,2019-10-09,282
3,C_10,Italy x Sweden,Dormant,High Humidity,3-IS_D_D,1.19,0,1,2019-10-18,291
3,C_10,Italy x Sweden,Dormant,High Humidity,3-IS_D_D,1.2,16,1,2019-10-23,296
3,C_10,Italy x Sweden,Dormant,High Humidity,3-IS_D_D,1.22,0,1,2019-11-06,310
3,C_10,Italy x Sweden,Dormant,High Humidity,3-IS_D_D,1.23,0,1,2019-11-20,324
3,C_10,Italy x Sweden,Dormant,High Humidity,3-IS_D_D,1.24,0,1,2019-12-04,338
3,C_10,Italy x Sweden,Dormant,High Humidity,3-IS_D_D,1.25,1,1,2019-12-20,354
3,C_10,Italy x Sweden,Dormant,High Humidity,3-IS_D_D,1.26,0,1,2020-02-10,41
3,C_10,Italy x Sweden,Dormant,High Humidity,3-IS_D_D,1.27,0,1,2020-03-02,62
3,C_10,Italy x Sweden,Dormant,High Humidity,3-IS_D_D,1.29,0,1,2020-05-05,126
3,C_10,Italy x Sweden,Dormant,High Humidity,3-IS_D_D,2.01,0,2,2020-05-27,148
3,C_10,Italy x Sweden,Dormant,High Humidity,3-IS_D_D,2.02,0,2,2020-06-04,156
3,C_10,Italy x Sweden,Dormant,High Humidity,3-IS_D_D,2.03,0,2,2020-07-23,205
3,C_10,Italy x Sweden,Dormant,High Humidity,3-IS_D_D,2.04,0,2,2020-08-07,220
3,C_10,Italy x Sweden,Dormant,High Humidity,3-IS_D_D,2.05,0,2,2020-08-13,226
3,C_10,Italy x Sweden,Dormant,High Humidity,3-IS_D_D,2.06,0,2,2020-08-18,231
3,C_10,Italy x Sweden,Dormant,High Humidity,3-IS_D_D,2.07,0,2,2020-08-25,238
3,C_10,Italy x Sweden,Dormant,High Humidity,3-IS_D_D,2.08,0,2,2020-09-04,248
3,C_10,Italy x Sweden,Dormant,High Humidity,3-IS_D_D,2.09,0,2,2020-09-16,260
3,C_10,Italy x Sweden,Dormant,High Humidity,3-IS_D_D,2.1,0,2,2020-10-02,276
3,C_10,Italy x Sweden,Dormant,High Humidity,3-IS_D_D,2.11,0,2,2020-10-19,293
3,C_10,Italy x Sweden,Dormant,High Humidity,3-IS_D_D,2.12,0,2,2020-10-30,304
3,C_10,Italy x Sweden,Dormant,High Humidity,3-IS_D_D,2.13,48,2,2020-11-13,318
3,C_10,Italy x Sweden,Dormant,High Humidity,3-IS_D_D,2.14,0,2,2020-12-02,337
3,C_10,Italy x Sweden,Dormant,High Humidity,3-IS_D_D,2.15,0,2,2020-12-17,352
3,C_10,Italy x Sweden,Dormant,High Humidity,3-IS_D_D,2.16,2,2,2021-01-15,15
3,C_10,Italy x Sweden,Dormant,High Humidity,3-IS_D_D,2.17,0,2,2021-02-01,32
3,C_10,Italy x Sweden,Dormant,High Humidity,3-IS_D_D,2.18,0,2,2021-02-25,56
3,C_10,Italy x Sweden,Dormant,High Humidity,3-IS_D_D,2.19,0,2,2021-03-08,67
3,C_10,Italy x Sweden,Dormant,High Humidity,3-IS_D_D,2.2,0,2,2021-03-25,84
3,C_10,Italy x Sweden,Dormant,High Humidity,3-IS_D_D,2.21,0,2,2021-04-08,98
3,C_10,Italy x Sweden,Dormant,High Humidity,3-IS_D_D,3.14,0,3,2021-08-17,229
3,C_10,Italy x Sweden,Dormant,High Humidity,3-IS_D_D,3.15,0,3,2021-08-25,237
3,C_10,Italy x Sweden,Dormant,High Humidity,3-IS_D_D,3.16,0,3,2021-09-02,245
3,C_10,Italy x Sweden,Dormant,High Humidity,3-IS_D_D,3.17,0,3,2021-09-08,251
3,C_10,Italy x Sweden,Dormant,High Humidity,3-IS_D_D,3.18,0,3,2021-09-15,258
3,C_10,Italy x Sweden,Dormant,High Humidity,3-IS_D_D,3.19,0,3,2021-09-22,265
3,C_10,Italy x Sweden,Dormant,High Humidity,3-IS_D_D,3.2,152,3,2021-09-29,272
3,C_10,Italy x Sweden,Dormant,High Humidity,3-IS_D_D,3.21,0,3,2021-10-13,286
3,C_10,Italy x Sweden,Dormant,High Humidity,3-IS_D_D,3.22,0,3,2021-11-10,314
3,C_10,Italy x Sweden,Dormant,High Humidity,3-IS_D_D,3.23,0,3,2021-12-17,351
3,C_11,Germany x Tajikistan,Non-Dormant,Litter,3-BS_ND_F,1.01,NA,1,2019-06-12,163
3,C_11,Germany x Tajikistan,Non-Dormant,Litter,3-BS_ND_F,1.02,NA,1,2019-06-16,167
3,C_11,Germany x Tajikistan,Non-Dormant,Litter,3-BS_ND_F,1.03,NA,1,2019-06-26,177
3,C_11,Germany x Tajikistan,Non-Dormant,Litter,3-BS_ND_F,1.04,NA,1,2019-07-03,184
3,C_11,Germany x Tajikistan,Non-Dormant,Litter,3-BS_ND_F,1.05,NA,1,2019-07-10,191
3,C_11,Germany x Tajikistan,Non-Dormant,Litter,3-BS_ND_F,1.06,NA,1,2019-07-17,198
3,C_11,Germany x Tajikistan,Non-Dormant,Litter,3-BS_ND_F,1.07,0,1,2019-07-24,205
3,C_11,Germany x Tajikistan,Non-Dormant,Litter,3-BS_ND_F,1.08,0,1,2019-07-31,212
3,C_11,Germany x Tajikistan,Non-Dormant,Litter,3-BS_ND_F,1.09,0,1,2019-08-07,219
3,C_11,Germany x Tajikistan,Non-Dormant,Litter,3-BS_ND_F,1.1,0,1,2019-08-15,227
3,C_11,Germany x Tajikistan,Non-Dormant,Litter,3-BS_ND_F,1.11,0,1,2019-08-20,232
3,C_11,Germany x Tajikistan,Non-Dormant,Litter,3-BS_ND_F,1.12,0,1,2019-08-28,240
3,C_11,Germany x Tajikistan,Non-Dormant,Litter,3-BS_ND_F,1.13,0,1,2019-09-04,247
3,C_11,Germany x Tajikistan,Non-Dormant,Litter,3-BS_ND_F,1.14,0,1,2019-09-11,254
3,C_11,Germany x Tajikistan,Non-Dormant,Litter,3-BS_ND_F,1.15,0,1,2019-09-18,261
3,C_11,Germany x Tajikistan,Non-Dormant,Litter,3-BS_ND_F,1.16,0,1,2019-09-25,268
3,C_11,Germany x Tajikistan,Non-Dormant,Litter,3-BS_ND_F,1.17,0,1,2019-10-02,275
3,C_11,Germany x Tajikistan,Non-Dormant,Litter,3-BS_ND_F,1.18,0,1,2019-10-09,282
3,C_11,Germany x Tajikistan,Non-Dormant,Litter,3-BS_ND_F,1.19,0,1,2019-10-18,291
3,C_11,Germany x Tajikistan,Non-Dormant,Litter,3-BS_ND_F,1.2,0,1,2019-10-23,296
3,C_11,Germany x Tajikistan,Non-Dormant,Litter,3-BS_ND_F,1.22,0,1,2019-11-06,310
3,C_11,Germany x Tajikistan,Non-Dormant,Litter,3-BS_ND_F,1.23,0,1,2019-11-20,324
3,C_11,Germany x Tajikistan,Non-Dormant,Litter,3-BS_ND_F,1.24,0,1,2019-12-04,338
3,C_11,Germany x Tajikistan,Non-Dormant,Litter,3-BS_ND_F,1.25,0,1,2019-12-20,354
3,C_11,Germany x Tajikistan,Non-Dormant,Litter,3-BS_ND_F,1.26,0,1,2020-02-10,41
3,C_11,Germany x Tajikistan,Non-Dormant,Litter,3-BS_ND_F,1.27,0,1,2020-03-02,62
3,C_11,Germany x Tajikistan,Non-Dormant,Litter,3-BS_ND_F,1.29,0,1,2020-05-05,126
3,C_11,Germany x Tajikistan,Non-Dormant,Litter,3-BS_ND_F,2.01,0,2,2020-05-27,148
3,C_11,Germany x Tajikistan,Non-Dormant,Litter,3-BS_ND_F,2.02,0,2,2020-06-04,156
3,C_11,Germany x Tajikistan,Non-Dormant,Litter,3-BS_ND_F,2.03,NA,NA,NA,NA
3,C_11,Germany x Tajikistan,Non-Dormant,Litter,3-BS_ND_F,2.04,NA,NA,NA,NA
3,C_11,Germany x Tajikistan,Non-Dormant,Litter,3-BS_ND_F,2.05,NA,NA,NA,NA
3,C_11,Germany x Tajikistan,Non-Dormant,Litter,3-BS_ND_F,2.06,NA,NA,NA,NA
3,C_11,Germany x Tajikistan,Non-Dormant,Litter,3-BS_ND_F,2.07,NA,NA,NA,NA
3,C_11,Germany x Tajikistan,Non-Dormant,Litter,3-BS_ND_F,2.08,NA,2,2020-09-04,248
3,C_11,Germany x Tajikistan,Non-Dormant,Litter,3-BS_ND_F,2.09,0,2,2020-09-16,260
3,C_11,Germany x Tajikistan,Non-Dormant,Litter,3-BS_ND_F,2.1,0,2,2020-10-02,276
3,C_11,Germany x Tajikistan,Non-Dormant,Litter,3-BS_ND_F,2.11,0,2,2020-10-19,293
3,C_11,Germany x Tajikistan,Non-Dormant,Litter,3-BS_ND_F,2.12,0,2,2020-10-30,304
3,C_11,Germany x Tajikistan,Non-Dormant,Litter,3-BS_ND_F,2.13,2,2,2020-11-13,318
3,C_11,Germany x Tajikistan,Non-Dormant,Litter,3-BS_ND_F,2.14,0,2,2020-12-02,337
3,C_11,Germany x Tajikistan,Non-Dormant,Litter,3-BS_ND_F,2.15,0,2,2020-12-17,352
3,C_11,Germany x Tajikistan,Non-Dormant,Litter,3-BS_ND_F,2.16,0,2,2021-01-15,15
3,C_11,Germany x Tajikistan,Non-Dormant,Litter,3-BS_ND_F,2.17,0,2,2021-02-01,32
3,C_11,Germany x Tajikistan,Non-Dormant,Litter,3-BS_ND_F,2.18,0,2,2021-02-25,56
3,C_11,Germany x Tajikistan,Non-Dormant,Litter,3-BS_ND_F,2.19,0,2,2021-03-08,67
3,C_11,Germany x Tajikistan,Non-Dormant,Litter,3-BS_ND_F,2.2,0,2,2021-03-25,84
3,C_11,Germany x Tajikistan,Non-Dormant,Litter,3-BS_ND_F,2.21,0,2,2021-04-08,98
3,C_11,Germany x Tajikistan,Non-Dormant,Litter,3-BS_ND_F,3.14,NA,NA,NA,NA
3,C_11,Germany x Tajikistan,Non-Dormant,Litter,3-BS_ND_F,3.15,NA,NA,NA,NA
3,C_11,Germany x Tajikistan,Non-Dormant,Litter,3-BS_ND_F,3.16,NA,NA,NA,NA
3,C_11,Germany x Tajikistan,Non-Dormant,Litter,3-BS_ND_F,3.17,NA,NA,NA,NA
3,C_11,Germany x Tajikistan,Non-Dormant,Litter,3-BS_ND_F,3.18,NA,NA,NA,NA
3,C_11,Germany x Tajikistan,Non-Dormant,Litter,3-BS_ND_F,3.19,NA,NA,NA,NA
3,C_11,Germany x Tajikistan,Non-Dormant,Litter,3-BS_ND_F,3.2,NA,NA,NA,NA
3,C_11,Germany x Tajikistan,Non-Dormant,Litter,3-BS_ND_F,3.21,NA,NA,NA,NA
3,C_11,Germany x Tajikistan,Non-Dormant,Litter,3-BS_ND_F,3.22,NA,NA,NA,NA
3,C_11,Germany x Tajikistan,Non-Dormant,Litter,3-BS_ND_F,3.23,NA,NA,NA,NA
3,C_12,Germany x Tajikistan,Dormant,Control,3-BS_D_C,1.01,NA,1,2019-06-12,163
3,C_12,Germany x Tajikistan,Dormant,Control,3-BS_D_C,1.02,NA,1,2019-06-16,167
3,C_12,Germany x Tajikistan,Dormant,Control,3-BS_D_C,1.03,NA,1,2019-06-26,177
3,C_12,Germany x Tajikistan,Dormant,Control,3-BS_D_C,1.04,NA,1,2019-07-03,184
3,C_12,Germany x Tajikistan,Dormant,Control,3-BS_D_C,1.05,NA,1,2019-07-10,191
3,C_12,Germany x Tajikistan,Dormant,Control,3-BS_D_C,1.06,NA,1,2019-07-17,198
3,C_12,Germany x Tajikistan,Dormant,Control,3-BS_D_C,1.07,0,1,2019-07-24,205
3,C_12,Germany x Tajikistan,Dormant,Control,3-BS_D_C,1.08,0,1,2019-07-31,212
3,C_12,Germany x Tajikistan,Dormant,Control,3-BS_D_C,1.09,0,1,2019-08-07,219
3,C_12,Germany x Tajikistan,Dormant,Control,3-BS_D_C,1.1,0,1,2019-08-15,227
3,C_12,Germany x Tajikistan,Dormant,Control,3-BS_D_C,1.11,0,1,2019-08-20,232
3,C_12,Germany x Tajikistan,Dormant,Control,3-BS_D_C,1.12,0,1,2019-08-28,240
3,C_12,Germany x Tajikistan,Dormant,Control,3-BS_D_C,1.13,0,1,2019-09-04,247
3,C_12,Germany x Tajikistan,Dormant,Control,3-BS_D_C,1.14,0,1,2019-09-11,254
3,C_12,Germany x Tajikistan,Dormant,Control,3-BS_D_C,1.15,0,1,2019-09-18,261
3,C_12,Germany x Tajikistan,Dormant,Control,3-BS_D_C,1.16,0,1,2019-09-25,268
3,C_12,Germany x Tajikistan,Dormant,Control,3-BS_D_C,1.17,0,1,2019-10-02,275
3,C_12,Germany x Tajikistan,Dormant,Control,3-BS_D_C,1.18,0,1,2019-10-09,282
3,C_12,Germany x Tajikistan,Dormant,Control,3-BS_D_C,1.19,0,1,2019-10-18,291
3,C_12,Germany x Tajikistan,Dormant,Control,3-BS_D_C,1.2,1,1,2019-10-23,296
3,C_12,Germany x Tajikistan,Dormant,Control,3-BS_D_C,1.22,0,1,2019-11-06,310
3,C_12,Germany x Tajikistan,Dormant,Control,3-BS_D_C,1.23,0,1,2019-11-20,324
3,C_12,Germany x Tajikistan,Dormant,Control,3-BS_D_C,1.24,0,1,2019-12-04,338
3,C_12,Germany x Tajikistan,Dormant,Control,3-BS_D_C,1.25,0,1,2019-12-20,354
3,C_12,Germany x Tajikistan,Dormant,Control,3-BS_D_C,1.26,0,1,2020-02-10,41
3,C_12,Germany x Tajikistan,Dormant,Control,3-BS_D_C,1.27,0,1,2020-03-02,62
3,C_12,Germany x Tajikistan,Dormant,Control,3-BS_D_C,1.29,0,1,2020-05-05,126
3,C_12,Germany x Tajikistan,Dormant,Control,3-BS_D_C,2.01,0,2,2020-05-27,148
3,C_12,Germany x Tajikistan,Dormant,Control,3-BS_D_C,2.02,0,2,2020-06-04,156
3,C_12,Germany x Tajikistan,Dormant,Control,3-BS_D_C,2.03,0,2,2020-07-23,205
3,C_12,Germany x Tajikistan,Dormant,Control,3-BS_D_C,2.04,0,2,2020-08-07,220
3,C_12,Germany x Tajikistan,Dormant,Control,3-BS_D_C,2.05,0,2,2020-08-13,226
3,C_12,Germany x Tajikistan,Dormant,Control,3-BS_D_C,2.06,0,2,2020-08-18,231
3,C_12,Germany x Tajikistan,Dormant,Control,3-BS_D_C,2.07,0,2,2020-08-25,238
3,C_12,Germany x Tajikistan,Dormant,Control,3-BS_D_C,2.08,1,2,2020-09-04,248
3,C_12,Germany x Tajikistan,Dormant,Control,3-BS_D_C,2.09,2,2,2020-09-16,260
3,C_12,Germany x Tajikistan,Dormant,Control,3-BS_D_C,2.1,0,2,2020-10-02,276
3,C_12,Germany x Tajikistan,Dormant,Control,3-BS_D_C,2.11,0,2,2020-10-19,293
3,C_12,Germany x Tajikistan,Dormant,Control,3-BS_D_C,2.12,0,2,2020-10-30,304
3,C_12,Germany x Tajikistan,Dormant,Control,3-BS_D_C,2.13,0,2,2020-11-13,318
3,C_12,Germany x Tajikistan,Dormant,Control,3-BS_D_C,2.14,0,2,2020-12-02,337
3,C_12,Germany x Tajikistan,Dormant,Control,3-BS_D_C,2.15,0,2,2020-12-17,352
3,C_12,Germany x Tajikistan,Dormant,Control,3-BS_D_C,2.16,0,2,2021-01-15,15
3,C_12,Germany x Tajikistan,Dormant,Control,3-BS_D_C,2.17,0,2,2021-02-01,32
3,C_12,Germany x Tajikistan,Dormant,Control,3-BS_D_C,2.18,0,2,2021-02-25,56
3,C_12,Germany x Tajikistan,Dormant,Control,3-BS_D_C,2.19,0,2,2021-03-08,67
3,C_12,Germany x Tajikistan,Dormant,Control,3-BS_D_C,2.2,0,2,2021-03-25,84
3,C_12,Germany x Tajikistan,Dormant,Control,3-BS_D_C,2.21,0,2,2021-04-08,98
3,C_12,Germany x Tajikistan,Dormant,Control,3-BS_D_C,3.14,0,3,2021-08-17,229
3,C_12,Germany x Tajikistan,Dormant,Control,3-BS_D_C,3.15,0,3,2021-08-25,237
3,C_12,Germany x Tajikistan,Dormant,Control,3-BS_D_C,3.16,0,3,2021-09-02,245
3,C_12,Germany x Tajikistan,Dormant,Control,3-BS_D_C,3.17,0,3,2021-09-08,251
3,C_12,Germany x Tajikistan,Dormant,Control,3-BS_D_C,3.18,0,3,2021-09-15,258
3,C_12,Germany x Tajikistan,Dormant,Control,3-BS_D_C,3.19,0,3,2021-09-22,265
3,C_12,Germany x Tajikistan,Dormant,Control,3-BS_D_C,3.2,7,3,2021-09-29,272
3,C_12,Germany x Tajikistan,Dormant,Control,3-BS_D_C,3.21,4,3,2021-10-13,286
3,C_12,Germany x Tajikistan,Dormant,Control,3-BS_D_C,3.22,0,3,2021-11-10,314
3,C_12,Germany x Tajikistan,Dormant,Control,3-BS_D_C,3.23,0,3,2021-12-17,351
3,C_13,Italy x Sweden,Mixed,High Humidity,3-IS_M_D,1.01,1,1,2019-06-12,163
3,C_13,Italy x Sweden,Mixed,High Humidity,3-IS_M_D,1.02,2,1,2019-06-16,167
3,C_13,Italy x Sweden,Mixed,High Humidity,3-IS_M_D,1.03,0,1,2019-06-26,177
3,C_13,Italy x Sweden,Mixed,High Humidity,3-IS_M_D,1.04,0,1,2019-07-03,184
3,C_13,Italy x Sweden,Mixed,High Humidity,3-IS_M_D,1.05,NA,1,2019-07-10,191
3,C_13,Italy x Sweden,Mixed,High Humidity,3-IS_M_D,1.06,NA,1,2019-07-17,198
3,C_13,Italy x Sweden,Mixed,High Humidity,3-IS_M_D,1.07,0,1,2019-07-24,205
3,C_13,Italy x Sweden,Mixed,High Humidity,3-IS_M_D,1.08,0,1,2019-07-31,212
3,C_13,Italy x Sweden,Mixed,High Humidity,3-IS_M_D,1.09,0,1,2019-08-07,219
3,C_13,Italy x Sweden,Mixed,High Humidity,3-IS_M_D,1.1,0,1,2019-08-15,227
3,C_13,Italy x Sweden,Mixed,High Humidity,3-IS_M_D,1.11,0,1,2019-08-20,232
3,C_13,Italy x Sweden,Mixed,High Humidity,3-IS_M_D,1.12,0,1,2019-08-28,240
3,C_13,Italy x Sweden,Mixed,High Humidity,3-IS_M_D,1.13,0,1,2019-09-04,247
3,C_13,Italy x Sweden,Mixed,High Humidity,3-IS_M_D,1.14,0,1,2019-09-11,254
3,C_13,Italy x Sweden,Mixed,High Humidity,3-IS_M_D,1.15,0,1,2019-09-18,261
3,C_13,Italy x Sweden,Mixed,High Humidity,3-IS_M_D,1.16,0,1,2019-09-25,268
3,C_13,Italy x Sweden,Mixed,High Humidity,3-IS_M_D,1.17,0,1,2019-10-02,275
3,C_13,Italy x Sweden,Mixed,High Humidity,3-IS_M_D,1.18,0,1,2019-10-09,282
3,C_13,Italy x Sweden,Mixed,High Humidity,3-IS_M_D,1.19,0,1,2019-10-18,291
3,C_13,Italy x Sweden,Mixed,High Humidity,3-IS_M_D,1.2,0,1,2019-10-23,296
3,C_13,Italy x Sweden,Mixed,High Humidity,3-IS_M_D,1.22,0,1,2019-11-06,310
3,C_13,Italy x Sweden,Mixed,High Humidity,3-IS_M_D,1.23,0,1,2019-11-20,324
3,C_13,Italy x Sweden,Mixed,High Humidity,3-IS_M_D,1.24,0,1,2019-12-04,338
3,C_13,Italy x Sweden,Mixed,High Humidity,3-IS_M_D,1.25,0,1,2019-12-20,354
3,C_13,Italy x Sweden,Mixed,High Humidity,3-IS_M_D,1.26,0,1,2020-02-10,41
3,C_13,Italy x Sweden,Mixed,High Humidity,3-IS_M_D,1.27,0,1,2020-03-02,62
3,C_13,Italy x Sweden,Mixed,High Humidity,3-IS_M_D,1.29,0,1,2020-05-05,126
3,C_13,Italy x Sweden,Mixed,High Humidity,3-IS_M_D,2.01,0,2,2020-05-27,148
3,C_13,Italy x Sweden,Mixed,High Humidity,3-IS_M_D,2.02,0,2,2020-06-04,156
3,C_13,Italy x Sweden,Mixed,High Humidity,3-IS_M_D,2.03,0,2,2020-07-23,205
3,C_13,Italy x Sweden,Mixed,High Humidity,3-IS_M_D,2.04,0,2,2020-08-07,220
3,C_13,Italy x Sweden,Mixed,High Humidity,3-IS_M_D,2.05,0,2,2020-08-13,226
3,C_13,Italy x Sweden,Mixed,High Humidity,3-IS_M_D,2.06,0,2,2020-08-18,231
3,C_13,Italy x Sweden,Mixed,High Humidity,3-IS_M_D,2.07,0,2,2020-08-25,238
3,C_13,Italy x Sweden,Mixed,High Humidity,3-IS_M_D,2.08,0,2,2020-09-04,248
3,C_13,Italy x Sweden,Mixed,High Humidity,3-IS_M_D,2.09,0,2,2020-09-16,260
3,C_13,Italy x Sweden,Mixed,High Humidity,3-IS_M_D,2.1,0,2,2020-10-02,276
3,C_13,Italy x Sweden,Mixed,High Humidity,3-IS_M_D,2.11,0,2,2020-10-19,293
3,C_13,Italy x Sweden,Mixed,High Humidity,3-IS_M_D,2.12,0,2,2020-10-30,304
3,C_13,Italy x Sweden,Mixed,High Humidity,3-IS_M_D,2.13,0,2,2020-11-13,318
3,C_13,Italy x Sweden,Mixed,High Humidity,3-IS_M_D,2.14,0,2,2020-12-02,337
3,C_13,Italy x Sweden,Mixed,High Humidity,3-IS_M_D,2.15,0,2,2020-12-17,352
3,C_13,Italy x Sweden,Mixed,High Humidity,3-IS_M_D,2.16,0,2,2021-01-15,15
3,C_13,Italy x Sweden,Mixed,High Humidity,3-IS_M_D,2.17,0,2,2021-02-01,32
3,C_13,Italy x Sweden,Mixed,High Humidity,3-IS_M_D,2.18,0,2,2021-02-25,56
3,C_13,Italy x Sweden,Mixed,High Humidity,3-IS_M_D,2.19,0,2,2021-03-08,67
3,C_13,Italy x Sweden,Mixed,High Humidity,3-IS_M_D,2.2,0,2,2021-03-25,84
3,C_13,Italy x Sweden,Mixed,High Humidity,3-IS_M_D,2.21,0,2,2021-04-08,98
3,C_13,Italy x Sweden,Mixed,High Humidity,3-IS_M_D,3.14,0,3,2021-08-17,229
3,C_13,Italy x Sweden,Mixed,High Humidity,3-IS_M_D,3.15,0,3,2021-08-25,237
3,C_13,Italy x Sweden,Mixed,High Humidity,3-IS_M_D,3.16,0,3,2021-09-02,245
3,C_13,Italy x Sweden,Mixed,High Humidity,3-IS_M_D,3.17,0,3,2021-09-08,251
3,C_13,Italy x Sweden,Mixed,High Humidity,3-IS_M_D,3.18,0,3,2021-09-15,258
3,C_13,Italy x Sweden,Mixed,High Humidity,3-IS_M_D,3.19,0,3,2021-09-22,265
3,C_13,Italy x Sweden,Mixed,High Humidity,3-IS_M_D,3.2,19,3,2021-09-29,272
3,C_13,Italy x Sweden,Mixed,High Humidity,3-IS_M_D,3.21,0,3,2021-10-13,286
3,C_13,Italy x Sweden,Mixed,High Humidity,3-IS_M_D,3.22,0,3,2021-11-10,314
3,C_13,Italy x Sweden,Mixed,High Humidity,3-IS_M_D,3.23,1,3,2021-12-17,351
1,D_0,UK x USA,Mixed,Control,1-TC_M_C,1.01,NA,1,2019-06-12,163
1,D_0,UK x USA,Mixed,Control,1-TC_M_C,1.02,NA,1,2019-06-16,167
1,D_0,UK x USA,Mixed,Control,1-TC_M_C,1.03,NA,1,2019-06-26,177
1,D_0,UK x USA,Mixed,Control,1-TC_M_C,1.04,NA,1,2019-07-03,184
1,D_0,UK x USA,Mixed,Control,1-TC_M_C,1.05,NA,1,2019-07-10,191
1,D_0,UK x USA,Mixed,Control,1-TC_M_C,1.06,NA,1,2019-07-17,198
1,D_0,UK x USA,Mixed,Control,1-TC_M_C,1.07,0,1,2019-07-24,205
1,D_0,UK x USA,Mixed,Control,1-TC_M_C,1.08,0,1,2019-07-31,212
1,D_0,UK x USA,Mixed,Control,1-TC_M_C,1.09,0,1,2019-08-07,219
1,D_0,UK x USA,Mixed,Control,1-TC_M_C,1.1,0,1,2019-08-15,227
1,D_0,UK x USA,Mixed,Control,1-TC_M_C,1.11,0,1,2019-08-20,232
1,D_0,UK x USA,Mixed,Control,1-TC_M_C,1.12,0,1,2019-08-28,240
1,D_0,UK x USA,Mixed,Control,1-TC_M_C,1.13,0,1,2019-09-04,247
1,D_0,UK x USA,Mixed,Control,1-TC_M_C,1.14,0,1,2019-09-11,254
1,D_0,UK x USA,Mixed,Control,1-TC_M_C,1.15,0,1,2019-09-18,261
1,D_0,UK x USA,Mixed,Control,1-TC_M_C,1.16,0,1,2019-09-25,268
1,D_0,UK x USA,Mixed,Control,1-TC_M_C,1.17,0,1,2019-10-02,275
1,D_0,UK x USA,Mixed,Control,1-TC_M_C,1.18,0,1,2019-10-09,282
1,D_0,UK x USA,Mixed,Control,1-TC_M_C,1.19,0,1,2019-10-18,291
1,D_0,UK x USA,Mixed,Control,1-TC_M_C,1.2,11,1,2019-10-23,296
1,D_0,UK x USA,Mixed,Control,1-TC_M_C,1.22,0,1,2019-11-06,310
1,D_0,UK x USA,Mixed,Control,1-TC_M_C,1.23,0,1,2019-11-20,324
1,D_0,UK x USA,Mixed,Control,1-TC_M_C,1.24,26,1,2019-12-04,338
1,D_0,UK x USA,Mixed,Control,1-TC_M_C,1.25,9,1,2019-12-20,354
1,D_0,UK x USA,Mixed,Control,1-TC_M_C,1.26,0,1,2020-02-10,41
1,D_0,UK x USA,Mixed,Control,1-TC_M_C,1.27,0,1,2020-03-02,62
1,D_0,UK x USA,Mixed,Control,1-TC_M_C,1.29,0,1,2020-05-05,126
1,D_0,UK x USA,Mixed,Control,1-TC_M_C,2.01,5,2,2020-05-27,148
1,D_0,UK x USA,Mixed,Control,1-TC_M_C,2.02,0,2,2020-06-04,156
1,D_0,UK x USA,Mixed,Control,1-TC_M_C,2.03,0,2,2020-07-23,205
1,D_0,UK x USA,Mixed,Control,1-TC_M_C,2.04,0,2,2020-08-07,220
1,D_0,UK x USA,Mixed,Control,1-TC_M_C,2.05,0,2,2020-08-13,226
1,D_0,UK x USA,Mixed,Control,1-TC_M_C,2.06,0,2,2020-08-18,231
1,D_0,UK x USA,Mixed,Control,1-TC_M_C,2.07,0,2,2020-08-25,238
1,D_0,UK x USA,Mixed,Control,1-TC_M_C,2.08,28,2,2020-09-04,248
1,D_0,UK x USA,Mixed,Control,1-TC_M_C,2.09,0,2,2020-09-16,260
1,D_0,UK x USA,Mixed,Control,1-TC_M_C,2.1,0,2,2020-10-02,276
1,D_0,UK x USA,Mixed,Control,1-TC_M_C,2.11,0,2,2020-10-19,293
1,D_0,UK x USA,Mixed,Control,1-TC_M_C,2.12,0,2,2020-10-30,304
1,D_0,UK x USA,Mixed,Control,1-TC_M_C,2.13,0,2,2020-11-13,318
1,D_0,UK x USA,Mixed,Control,1-TC_M_C,2.14,0,2,2020-12-02,337
1,D_0,UK x USA,Mixed,Control,1-TC_M_C,2.15,0,2,2020-12-17,352
1,D_0,UK x USA,Mixed,Control,1-TC_M_C,2.16,0,2,2021-01-15,15
1,D_0,UK x USA,Mixed,Control,1-TC_M_C,2.17,0,2,2021-02-01,32
1,D_0,UK x USA,Mixed,Control,1-TC_M_C,2.18,0,2,2021-02-25,56
1,D_0,UK x USA,Mixed,Control,1-TC_M_C,2.19,0,2,2021-03-08,67
1,D_0,UK x USA,Mixed,Control,1-TC_M_C,2.2,0,2,2021-03-25,84
1,D_0,UK x USA,Mixed,Control,1-TC_M_C,2.21,0,2,2021-04-08,98
1,D_0,UK x USA,Mixed,Control,1-TC_M_C,3.14,0,3,2021-08-17,229
1,D_0,UK x USA,Mixed,Control,1-TC_M_C,3.15,0,3,2021-08-25,237
1,D_0,UK x USA,Mixed,Control,1-TC_M_C,3.16,0,3,2021-09-02,245
1,D_0,UK x USA,Mixed,Control,1-TC_M_C,3.17,0,3,2021-09-08,251
1,D_0,UK x USA,Mixed,Control,1-TC_M_C,3.18,0,3,2021-09-15,258
1,D_0,UK x USA,Mixed,Control,1-TC_M_C,3.19,0,3,2021-09-22,265
1,D_0,UK x USA,Mixed,Control,1-TC_M_C,3.2,39,3,2021-09-27,270
1,D_0,UK x USA,Mixed,Control,1-TC_M_C,3.21,0,3,2021-10-11,284
1,D_0,UK x USA,Mixed,Control,1-TC_M_C,3.22,0,3,2021-11-08,312
1,D_0,UK x USA,Mixed,Control,1-TC_M_C,3.23,0,3,2021-12-17,351
1,D_1,Germany x Tajikistan,Mixed,Control,1-BS_M_C,1.01,NA,1,2019-06-12,163
1,D_1,Germany x Tajikistan,Mixed,Control,1-BS_M_C,1.02,NA,1,2019-06-16,167
1,D_1,Germany x Tajikistan,Mixed,Control,1-BS_M_C,1.03,NA,1,2019-06-26,177
1,D_1,Germany x Tajikistan,Mixed,Control,1-BS_M_C,1.04,NA,1,2019-07-03,184
1,D_1,Germany x Tajikistan,Mixed,Control,1-BS_M_C,1.05,NA,1,2019-07-10,191
1,D_1,Germany x Tajikistan,Mixed,Control,1-BS_M_C,1.06,NA,1,2019-07-17,198
1,D_1,Germany x Tajikistan,Mixed,Control,1-BS_M_C,1.07,0,1,2019-07-24,205
1,D_1,Germany x Tajikistan,Mixed,Control,1-BS_M_C,1.08,0,1,2019-07-31,212
1,D_1,Germany x Tajikistan,Mixed,Control,1-BS_M_C,1.09,0,1,2019-08-07,219
1,D_1,Germany x Tajikistan,Mixed,Control,1-BS_M_C,1.1,0,1,2019-08-15,227
1,D_1,Germany x Tajikistan,Mixed,Control,1-BS_M_C,1.11,0,1,2019-08-20,232
1,D_1,Germany x Tajikistan,Mixed,Control,1-BS_M_C,1.12,0,1,2019-08-28,240
1,D_1,Germany x Tajikistan,Mixed,Control,1-BS_M_C,1.13,0,1,2019-09-04,247
1,D_1,Germany x Tajikistan,Mixed,Control,1-BS_M_C,1.14,0,1,2019-09-11,254
1,D_1,Germany x Tajikistan,Mixed,Control,1-BS_M_C,1.15,0,1,2019-09-18,261
1,D_1,Germany x Tajikistan,Mixed,Control,1-BS_M_C,1.16,0,1,2019-09-25,268
1,D_1,Germany x Tajikistan,Mixed,Control,1-BS_M_C,1.17,0,1,2019-10-02,275
1,D_1,Germany x Tajikistan,Mixed,Control,1-BS_M_C,1.18,0,1,2019-10-09,282
1,D_1,Germany x Tajikistan,Mixed,Control,1-BS_M_C,1.19,0,1,2019-10-18,291
1,D_1,Germany x Tajikistan,Mixed,Control,1-BS_M_C,1.2,13,1,2019-10-23,296
1,D_1,Germany x Tajikistan,Mixed,Control,1-BS_M_C,1.22,0,1,2019-11-06,310
1,D_1,Germany x Tajikistan,Mixed,Control,1-BS_M_C,1.23,0,1,2019-11-20,324
1,D_1,Germany x Tajikistan,Mixed,Control,1-BS_M_C,1.24,0,1,2019-12-04,338
1,D_1,Germany x Tajikistan,Mixed,Control,1-BS_M_C,1.25,0,1,2019-12-20,354
1,D_1,Germany x Tajikistan,Mixed,Control,1-BS_M_C,1.26,0,1,2020-02-10,41
1,D_1,Germany x Tajikistan,Mixed,Control,1-BS_M_C,1.27,0,1,2020-03-02,62
1,D_1,Germany x Tajikistan,Mixed,Control,1-BS_M_C,1.29,0,1,2020-05-05,126
1,D_1,Germany x Tajikistan,Mixed,Control,1-BS_M_C,2.01,2,2,2020-05-27,148
1,D_1,Germany x Tajikistan,Mixed,Control,1-BS_M_C,2.02,0,2,2020-06-04,156
1,D_1,Germany x Tajikistan,Mixed,Control,1-BS_M_C,2.03,0,2,2020-07-23,205
1,D_1,Germany x Tajikistan,Mixed,Control,1-BS_M_C,2.04,0,2,2020-08-07,220
1,D_1,Germany x Tajikistan,Mixed,Control,1-BS_M_C,2.05,0,2,2020-08-13,226
1,D_1,Germany x Tajikistan,Mixed,Control,1-BS_M_C,2.06,0,2,2020-08-18,231
1,D_1,Germany x Tajikistan,Mixed,Control,1-BS_M_C,2.07,0,2,2020-08-25,238
1,D_1,Germany x Tajikistan,Mixed,Control,1-BS_M_C,2.08,203,2,2020-09-04,248
1,D_1,Germany x Tajikistan,Mixed,Control,1-BS_M_C,2.09,0,2,2020-09-16,260
1,D_1,Germany x Tajikistan,Mixed,Control,1-BS_M_C,2.1,0,2,2020-10-02,276
1,D_1,Germany x Tajikistan,Mixed,Control,1-BS_M_C,2.11,0,2,2020-10-19,293
1,D_1,Germany x Tajikistan,Mixed,Control,1-BS_M_C,2.12,0,2,2020-10-30,304
1,D_1,Germany x Tajikistan,Mixed,Control,1-BS_M_C,2.13,0,2,2020-11-13,318
1,D_1,Germany x Tajikistan,Mixed,Control,1-BS_M_C,2.14,0,2,2020-12-02,337
1,D_1,Germany x Tajikistan,Mixed,Control,1-BS_M_C,2.15,0,2,2020-12-17,352
1,D_1,Germany x Tajikistan,Mixed,Control,1-BS_M_C,2.16,0,2,2021-01-15,15
1,D_1,Germany x Tajikistan,Mixed,Control,1-BS_M_C,2.17,0,2,2021-02-01,32
1,D_1,Germany x Tajikistan,Mixed,Control,1-BS_M_C,2.18,0,2,2021-02-25,56
1,D_1,Germany x Tajikistan,Mixed,Control,1-BS_M_C,2.19,0,2,2021-03-08,67
1,D_1,Germany x Tajikistan,Mixed,Control,1-BS_M_C,2.2,0,2,2021-03-25,84
1,D_1,Germany x Tajikistan,Mixed,Control,1-BS_M_C,2.21,0,2,2021-04-08,98
1,D_1,Germany x Tajikistan,Mixed,Control,1-BS_M_C,3.14,0,3,2021-08-17,229
1,D_1,Germany x Tajikistan,Mixed,Control,1-BS_M_C,3.15,0,3,2021-08-25,237
1,D_1,Germany x Tajikistan,Mixed,Control,1-BS_M_C,3.16,0,3,2021-09-02,245
1,D_1,Germany x Tajikistan,Mixed,Control,1-BS_M_C,3.17,0,3,2021-09-08,251
1,D_1,Germany x Tajikistan,Mixed,Control,1-BS_M_C,3.18,0,3,2021-09-15,258
1,D_1,Germany x Tajikistan,Mixed,Control,1-BS_M_C,3.19,0,3,2021-09-22,265
1,D_1,Germany x Tajikistan,Mixed,Control,1-BS_M_C,3.2,58,3,2021-09-27,270
1,D_1,Germany x Tajikistan,Mixed,Control,1-BS_M_C,3.21,71,3,2021-10-11,284
1,D_1,Germany x Tajikistan,Mixed,Control,1-BS_M_C,3.22,0,3,2021-11-08,312
1,D_1,Germany x Tajikistan,Mixed,Control,1-BS_M_C,3.23,5,3,2021-12-17,351
1,D_2,Italy x Sweden,Non-Dormant,Native Soil,1-IS-ND-Soil,1.01,0,1,2019-06-12,163
1,D_2,Italy x Sweden,Non-Dormant,Native Soil,1-IS-ND-Soil,1.02,0,1,2019-06-16,167
1,D_2,Italy x Sweden,Non-Dormant,Native Soil,1-IS-ND-Soil,1.03,0,1,2019-06-26,177
1,D_2,Italy x Sweden,Non-Dormant,Native Soil,1-IS-ND-Soil,1.04,0,1,2019-07-03,184
1,D_2,Italy x Sweden,Non-Dormant,Native Soil,1-IS-ND-Soil,1.05,NA,1,2019-07-10,191
1,D_2,Italy x Sweden,Non-Dormant,Native Soil,1-IS-ND-Soil,1.06,NA,1,2019-07-17,198
1,D_2,Italy x Sweden,Non-Dormant,Native Soil,1-IS-ND-Soil,1.07,0,1,2019-07-24,205
1,D_2,Italy x Sweden,Non-Dormant,Native Soil,1-IS-ND-Soil,1.08,0,1,2019-07-31,212
1,D_2,Italy x Sweden,Non-Dormant,Native Soil,1-IS-ND-Soil,1.09,0,1,2019-08-07,219
1,D_2,Italy x Sweden,Non-Dormant,Native Soil,1-IS-ND-Soil,1.1,0,1,2019-08-15,227
1,D_2,Italy x Sweden,Non-Dormant,Native Soil,1-IS-ND-Soil,1.11,0,1,2019-08-20,232
1,D_2,Italy x Sweden,Non-Dormant,Native Soil,1-IS-ND-Soil,1.12,0,1,2019-08-28,240
1,D_2,Italy x Sweden,Non-Dormant,Native Soil,1-IS-ND-Soil,1.13,0,1,2019-09-04,247
1,D_2,Italy x Sweden,Non-Dormant,Native Soil,1-IS-ND-Soil,1.14,0,1,2019-09-11,254
1,D_2,Italy x Sweden,Non-Dormant,Native Soil,1-IS-ND-Soil,1.15,0,1,2019-09-18,261
1,D_2,Italy x Sweden,Non-Dormant,Native Soil,1-IS-ND-Soil,1.16,0,1,2019-09-25,268
1,D_2,Italy x Sweden,Non-Dormant,Native Soil,1-IS-ND-Soil,1.17,0,1,2019-10-02,275
1,D_2,Italy x Sweden,Non-Dormant,Native Soil,1-IS-ND-Soil,1.18,0,1,2019-10-09,282
1,D_2,Italy x Sweden,Non-Dormant,Native Soil,1-IS-ND-Soil,1.19,0,1,2019-10-18,291
1,D_2,Italy x Sweden,Non-Dormant,Native Soil,1-IS-ND-Soil,1.2,0,1,2019-10-23,296
1,D_2,Italy x Sweden,Non-Dormant,Native Soil,1-IS-ND-Soil,1.22,0,1,2019-11-06,310
1,D_2,Italy x Sweden,Non-Dormant,Native Soil,1-IS-ND-Soil,1.23,0,1,2019-11-20,324
1,D_2,Italy x Sweden,Non-Dormant,Native Soil,1-IS-ND-Soil,1.24,3,1,2019-12-04,338
1,D_2,Italy x Sweden,Non-Dormant,Native Soil,1-IS-ND-Soil,1.25,16,1,2019-12-20,354
1,D_2,Italy x Sweden,Non-Dormant,Native Soil,1-IS-ND-Soil,1.26,8,1,2020-02-10,41
1,D_2,Italy x Sweden,Non-Dormant,Native Soil,1-IS-ND-Soil,1.27,24,1,2020-03-02,62
1,D_2,Italy x Sweden,Non-Dormant,Native Soil,1-IS-ND-Soil,1.29,0,1,2020-05-05,126
1,D_2,Italy x Sweden,Non-Dormant,Native Soil,1-IS-ND-Soil,2.01,0,2,2020-05-27,148
1,D_2,Italy x Sweden,Non-Dormant,Native Soil,1-IS-ND-Soil,2.02,0,2,2020-06-04,156
1,D_2,Italy x Sweden,Non-Dormant,Native Soil,1-IS-ND-Soil,2.03,0,2,2020-07-23,205
1,D_2,Italy x Sweden,Non-Dormant,Native Soil,1-IS-ND-Soil,2.04,0,2,2020-08-07,220
1,D_2,Italy x Sweden,Non-Dormant,Native Soil,1-IS-ND-Soil,2.05,0,2,2020-08-13,226
1,D_2,Italy x Sweden,Non-Dormant,Native Soil,1-IS-ND-Soil,2.06,0,2,2020-08-18,231
1,D_2,Italy x Sweden,Non-Dormant,Native Soil,1-IS-ND-Soil,2.07,0,2,2020-08-25,238
1,D_2,Italy x Sweden,Non-Dormant,Native Soil,1-IS-ND-Soil,2.08,0,2,2020-09-10,254
1,D_2,Italy x Sweden,Non-Dormant,Native Soil,1-IS-ND-Soil,2.09,4,2,2020-09-18,262
1,D_2,Italy x Sweden,Non-Dormant,Native Soil,1-IS-ND-Soil,2.1,0,2,2020-10-02,276
1,D_2,Italy x Sweden,Non-Dormant,Native Soil,1-IS-ND-Soil,2.11,0,2,2020-10-19,293
1,D_2,Italy x Sweden,Non-Dormant,Native Soil,1-IS-ND-Soil,2.12,0,2,2020-10-30,304
1,D_2,Italy x Sweden,Non-Dormant,Native Soil,1-IS-ND-Soil,2.13,0,2,2020-11-13,318
1,D_2,Italy x Sweden,Non-Dormant,Native Soil,1-IS-ND-Soil,2.14,3,2,2020-12-02,337
1,D_2,Italy x Sweden,Non-Dormant,Native Soil,1-IS-ND-Soil,2.15,0,2,2020-12-17,352
1,D_2,Italy x Sweden,Non-Dormant,Native Soil,1-IS-ND-Soil,2.16,0,2,2021-01-15,15
1,D_2,Italy x Sweden,Non-Dormant,Native Soil,1-IS-ND-Soil,2.17,0,2,2021-02-01,32
1,D_2,Italy x Sweden,Non-Dormant,Native Soil,1-IS-ND-Soil,2.18,1,2,2021-02-25,56
1,D_2,Italy x Sweden,Non-Dormant,Native Soil,1-IS-ND-Soil,2.19,0,2,2021-03-08,67
1,D_2,Italy x Sweden,Non-Dormant,Native Soil,1-IS-ND-Soil,2.2,0,2,2021-03-25,84
1,D_2,Italy x Sweden,Non-Dormant,Native Soil,1-IS-ND-Soil,2.21,0,2,2021-04-08,98
1,D_2,Italy x Sweden,Non-Dormant,Native Soil,1-IS-ND-Soil,3.14,0,3,2021-08-17,229
1,D_2,Italy x Sweden,Non-Dormant,Native Soil,1-IS-ND-Soil,3.15,0,3,2021-08-25,237
1,D_2,Italy x Sweden,Non-Dormant,Native Soil,1-IS-ND-Soil,3.16,0,3,2021-09-02,245
1,D_2,Italy x Sweden,Non-Dormant,Native Soil,1-IS-ND-Soil,3.17,0,3,2021-09-08,251
1,D_2,Italy x Sweden,Non-Dormant,Native Soil,1-IS-ND-Soil,3.18,0,3,2021-09-15,258
1,D_2,Italy x Sweden,Non-Dormant,Native Soil,1-IS-ND-Soil,3.19,0,3,2021-09-22,265
1,D_2,Italy x Sweden,Non-Dormant,Native Soil,1-IS-ND-Soil,3.2,0,3,2021-09-27,270
1,D_2,Italy x Sweden,Non-Dormant,Native Soil,1-IS-ND-Soil,3.21,2,3,2021-10-11,284
1,D_2,Italy x Sweden,Non-Dormant,Native Soil,1-IS-ND-Soil,3.22,0,3,2021-11-08,312
1,D_2,Italy x Sweden,Non-Dormant,Native Soil,1-IS-ND-Soil,3.23,0,3,2021-12-17,351
1,D_3,Italy x Sweden,Mixed,Native Soil,1-IS-M-Soil,1.01,1,1,2019-06-12,163
1,D_3,Italy x Sweden,Mixed,Native Soil,1-IS-M-Soil,1.02,0,1,2019-06-16,167
1,D_3,Italy x Sweden,Mixed,Native Soil,1-IS-M-Soil,1.03,0,1,2019-06-26,177
1,D_3,Italy x Sweden,Mixed,Native Soil,1-IS-M-Soil,1.04,0,1,2019-07-03,184
1,D_3,Italy x Sweden,Mixed,Native Soil,1-IS-M-Soil,1.05,NA,1,2019-07-10,191
1,D_3,Italy x Sweden,Mixed,Native Soil,1-IS-M-Soil,1.06,NA,1,2019-07-17,198
1,D_3,Italy x Sweden,Mixed,Native Soil,1-IS-M-Soil,1.07,0,1,2019-07-24,205
1,D_3,Italy x Sweden,Mixed,Native Soil,1-IS-M-Soil,1.08,0,1,2019-07-31,212
1,D_3,Italy x Sweden,Mixed,Native Soil,1-IS-M-Soil,1.09,0,1,2019-08-07,219
1,D_3,Italy x Sweden,Mixed,Native Soil,1-IS-M-Soil,1.1,0,1,2019-08-15,227
1,D_3,Italy x Sweden,Mixed,Native Soil,1-IS-M-Soil,1.11,0,1,2019-08-20,232
1,D_3,Italy x Sweden,Mixed,Native Soil,1-IS-M-Soil,1.12,0,1,2019-08-28,240
1,D_3,Italy x Sweden,Mixed,Native Soil,1-IS-M-Soil,1.13,0,1,2019-09-04,247
1,D_3,Italy x Sweden,Mixed,Native Soil,1-IS-M-Soil,1.14,0,1,2019-09-11,254
1,D_3,Italy x Sweden,Mixed,Native Soil,1-IS-M-Soil,1.15,0,1,2019-09-18,261
1,D_3,Italy x Sweden,Mixed,Native Soil,1-IS-M-Soil,1.16,0,1,2019-09-25,268
1,D_3,Italy x Sweden,Mixed,Native Soil,1-IS-M-Soil,1.17,0,1,2019-10-02,275
1,D_3,Italy x Sweden,Mixed,Native Soil,1-IS-M-Soil,1.18,0,1,2019-10-09,282
1,D_3,Italy x Sweden,Mixed,Native Soil,1-IS-M-Soil,1.19,0,1,2019-10-18,291
1,D_3,Italy x Sweden,Mixed,Native Soil,1-IS-M-Soil,1.2,0,1,2019-10-23,296
1,D_3,Italy x Sweden,Mixed,Native Soil,1-IS-M-Soil,1.22,0,1,2019-11-06,310
1,D_3,Italy x Sweden,Mixed,Native Soil,1-IS-M-Soil,1.23,0,1,2019-11-20,324
1,D_3,Italy x Sweden,Mixed,Native Soil,1-IS-M-Soil,1.24,5,1,2019-12-04,338
1,D_3,Italy x Sweden,Mixed,Native Soil,1-IS-M-Soil,1.25,7,1,2019-12-20,354
1,D_3,Italy x Sweden,Mixed,Native Soil,1-IS-M-Soil,1.26,13,1,2020-02-10,41
1,D_3,Italy x Sweden,Mixed,Native Soil,1-IS-M-Soil,1.27,0,1,2020-03-02,62
1,D_3,Italy x Sweden,Mixed,Native Soil,1-IS-M-Soil,1.29,0,1,2020-05-05,126
1,D_3,Italy x Sweden,Mixed,Native Soil,1-IS-M-Soil,2.01,0,2,2020-05-27,148
1,D_3,Italy x Sweden,Mixed,Native Soil,1-IS-M-Soil,2.02,0,2,2020-06-04,156
1,D_3,Italy x Sweden,Mixed,Native Soil,1-IS-M-Soil,2.03,0,2,2020-07-23,205
1,D_3,Italy x Sweden,Mixed,Native Soil,1-IS-M-Soil,2.04,0,2,2020-08-07,220
1,D_3,Italy x Sweden,Mixed,Native Soil,1-IS-M-Soil,2.05,0,2,2020-08-13,226
1,D_3,Italy x Sweden,Mixed,Native Soil,1-IS-M-Soil,2.06,0,2,2020-08-18,231
1,D_3,Italy x Sweden,Mixed,Native Soil,1-IS-M-Soil,2.07,0,2,2020-08-25,238
1,D_3,Italy x Sweden,Mixed,Native Soil,1-IS-M-Soil,2.08,2,2,2020-09-10,254
1,D_3,Italy x Sweden,Mixed,Native Soil,1-IS-M-Soil,2.09,3,2,2020-09-18,262
1,D_3,Italy x Sweden,Mixed,Native Soil,1-IS-M-Soil,2.1,0,2,2020-10-02,276
1,D_3,Italy x Sweden,Mixed,Native Soil,1-IS-M-Soil,2.11,0,2,2020-10-19,293
1,D_3,Italy x Sweden,Mixed,Native Soil,1-IS-M-Soil,2.12,0,2,2020-10-30,304
1,D_3,Italy x Sweden,Mixed,Native Soil,1-IS-M-Soil,2.13,0,2,2020-11-13,318
1,D_3,Italy x Sweden,Mixed,Native Soil,1-IS-M-Soil,2.14,0,2,2020-12-02,337
1,D_3,Italy x Sweden,Mixed,Native Soil,1-IS-M-Soil,2.15,0,2,2020-12-17,352
1,D_3,Italy x Sweden,Mixed,Native Soil,1-IS-M-Soil,2.16,2,2,2021-01-15,15
1,D_3,Italy x Sweden,Mixed,Native Soil,1-IS-M-Soil,2.17,0,2,2021-02-01,32
1,D_3,Italy x Sweden,Mixed,Native Soil,1-IS-M-Soil,2.18,0,2,2021-02-25,56
1,D_3,Italy x Sweden,Mixed,Native Soil,1-IS-M-Soil,2.19,0,2,2021-03-08,67
1,D_3,Italy x Sweden,Mixed,Native Soil,1-IS-M-Soil,2.2,0,2,2021-03-25,84
1,D_3,Italy x Sweden,Mixed,Native Soil,1-IS-M-Soil,2.21,0,2,2021-04-08,98
1,D_3,Italy x Sweden,Mixed,Native Soil,1-IS-M-Soil,3.14,0,3,2021-08-17,229
1,D_3,Italy x Sweden,Mixed,Native Soil,1-IS-M-Soil,3.15,0,3,2021-08-25,237
1,D_3,Italy x Sweden,Mixed,Native Soil,1-IS-M-Soil,3.16,0,3,2021-09-02,245
1,D_3,Italy x Sweden,Mixed,Native Soil,1-IS-M-Soil,3.17,0,3,2021-09-08,251
1,D_3,Italy x Sweden,Mixed,Native Soil,1-IS-M-Soil,3.18,0,3,2021-09-15,258
1,D_3,Italy x Sweden,Mixed,Native Soil,1-IS-M-Soil,3.19,0,3,2021-09-22,265
1,D_3,Italy x Sweden,Mixed,Native Soil,1-IS-M-Soil,3.2,0,3,2021-09-27,270
1,D_3,Italy x Sweden,Mixed,Native Soil,1-IS-M-Soil,3.21,0,3,2021-10-11,284
1,D_3,Italy x Sweden,Mixed,Native Soil,1-IS-M-Soil,3.22,0,3,2021-11-08,312
1,D_3,Italy x Sweden,Mixed,Native Soil,1-IS-M-Soil,3.23,0,3,2021-12-17,351
1,D_4,UK x USA,Non-Dormant,Control,1-TC_ND_C,1.01,NA,1,2019-06-12,163
1,D_4,UK x USA,Non-Dormant,Control,1-TC_ND_C,1.02,NA,1,2019-06-16,167
1,D_4,UK x USA,Non-Dormant,Control,1-TC_ND_C,1.03,NA,1,2019-06-26,177
1,D_4,UK x USA,Non-Dormant,Control,1-TC_ND_C,1.04,NA,1,2019-07-03,184
1,D_4,UK x USA,Non-Dormant,Control,1-TC_ND_C,1.05,NA,1,2019-07-10,191
1,D_4,UK x USA,Non-Dormant,Control,1-TC_ND_C,1.06,NA,1,2019-07-17,198
1,D_4,UK x USA,Non-Dormant,Control,1-TC_ND_C,1.07,0,1,2019-07-24,205
1,D_4,UK x USA,Non-Dormant,Control,1-TC_ND_C,1.08,0,1,2019-07-31,212
1,D_4,UK x USA,Non-Dormant,Control,1-TC_ND_C,1.09,0,1,2019-08-07,219
1,D_4,UK x USA,Non-Dormant,Control,1-TC_ND_C,1.1,0,1,2019-08-15,227
1,D_4,UK x USA,Non-Dormant,Control,1-TC_ND_C,1.11,0,1,2019-08-20,232
1,D_4,UK x USA,Non-Dormant,Control,1-TC_ND_C,1.12,0,1,2019-08-28,240
1,D_4,UK x USA,Non-Dormant,Control,1-TC_ND_C,1.13,0,1,2019-09-04,247
1,D_4,UK x USA,Non-Dormant,Control,1-TC_ND_C,1.14,0,1,2019-09-11,254
1,D_4,UK x USA,Non-Dormant,Control,1-TC_ND_C,1.15,0,1,2019-09-18,261
1,D_4,UK x USA,Non-Dormant,Control,1-TC_ND_C,1.16,0,1,2019-09-25,268
1,D_4,UK x USA,Non-Dormant,Control,1-TC_ND_C,1.17,0,1,2019-10-02,275
1,D_4,UK x USA,Non-Dormant,Control,1-TC_ND_C,1.18,0,1,2019-10-09,282
1,D_4,UK x USA,Non-Dormant,Control,1-TC_ND_C,1.19,0,1,2019-10-18,291
1,D_4,UK x USA,Non-Dormant,Control,1-TC_ND_C,1.2,6,1,2019-10-23,296
1,D_4,UK x USA,Non-Dormant,Control,1-TC_ND_C,1.22,0,1,2019-11-06,310
1,D_4,UK x USA,Non-Dormant,Control,1-TC_ND_C,1.23,0,1,2019-11-20,324
1,D_4,UK x USA,Non-Dormant,Control,1-TC_ND_C,1.24,0,1,2019-12-04,338
1,D_4,UK x USA,Non-Dormant,Control,1-TC_ND_C,1.25,0,1,2019-12-20,354
1,D_4,UK x USA,Non-Dormant,Control,1-TC_ND_C,1.26,0,1,2020-02-10,41
1,D_4,UK x USA,Non-Dormant,Control,1-TC_ND_C,1.27,0,1,2020-03-02,62
1,D_4,UK x USA,Non-Dormant,Control,1-TC_ND_C,1.29,0,1,2020-05-05,126
1,D_4,UK x USA,Non-Dormant,Control,1-TC_ND_C,2.01,3,2,2020-05-27,148
1,D_4,UK x USA,Non-Dormant,Control,1-TC_ND_C,2.02,0,2,2020-06-04,156
1,D_4,UK x USA,Non-Dormant,Control,1-TC_ND_C,2.03,0,2,2020-07-23,205
1,D_4,UK x USA,Non-Dormant,Control,1-TC_ND_C,2.04,0,2,2020-08-07,220
1,D_4,UK x USA,Non-Dormant,Control,1-TC_ND_C,2.05,0,2,2020-08-13,226
1,D_4,UK x USA,Non-Dormant,Control,1-TC_ND_C,2.06,0,2,2020-08-18,231
1,D_4,UK x USA,Non-Dormant,Control,1-TC_ND_C,2.07,0,2,2020-08-25,238
1,D_4,UK x USA,Non-Dormant,Control,1-TC_ND_C,2.08,1,2,2020-09-10,254
1,D_4,UK x USA,Non-Dormant,Control,1-TC_ND_C,2.09,13,2,2020-09-18,262
1,D_4,UK x USA,Non-Dormant,Control,1-TC_ND_C,2.1,0,2,2020-10-02,276
1,D_4,UK x USA,Non-Dormant,Control,1-TC_ND_C,2.11,0,2,2020-10-19,293
1,D_4,UK x USA,Non-Dormant,Control,1-TC_ND_C,2.12,0,2,2020-10-30,304
1,D_4,UK x USA,Non-Dormant,Control,1-TC_ND_C,2.13,0,2,2020-11-13,318
1,D_4,UK x USA,Non-Dormant,Control,1-TC_ND_C,2.14,0,2,2020-12-02,337
1,D_4,UK x USA,Non-Dormant,Control,1-TC_ND_C,2.15,0,2,2020-12-17,352
1,D_4,UK x USA,Non-Dormant,Control,1-TC_ND_C,2.16,0,2,2021-01-15,15
1,D_4,UK x USA,Non-Dormant,Control,1-TC_ND_C,2.17,0,2,2021-02-01,32
1,D_4,UK x USA,Non-Dormant,Control,1-TC_ND_C,2.18,0,2,2021-02-25,56
1,D_4,UK x USA,Non-Dormant,Control,1-TC_ND_C,2.19,0,2,2021-03-08,67
1,D_4,UK x USA,Non-Dormant,Control,1-TC_ND_C,2.2,0,2,2021-03-25,84
1,D_4,UK x USA,Non-Dormant,Control,1-TC_ND_C,2.21,0,2,2021-04-08,98
1,D_4,UK x USA,Non-Dormant,Control,1-TC_ND_C,3.14,0,3,2021-08-17,229
1,D_4,UK x USA,Non-Dormant,Control,1-TC_ND_C,3.15,0,3,2021-08-25,237
1,D_4,UK x USA,Non-Dormant,Control,1-TC_ND_C,3.16,0,3,2021-09-02,245
1,D_4,UK x USA,Non-Dormant,Control,1-TC_ND_C,3.17,0,3,2021-09-08,251
1,D_4,UK x USA,Non-Dormant,Control,1-TC_ND_C,3.18,0,3,2021-09-15,258
1,D_4,UK x USA,Non-Dormant,Control,1-TC_ND_C,3.19,0,3,2021-09-22,265
1,D_4,UK x USA,Non-Dormant,Control,1-TC_ND_C,3.2,0,3,2021-09-27,270
1,D_4,UK x USA,Non-Dormant,Control,1-TC_ND_C,3.21,0,3,2021-10-11,284
1,D_4,UK x USA,Non-Dormant,Control,1-TC_ND_C,3.22,0,3,2021-11-08,312
1,D_4,UK x USA,Non-Dormant,Control,1-TC_ND_C,3.23,0,3,2021-12-17,351
2,D_5,Italy x Sweden,Mixed,High Humidity,2-IS_M_D,1.01,4,1,2019-06-12,163
2,D_5,Italy x Sweden,Mixed,High Humidity,2-IS_M_D,1.02,0,1,2019-06-16,167
2,D_5,Italy x Sweden,Mixed,High Humidity,2-IS_M_D,1.03,0,1,2019-06-26,177
2,D_5,Italy x Sweden,Mixed,High Humidity,2-IS_M_D,1.04,0,1,2019-07-03,184
2,D_5,Italy x Sweden,Mixed,High Humidity,2-IS_M_D,1.05,NA,1,2019-07-10,191
2,D_5,Italy x Sweden,Mixed,High Humidity,2-IS_M_D,1.06,NA,1,2019-07-17,198
2,D_5,Italy x Sweden,Mixed,High Humidity,2-IS_M_D,1.07,0,1,2019-07-24,205
2,D_5,Italy x Sweden,Mixed,High Humidity,2-IS_M_D,1.08,0,1,2019-07-31,212
2,D_5,Italy x Sweden,Mixed,High Humidity,2-IS_M_D,1.09,0,1,2019-08-07,219
2,D_5,Italy x Sweden,Mixed,High Humidity,2-IS_M_D,1.1,0,1,2019-08-15,227
2,D_5,Italy x Sweden,Mixed,High Humidity,2-IS_M_D,1.11,0,1,2019-08-20,232
2,D_5,Italy x Sweden,Mixed,High Humidity,2-IS_M_D,1.12,0,1,2019-08-28,240
2,D_5,Italy x Sweden,Mixed,High Humidity,2-IS_M_D,1.13,0,1,2019-09-04,247
2,D_5,Italy x Sweden,Mixed,High Humidity,2-IS_M_D,1.14,0,1,2019-09-11,254
2,D_5,Italy x Sweden,Mixed,High Humidity,2-IS_M_D,1.15,0,1,2019-09-18,261
2,D_5,Italy x Sweden,Mixed,High Humidity,2-IS_M_D,1.16,0,1,2019-09-25,268
2,D_5,Italy x Sweden,Mixed,High Humidity,2-IS_M_D,1.17,0,1,2019-10-02,275
2,D_5,Italy x Sweden,Mixed,High Humidity,2-IS_M_D,1.18,0,1,2019-10-09,282
2,D_5,Italy x Sweden,Mixed,High Humidity,2-IS_M_D,1.19,0,1,2019-10-18,291
2,D_5,Italy x Sweden,Mixed,High Humidity,2-IS_M_D,1.2,11,1,2019-10-23,296
2,D_5,Italy x Sweden,Mixed,High Humidity,2-IS_M_D,1.22,0,1,2019-11-06,310
2,D_5,Italy x Sweden,Mixed,High Humidity,2-IS_M_D,1.23,17,1,2019-11-20,324
2,D_5,Italy x Sweden,Mixed,High Humidity,2-IS_M_D,1.24,17,1,2019-12-04,338
2,D_5,Italy x Sweden,Mixed,High Humidity,2-IS_M_D,1.25,0,1,2019-12-20,354
2,D_5,Italy x Sweden,Mixed,High Humidity,2-IS_M_D,1.26,0,1,2020-02-10,41
2,D_5,Italy x Sweden,Mixed,High Humidity,2-IS_M_D,1.27,0,1,2020-03-02,62
2,D_5,Italy x Sweden,Mixed,High Humidity,2-IS_M_D,1.29,0,1,2020-05-05,126
2,D_5,Italy x Sweden,Mixed,High Humidity,2-IS_M_D,2.01,3,2,2020-05-27,148
2,D_5,Italy x Sweden,Mixed,High Humidity,2-IS_M_D,2.02,0,2,2020-06-04,156
2,D_5,Italy x Sweden,Mixed,High Humidity,2-IS_M_D,2.03,0,2,2020-07-23,205
2,D_5,Italy x Sweden,Mixed,High Humidity,2-IS_M_D,2.04,0,2,2020-08-07,220
2,D_5,Italy x Sweden,Mixed,High Humidity,2-IS_M_D,2.05,0,2,2020-08-13,226
2,D_5,Italy x Sweden,Mixed,High Humidity,2-IS_M_D,2.06,0,2,2020-08-18,231
2,D_5,Italy x Sweden,Mixed,High Humidity,2-IS_M_D,2.07,0,2,2020-08-25,238
2,D_5,Italy x Sweden,Mixed,High Humidity,2-IS_M_D,2.08,0,2,2020-09-10,254
2,D_5,Italy x Sweden,Mixed,High Humidity,2-IS_M_D,2.09,11,2,2020-09-18,262
2,D_5,Italy x Sweden,Mixed,High Humidity,2-IS_M_D,2.1,201,2,2020-10-02,276
2,D_5,Italy x Sweden,Mixed,High Humidity,2-IS_M_D,2.11,0,2,2020-10-19,293
2,D_5,Italy x Sweden,Mixed,High Humidity,2-IS_M_D,2.12,0,2,2020-10-30,304
2,D_5,Italy x Sweden,Mixed,High Humidity,2-IS_M_D,2.13,12,2,2020-11-13,318
2,D_5,Italy x Sweden,Mixed,High Humidity,2-IS_M_D,2.14,0,2,2020-12-02,337
2,D_5,Italy x Sweden,Mixed,High Humidity,2-IS_M_D,2.15,11,2,2020-12-17,352
2,D_5,Italy x Sweden,Mixed,High Humidity,2-IS_M_D,2.16,1,2,2021-01-15,15
2,D_5,Italy x Sweden,Mixed,High Humidity,2-IS_M_D,2.17,0,2,2021-02-01,32
2,D_5,Italy x Sweden,Mixed,High Humidity,2-IS_M_D,2.18,0,2,2021-02-25,56
2,D_5,Italy x Sweden,Mixed,High Humidity,2-IS_M_D,2.19,0,2,2021-03-08,67
2,D_5,Italy x Sweden,Mixed,High Humidity,2-IS_M_D,2.2,0,2,2021-03-25,84
2,D_5,Italy x Sweden,Mixed,High Humidity,2-IS_M_D,2.21,0,2,2021-04-08,98
2,D_5,Italy x Sweden,Mixed,High Humidity,2-IS_M_D,3.14,0,3,2021-08-17,229
2,D_5,Italy x Sweden,Mixed,High Humidity,2-IS_M_D,3.15,0,3,2021-08-25,237
2,D_5,Italy x Sweden,Mixed,High Humidity,2-IS_M_D,3.16,0,3,2021-09-02,245
2,D_5,Italy x Sweden,Mixed,High Humidity,2-IS_M_D,3.17,0,3,2021-09-08,251
2,D_5,Italy x Sweden,Mixed,High Humidity,2-IS_M_D,3.18,0,3,2021-09-15,258
2,D_5,Italy x Sweden,Mixed,High Humidity,2-IS_M_D,3.19,0,3,2021-09-22,265
2,D_5,Italy x Sweden,Mixed,High Humidity,2-IS_M_D,3.2,48,3,2021-09-29,272
2,D_5,Italy x Sweden,Mixed,High Humidity,2-IS_M_D,3.21,71,3,2021-10-12,285
2,D_5,Italy x Sweden,Mixed,High Humidity,2-IS_M_D,3.22,0,3,2021-11-10,314
2,D_5,Italy x Sweden,Mixed,High Humidity,2-IS_M_D,3.23,0,3,2021-12-17,351
2,D_6,Italy x Sweden,Dormant,High Humidity,2-IS_D_D,1.01,0,1,2019-06-12,163
2,D_6,Italy x Sweden,Dormant,High Humidity,2-IS_D_D,1.02,0,1,2019-06-16,167
2,D_6,Italy x Sweden,Dormant,High Humidity,2-IS_D_D,1.03,0,1,2019-06-26,177
2,D_6,Italy x Sweden,Dormant,High Humidity,2-IS_D_D,1.04,0,1,2019-07-03,184
2,D_6,Italy x Sweden,Dormant,High Humidity,2-IS_D_D,1.05,NA,1,2019-07-10,191
2,D_6,Italy x Sweden,Dormant,High Humidity,2-IS_D_D,1.06,NA,1,2019-07-17,198
2,D_6,Italy x Sweden,Dormant,High Humidity,2-IS_D_D,1.07,0,1,2019-07-24,205
2,D_6,Italy x Sweden,Dormant,High Humidity,2-IS_D_D,1.08,0,1,2019-07-31,212
2,D_6,Italy x Sweden,Dormant,High Humidity,2-IS_D_D,1.09,0,1,2019-08-07,219
2,D_6,Italy x Sweden,Dormant,High Humidity,2-IS_D_D,1.1,0,1,2019-08-15,227
2,D_6,Italy x Sweden,Dormant,High Humidity,2-IS_D_D,1.11,0,1,2019-08-20,232
2,D_6,Italy x Sweden,Dormant,High Humidity,2-IS_D_D,1.12,0,1,2019-08-28,240
2,D_6,Italy x Sweden,Dormant,High Humidity,2-IS_D_D,1.13,0,1,2019-09-04,247
2,D_6,Italy x Sweden,Dormant,High Humidity,2-IS_D_D,1.14,0,1,2019-09-11,254
2,D_6,Italy x Sweden,Dormant,High Humidity,2-IS_D_D,1.15,0,1,2019-09-18,261
2,D_6,Italy x Sweden,Dormant,High Humidity,2-IS_D_D,1.16,0,1,2019-09-25,268
2,D_6,Italy x Sweden,Dormant,High Humidity,2-IS_D_D,1.17,0,1,2019-10-02,275
2,D_6,Italy x Sweden,Dormant,High Humidity,2-IS_D_D,1.18,0,1,2019-10-09,282
2,D_6,Italy x Sweden,Dormant,High Humidity,2-IS_D_D,1.19,0,1,2019-10-18,291
2,D_6,Italy x Sweden,Dormant,High Humidity,2-IS_D_D,1.2,11,1,2019-10-23,296
2,D_6,Italy x Sweden,Dormant,High Humidity,2-IS_D_D,1.22,0,1,2019-11-06,310
2,D_6,Italy x Sweden,Dormant,High Humidity,2-IS_D_D,1.23,9,1,2019-11-20,324
2,D_6,Italy x Sweden,Dormant,High Humidity,2-IS_D_D,1.24,4,1,2019-12-04,338
2,D_6,Italy x Sweden,Dormant,High Humidity,2-IS_D_D,1.25,4,1,2019-12-20,354
2,D_6,Italy x Sweden,Dormant,High Humidity,2-IS_D_D,1.26,0,1,2020-02-10,41
2,D_6,Italy x Sweden,Dormant,High Humidity,2-IS_D_D,1.27,1,1,2020-03-02,62
2,D_6,Italy x Sweden,Dormant,High Humidity,2-IS_D_D,1.29,0,1,2020-05-05,126
2,D_6,Italy x Sweden,Dormant,High Humidity,2-IS_D_D,2.01,8,2,2020-05-27,148
2,D_6,Italy x Sweden,Dormant,High Humidity,2-IS_D_D,2.02,0,2,2020-06-04,156
2,D_6,Italy x Sweden,Dormant,High Humidity,2-IS_D_D,2.03,0,2,2020-07-23,205
2,D_6,Italy x Sweden,Dormant,High Humidity,2-IS_D_D,2.04,0,2,2020-08-07,220
2,D_6,Italy x Sweden,Dormant,High Humidity,2-IS_D_D,2.05,0,2,2020-08-13,226
2,D_6,Italy x Sweden,Dormant,High Humidity,2-IS_D_D,2.06,0,2,2020-08-18,231
2,D_6,Italy x Sweden,Dormant,High Humidity,2-IS_D_D,2.07,0,2,2020-08-25,238
2,D_6,Italy x Sweden,Dormant,High Humidity,2-IS_D_D,2.08,10,2,2020-09-10,254
2,D_6,Italy x Sweden,Dormant,High Humidity,2-IS_D_D,2.09,2,2,2020-09-18,262
2,D_6,Italy x Sweden,Dormant,High Humidity,2-IS_D_D,2.1,71,2,2020-10-02,276
2,D_6,Italy x Sweden,Dormant,High Humidity,2-IS_D_D,2.11,0,2,2020-10-19,293
2,D_6,Italy x Sweden,Dormant,High Humidity,2-IS_D_D,2.12,0,2,2020-10-30,304
2,D_6,Italy x Sweden,Dormant,High Humidity,2-IS_D_D,2.13,6,2,2020-11-13,318
2,D_6,Italy x Sweden,Dormant,High Humidity,2-IS_D_D,2.14,0,2,2020-12-02,337
2,D_6,Italy x Sweden,Dormant,High Humidity,2-IS_D_D,2.15,1,2,2020-12-17,352
2,D_6,Italy x Sweden,Dormant,High Humidity,2-IS_D_D,2.16,5,2,2021-01-15,15
2,D_6,Italy x Sweden,Dormant,High Humidity,2-IS_D_D,2.17,0,2,2021-02-01,32
2,D_6,Italy x Sweden,Dormant,High Humidity,2-IS_D_D,2.18,0,2,2021-02-25,56
2,D_6,Italy x Sweden,Dormant,High Humidity,2-IS_D_D,2.19,0,2,2021-03-08,67
2,D_6,Italy x Sweden,Dormant,High Humidity,2-IS_D_D,2.2,0,2,2021-03-25,84
2,D_6,Italy x Sweden,Dormant,High Humidity,2-IS_D_D,2.21,0,2,2021-04-08,98
2,D_6,Italy x Sweden,Dormant,High Humidity,2-IS_D_D,3.14,0,3,2021-08-17,229
2,D_6,Italy x Sweden,Dormant,High Humidity,2-IS_D_D,3.15,0,3,2021-08-25,237
2,D_6,Italy x Sweden,Dormant,High Humidity,2-IS_D_D,3.16,0,3,2021-09-02,245
2,D_6,Italy x Sweden,Dormant,High Humidity,2-IS_D_D,3.17,0,3,2021-09-08,251
2,D_6,Italy x Sweden,Dormant,High Humidity,2-IS_D_D,3.18,0,3,2021-09-15,258
2,D_6,Italy x Sweden,Dormant,High Humidity,2-IS_D_D,3.19,0,3,2021-09-22,265
2,D_6,Italy x Sweden,Dormant,High Humidity,2-IS_D_D,3.2,31,3,2021-09-29,272
2,D_6,Italy x Sweden,Dormant,High Humidity,2-IS_D_D,3.21,136,3,2021-10-12,285
2,D_6,Italy x Sweden,Dormant,High Humidity,2-IS_D_D,3.22,0,3,2021-11-10,314
2,D_6,Italy x Sweden,Dormant,High Humidity,2-IS_D_D,3.23,0,3,2021-12-17,351
2,D_8,Italy x Sweden,Non-Dormant,Litter,2-IS_ND_F,1.01,9,1,2019-06-12,163
2,D_8,Italy x Sweden,Non-Dormant,Litter,2-IS_ND_F,1.02,0,1,2019-06-16,167
2,D_8,Italy x Sweden,Non-Dormant,Litter,2-IS_ND_F,1.03,0,1,2019-06-26,177
2,D_8,Italy x Sweden,Non-Dormant,Litter,2-IS_ND_F,1.04,0,1,2019-07-03,184
2,D_8,Italy x Sweden,Non-Dormant,Litter,2-IS_ND_F,1.05,NA,1,2019-07-10,191
2,D_8,Italy x Sweden,Non-Dormant,Litter,2-IS_ND_F,1.06,NA,1,2019-07-17,198
2,D_8,Italy x Sweden,Non-Dormant,Litter,2-IS_ND_F,1.07,0,1,2019-07-24,205
2,D_8,Italy x Sweden,Non-Dormant,Litter,2-IS_ND_F,1.08,0,1,2019-07-31,212
2,D_8,Italy x Sweden,Non-Dormant,Litter,2-IS_ND_F,1.09,0,1,2019-08-07,219
2,D_8,Italy x Sweden,Non-Dormant,Litter,2-IS_ND_F,1.1,0,1,2019-08-15,227
2,D_8,Italy x Sweden,Non-Dormant,Litter,2-IS_ND_F,1.11,0,1,2019-08-20,232
2,D_8,Italy x Sweden,Non-Dormant,Litter,2-IS_ND_F,1.12,0,1,2019-08-28,240
2,D_8,Italy x Sweden,Non-Dormant,Litter,2-IS_ND_F,1.13,0,1,2019-09-04,247
2,D_8,Italy x Sweden,Non-Dormant,Litter,2-IS_ND_F,1.14,0,1,2019-09-11,254
2,D_8,Italy x Sweden,Non-Dormant,Litter,2-IS_ND_F,1.15,0,1,2019-09-18,261
2,D_8,Italy x Sweden,Non-Dormant,Litter,2-IS_ND_F,1.16,0,1,2019-09-25,268
2,D_8,Italy x Sweden,Non-Dormant,Litter,2-IS_ND_F,1.17,0,1,2019-10-02,275
2,D_8,Italy x Sweden,Non-Dormant,Litter,2-IS_ND_F,1.18,0,1,2019-10-09,282
2,D_8,Italy x Sweden,Non-Dormant,Litter,2-IS_ND_F,1.19,0,1,2019-10-18,291
2,D_8,Italy x Sweden,Non-Dormant,Litter,2-IS_ND_F,1.2,1,1,2019-10-23,296
2,D_8,Italy x Sweden,Non-Dormant,Litter,2-IS_ND_F,1.22,0,1,2019-11-06,310
2,D_8,Italy x Sweden,Non-Dormant,Litter,2-IS_ND_F,1.23,0,1,2019-11-20,324
2,D_8,Italy x Sweden,Non-Dormant,Litter,2-IS_ND_F,1.24,1,1,2019-12-04,338
2,D_8,Italy x Sweden,Non-Dormant,Litter,2-IS_ND_F,1.25,0,1,2019-12-20,354
2,D_8,Italy x Sweden,Non-Dormant,Litter,2-IS_ND_F,1.26,0,1,2020-02-10,41
2,D_8,Italy x Sweden,Non-Dormant,Litter,2-IS_ND_F,1.27,0,1,2020-03-02,62
2,D_8,Italy x Sweden,Non-Dormant,Litter,2-IS_ND_F,1.29,0,1,2020-05-05,126
2,D_8,Italy x Sweden,Non-Dormant,Litter,2-IS_ND_F,2.01,0,2,2020-05-27,148
2,D_8,Italy x Sweden,Non-Dormant,Litter,2-IS_ND_F,2.02,0,2,2020-06-04,156
2,D_8,Italy x Sweden,Non-Dormant,Litter,2-IS_ND_F,2.03,0,2,2020-07-23,205
2,D_8,Italy x Sweden,Non-Dormant,Litter,2-IS_ND_F,2.04,0,2,2020-08-07,220
2,D_8,Italy x Sweden,Non-Dormant,Litter,2-IS_ND_F,2.05,0,2,2020-08-13,226
2,D_8,Italy x Sweden,Non-Dormant,Litter,2-IS_ND_F,2.06,0,2,2020-08-18,231
2,D_8,Italy x Sweden,Non-Dormant,Litter,2-IS_ND_F,2.07,0,2,2020-08-25,238
2,D_8,Italy x Sweden,Non-Dormant,Litter,2-IS_ND_F,2.08,0,2,2020-09-10,254
2,D_8,Italy x Sweden,Non-Dormant,Litter,2-IS_ND_F,2.09,1,2,2020-09-18,262
2,D_8,Italy x Sweden,Non-Dormant,Litter,2-IS_ND_F,2.1,0,2,2020-10-02,276
2,D_8,Italy x Sweden,Non-Dormant,Litter,2-IS_ND_F,2.11,13,2,2020-10-19,293
2,D_8,Italy x Sweden,Non-Dormant,Litter,2-IS_ND_F,2.12,0,2,2020-10-30,304
2,D_8,Italy x Sweden,Non-Dormant,Litter,2-IS_ND_F,2.13,43,2,2020-11-13,318
2,D_8,Italy x Sweden,Non-Dormant,Litter,2-IS_ND_F,2.14,0,2,2020-12-02,337
2,D_8,Italy x Sweden,Non-Dormant,Litter,2-IS_ND_F,2.15,0,2,2020-12-17,352
2,D_8,Italy x Sweden,Non-Dormant,Litter,2-IS_ND_F,2.16,0,2,2021-01-15,15
2,D_8,Italy x Sweden,Non-Dormant,Litter,2-IS_ND_F,2.17,0,2,2021-02-01,32
2,D_8,Italy x Sweden,Non-Dormant,Litter,2-IS_ND_F,2.18,0,2,2021-02-25,56
2,D_8,Italy x Sweden,Non-Dormant,Litter,2-IS_ND_F,2.19,0,2,2021-03-08,67
2,D_8,Italy x Sweden,Non-Dormant,Litter,2-IS_ND_F,2.2,0,2,2021-03-25,84
2,D_8,Italy x Sweden,Non-Dormant,Litter,2-IS_ND_F,2.21,0,2,2021-04-08,98
2,D_8,Italy x Sweden,Non-Dormant,Litter,2-IS_ND_F,3.14,0,3,2021-08-17,229
2,D_8,Italy x Sweden,Non-Dormant,Litter,2-IS_ND_F,3.15,0,3,2021-08-25,237
2,D_8,Italy x Sweden,Non-Dormant,Litter,2-IS_ND_F,3.16,0,3,2021-09-02,245
2,D_8,Italy x Sweden,Non-Dormant,Litter,2-IS_ND_F,3.17,0,3,2021-09-08,251
2,D_8,Italy x Sweden,Non-Dormant,Litter,2-IS_ND_F,3.18,0,3,2021-09-15,258
2,D_8,Italy x Sweden,Non-Dormant,Litter,2-IS_ND_F,3.19,0,3,2021-09-22,265
2,D_8,Italy x Sweden,Non-Dormant,Litter,2-IS_ND_F,3.2,112,3,2021-09-29,272
2,D_8,Italy x Sweden,Non-Dormant,Litter,2-IS_ND_F,3.21,37,3,2021-10-12,285
2,D_8,Italy x Sweden,Non-Dormant,Litter,2-IS_ND_F,3.22,0,3,2021-11-10,314
2,D_8,Italy x Sweden,Non-Dormant,Litter,2-IS_ND_F,3.23,0,3,2021-12-17,351
3,D_9,Italy x Sweden,Non-Dormant,Control,3-IS_ND_C,1.01,5,1,2019-06-12,163
3,D_9,Italy x Sweden,Non-Dormant,Control,3-IS_ND_C,1.02,0,1,2019-06-16,167
3,D_9,Italy x Sweden,Non-Dormant,Control,3-IS_ND_C,1.03,0,1,2019-06-26,177
3,D_9,Italy x Sweden,Non-Dormant,Control,3-IS_ND_C,1.04,0,1,2019-07-03,184
3,D_9,Italy x Sweden,Non-Dormant,Control,3-IS_ND_C,1.05,NA,1,2019-07-10,191
3,D_9,Italy x Sweden,Non-Dormant,Control,3-IS_ND_C,1.06,NA,1,2019-07-17,198
3,D_9,Italy x Sweden,Non-Dormant,Control,3-IS_ND_C,1.07,0,1,2019-07-24,205
3,D_9,Italy x Sweden,Non-Dormant,Control,3-IS_ND_C,1.08,0,1,2019-07-31,212
3,D_9,Italy x Sweden,Non-Dormant,Control,3-IS_ND_C,1.09,0,1,2019-08-07,219
3,D_9,Italy x Sweden,Non-Dormant,Control,3-IS_ND_C,1.1,0,1,2019-08-15,227
3,D_9,Italy x Sweden,Non-Dormant,Control,3-IS_ND_C,1.11,0,1,2019-08-20,232
3,D_9,Italy x Sweden,Non-Dormant,Control,3-IS_ND_C,1.12,0,1,2019-08-28,240
3,D_9,Italy x Sweden,Non-Dormant,Control,3-IS_ND_C,1.13,0,1,2019-09-04,247
3,D_9,Italy x Sweden,Non-Dormant,Control,3-IS_ND_C,1.14,0,1,2019-09-11,254
3,D_9,Italy x Sweden,Non-Dormant,Control,3-IS_ND_C,1.15,0,1,2019-09-18,261
3,D_9,Italy x Sweden,Non-Dormant,Control,3-IS_ND_C,1.16,0,1,2019-09-25,268
3,D_9,Italy x Sweden,Non-Dormant,Control,3-IS_ND_C,1.17,0,1,2019-10-02,275
3,D_9,Italy x Sweden,Non-Dormant,Control,3-IS_ND_C,1.18,0,1,2019-10-09,282
3,D_9,Italy x Sweden,Non-Dormant,Control,3-IS_ND_C,1.19,0,1,2019-10-18,291
3,D_9,Italy x Sweden,Non-Dormant,Control,3-IS_ND_C,1.2,2,1,2019-10-23,296
3,D_9,Italy x Sweden,Non-Dormant,Control,3-IS_ND_C,1.22,0,1,2019-11-06,310
3,D_9,Italy x Sweden,Non-Dormant,Control,3-IS_ND_C,1.23,0,1,2019-11-20,324
3,D_9,Italy x Sweden,Non-Dormant,Control,3-IS_ND_C,1.24,21,1,2019-12-04,338
3,D_9,Italy x Sweden,Non-Dormant,Control,3-IS_ND_C,1.25,0,1,2019-12-20,354
3,D_9,Italy x Sweden,Non-Dormant,Control,3-IS_ND_C,1.26,0,1,2020-02-10,41
3,D_9,Italy x Sweden,Non-Dormant,Control,3-IS_ND_C,1.27,0,1,2020-03-02,62
3,D_9,Italy x Sweden,Non-Dormant,Control,3-IS_ND_C,1.29,0,1,2020-05-05,126
3,D_9,Italy x Sweden,Non-Dormant,Control,3-IS_ND_C,2.01,0,2,2020-05-27,148
3,D_9,Italy x Sweden,Non-Dormant,Control,3-IS_ND_C,2.02,0,2,2020-06-04,156
3,D_9,Italy x Sweden,Non-Dormant,Control,3-IS_ND_C,2.03,0,2,2020-07-23,205
3,D_9,Italy x Sweden,Non-Dormant,Control,3-IS_ND_C,2.04,0,2,2020-08-07,220
3,D_9,Italy x Sweden,Non-Dormant,Control,3-IS_ND_C,2.05,0,2,2020-08-13,226
3,D_9,Italy x Sweden,Non-Dormant,Control,3-IS_ND_C,2.06,0,2,2020-08-18,231
3,D_9,Italy x Sweden,Non-Dormant,Control,3-IS_ND_C,2.07,0,2,2020-08-25,238
3,D_9,Italy x Sweden,Non-Dormant,Control,3-IS_ND_C,2.08,0,2,2020-09-10,254
3,D_9,Italy x Sweden,Non-Dormant,Control,3-IS_ND_C,2.09,2,2,2020-09-18,262
3,D_9,Italy x Sweden,Non-Dormant,Control,3-IS_ND_C,2.1,0,2,2020-10-02,276
3,D_9,Italy x Sweden,Non-Dormant,Control,3-IS_ND_C,2.11,0,2,2020-10-19,293
3,D_9,Italy x Sweden,Non-Dormant,Control,3-IS_ND_C,2.12,0,2,2020-10-30,304
3,D_9,Italy x Sweden,Non-Dormant,Control,3-IS_ND_C,2.13,0,2,2020-11-13,318
3,D_9,Italy x Sweden,Non-Dormant,Control,3-IS_ND_C,2.14,0,2,2020-12-02,337
3,D_9,Italy x Sweden,Non-Dormant,Control,3-IS_ND_C,2.15,0,2,2020-12-17,352
3,D_9,Italy x Sweden,Non-Dormant,Control,3-IS_ND_C,2.16,0,2,2021-01-15,15
3,D_9,Italy x Sweden,Non-Dormant,Control,3-IS_ND_C,2.17,0,2,2021-02-01,32
3,D_9,Italy x Sweden,Non-Dormant,Control,3-IS_ND_C,2.18,0,2,2021-02-25,56
3,D_9,Italy x Sweden,Non-Dormant,Control,3-IS_ND_C,2.19,0,2,2021-03-08,67
3,D_9,Italy x Sweden,Non-Dormant,Control,3-IS_ND_C,2.2,0,2,2021-03-25,84
3,D_9,Italy x Sweden,Non-Dormant,Control,3-IS_ND_C,2.21,0,2,2021-04-08,98
3,D_9,Italy x Sweden,Non-Dormant,Control,3-IS_ND_C,3.14,0,3,2021-08-17,229
3,D_9,Italy x Sweden,Non-Dormant,Control,3-IS_ND_C,3.15,0,3,2021-08-25,237
3,D_9,Italy x Sweden,Non-Dormant,Control,3-IS_ND_C,3.16,0,3,2021-09-02,245
3,D_9,Italy x Sweden,Non-Dormant,Control,3-IS_ND_C,3.17,0,3,2021-09-08,251
3,D_9,Italy x Sweden,Non-Dormant,Control,3-IS_ND_C,3.18,0,3,2021-09-15,258
3,D_9,Italy x Sweden,Non-Dormant,Control,3-IS_ND_C,3.19,0,3,2021-09-22,265
3,D_9,Italy x Sweden,Non-Dormant,Control,3-IS_ND_C,3.2,3,3,2021-09-29,272
3,D_9,Italy x Sweden,Non-Dormant,Control,3-IS_ND_C,3.21,6,3,2021-10-13,286
3,D_9,Italy x Sweden,Non-Dormant,Control,3-IS_ND_C,3.22,0,3,2021-11-10,314
3,D_9,Italy x Sweden,Non-Dormant,Control,3-IS_ND_C,3.23,2,3,2021-12-17,351
3,D_10,Italy x Sweden,Mixed,Litter,3-IS_M_F,1.01,2,1,2019-06-12,163
3,D_10,Italy x Sweden,Mixed,Litter,3-IS_M_F,1.02,0,1,2019-06-16,167
3,D_10,Italy x Sweden,Mixed,Litter,3-IS_M_F,1.03,0,1,2019-06-26,177
3,D_10,Italy x Sweden,Mixed,Litter,3-IS_M_F,1.04,0,1,2019-07-03,184
3,D_10,Italy x Sweden,Mixed,Litter,3-IS_M_F,1.05,NA,1,2019-07-10,191
3,D_10,Italy x Sweden,Mixed,Litter,3-IS_M_F,1.06,NA,1,2019-07-17,198
3,D_10,Italy x Sweden,Mixed,Litter,3-IS_M_F,1.07,0,1,2019-07-24,205
3,D_10,Italy x Sweden,Mixed,Litter,3-IS_M_F,1.08,0,1,2019-07-31,212
3,D_10,Italy x Sweden,Mixed,Litter,3-IS_M_F,1.09,0,1,2019-08-07,219
3,D_10,Italy x Sweden,Mixed,Litter,3-IS_M_F,1.1,0,1,2019-08-15,227
3,D_10,Italy x Sweden,Mixed,Litter,3-IS_M_F,1.11,0,1,2019-08-20,232
3,D_10,Italy x Sweden,Mixed,Litter,3-IS_M_F,1.12,0,1,2019-08-28,240
3,D_10,Italy x Sweden,Mixed,Litter,3-IS_M_F,1.13,0,1,2019-09-04,247
3,D_10,Italy x Sweden,Mixed,Litter,3-IS_M_F,1.14,0,1,2019-09-11,254
3,D_10,Italy x Sweden,Mixed,Litter,3-IS_M_F,1.15,0,1,2019-09-18,261
3,D_10,Italy x Sweden,Mixed,Litter,3-IS_M_F,1.16,0,1,2019-09-25,268
3,D_10,Italy x Sweden,Mixed,Litter,3-IS_M_F,1.17,0,1,2019-10-02,275
3,D_10,Italy x Sweden,Mixed,Litter,3-IS_M_F,1.18,0,1,2019-10-09,282
3,D_10,Italy x Sweden,Mixed,Litter,3-IS_M_F,1.19,0,1,2019-10-18,291
3,D_10,Italy x Sweden,Mixed,Litter,3-IS_M_F,1.2,4,1,2019-10-23,296
3,D_10,Italy x Sweden,Mixed,Litter,3-IS_M_F,1.22,0,1,2019-11-06,310
3,D_10,Italy x Sweden,Mixed,Litter,3-IS_M_F,1.23,1,1,2019-11-20,324
3,D_10,Italy x Sweden,Mixed,Litter,3-IS_M_F,1.24,1,1,2019-12-04,338
3,D_10,Italy x Sweden,Mixed,Litter,3-IS_M_F,1.25,0,1,2019-12-20,354
3,D_10,Italy x Sweden,Mixed,Litter,3-IS_M_F,1.26,0,1,2020-02-10,41
3,D_10,Italy x Sweden,Mixed,Litter,3-IS_M_F,1.27,0,1,2020-03-02,62
3,D_10,Italy x Sweden,Mixed,Litter,3-IS_M_F,1.29,0,1,2020-05-05,126
3,D_10,Italy x Sweden,Mixed,Litter,3-IS_M_F,2.01,0,2,2020-05-27,148
3,D_10,Italy x Sweden,Mixed,Litter,3-IS_M_F,2.02,0,2,2020-06-04,156
3,D_10,Italy x Sweden,Mixed,Litter,3-IS_M_F,2.03,0,2,2020-07-23,205
3,D_10,Italy x Sweden,Mixed,Litter,3-IS_M_F,2.04,0,2,2020-08-07,220
3,D_10,Italy x Sweden,Mixed,Litter,3-IS_M_F,2.05,0,2,2020-08-13,226
3,D_10,Italy x Sweden,Mixed,Litter,3-IS_M_F,2.06,0,2,2020-08-18,231
3,D_10,Italy x Sweden,Mixed,Litter,3-IS_M_F,2.07,0,2,2020-08-25,238
3,D_10,Italy x Sweden,Mixed,Litter,3-IS_M_F,2.08,0,2,2020-09-10,254
3,D_10,Italy x Sweden,Mixed,Litter,3-IS_M_F,2.09,41,2,2020-09-18,262
3,D_10,Italy x Sweden,Mixed,Litter,3-IS_M_F,2.1,0,2,2020-10-02,276
3,D_10,Italy x Sweden,Mixed,Litter,3-IS_M_F,2.11,0,2,2020-10-19,293
3,D_10,Italy x Sweden,Mixed,Litter,3-IS_M_F,2.12,0,2,2020-10-30,304
3,D_10,Italy x Sweden,Mixed,Litter,3-IS_M_F,2.13,0,2,2020-11-13,318
3,D_10,Italy x Sweden,Mixed,Litter,3-IS_M_F,2.14,0,2,2020-12-02,337
3,D_10,Italy x Sweden,Mixed,Litter,3-IS_M_F,2.15,0,2,2020-12-17,352
3,D_10,Italy x Sweden,Mixed,Litter,3-IS_M_F,2.16,0,2,2021-01-15,15
3,D_10,Italy x Sweden,Mixed,Litter,3-IS_M_F,2.17,0,2,2021-02-01,32
3,D_10,Italy x Sweden,Mixed,Litter,3-IS_M_F,2.18,0,2,2021-02-25,56
3,D_10,Italy x Sweden,Mixed,Litter,3-IS_M_F,2.19,0,2,2021-03-08,67
3,D_10,Italy x Sweden,Mixed,Litter,3-IS_M_F,2.2,0,2,2021-03-25,84
3,D_10,Italy x Sweden,Mixed,Litter,3-IS_M_F,2.21,0,2,2021-04-08,98
3,D_10,Italy x Sweden,Mixed,Litter,3-IS_M_F,3.14,0,3,2021-08-17,229
3,D_10,Italy x Sweden,Mixed,Litter,3-IS_M_F,3.15,0,3,2021-08-25,237
3,D_10,Italy x Sweden,Mixed,Litter,3-IS_M_F,3.16,0,3,2021-09-02,245
3,D_10,Italy x Sweden,Mixed,Litter,3-IS_M_F,3.17,0,3,2021-09-08,251
3,D_10,Italy x Sweden,Mixed,Litter,3-IS_M_F,3.18,0,3,2021-09-15,258
3,D_10,Italy x Sweden,Mixed,Litter,3-IS_M_F,3.19,0,3,2021-09-22,265
3,D_10,Italy x Sweden,Mixed,Litter,3-IS_M_F,3.2,2,3,2021-09-29,272
3,D_10,Italy x Sweden,Mixed,Litter,3-IS_M_F,3.21,5,3,2021-10-13,286
3,D_10,Italy x Sweden,Mixed,Litter,3-IS_M_F,3.22,0,3,2021-11-10,314
3,D_10,Italy x Sweden,Mixed,Litter,3-IS_M_F,3.23,0,3,2021-12-17,351
3,D_11,Germany x Tajikistan,Non-Dormant,Control,3-BS_ND_C,1.01,NA,1,2019-06-12,163
3,D_11,Germany x Tajikistan,Non-Dormant,Control,3-BS_ND_C,1.02,NA,1,2019-06-16,167
3,D_11,Germany x Tajikistan,Non-Dormant,Control,3-BS_ND_C,1.03,NA,1,2019-06-26,177
3,D_11,Germany x Tajikistan,Non-Dormant,Control,3-BS_ND_C,1.04,NA,1,2019-07-03,184
3,D_11,Germany x Tajikistan,Non-Dormant,Control,3-BS_ND_C,1.05,NA,1,2019-07-10,191
3,D_11,Germany x Tajikistan,Non-Dormant,Control,3-BS_ND_C,1.06,NA,1,2019-07-17,198
3,D_11,Germany x Tajikistan,Non-Dormant,Control,3-BS_ND_C,1.07,0,1,2019-07-24,205
3,D_11,Germany x Tajikistan,Non-Dormant,Control,3-BS_ND_C,1.08,0,1,2019-07-31,212
3,D_11,Germany x Tajikistan,Non-Dormant,Control,3-BS_ND_C,1.09,0,1,2019-08-07,219
3,D_11,Germany x Tajikistan,Non-Dormant,Control,3-BS_ND_C,1.1,0,1,2019-08-15,227
3,D_11,Germany x Tajikistan,Non-Dormant,Control,3-BS_ND_C,1.11,0,1,2019-08-20,232
3,D_11,Germany x Tajikistan,Non-Dormant,Control,3-BS_ND_C,1.12,0,1,2019-08-28,240
3,D_11,Germany x Tajikistan,Non-Dormant,Control,3-BS_ND_C,1.13,0,1,2019-09-04,247
3,D_11,Germany x Tajikistan,Non-Dormant,Control,3-BS_ND_C,1.14,0,1,2019-09-11,254
3,D_11,Germany x Tajikistan,Non-Dormant,Control,3-BS_ND_C,1.15,0,1,2019-09-18,261
3,D_11,Germany x Tajikistan,Non-Dormant,Control,3-BS_ND_C,1.16,0,1,2019-09-25,268
3,D_11,Germany x Tajikistan,Non-Dormant,Control,3-BS_ND_C,1.17,0,1,2019-10-02,275
3,D_11,Germany x Tajikistan,Non-Dormant,Control,3-BS_ND_C,1.18,0,1,2019-10-09,282
3,D_11,Germany x Tajikistan,Non-Dormant,Control,3-BS_ND_C,1.19,0,1,2019-10-18,291
3,D_11,Germany x Tajikistan,Non-Dormant,Control,3-BS_ND_C,1.2,4,1,2019-10-23,296
3,D_11,Germany x Tajikistan,Non-Dormant,Control,3-BS_ND_C,1.22,0,1,2019-11-06,310
3,D_11,Germany x Tajikistan,Non-Dormant,Control,3-BS_ND_C,1.23,0,1,2019-11-20,324
3,D_11,Germany x Tajikistan,Non-Dormant,Control,3-BS_ND_C,1.24,0,1,2019-12-04,338
3,D_11,Germany x Tajikistan,Non-Dormant,Control,3-BS_ND_C,1.25,0,1,2019-12-20,354
3,D_11,Germany x Tajikistan,Non-Dormant,Control,3-BS_ND_C,1.26,0,1,2020-02-10,41
3,D_11,Germany x Tajikistan,Non-Dormant,Control,3-BS_ND_C,1.27,0,1,2020-03-02,62
3,D_11,Germany x Tajikistan,Non-Dormant,Control,3-BS_ND_C,1.29,0,1,2020-05-05,126
3,D_11,Germany x Tajikistan,Non-Dormant,Control,3-BS_ND_C,2.01,4,2,2020-05-27,148
3,D_11,Germany x Tajikistan,Non-Dormant,Control,3-BS_ND_C,2.02,0,2,2020-06-04,156
3,D_11,Germany x Tajikistan,Non-Dormant,Control,3-BS_ND_C,2.03,0,2,2020-07-23,205
3,D_11,Germany x Tajikistan,Non-Dormant,Control,3-BS_ND_C,2.04,0,2,2020-08-07,220
3,D_11,Germany x Tajikistan,Non-Dormant,Control,3-BS_ND_C,2.05,0,2,2020-08-13,226
3,D_11,Germany x Tajikistan,Non-Dormant,Control,3-BS_ND_C,2.06,0,2,2020-08-18,231
3,D_11,Germany x Tajikistan,Non-Dormant,Control,3-BS_ND_C,2.07,0,2,2020-08-25,238
3,D_11,Germany x Tajikistan,Non-Dormant,Control,3-BS_ND_C,2.08,4,2,2020-09-10,254
3,D_11,Germany x Tajikistan,Non-Dormant,Control,3-BS_ND_C,2.09,3,2,2020-09-18,262
3,D_11,Germany x Tajikistan,Non-Dormant,Control,3-BS_ND_C,2.1,0,2,2020-10-02,276
3,D_11,Germany x Tajikistan,Non-Dormant,Control,3-BS_ND_C,2.11,0,2,2020-10-19,293
3,D_11,Germany x Tajikistan,Non-Dormant,Control,3-BS_ND_C,2.12,0,2,2020-10-30,304
3,D_11,Germany x Tajikistan,Non-Dormant,Control,3-BS_ND_C,2.13,0,2,2020-11-13,318
3,D_11,Germany x Tajikistan,Non-Dormant,Control,3-BS_ND_C,2.14,0,2,2020-12-02,337
3,D_11,Germany x Tajikistan,Non-Dormant,Control,3-BS_ND_C,2.15,0,2,2020-12-17,352
3,D_11,Germany x Tajikistan,Non-Dormant,Control,3-BS_ND_C,2.16,0,2,2021-01-15,15
3,D_11,Germany x Tajikistan,Non-Dormant,Control,3-BS_ND_C,2.17,0,2,2021-02-01,32
3,D_11,Germany x Tajikistan,Non-Dormant,Control,3-BS_ND_C,2.18,0,2,2021-02-25,56
3,D_11,Germany x Tajikistan,Non-Dormant,Control,3-BS_ND_C,2.19,0,2,2021-03-08,67
3,D_11,Germany x Tajikistan,Non-Dormant,Control,3-BS_ND_C,2.2,0,2,2021-03-25,84
3,D_11,Germany x Tajikistan,Non-Dormant,Control,3-BS_ND_C,2.21,0,2,2021-04-08,98
3,D_11,Germany x Tajikistan,Non-Dormant,Control,3-BS_ND_C,3.14,0,3,2021-08-17,229
3,D_11,Germany x Tajikistan,Non-Dormant,Control,3-BS_ND_C,3.15,0,3,2021-08-25,237
3,D_11,Germany x Tajikistan,Non-Dormant,Control,3-BS_ND_C,3.16,0,3,2021-09-02,245
3,D_11,Germany x Tajikistan,Non-Dormant,Control,3-BS_ND_C,3.17,0,3,2021-09-08,251
3,D_11,Germany x Tajikistan,Non-Dormant,Control,3-BS_ND_C,3.18,0,3,2021-09-15,258
3,D_11,Germany x Tajikistan,Non-Dormant,Control,3-BS_ND_C,3.19,0,3,2021-09-22,265
3,D_11,Germany x Tajikistan,Non-Dormant,Control,3-BS_ND_C,3.2,0,3,2021-09-29,272
3,D_11,Germany x Tajikistan,Non-Dormant,Control,3-BS_ND_C,3.21,0,3,2021-10-13,286
3,D_11,Germany x Tajikistan,Non-Dormant,Control,3-BS_ND_C,3.22,0,3,2021-11-10,314
3,D_11,Germany x Tajikistan,Non-Dormant,Control,3-BS_ND_C,3.23,0,3,2021-12-17,351
3,D_12,Germany x Tajikistan,Dormant,Litter,3-BS_D_F,1.01,NA,1,2019-06-12,163
3,D_12,Germany x Tajikistan,Dormant,Litter,3-BS_D_F,1.02,NA,1,2019-06-16,167
3,D_12,Germany x Tajikistan,Dormant,Litter,3-BS_D_F,1.03,NA,1,2019-06-26,177
3,D_12,Germany x Tajikistan,Dormant,Litter,3-BS_D_F,1.04,NA,1,2019-07-03,184
3,D_12,Germany x Tajikistan,Dormant,Litter,3-BS_D_F,1.05,NA,1,2019-07-10,191
3,D_12,Germany x Tajikistan,Dormant,Litter,3-BS_D_F,1.06,NA,1,2019-07-17,198
3,D_12,Germany x Tajikistan,Dormant,Litter,3-BS_D_F,1.07,0,1,2019-07-24,205
3,D_12,Germany x Tajikistan,Dormant,Litter,3-BS_D_F,1.08,0,1,2019-07-31,212
3,D_12,Germany x Tajikistan,Dormant,Litter,3-BS_D_F,1.09,0,1,2019-08-07,219
3,D_12,Germany x Tajikistan,Dormant,Litter,3-BS_D_F,1.1,0,1,2019-08-15,227
3,D_12,Germany x Tajikistan,Dormant,Litter,3-BS_D_F,1.11,0,1,2019-08-20,232
3,D_12,Germany x Tajikistan,Dormant,Litter,3-BS_D_F,1.12,0,1,2019-08-28,240
3,D_12,Germany x Tajikistan,Dormant,Litter,3-BS_D_F,1.13,0,1,2019-09-04,247
3,D_12,Germany x Tajikistan,Dormant,Litter,3-BS_D_F,1.14,0,1,2019-09-11,254
3,D_12,Germany x Tajikistan,Dormant,Litter,3-BS_D_F,1.15,0,1,2019-09-18,261
3,D_12,Germany x Tajikistan,Dormant,Litter,3-BS_D_F,1.16,0,1,2019-09-25,268
3,D_12,Germany x Tajikistan,Dormant,Litter,3-BS_D_F,1.17,0,1,2019-10-02,275
3,D_12,Germany x Tajikistan,Dormant,Litter,3-BS_D_F,1.18,0,1,2019-10-09,282
3,D_12,Germany x Tajikistan,Dormant,Litter,3-BS_D_F,1.19,0,1,2019-10-18,291
3,D_12,Germany x Tajikistan,Dormant,Litter,3-BS_D_F,1.2,0,1,2019-10-23,296
3,D_12,Germany x Tajikistan,Dormant,Litter,3-BS_D_F,1.22,0,1,2019-11-06,310
3,D_12,Germany x Tajikistan,Dormant,Litter,3-BS_D_F,1.23,0,1,2019-11-20,324
3,D_12,Germany x Tajikistan,Dormant,Litter,3-BS_D_F,1.24,0,1,2019-12-04,338
3,D_12,Germany x Tajikistan,Dormant,Litter,3-BS_D_F,1.25,0,1,2019-12-20,354
3,D_12,Germany x Tajikistan,Dormant,Litter,3-BS_D_F,1.26,0,1,2020-02-10,41
3,D_12,Germany x Tajikistan,Dormant,Litter,3-BS_D_F,1.27,0,1,2020-03-02,62
3,D_12,Germany x Tajikistan,Dormant,Litter,3-BS_D_F,1.29,0,1,2020-05-05,126
3,D_12,Germany x Tajikistan,Dormant,Litter,3-BS_D_F,2.01,0,2,2020-05-27,148
3,D_12,Germany x Tajikistan,Dormant,Litter,3-BS_D_F,2.02,0,2,2020-06-04,156
3,D_12,Germany x Tajikistan,Dormant,Litter,3-BS_D_F,2.03,NA,NA,NA,NA
3,D_12,Germany x Tajikistan,Dormant,Litter,3-BS_D_F,2.04,NA,NA,NA,NA
3,D_12,Germany x Tajikistan,Dormant,Litter,3-BS_D_F,2.05,NA,NA,NA,NA
3,D_12,Germany x Tajikistan,Dormant,Litter,3-BS_D_F,2.06,NA,NA,NA,NA
3,D_12,Germany x Tajikistan,Dormant,Litter,3-BS_D_F,2.07,NA,NA,NA,NA
3,D_12,Germany x Tajikistan,Dormant,Litter,3-BS_D_F,2.08,NA,2,2020-09-10,254
3,D_12,Germany x Tajikistan,Dormant,Litter,3-BS_D_F,2.09,0,2,2020-09-18,262
3,D_12,Germany x Tajikistan,Dormant,Litter,3-BS_D_F,2.1,0,2,2020-10-02,276
3,D_12,Germany x Tajikistan,Dormant,Litter,3-BS_D_F,2.11,0,2,2020-10-19,293
3,D_12,Germany x Tajikistan,Dormant,Litter,3-BS_D_F,2.12,0,2,2020-10-30,304
3,D_12,Germany x Tajikistan,Dormant,Litter,3-BS_D_F,2.13,0,2,2020-11-13,318
3,D_12,Germany x Tajikistan,Dormant,Litter,3-BS_D_F,2.14,0,2,2020-12-02,337
3,D_12,Germany x Tajikistan,Dormant,Litter,3-BS_D_F,2.15,0,2,2020-12-17,352
3,D_12,Germany x Tajikistan,Dormant,Litter,3-BS_D_F,2.16,0,2,2021-01-15,15
3,D_12,Germany x Tajikistan,Dormant,Litter,3-BS_D_F,2.17,0,2,2021-02-01,32
3,D_12,Germany x Tajikistan,Dormant,Litter,3-BS_D_F,2.18,0,2,2021-02-25,56
3,D_12,Germany x Tajikistan,Dormant,Litter,3-BS_D_F,2.19,0,2,2021-03-08,67
3,D_12,Germany x Tajikistan,Dormant,Litter,3-BS_D_F,2.2,0,2,2021-03-25,84
3,D_12,Germany x Tajikistan,Dormant,Litter,3-BS_D_F,2.21,0,2,2021-04-08,98
3,D_12,Germany x Tajikistan,Dormant,Litter,3-BS_D_F,3.14,NA,NA,NA,NA
3,D_12,Germany x Tajikistan,Dormant,Litter,3-BS_D_F,3.15,NA,NA,NA,NA
3,D_12,Germany x Tajikistan,Dormant,Litter,3-BS_D_F,3.16,NA,NA,NA,NA
3,D_12,Germany x Tajikistan,Dormant,Litter,3-BS_D_F,3.17,NA,NA,NA,NA
3,D_12,Germany x Tajikistan,Dormant,Litter,3-BS_D_F,3.18,NA,NA,NA,NA
3,D_12,Germany x Tajikistan,Dormant,Litter,3-BS_D_F,3.19,NA,NA,NA,NA
3,D_12,Germany x Tajikistan,Dormant,Litter,3-BS_D_F,3.2,NA,NA,NA,NA
3,D_12,Germany x Tajikistan,Dormant,Litter,3-BS_D_F,3.21,NA,NA,NA,NA
3,D_12,Germany x Tajikistan,Dormant,Litter,3-BS_D_F,3.22,NA,NA,NA,NA
3,D_12,Germany x Tajikistan,Dormant,Litter,3-BS_D_F,3.23,NA,NA,NA,NA
3,D_13,Italy x Sweden,Dormant,Control,3-IS_D_C,1.01,2,1,2019-06-12,163
3,D_13,Italy x Sweden,Dormant,Control,3-IS_D_C,1.02,0,1,2019-06-16,167
3,D_13,Italy x Sweden,Dormant,Control,3-IS_D_C,1.03,0,1,2019-06-26,177
3,D_13,Italy x Sweden,Dormant,Control,3-IS_D_C,1.04,0,1,2019-07-03,184
3,D_13,Italy x Sweden,Dormant,Control,3-IS_D_C,1.05,NA,1,2019-07-10,191
3,D_13,Italy x Sweden,Dormant,Control,3-IS_D_C,1.06,NA,1,2019-07-17,198
3,D_13,Italy x Sweden,Dormant,Control,3-IS_D_C,1.07,0,1,2019-07-24,205
3,D_13,Italy x Sweden,Dormant,Control,3-IS_D_C,1.08,0,1,2019-07-31,212
3,D_13,Italy x Sweden,Dormant,Control,3-IS_D_C,1.09,0,1,2019-08-07,219
3,D_13,Italy x Sweden,Dormant,Control,3-IS_D_C,1.1,0,1,2019-08-15,227
3,D_13,Italy x Sweden,Dormant,Control,3-IS_D_C,1.11,0,1,2019-08-20,232
3,D_13,Italy x Sweden,Dormant,Control,3-IS_D_C,1.12,0,1,2019-08-28,240
3,D_13,Italy x Sweden,Dormant,Control,3-IS_D_C,1.13,0,1,2019-09-04,247
3,D_13,Italy x Sweden,Dormant,Control,3-IS_D_C,1.14,0,1,2019-09-11,254
3,D_13,Italy x Sweden,Dormant,Control,3-IS_D_C,1.15,0,1,2019-09-18,261
3,D_13,Italy x Sweden,Dormant,Control,3-IS_D_C,1.16,0,1,2019-09-25,268
3,D_13,Italy x Sweden,Dormant,Control,3-IS_D_C,1.17,0,1,2019-10-02,275
3,D_13,Italy x Sweden,Dormant,Control,3-IS_D_C,1.18,0,1,2019-10-09,282
3,D_13,Italy x Sweden,Dormant,Control,3-IS_D_C,1.19,0,1,2019-10-18,291
3,D_13,Italy x Sweden,Dormant,Control,3-IS_D_C,1.2,0,1,2019-10-23,296
3,D_13,Italy x Sweden,Dormant,Control,3-IS_D_C,1.22,0,1,2019-11-06,310
3,D_13,Italy x Sweden,Dormant,Control,3-IS_D_C,1.23,2,1,2019-11-20,324
3,D_13,Italy x Sweden,Dormant,Control,3-IS_D_C,1.24,0,1,2019-12-04,338
3,D_13,Italy x Sweden,Dormant,Control,3-IS_D_C,1.25,0,1,2019-12-20,354
3,D_13,Italy x Sweden,Dormant,Control,3-IS_D_C,1.26,1,1,2020-02-10,41
3,D_13,Italy x Sweden,Dormant,Control,3-IS_D_C,1.27,0,1,2020-03-02,62
3,D_13,Italy x Sweden,Dormant,Control,3-IS_D_C,1.29,0,1,2020-05-05,126
3,D_13,Italy x Sweden,Dormant,Control,3-IS_D_C,2.01,0,2,2020-05-27,148
3,D_13,Italy x Sweden,Dormant,Control,3-IS_D_C,2.02,0,2,2020-06-04,156
3,D_13,Italy x Sweden,Dormant,Control,3-IS_D_C,2.03,0,2,2020-07-23,205
3,D_13,Italy x Sweden,Dormant,Control,3-IS_D_C,2.04,0,2,2020-08-07,220
3,D_13,Italy x Sweden,Dormant,Control,3-IS_D_C,2.05,0,2,2020-08-13,226
3,D_13,Italy x Sweden,Dormant,Control,3-IS_D_C,2.06,0,2,2020-08-18,231
3,D_13,Italy x Sweden,Dormant,Control,3-IS_D_C,2.07,0,2,2020-08-25,238
3,D_13,Italy x Sweden,Dormant,Control,3-IS_D_C,2.08,0,2,2020-09-10,254
3,D_13,Italy x Sweden,Dormant,Control,3-IS_D_C,2.09,2,2,2020-09-18,262
3,D_13,Italy x Sweden,Dormant,Control,3-IS_D_C,2.1,0,2,2020-10-02,276
3,D_13,Italy x Sweden,Dormant,Control,3-IS_D_C,2.11,0,2,2020-10-19,293
3,D_13,Italy x Sweden,Dormant,Control,3-IS_D_C,2.12,0,2,2020-10-30,304
3,D_13,Italy x Sweden,Dormant,Control,3-IS_D_C,2.13,0,2,2020-11-13,318
3,D_13,Italy x Sweden,Dormant,Control,3-IS_D_C,2.14,0,2,2020-12-02,337
3,D_13,Italy x Sweden,Dormant,Control,3-IS_D_C,2.15,0,2,2020-12-17,352
3,D_13,Italy x Sweden,Dormant,Control,3-IS_D_C,2.16,0,2,2021-01-15,15
3,D_13,Italy x Sweden,Dormant,Control,3-IS_D_C,2.17,0,2,2021-02-01,32
3,D_13,Italy x Sweden,Dormant,Control,3-IS_D_C,2.18,0,2,2021-02-25,56
3,D_13,Italy x Sweden,Dormant,Control,3-IS_D_C,2.19,0,2,2021-03-08,67
3,D_13,Italy x Sweden,Dormant,Control,3-IS_D_C,2.2,0,2,2021-03-25,84
3,D_13,Italy x Sweden,Dormant,Control,3-IS_D_C,2.21,0,2,2021-04-08,98
3,D_13,Italy x Sweden,Dormant,Control,3-IS_D_C,3.14,0,3,2021-08-17,229
3,D_13,Italy x Sweden,Dormant,Control,3-IS_D_C,3.15,0,3,2021-08-25,237
3,D_13,Italy x Sweden,Dormant,Control,3-IS_D_C,3.16,0,3,2021-09-02,245
3,D_13,Italy x Sweden,Dormant,Control,3-IS_D_C,3.17,0,3,2021-09-08,251
3,D_13,Italy x Sweden,Dormant,Control,3-IS_D_C,3.18,0,3,2021-09-15,258
3,D_13,Italy x Sweden,Dormant,Control,3-IS_D_C,3.19,0,3,2021-09-22,265
3,D_13,Italy x Sweden,Dormant,Control,3-IS_D_C,3.2,24,3,2021-09-29,272
3,D_13,Italy x Sweden,Dormant,Control,3-IS_D_C,3.21,18,3,2021-10-13,286
3,D_13,Italy x Sweden,Dormant,Control,3-IS_D_C,3.22,0,3,2021-11-10,314
3,D_13,Italy x Sweden,Dormant,Control,3-IS_D_C,3.23,0,3,2021-12-17,351
4,E_1,Italy x Sweden,Non-Dormant,Native Soil,4-IS-ND-Soil,1.01,5,1,2019-06-12,163
4,E_1,Italy x Sweden,Non-Dormant,Native Soil,4-IS-ND-Soil,1.02,0,1,2019-06-16,167
4,E_1,Italy x Sweden,Non-Dormant,Native Soil,4-IS-ND-Soil,1.03,0,1,2019-06-26,177
4,E_1,Italy x Sweden,Non-Dormant,Native Soil,4-IS-ND-Soil,1.04,0,1,2019-07-03,184
4,E_1,Italy x Sweden,Non-Dormant,Native Soil,4-IS-ND-Soil,1.05,NA,1,2019-07-10,191
4,E_1,Italy x Sweden,Non-Dormant,Native Soil,4-IS-ND-Soil,1.06,NA,1,2019-07-17,198
4,E_1,Italy x Sweden,Non-Dormant,Native Soil,4-IS-ND-Soil,1.07,0,1,2019-07-24,205
4,E_1,Italy x Sweden,Non-Dormant,Native Soil,4-IS-ND-Soil,1.08,0,1,2019-07-31,212
4,E_1,Italy x Sweden,Non-Dormant,Native Soil,4-IS-ND-Soil,1.09,0,1,2019-08-07,219
4,E_1,Italy x Sweden,Non-Dormant,Native Soil,4-IS-ND-Soil,1.1,0,1,2019-08-15,227
4,E_1,Italy x Sweden,Non-Dormant,Native Soil,4-IS-ND-Soil,1.11,0,1,2019-08-20,232
4,E_1,Italy x Sweden,Non-Dormant,Native Soil,4-IS-ND-Soil,1.12,0,1,2019-08-28,240
4,E_1,Italy x Sweden,Non-Dormant,Native Soil,4-IS-ND-Soil,1.13,0,1,2019-09-04,247
4,E_1,Italy x Sweden,Non-Dormant,Native Soil,4-IS-ND-Soil,1.14,0,1,2019-09-11,254
4,E_1,Italy x Sweden,Non-Dormant,Native Soil,4-IS-ND-Soil,1.15,0,1,2019-09-18,261
4,E_1,Italy x Sweden,Non-Dormant,Native Soil,4-IS-ND-Soil,1.16,0,1,2019-09-25,268
4,E_1,Italy x Sweden,Non-Dormant,Native Soil,4-IS-ND-Soil,1.17,0,1,2019-10-02,275
4,E_1,Italy x Sweden,Non-Dormant,Native Soil,4-IS-ND-Soil,1.18,0,1,2019-10-09,282
4,E_1,Italy x Sweden,Non-Dormant,Native Soil,4-IS-ND-Soil,1.19,0,1,2019-10-18,291
4,E_1,Italy x Sweden,Non-Dormant,Native Soil,4-IS-ND-Soil,1.2,0,1,2019-10-23,296
4,E_1,Italy x Sweden,Non-Dormant,Native Soil,4-IS-ND-Soil,1.22,0,1,2019-11-06,310
4,E_1,Italy x Sweden,Non-Dormant,Native Soil,4-IS-ND-Soil,1.23,0,1,2019-11-20,324
4,E_1,Italy x Sweden,Non-Dormant,Native Soil,4-IS-ND-Soil,1.24,20,1,2019-12-04,338
4,E_1,Italy x Sweden,Non-Dormant,Native Soil,4-IS-ND-Soil,1.25,10,1,2019-12-20,354
4,E_1,Italy x Sweden,Non-Dormant,Native Soil,4-IS-ND-Soil,1.26,0,1,2020-02-10,41
4,E_1,Italy x Sweden,Non-Dormant,Native Soil,4-IS-ND-Soil,1.27,0,1,2020-03-02,62
4,E_1,Italy x Sweden,Non-Dormant,Native Soil,4-IS-ND-Soil,1.29,0,1,2020-05-05,126
4,E_1,Italy x Sweden,Non-Dormant,Native Soil,4-IS-ND-Soil,2.01,2,2,2020-05-27,148
4,E_1,Italy x Sweden,Non-Dormant,Native Soil,4-IS-ND-Soil,2.02,0,2,2020-06-04,156
4,E_1,Italy x Sweden,Non-Dormant,Native Soil,4-IS-ND-Soil,2.03,0,2,2020-07-23,205
4,E_1,Italy x Sweden,Non-Dormant,Native Soil,4-IS-ND-Soil,2.04,0,2,2020-08-07,220
4,E_1,Italy x Sweden,Non-Dormant,Native Soil,4-IS-ND-Soil,2.05,0,2,2020-08-13,226
4,E_1,Italy x Sweden,Non-Dormant,Native Soil,4-IS-ND-Soil,2.06,0,2,2020-08-18,231
4,E_1,Italy x Sweden,Non-Dormant,Native Soil,4-IS-ND-Soil,2.07,0,2,2020-08-25,238
4,E_1,Italy x Sweden,Non-Dormant,Native Soil,4-IS-ND-Soil,2.08,0,2,2020-09-10,254
4,E_1,Italy x Sweden,Non-Dormant,Native Soil,4-IS-ND-Soil,2.09,1,2,2020-09-18,262
4,E_1,Italy x Sweden,Non-Dormant,Native Soil,4-IS-ND-Soil,2.1,0,2,2020-10-02,276
4,E_1,Italy x Sweden,Non-Dormant,Native Soil,4-IS-ND-Soil,2.11,0,2,2020-10-19,293
4,E_1,Italy x Sweden,Non-Dormant,Native Soil,4-IS-ND-Soil,2.12,0,2,2020-10-30,304
4,E_1,Italy x Sweden,Non-Dormant,Native Soil,4-IS-ND-Soil,2.13,0,2,2020-11-13,318
4,E_1,Italy x Sweden,Non-Dormant,Native Soil,4-IS-ND-Soil,2.14,0,2,2020-12-04,339
4,E_1,Italy x Sweden,Non-Dormant,Native Soil,4-IS-ND-Soil,2.15,0,2,2020-12-17,352
4,E_1,Italy x Sweden,Non-Dormant,Native Soil,4-IS-ND-Soil,2.16,0,2,2021-01-15,15
4,E_1,Italy x Sweden,Non-Dormant,Native Soil,4-IS-ND-Soil,2.17,0,2,2021-02-01,32
4,E_1,Italy x Sweden,Non-Dormant,Native Soil,4-IS-ND-Soil,2.18,0,2,2021-02-25,56
4,E_1,Italy x Sweden,Non-Dormant,Native Soil,4-IS-ND-Soil,2.19,0,2,2021-03-08,67
4,E_1,Italy x Sweden,Non-Dormant,Native Soil,4-IS-ND-Soil,2.2,0,2,2021-03-25,84
4,E_1,Italy x Sweden,Non-Dormant,Native Soil,4-IS-ND-Soil,2.21,0,2,2021-04-08,98
4,E_1,Italy x Sweden,Non-Dormant,Native Soil,4-IS-ND-Soil,3.14,0,3,2021-08-17,229
4,E_1,Italy x Sweden,Non-Dormant,Native Soil,4-IS-ND-Soil,3.15,0,3,2021-08-25,237
4,E_1,Italy x Sweden,Non-Dormant,Native Soil,4-IS-ND-Soil,3.16,0,3,2021-09-02,245
4,E_1,Italy x Sweden,Non-Dormant,Native Soil,4-IS-ND-Soil,3.17,0,3,2021-09-08,251
4,E_1,Italy x Sweden,Non-Dormant,Native Soil,4-IS-ND-Soil,3.18,0,3,2021-09-15,258
4,E_1,Italy x Sweden,Non-Dormant,Native Soil,4-IS-ND-Soil,3.19,0,3,2021-09-22,265
4,E_1,Italy x Sweden,Non-Dormant,Native Soil,4-IS-ND-Soil,3.2,0,3,2021-10-01,274
4,E_1,Italy x Sweden,Non-Dormant,Native Soil,4-IS-ND-Soil,3.21,3,3,2021-10-13,286
4,E_1,Italy x Sweden,Non-Dormant,Native Soil,4-IS-ND-Soil,3.22,0,3,2021-11-12,316
4,E_1,Italy x Sweden,Non-Dormant,Native Soil,4-IS-ND-Soil,3.23,0,3,2021-12-17,351
4,E_2,Italy x Sweden,Mixed,Control,4-IS_M_C,1.01,6,1,2019-06-12,163
4,E_2,Italy x Sweden,Mixed,Control,4-IS_M_C,1.02,0,1,2019-06-16,167
4,E_2,Italy x Sweden,Mixed,Control,4-IS_M_C,1.03,0,1,2019-06-26,177
4,E_2,Italy x Sweden,Mixed,Control,4-IS_M_C,1.04,0,1,2019-07-03,184
4,E_2,Italy x Sweden,Mixed,Control,4-IS_M_C,1.05,NA,1,2019-07-10,191
4,E_2,Italy x Sweden,Mixed,Control,4-IS_M_C,1.06,NA,1,2019-07-17,198
4,E_2,Italy x Sweden,Mixed,Control,4-IS_M_C,1.07,0,1,2019-07-24,205
4,E_2,Italy x Sweden,Mixed,Control,4-IS_M_C,1.08,0,1,2019-07-31,212
4,E_2,Italy x Sweden,Mixed,Control,4-IS_M_C,1.09,0,1,2019-08-07,219
4,E_2,Italy x Sweden,Mixed,Control,4-IS_M_C,1.1,0,1,2019-08-15,227
4,E_2,Italy x Sweden,Mixed,Control,4-IS_M_C,1.11,0,1,2019-08-20,232
4,E_2,Italy x Sweden,Mixed,Control,4-IS_M_C,1.12,0,1,2019-08-28,240
4,E_2,Italy x Sweden,Mixed,Control,4-IS_M_C,1.13,0,1,2019-09-04,247
4,E_2,Italy x Sweden,Mixed,Control,4-IS_M_C,1.14,0,1,2019-09-11,254
4,E_2,Italy x Sweden,Mixed,Control,4-IS_M_C,1.15,0,1,2019-09-18,261
4,E_2,Italy x Sweden,Mixed,Control,4-IS_M_C,1.16,0,1,2019-09-25,268
4,E_2,Italy x Sweden,Mixed,Control,4-IS_M_C,1.17,0,1,2019-10-02,275
4,E_2,Italy x Sweden,Mixed,Control,4-IS_M_C,1.18,0,1,2019-10-09,282
4,E_2,Italy x Sweden,Mixed,Control,4-IS_M_C,1.19,0,1,2019-10-18,291
4,E_2,Italy x Sweden,Mixed,Control,4-IS_M_C,1.2,10,1,2019-10-23,296
4,E_2,Italy x Sweden,Mixed,Control,4-IS_M_C,1.22,0,1,2019-11-06,310
4,E_2,Italy x Sweden,Mixed,Control,4-IS_M_C,1.23,0,1,2019-11-20,324
4,E_2,Italy x Sweden,Mixed,Control,4-IS_M_C,1.24,0,1,2019-12-04,338
4,E_2,Italy x Sweden,Mixed,Control,4-IS_M_C,1.25,22,1,2019-12-20,354
4,E_2,Italy x Sweden,Mixed,Control,4-IS_M_C,1.26,0,1,2020-02-10,41
4,E_2,Italy x Sweden,Mixed,Control,4-IS_M_C,1.27,0,1,2020-03-02,62
4,E_2,Italy x Sweden,Mixed,Control,4-IS_M_C,1.29,0,1,2020-05-05,126
4,E_2,Italy x Sweden,Mixed,Control,4-IS_M_C,2.01,1,2,2020-05-27,148
4,E_2,Italy x Sweden,Mixed,Control,4-IS_M_C,2.02,0,2,2020-06-04,156
4,E_2,Italy x Sweden,Mixed,Control,4-IS_M_C,2.03,0,2,2020-07-23,205
4,E_2,Italy x Sweden,Mixed,Control,4-IS_M_C,2.04,0,2,2020-08-07,220
4,E_2,Italy x Sweden,Mixed,Control,4-IS_M_C,2.05,0,2,2020-08-13,226
4,E_2,Italy x Sweden,Mixed,Control,4-IS_M_C,2.06,0,2,2020-08-18,231
4,E_2,Italy x Sweden,Mixed,Control,4-IS_M_C,2.07,0,2,2020-08-25,238
4,E_2,Italy x Sweden,Mixed,Control,4-IS_M_C,2.08,0,2,2020-09-10,254
4,E_2,Italy x Sweden,Mixed,Control,4-IS_M_C,2.09,53,2,2020-09-18,262
4,E_2,Italy x Sweden,Mixed,Control,4-IS_M_C,2.1,0,2,2020-10-02,276
4,E_2,Italy x Sweden,Mixed,Control,4-IS_M_C,2.11,0,2,2020-10-19,293
4,E_2,Italy x Sweden,Mixed,Control,4-IS_M_C,2.12,0,2,2020-10-30,304
4,E_2,Italy x Sweden,Mixed,Control,4-IS_M_C,2.13,0,2,2020-11-13,318
4,E_2,Italy x Sweden,Mixed,Control,4-IS_M_C,2.14,0,2,2020-12-04,339
4,E_2,Italy x Sweden,Mixed,Control,4-IS_M_C,2.15,0,2,2020-12-17,352
4,E_2,Italy x Sweden,Mixed,Control,4-IS_M_C,2.16,0,2,2021-01-15,15
4,E_2,Italy x Sweden,Mixed,Control,4-IS_M_C,2.17,0,2,2021-02-01,32
4,E_2,Italy x Sweden,Mixed,Control,4-IS_M_C,2.18,0,2,2021-02-25,56
4,E_2,Italy x Sweden,Mixed,Control,4-IS_M_C,2.19,0,2,2021-03-08,67
4,E_2,Italy x Sweden,Mixed,Control,4-IS_M_C,2.2,0,2,2021-03-25,84
4,E_2,Italy x Sweden,Mixed,Control,4-IS_M_C,2.21,0,2,2021-04-08,98
4,E_2,Italy x Sweden,Mixed,Control,4-IS_M_C,3.14,0,3,2021-08-17,229
4,E_2,Italy x Sweden,Mixed,Control,4-IS_M_C,3.15,0,3,2021-08-25,237
4,E_2,Italy x Sweden,Mixed,Control,4-IS_M_C,3.16,0,3,2021-09-02,245
4,E_2,Italy x Sweden,Mixed,Control,4-IS_M_C,3.17,0,3,2021-09-08,251
4,E_2,Italy x Sweden,Mixed,Control,4-IS_M_C,3.18,0,3,2021-09-15,258
4,E_2,Italy x Sweden,Mixed,Control,4-IS_M_C,3.19,0,3,2021-09-22,265
4,E_2,Italy x Sweden,Mixed,Control,4-IS_M_C,3.2,203,3,2021-10-01,274
4,E_2,Italy x Sweden,Mixed,Control,4-IS_M_C,3.21,51,3,2021-10-13,286
4,E_2,Italy x Sweden,Mixed,Control,4-IS_M_C,3.22,0,3,2021-11-12,316
4,E_2,Italy x Sweden,Mixed,Control,4-IS_M_C,3.23,0,3,2021-12-17,351
4,E_3,Italy x Sweden,Non-Dormant,Control,4-IS_ND_C,1.01,3,1,2019-06-12,163
4,E_3,Italy x Sweden,Non-Dormant,Control,4-IS_ND_C,1.02,0,1,2019-06-16,167
4,E_3,Italy x Sweden,Non-Dormant,Control,4-IS_ND_C,1.03,0,1,2019-06-26,177
4,E_3,Italy x Sweden,Non-Dormant,Control,4-IS_ND_C,1.04,0,1,2019-07-03,184
4,E_3,Italy x Sweden,Non-Dormant,Control,4-IS_ND_C,1.05,NA,1,2019-07-10,191
4,E_3,Italy x Sweden,Non-Dormant,Control,4-IS_ND_C,1.06,NA,1,2019-07-17,198
4,E_3,Italy x Sweden,Non-Dormant,Control,4-IS_ND_C,1.07,0,1,2019-07-24,205
4,E_3,Italy x Sweden,Non-Dormant,Control,4-IS_ND_C,1.08,0,1,2019-07-31,212
4,E_3,Italy x Sweden,Non-Dormant,Control,4-IS_ND_C,1.09,0,1,2019-08-07,219
4,E_3,Italy x Sweden,Non-Dormant,Control,4-IS_ND_C,1.1,0,1,2019-08-15,227
4,E_3,Italy x Sweden,Non-Dormant,Control,4-IS_ND_C,1.11,0,1,2019-08-20,232
4,E_3,Italy x Sweden,Non-Dormant,Control,4-IS_ND_C,1.12,0,1,2019-08-28,240
4,E_3,Italy x Sweden,Non-Dormant,Control,4-IS_ND_C,1.13,0,1,2019-09-04,247
4,E_3,Italy x Sweden,Non-Dormant,Control,4-IS_ND_C,1.14,0,1,2019-09-11,254
4,E_3,Italy x Sweden,Non-Dormant,Control,4-IS_ND_C,1.15,0,1,2019-09-18,261
4,E_3,Italy x Sweden,Non-Dormant,Control,4-IS_ND_C,1.16,0,1,2019-09-25,268
4,E_3,Italy x Sweden,Non-Dormant,Control,4-IS_ND_C,1.17,0,1,2019-10-02,275
4,E_3,Italy x Sweden,Non-Dormant,Control,4-IS_ND_C,1.18,0,1,2019-10-09,282
4,E_3,Italy x Sweden,Non-Dormant,Control,4-IS_ND_C,1.19,0,1,2019-10-18,291
4,E_3,Italy x Sweden,Non-Dormant,Control,4-IS_ND_C,1.2,1,1,2019-10-23,296
4,E_3,Italy x Sweden,Non-Dormant,Control,4-IS_ND_C,1.22,0,1,2019-11-06,310
4,E_3,Italy x Sweden,Non-Dormant,Control,4-IS_ND_C,1.23,1,1,2019-11-20,324
4,E_3,Italy x Sweden,Non-Dormant,Control,4-IS_ND_C,1.24,12,1,2019-12-04,338
4,E_3,Italy x Sweden,Non-Dormant,Control,4-IS_ND_C,1.25,4,1,2019-12-20,354
4,E_3,Italy x Sweden,Non-Dormant,Control,4-IS_ND_C,1.26,0,1,2020-02-10,41
4,E_3,Italy x Sweden,Non-Dormant,Control,4-IS_ND_C,1.27,0,1,2020-03-02,62
4,E_3,Italy x Sweden,Non-Dormant,Control,4-IS_ND_C,1.29,0,1,2020-05-05,126
4,E_3,Italy x Sweden,Non-Dormant,Control,4-IS_ND_C,2.01,17,2,2020-05-27,148
4,E_3,Italy x Sweden,Non-Dormant,Control,4-IS_ND_C,2.02,0,2,2020-06-04,156
4,E_3,Italy x Sweden,Non-Dormant,Control,4-IS_ND_C,2.03,0,2,2020-07-23,205
4,E_3,Italy x Sweden,Non-Dormant,Control,4-IS_ND_C,2.04,0,2,2020-08-07,220
4,E_3,Italy x Sweden,Non-Dormant,Control,4-IS_ND_C,2.05,0,2,2020-08-13,226
4,E_3,Italy x Sweden,Non-Dormant,Control,4-IS_ND_C,2.06,0,2,2020-08-18,231
4,E_3,Italy x Sweden,Non-Dormant,Control,4-IS_ND_C,2.07,0,2,2020-08-25,238
4,E_3,Italy x Sweden,Non-Dormant,Control,4-IS_ND_C,2.08,30,2,2020-09-10,254
4,E_3,Italy x Sweden,Non-Dormant,Control,4-IS_ND_C,2.09,14,2,2020-09-18,262
4,E_3,Italy x Sweden,Non-Dormant,Control,4-IS_ND_C,2.1,0,2,2020-10-02,276
4,E_3,Italy x Sweden,Non-Dormant,Control,4-IS_ND_C,2.11,0,2,2020-10-19,293
4,E_3,Italy x Sweden,Non-Dormant,Control,4-IS_ND_C,2.12,0,2,2020-10-30,304
4,E_3,Italy x Sweden,Non-Dormant,Control,4-IS_ND_C,2.13,0,2,2020-11-13,318
4,E_3,Italy x Sweden,Non-Dormant,Control,4-IS_ND_C,2.14,0,2,2020-12-04,339
4,E_3,Italy x Sweden,Non-Dormant,Control,4-IS_ND_C,2.15,0,2,2020-12-17,352
4,E_3,Italy x Sweden,Non-Dormant,Control,4-IS_ND_C,2.16,0,2,2021-01-15,15
4,E_3,Italy x Sweden,Non-Dormant,Control,4-IS_ND_C,2.17,0,2,2021-02-01,32
4,E_3,Italy x Sweden,Non-Dormant,Control,4-IS_ND_C,2.18,0,2,2021-02-25,56
4,E_3,Italy x Sweden,Non-Dormant,Control,4-IS_ND_C,2.19,0,2,2021-03-08,67
4,E_3,Italy x Sweden,Non-Dormant,Control,4-IS_ND_C,2.2,0,2,2021-03-25,84
4,E_3,Italy x Sweden,Non-Dormant,Control,4-IS_ND_C,2.21,0,2,2021-04-08,98
4,E_3,Italy x Sweden,Non-Dormant,Control,4-IS_ND_C,3.14,0,3,2021-08-17,229
4,E_3,Italy x Sweden,Non-Dormant,Control,4-IS_ND_C,3.15,0,3,2021-08-25,237
4,E_3,Italy x Sweden,Non-Dormant,Control,4-IS_ND_C,3.16,0,3,2021-09-02,245
4,E_3,Italy x Sweden,Non-Dormant,Control,4-IS_ND_C,3.17,0,3,2021-09-08,251
4,E_3,Italy x Sweden,Non-Dormant,Control,4-IS_ND_C,3.18,0,3,2021-09-15,258
4,E_3,Italy x Sweden,Non-Dormant,Control,4-IS_ND_C,3.19,0,3,2021-09-22,265
4,E_3,Italy x Sweden,Non-Dormant,Control,4-IS_ND_C,3.2,63,3,2021-10-01,274
4,E_3,Italy x Sweden,Non-Dormant,Control,4-IS_ND_C,3.21,0,3,2021-10-13,286
4,E_3,Italy x Sweden,Non-Dormant,Control,4-IS_ND_C,3.22,0,3,2021-11-12,316
4,E_3,Italy x Sweden,Non-Dormant,Control,4-IS_ND_C,3.23,1,3,2021-12-17,351
4,E_4,Germany x Tajikistan,Non-Dormant,Litter,4-BS_ND_F,1.01,NA,1,2019-06-12,163
4,E_4,Germany x Tajikistan,Non-Dormant,Litter,4-BS_ND_F,1.02,NA,1,2019-06-16,167
4,E_4,Germany x Tajikistan,Non-Dormant,Litter,4-BS_ND_F,1.03,NA,1,2019-06-26,177
4,E_4,Germany x Tajikistan,Non-Dormant,Litter,4-BS_ND_F,1.04,NA,1,2019-07-03,184
4,E_4,Germany x Tajikistan,Non-Dormant,Litter,4-BS_ND_F,1.05,NA,1,2019-07-10,191
4,E_4,Germany x Tajikistan,Non-Dormant,Litter,4-BS_ND_F,1.06,NA,1,2019-07-17,198
4,E_4,Germany x Tajikistan,Non-Dormant,Litter,4-BS_ND_F,1.07,0,1,2019-07-24,205
4,E_4,Germany x Tajikistan,Non-Dormant,Litter,4-BS_ND_F,1.08,0,1,2019-07-31,212
4,E_4,Germany x Tajikistan,Non-Dormant,Litter,4-BS_ND_F,1.09,0,1,2019-08-07,219
4,E_4,Germany x Tajikistan,Non-Dormant,Litter,4-BS_ND_F,1.1,0,1,2019-08-15,227
4,E_4,Germany x Tajikistan,Non-Dormant,Litter,4-BS_ND_F,1.11,0,1,2019-08-20,232
4,E_4,Germany x Tajikistan,Non-Dormant,Litter,4-BS_ND_F,1.12,0,1,2019-08-28,240
4,E_4,Germany x Tajikistan,Non-Dormant,Litter,4-BS_ND_F,1.13,0,1,2019-09-04,247
4,E_4,Germany x Tajikistan,Non-Dormant,Litter,4-BS_ND_F,1.14,0,1,2019-09-11,254
4,E_4,Germany x Tajikistan,Non-Dormant,Litter,4-BS_ND_F,1.15,0,1,2019-09-18,261
4,E_4,Germany x Tajikistan,Non-Dormant,Litter,4-BS_ND_F,1.16,0,1,2019-09-25,268
4,E_4,Germany x Tajikistan,Non-Dormant,Litter,4-BS_ND_F,1.17,0,1,2019-10-02,275
4,E_4,Germany x Tajikistan,Non-Dormant,Litter,4-BS_ND_F,1.18,0,1,2019-10-09,282
4,E_4,Germany x Tajikistan,Non-Dormant,Litter,4-BS_ND_F,1.19,0,1,2019-10-18,291
4,E_4,Germany x Tajikistan,Non-Dormant,Litter,4-BS_ND_F,1.2,8,1,2019-10-23,296
4,E_4,Germany x Tajikistan,Non-Dormant,Litter,4-BS_ND_F,1.22,0,1,2019-11-06,310
4,E_4,Germany x Tajikistan,Non-Dormant,Litter,4-BS_ND_F,1.23,0,1,2019-11-20,324
4,E_4,Germany x Tajikistan,Non-Dormant,Litter,4-BS_ND_F,1.24,0,1,2019-12-04,338
4,E_4,Germany x Tajikistan,Non-Dormant,Litter,4-BS_ND_F,1.25,0,1,2019-12-20,354
4,E_4,Germany x Tajikistan,Non-Dormant,Litter,4-BS_ND_F,1.26,0,1,2020-02-10,41
4,E_4,Germany x Tajikistan,Non-Dormant,Litter,4-BS_ND_F,1.27,0,1,2020-03-02,62
4,E_4,Germany x Tajikistan,Non-Dormant,Litter,4-BS_ND_F,1.29,0,1,2020-05-05,126
4,E_4,Germany x Tajikistan,Non-Dormant,Litter,4-BS_ND_F,2.01,0,2,2020-05-27,148
4,E_4,Germany x Tajikistan,Non-Dormant,Litter,4-BS_ND_F,2.02,0,2,2020-06-04,156
4,E_4,Germany x Tajikistan,Non-Dormant,Litter,4-BS_ND_F,2.03,NA,NA,NA,NA
4,E_4,Germany x Tajikistan,Non-Dormant,Litter,4-BS_ND_F,2.04,NA,NA,NA,NA
4,E_4,Germany x Tajikistan,Non-Dormant,Litter,4-BS_ND_F,2.05,NA,NA,NA,NA
4,E_4,Germany x Tajikistan,Non-Dormant,Litter,4-BS_ND_F,2.06,NA,NA,NA,NA
4,E_4,Germany x Tajikistan,Non-Dormant,Litter,4-BS_ND_F,2.07,NA,NA,NA,NA
4,E_4,Germany x Tajikistan,Non-Dormant,Litter,4-BS_ND_F,2.08,NA,2,2020-09-10,254
4,E_4,Germany x Tajikistan,Non-Dormant,Litter,4-BS_ND_F,2.09,13,2,2020-09-18,262
4,E_4,Germany x Tajikistan,Non-Dormant,Litter,4-BS_ND_F,2.1,0,2,2020-10-02,276
4,E_4,Germany x Tajikistan,Non-Dormant,Litter,4-BS_ND_F,2.11,0,2,2020-10-19,293
4,E_4,Germany x Tajikistan,Non-Dormant,Litter,4-BS_ND_F,2.12,0,2,2020-10-30,304
4,E_4,Germany x Tajikistan,Non-Dormant,Litter,4-BS_ND_F,2.13,0,2,2020-11-13,318
4,E_4,Germany x Tajikistan,Non-Dormant,Litter,4-BS_ND_F,2.14,0,2,2020-12-04,339
4,E_4,Germany x Tajikistan,Non-Dormant,Litter,4-BS_ND_F,2.15,0,2,2020-12-17,352
4,E_4,Germany x Tajikistan,Non-Dormant,Litter,4-BS_ND_F,2.16,0,2,2021-01-15,15
4,E_4,Germany x Tajikistan,Non-Dormant,Litter,4-BS_ND_F,2.17,0,2,2021-02-01,32
4,E_4,Germany x Tajikistan,Non-Dormant,Litter,4-BS_ND_F,2.18,0,2,2021-02-25,56
4,E_4,Germany x Tajikistan,Non-Dormant,Litter,4-BS_ND_F,2.19,0,2,2021-03-08,67
4,E_4,Germany x Tajikistan,Non-Dormant,Litter,4-BS_ND_F,2.2,0,2,2021-03-25,84
4,E_4,Germany x Tajikistan,Non-Dormant,Litter,4-BS_ND_F,2.21,0,2,2021-04-08,98
4,E_4,Germany x Tajikistan,Non-Dormant,Litter,4-BS_ND_F,3.14,NA,NA,NA,NA
4,E_4,Germany x Tajikistan,Non-Dormant,Litter,4-BS_ND_F,3.15,NA,NA,NA,NA
4,E_4,Germany x Tajikistan,Non-Dormant,Litter,4-BS_ND_F,3.16,NA,NA,NA,NA
4,E_4,Germany x Tajikistan,Non-Dormant,Litter,4-BS_ND_F,3.17,NA,NA,NA,NA
4,E_4,Germany x Tajikistan,Non-Dormant,Litter,4-BS_ND_F,3.18,NA,NA,NA,NA
4,E_4,Germany x Tajikistan,Non-Dormant,Litter,4-BS_ND_F,3.19,NA,NA,NA,NA
4,E_4,Germany x Tajikistan,Non-Dormant,Litter,4-BS_ND_F,3.2,NA,NA,NA,NA
4,E_4,Germany x Tajikistan,Non-Dormant,Litter,4-BS_ND_F,3.21,NA,NA,NA,NA
4,E_4,Germany x Tajikistan,Non-Dormant,Litter,4-BS_ND_F,3.22,NA,NA,NA,NA
4,E_4,Germany x Tajikistan,Non-Dormant,Litter,4-BS_ND_F,3.23,NA,NA,NA,NA
2,E_5,Germany x Tajikistan,Non-Dormant,Litter,2-BS_ND_F,1.01,NA,1,2019-06-12,163
2,E_5,Germany x Tajikistan,Non-Dormant,Litter,2-BS_ND_F,1.02,NA,1,2019-06-16,167
2,E_5,Germany x Tajikistan,Non-Dormant,Litter,2-BS_ND_F,1.03,NA,1,2019-06-26,177
2,E_5,Germany x Tajikistan,Non-Dormant,Litter,2-BS_ND_F,1.04,NA,1,2019-07-03,184
2,E_5,Germany x Tajikistan,Non-Dormant,Litter,2-BS_ND_F,1.05,NA,1,2019-07-10,191
2,E_5,Germany x Tajikistan,Non-Dormant,Litter,2-BS_ND_F,1.06,NA,1,2019-07-17,198
2,E_5,Germany x Tajikistan,Non-Dormant,Litter,2-BS_ND_F,1.07,0,1,2019-07-24,205
2,E_5,Germany x Tajikistan,Non-Dormant,Litter,2-BS_ND_F,1.08,0,1,2019-07-31,212
2,E_5,Germany x Tajikistan,Non-Dormant,Litter,2-BS_ND_F,1.09,0,1,2019-08-07,219
2,E_5,Germany x Tajikistan,Non-Dormant,Litter,2-BS_ND_F,1.1,0,1,2019-08-15,227
2,E_5,Germany x Tajikistan,Non-Dormant,Litter,2-BS_ND_F,1.11,0,1,2019-08-20,232
2,E_5,Germany x Tajikistan,Non-Dormant,Litter,2-BS_ND_F,1.12,0,1,2019-08-28,240
2,E_5,Germany x Tajikistan,Non-Dormant,Litter,2-BS_ND_F,1.13,0,1,2019-09-04,247
2,E_5,Germany x Tajikistan,Non-Dormant,Litter,2-BS_ND_F,1.14,0,1,2019-09-11,254
2,E_5,Germany x Tajikistan,Non-Dormant,Litter,2-BS_ND_F,1.15,0,1,2019-09-18,261
2,E_5,Germany x Tajikistan,Non-Dormant,Litter,2-BS_ND_F,1.16,0,1,2019-09-25,268
2,E_5,Germany x Tajikistan,Non-Dormant,Litter,2-BS_ND_F,1.17,0,1,2019-10-02,275
2,E_5,Germany x Tajikistan,Non-Dormant,Litter,2-BS_ND_F,1.18,0,1,2019-10-09,282
2,E_5,Germany x Tajikistan,Non-Dormant,Litter,2-BS_ND_F,1.19,0,1,2019-10-18,291
2,E_5,Germany x Tajikistan,Non-Dormant,Litter,2-BS_ND_F,1.2,1,1,2019-10-23,296
2,E_5,Germany x Tajikistan,Non-Dormant,Litter,2-BS_ND_F,1.22,0,1,2019-11-06,310
2,E_5,Germany x Tajikistan,Non-Dormant,Litter,2-BS_ND_F,1.23,0,1,2019-11-20,324
2,E_5,Germany x Tajikistan,Non-Dormant,Litter,2-BS_ND_F,1.24,0,1,2019-12-04,338
2,E_5,Germany x Tajikistan,Non-Dormant,Litter,2-BS_ND_F,1.25,0,1,2019-12-20,354
2,E_5,Germany x Tajikistan,Non-Dormant,Litter,2-BS_ND_F,1.26,0,1,2020-02-10,41
2,E_5,Germany x Tajikistan,Non-Dormant,Litter,2-BS_ND_F,1.27,0,1,2020-03-02,62
2,E_5,Germany x Tajikistan,Non-Dormant,Litter,2-BS_ND_F,1.29,0,1,2020-05-05,126
2,E_5,Germany x Tajikistan,Non-Dormant,Litter,2-BS_ND_F,2.01,0,2,2020-05-27,148
2,E_5,Germany x Tajikistan,Non-Dormant,Litter,2-BS_ND_F,2.02,0,2,2020-06-04,156
2,E_5,Germany x Tajikistan,Non-Dormant,Litter,2-BS_ND_F,2.03,NA,NA,NA,NA
2,E_5,Germany x Tajikistan,Non-Dormant,Litter,2-BS_ND_F,2.04,NA,NA,NA,NA
2,E_5,Germany x Tajikistan,Non-Dormant,Litter,2-BS_ND_F,2.05,NA,NA,NA,NA
2,E_5,Germany x Tajikistan,Non-Dormant,Litter,2-BS_ND_F,2.06,NA,NA,NA,NA
2,E_5,Germany x Tajikistan,Non-Dormant,Litter,2-BS_ND_F,2.07,NA,NA,NA,NA
2,E_5,Germany x Tajikistan,Non-Dormant,Litter,2-BS_ND_F,2.08,NA,2,2020-09-10,254
2,E_5,Germany x Tajikistan,Non-Dormant,Litter,2-BS_ND_F,2.09,25,2,2020-09-18,262
2,E_5,Germany x Tajikistan,Non-Dormant,Litter,2-BS_ND_F,2.1,0,2,2020-10-02,276
2,E_5,Germany x Tajikistan,Non-Dormant,Litter,2-BS_ND_F,2.11,0,2,2020-10-19,293
2,E_5,Germany x Tajikistan,Non-Dormant,Litter,2-BS_ND_F,2.12,0,2,2020-10-30,304
2,E_5,Germany x Tajikistan,Non-Dormant,Litter,2-BS_ND_F,2.13,0,2,2020-11-13,318
2,E_5,Germany x Tajikistan,Non-Dormant,Litter,2-BS_ND_F,2.14,0,2,2020-12-02,337
2,E_5,Germany x Tajikistan,Non-Dormant,Litter,2-BS_ND_F,2.15,0,2,2020-12-17,352
2,E_5,Germany x Tajikistan,Non-Dormant,Litter,2-BS_ND_F,2.16,0,2,2021-01-15,15
2,E_5,Germany x Tajikistan,Non-Dormant,Litter,2-BS_ND_F,2.17,0,2,2021-02-01,32
2,E_5,Germany x Tajikistan,Non-Dormant,Litter,2-BS_ND_F,2.18,0,2,2021-02-25,56
2,E_5,Germany x Tajikistan,Non-Dormant,Litter,2-BS_ND_F,2.19,0,2,2021-03-08,67
2,E_5,Germany x Tajikistan,Non-Dormant,Litter,2-BS_ND_F,2.2,0,2,2021-03-25,84
2,E_5,Germany x Tajikistan,Non-Dormant,Litter,2-BS_ND_F,2.21,0,2,2021-04-08,98
2,E_5,Germany x Tajikistan,Non-Dormant,Litter,2-BS_ND_F,3.14,NA,NA,NA,NA
2,E_5,Germany x Tajikistan,Non-Dormant,Litter,2-BS_ND_F,3.15,NA,NA,NA,NA
2,E_5,Germany x Tajikistan,Non-Dormant,Litter,2-BS_ND_F,3.16,NA,NA,NA,NA
2,E_5,Germany x Tajikistan,Non-Dormant,Litter,2-BS_ND_F,3.17,NA,NA,NA,NA
2,E_5,Germany x Tajikistan,Non-Dormant,Litter,2-BS_ND_F,3.18,NA,NA,NA,NA
2,E_5,Germany x Tajikistan,Non-Dormant,Litter,2-BS_ND_F,3.19,NA,NA,NA,NA
2,E_5,Germany x Tajikistan,Non-Dormant,Litter,2-BS_ND_F,3.2,NA,NA,NA,NA
2,E_5,Germany x Tajikistan,Non-Dormant,Litter,2-BS_ND_F,3.21,NA,NA,NA,NA
2,E_5,Germany x Tajikistan,Non-Dormant,Litter,2-BS_ND_F,3.22,NA,NA,NA,NA
2,E_5,Germany x Tajikistan,Non-Dormant,Litter,2-BS_ND_F,3.23,NA,NA,NA,NA
2,E_7,Italy x Sweden,Dormant,Litter,2-IS_D_F,1.01,1,1,2019-06-12,163
2,E_7,Italy x Sweden,Dormant,Litter,2-IS_D_F,1.02,0,1,2019-06-16,167
2,E_7,Italy x Sweden,Dormant,Litter,2-IS_D_F,1.03,0,1,2019-06-26,177
2,E_7,Italy x Sweden,Dormant,Litter,2-IS_D_F,1.04,0,1,2019-07-03,184
2,E_7,Italy x Sweden,Dormant,Litter,2-IS_D_F,1.05,NA,1,2019-07-10,191
2,E_7,Italy x Sweden,Dormant,Litter,2-IS_D_F,1.06,NA,1,2019-07-17,198
2,E_7,Italy x Sweden,Dormant,Litter,2-IS_D_F,1.07,0,1,2019-07-24,205
2,E_7,Italy x Sweden,Dormant,Litter,2-IS_D_F,1.08,0,1,2019-07-31,212
2,E_7,Italy x Sweden,Dormant,Litter,2-IS_D_F,1.09,0,1,2019-08-07,219
2,E_7,Italy x Sweden,Dormant,Litter,2-IS_D_F,1.1,0,1,2019-08-15,227
2,E_7,Italy x Sweden,Dormant,Litter,2-IS_D_F,1.11,0,1,2019-08-20,232
2,E_7,Italy x Sweden,Dormant,Litter,2-IS_D_F,1.12,0,1,2019-08-28,240
2,E_7,Italy x Sweden,Dormant,Litter,2-IS_D_F,1.13,0,1,2019-09-04,247
2,E_7,Italy x Sweden,Dormant,Litter,2-IS_D_F,1.14,0,1,2019-09-11,254
2,E_7,Italy x Sweden,Dormant,Litter,2-IS_D_F,1.15,0,1,2019-09-18,261
2,E_7,Italy x Sweden,Dormant,Litter,2-IS_D_F,1.16,0,1,2019-09-25,268
2,E_7,Italy x Sweden,Dormant,Litter,2-IS_D_F,1.17,0,1,2019-10-02,275
2,E_7,Italy x Sweden,Dormant,Litter,2-IS_D_F,1.18,0,1,2019-10-09,282
2,E_7,Italy x Sweden,Dormant,Litter,2-IS_D_F,1.19,0,1,2019-10-18,291
2,E_7,Italy x Sweden,Dormant,Litter,2-IS_D_F,1.2,13,1,2019-10-23,296
2,E_7,Italy x Sweden,Dormant,Litter,2-IS_D_F,1.22,0,1,2019-11-06,310
2,E_7,Italy x Sweden,Dormant,Litter,2-IS_D_F,1.23,0,1,2019-11-20,324
2,E_7,Italy x Sweden,Dormant,Litter,2-IS_D_F,1.24,1,1,2019-12-04,338
2,E_7,Italy x Sweden,Dormant,Litter,2-IS_D_F,1.25,1,1,2019-12-20,354
2,E_7,Italy x Sweden,Dormant,Litter,2-IS_D_F,1.26,0,1,2020-02-10,41
2,E_7,Italy x Sweden,Dormant,Litter,2-IS_D_F,1.27,0,1,2020-03-02,62
2,E_7,Italy x Sweden,Dormant,Litter,2-IS_D_F,1.29,0,1,2020-05-05,126
2,E_7,Italy x Sweden,Dormant,Litter,2-IS_D_F,2.01,0,2,2020-05-27,148
2,E_7,Italy x Sweden,Dormant,Litter,2-IS_D_F,2.02,0,2,2020-06-04,156
2,E_7,Italy x Sweden,Dormant,Litter,2-IS_D_F,2.03,0,2,2020-07-23,205
2,E_7,Italy x Sweden,Dormant,Litter,2-IS_D_F,2.04,0,2,2020-08-07,220
2,E_7,Italy x Sweden,Dormant,Litter,2-IS_D_F,2.05,0,2,2020-08-13,226
2,E_7,Italy x Sweden,Dormant,Litter,2-IS_D_F,2.06,0,2,2020-08-18,231
2,E_7,Italy x Sweden,Dormant,Litter,2-IS_D_F,2.07,0,2,2020-08-25,238
2,E_7,Italy x Sweden,Dormant,Litter,2-IS_D_F,2.08,6,2,2020-09-10,254
2,E_7,Italy x Sweden,Dormant,Litter,2-IS_D_F,2.09,17,2,2020-09-18,262
2,E_7,Italy x Sweden,Dormant,Litter,2-IS_D_F,2.1,0,2,2020-10-02,276
2,E_7,Italy x Sweden,Dormant,Litter,2-IS_D_F,2.11,0,2,2020-10-19,293
2,E_7,Italy x Sweden,Dormant,Litter,2-IS_D_F,2.12,0,2,2020-10-30,304
2,E_7,Italy x Sweden,Dormant,Litter,2-IS_D_F,2.13,0,2,2020-11-13,318
2,E_7,Italy x Sweden,Dormant,Litter,2-IS_D_F,2.14,0,2,2020-12-02,337
2,E_7,Italy x Sweden,Dormant,Litter,2-IS_D_F,2.15,0,2,2020-12-17,352
2,E_7,Italy x Sweden,Dormant,Litter,2-IS_D_F,2.16,0,2,2021-01-15,15
2,E_7,Italy x Sweden,Dormant,Litter,2-IS_D_F,2.17,0,2,2021-02-01,32
2,E_7,Italy x Sweden,Dormant,Litter,2-IS_D_F,2.18,0,2,2021-02-25,56
2,E_7,Italy x Sweden,Dormant,Litter,2-IS_D_F,2.19,0,2,2021-03-08,67
2,E_7,Italy x Sweden,Dormant,Litter,2-IS_D_F,2.2,0,2,2021-03-25,84
2,E_7,Italy x Sweden,Dormant,Litter,2-IS_D_F,2.21,0,2,2021-04-08,98
2,E_7,Italy x Sweden,Dormant,Litter,2-IS_D_F,3.14,0,3,2021-08-17,229
2,E_7,Italy x Sweden,Dormant,Litter,2-IS_D_F,3.15,0,3,2021-08-25,237
2,E_7,Italy x Sweden,Dormant,Litter,2-IS_D_F,3.16,0,3,2021-09-02,245
2,E_7,Italy x Sweden,Dormant,Litter,2-IS_D_F,3.17,0,3,2021-09-08,251
2,E_7,Italy x Sweden,Dormant,Litter,2-IS_D_F,3.18,0,3,2021-09-15,258
2,E_7,Italy x Sweden,Dormant,Litter,2-IS_D_F,3.19,0,3,2021-09-22,265
2,E_7,Italy x Sweden,Dormant,Litter,2-IS_D_F,3.2,13,3,2021-09-29,272
2,E_7,Italy x Sweden,Dormant,Litter,2-IS_D_F,3.21,1,3,2021-10-12,285
2,E_7,Italy x Sweden,Dormant,Litter,2-IS_D_F,3.22,0,3,2021-11-10,314
2,E_7,Italy x Sweden,Dormant,Litter,2-IS_D_F,3.23,0,3,2021-12-17,351
2,E_8,Italy x Sweden,Non-Dormant,Control,2-IS_ND_C,1.01,1,1,2019-06-12,163
2,E_8,Italy x Sweden,Non-Dormant,Control,2-IS_ND_C,1.02,0,1,2019-06-16,167
2,E_8,Italy x Sweden,Non-Dormant,Control,2-IS_ND_C,1.03,0,1,2019-06-26,177
2,E_8,Italy x Sweden,Non-Dormant,Control,2-IS_ND_C,1.04,0,1,2019-07-03,184
2,E_8,Italy x Sweden,Non-Dormant,Control,2-IS_ND_C,1.05,NA,1,2019-07-10,191
2,E_8,Italy x Sweden,Non-Dormant,Control,2-IS_ND_C,1.06,NA,1,2019-07-17,198
2,E_8,Italy x Sweden,Non-Dormant,Control,2-IS_ND_C,1.07,0,1,2019-07-24,205
2,E_8,Italy x Sweden,Non-Dormant,Control,2-IS_ND_C,1.08,0,1,2019-07-31,212
2,E_8,Italy x Sweden,Non-Dormant,Control,2-IS_ND_C,1.09,0,1,2019-08-07,219
2,E_8,Italy x Sweden,Non-Dormant,Control,2-IS_ND_C,1.1,0,1,2019-08-15,227
2,E_8,Italy x Sweden,Non-Dormant,Control,2-IS_ND_C,1.11,0,1,2019-08-20,232
2,E_8,Italy x Sweden,Non-Dormant,Control,2-IS_ND_C,1.12,0,1,2019-08-28,240
2,E_8,Italy x Sweden,Non-Dormant,Control,2-IS_ND_C,1.13,0,1,2019-09-04,247
2,E_8,Italy x Sweden,Non-Dormant,Control,2-IS_ND_C,1.14,0,1,2019-09-11,254
2,E_8,Italy x Sweden,Non-Dormant,Control,2-IS_ND_C,1.15,0,1,2019-09-18,261
2,E_8,Italy x Sweden,Non-Dormant,Control,2-IS_ND_C,1.16,0,1,2019-09-25,268
2,E_8,Italy x Sweden,Non-Dormant,Control,2-IS_ND_C,1.17,0,1,2019-10-02,275
2,E_8,Italy x Sweden,Non-Dormant,Control,2-IS_ND_C,1.18,0,1,2019-10-09,282
2,E_8,Italy x Sweden,Non-Dormant,Control,2-IS_ND_C,1.19,0,1,2019-10-18,291
2,E_8,Italy x Sweden,Non-Dormant,Control,2-IS_ND_C,1.2,0,1,2019-10-23,296
2,E_8,Italy x Sweden,Non-Dormant,Control,2-IS_ND_C,1.22,0,1,2019-11-06,310
2,E_8,Italy x Sweden,Non-Dormant,Control,2-IS_ND_C,1.23,0,1,2019-11-20,324
2,E_8,Italy x Sweden,Non-Dormant,Control,2-IS_ND_C,1.24,3,1,2019-12-04,338
2,E_8,Italy x Sweden,Non-Dormant,Control,2-IS_ND_C,1.25,0,1,2019-12-20,354
2,E_8,Italy x Sweden,Non-Dormant,Control,2-IS_ND_C,1.26,0,1,2020-02-10,41
2,E_8,Italy x Sweden,Non-Dormant,Control,2-IS_ND_C,1.27,0,1,2020-03-02,62
2,E_8,Italy x Sweden,Non-Dormant,Control,2-IS_ND_C,1.29,0,1,2020-05-05,126
2,E_8,Italy x Sweden,Non-Dormant,Control,2-IS_ND_C,2.01,0,2,2020-05-27,148
2,E_8,Italy x Sweden,Non-Dormant,Control,2-IS_ND_C,2.02,0,2,2020-06-04,156
2,E_8,Italy x Sweden,Non-Dormant,Control,2-IS_ND_C,2.03,0,2,2020-07-23,205
2,E_8,Italy x Sweden,Non-Dormant,Control,2-IS_ND_C,2.04,0,2,2020-08-07,220
2,E_8,Italy x Sweden,Non-Dormant,Control,2-IS_ND_C,2.05,0,2,2020-08-13,226
2,E_8,Italy x Sweden,Non-Dormant,Control,2-IS_ND_C,2.06,0,2,2020-08-18,231
2,E_8,Italy x Sweden,Non-Dormant,Control,2-IS_ND_C,2.07,0,2,2020-08-25,238
2,E_8,Italy x Sweden,Non-Dormant,Control,2-IS_ND_C,2.08,1,2,2020-09-10,254
2,E_8,Italy x Sweden,Non-Dormant,Control,2-IS_ND_C,2.09,10,2,2020-09-18,262
2,E_8,Italy x Sweden,Non-Dormant,Control,2-IS_ND_C,2.1,0,2,2020-10-02,276
2,E_8,Italy x Sweden,Non-Dormant,Control,2-IS_ND_C,2.11,0,2,2020-10-19,293
2,E_8,Italy x Sweden,Non-Dormant,Control,2-IS_ND_C,2.12,0,2,2020-10-30,304
2,E_8,Italy x Sweden,Non-Dormant,Control,2-IS_ND_C,2.13,0,2,2020-11-13,318
2,E_8,Italy x Sweden,Non-Dormant,Control,2-IS_ND_C,2.14,0,2,2020-12-02,337
2,E_8,Italy x Sweden,Non-Dormant,Control,2-IS_ND_C,2.15,0,2,2020-12-17,352
2,E_8,Italy x Sweden,Non-Dormant,Control,2-IS_ND_C,2.16,0,2,2021-01-15,15
2,E_8,Italy x Sweden,Non-Dormant,Control,2-IS_ND_C,2.17,0,2,2021-02-01,32
2,E_8,Italy x Sweden,Non-Dormant,Control,2-IS_ND_C,2.18,0,2,2021-02-25,56
2,E_8,Italy x Sweden,Non-Dormant,Control,2-IS_ND_C,2.19,0,2,2021-03-08,67
2,E_8,Italy x Sweden,Non-Dormant,Control,2-IS_ND_C,2.2,0,2,2021-03-25,84
2,E_8,Italy x Sweden,Non-Dormant,Control,2-IS_ND_C,2.21,0,2,2021-04-08,98
2,E_8,Italy x Sweden,Non-Dormant,Control,2-IS_ND_C,3.14,0,3,2021-08-17,229
2,E_8,Italy x Sweden,Non-Dormant,Control,2-IS_ND_C,3.15,0,3,2021-08-25,237
2,E_8,Italy x Sweden,Non-Dormant,Control,2-IS_ND_C,3.16,0,3,2021-09-02,245
2,E_8,Italy x Sweden,Non-Dormant,Control,2-IS_ND_C,3.17,0,3,2021-09-08,251
2,E_8,Italy x Sweden,Non-Dormant,Control,2-IS_ND_C,3.18,0,3,2021-09-15,258
2,E_8,Italy x Sweden,Non-Dormant,Control,2-IS_ND_C,3.19,0,3,2021-09-22,265
2,E_8,Italy x Sweden,Non-Dormant,Control,2-IS_ND_C,3.2,0,3,2021-09-29,272
2,E_8,Italy x Sweden,Non-Dormant,Control,2-IS_ND_C,3.21,0,3,2021-10-12,285
2,E_8,Italy x Sweden,Non-Dormant,Control,2-IS_ND_C,3.22,0,3,2021-11-10,314
2,E_8,Italy x Sweden,Non-Dormant,Control,2-IS_ND_C,3.23,0,3,2021-12-17,351
6,E_9,Italy x Sweden,Dormant,Native Soil,6-IS-D-Soil,1.01,0,1,2019-06-12,163
6,E_9,Italy x Sweden,Dormant,Native Soil,6-IS-D-Soil,1.02,0,1,2019-06-16,167
6,E_9,Italy x Sweden,Dormant,Native Soil,6-IS-D-Soil,1.03,0,1,2019-06-26,177
6,E_9,Italy x Sweden,Dormant,Native Soil,6-IS-D-Soil,1.04,0,1,2019-07-03,184
6,E_9,Italy x Sweden,Dormant,Native Soil,6-IS-D-Soil,1.05,NA,1,2019-07-10,191
6,E_9,Italy x Sweden,Dormant,Native Soil,6-IS-D-Soil,1.06,NA,1,2019-07-17,198
6,E_9,Italy x Sweden,Dormant,Native Soil,6-IS-D-Soil,1.07,0,1,2019-07-24,205
6,E_9,Italy x Sweden,Dormant,Native Soil,6-IS-D-Soil,1.08,0,1,2019-07-31,212
6,E_9,Italy x Sweden,Dormant,Native Soil,6-IS-D-Soil,1.09,0,1,2019-08-07,219
6,E_9,Italy x Sweden,Dormant,Native Soil,6-IS-D-Soil,1.1,0,1,2019-08-15,227
6,E_9,Italy x Sweden,Dormant,Native Soil,6-IS-D-Soil,1.11,0,1,2019-08-20,232
6,E_9,Italy x Sweden,Dormant,Native Soil,6-IS-D-Soil,1.12,0,1,2019-08-28,240
6,E_9,Italy x Sweden,Dormant,Native Soil,6-IS-D-Soil,1.13,0,1,2019-09-04,247
6,E_9,Italy x Sweden,Dormant,Native Soil,6-IS-D-Soil,1.14,0,1,2019-09-11,254
6,E_9,Italy x Sweden,Dormant,Native Soil,6-IS-D-Soil,1.15,0,1,2019-09-18,261
6,E_9,Italy x Sweden,Dormant,Native Soil,6-IS-D-Soil,1.16,0,1,2019-09-25,268
6,E_9,Italy x Sweden,Dormant,Native Soil,6-IS-D-Soil,1.17,0,1,2019-10-02,275
6,E_9,Italy x Sweden,Dormant,Native Soil,6-IS-D-Soil,1.18,0,1,2019-10-09,282
6,E_9,Italy x Sweden,Dormant,Native Soil,6-IS-D-Soil,1.19,0,1,2019-10-18,291
6,E_9,Italy x Sweden,Dormant,Native Soil,6-IS-D-Soil,1.2,1,1,2019-10-23,296
6,E_9,Italy x Sweden,Dormant,Native Soil,6-IS-D-Soil,1.22,2,1,2019-11-06,310
6,E_9,Italy x Sweden,Dormant,Native Soil,6-IS-D-Soil,1.23,1,1,2019-11-20,324
6,E_9,Italy x Sweden,Dormant,Native Soil,6-IS-D-Soil,1.24,4,1,2019-12-04,338
6,E_9,Italy x Sweden,Dormant,Native Soil,6-IS-D-Soil,1.25,0,1,2019-12-20,354
6,E_9,Italy x Sweden,Dormant,Native Soil,6-IS-D-Soil,1.26,0,1,2020-02-10,41
6,E_9,Italy x Sweden,Dormant,Native Soil,6-IS-D-Soil,1.27,0,1,2020-03-02,62
6,E_9,Italy x Sweden,Dormant,Native Soil,6-IS-D-Soil,1.29,0,1,2020-05-05,126
6,E_9,Italy x Sweden,Dormant,Native Soil,6-IS-D-Soil,2.01,1,2,2020-05-27,148
6,E_9,Italy x Sweden,Dormant,Native Soil,6-IS-D-Soil,2.02,0,2,2020-06-04,156
6,E_9,Italy x Sweden,Dormant,Native Soil,6-IS-D-Soil,2.03,0,2,2020-07-23,205
6,E_9,Italy x Sweden,Dormant,Native Soil,6-IS-D-Soil,2.04,0,2,2020-08-07,220
6,E_9,Italy x Sweden,Dormant,Native Soil,6-IS-D-Soil,2.05,0,2,2020-08-13,226
6,E_9,Italy x Sweden,Dormant,Native Soil,6-IS-D-Soil,2.06,0,2,2020-08-18,231
6,E_9,Italy x Sweden,Dormant,Native Soil,6-IS-D-Soil,2.07,0,2,2020-08-25,238
6,E_9,Italy x Sweden,Dormant,Native Soil,6-IS-D-Soil,2.08,0,2,2020-09-10,254
6,E_9,Italy x Sweden,Dormant,Native Soil,6-IS-D-Soil,2.09,0,2,2020-09-18,262
6,E_9,Italy x Sweden,Dormant,Native Soil,6-IS-D-Soil,2.1,0,2,2020-10-02,276
6,E_9,Italy x Sweden,Dormant,Native Soil,6-IS-D-Soil,2.11,0,2,2020-10-19,293
6,E_9,Italy x Sweden,Dormant,Native Soil,6-IS-D-Soil,2.12,30,2,2020-11-06,311
6,E_9,Italy x Sweden,Dormant,Native Soil,6-IS-D-Soil,2.13,0,2,2020-11-19,324
6,E_9,Italy x Sweden,Dormant,Native Soil,6-IS-D-Soil,2.14,0,2,2020-12-04,339
6,E_9,Italy x Sweden,Dormant,Native Soil,6-IS-D-Soil,2.15,3,2,2020-12-15,350
6,E_9,Italy x Sweden,Dormant,Native Soil,6-IS-D-Soil,2.16,5,2,2021-01-14,14
6,E_9,Italy x Sweden,Dormant,Native Soil,6-IS-D-Soil,2.17,0,2,2021-02-01,32
6,E_9,Italy x Sweden,Dormant,Native Soil,6-IS-D-Soil,2.18,0,2,2021-02-25,56
6,E_9,Italy x Sweden,Dormant,Native Soil,6-IS-D-Soil,2.19,0,2,2021-03-08,67
6,E_9,Italy x Sweden,Dormant,Native Soil,6-IS-D-Soil,2.2,0,2,2021-03-26,85
6,E_9,Italy x Sweden,Dormant,Native Soil,6-IS-D-Soil,2.21,0,2,2021-04-08,98
6,E_9,Italy x Sweden,Dormant,Native Soil,6-IS-D-Soil,3.14,0,3,2021-08-17,229
6,E_9,Italy x Sweden,Dormant,Native Soil,6-IS-D-Soil,3.15,0,3,2021-08-25,237
6,E_9,Italy x Sweden,Dormant,Native Soil,6-IS-D-Soil,3.16,0,3,2021-09-02,245
6,E_9,Italy x Sweden,Dormant,Native Soil,6-IS-D-Soil,3.17,0,3,2021-09-08,251
6,E_9,Italy x Sweden,Dormant,Native Soil,6-IS-D-Soil,3.18,0,3,2021-09-15,258
6,E_9,Italy x Sweden,Dormant,Native Soil,6-IS-D-Soil,3.19,0,3,2021-09-22,265
6,E_9,Italy x Sweden,Dormant,Native Soil,6-IS-D-Soil,3.2,63,3,2021-10-03,276
6,E_9,Italy x Sweden,Dormant,Native Soil,6-IS-D-Soil,3.21,36,3,2021-10-15,288
6,E_9,Italy x Sweden,Dormant,Native Soil,6-IS-D-Soil,3.22,0,3,2021-11-15,319
6,E_9,Italy x Sweden,Dormant,Native Soil,6-IS-D-Soil,3.23,0,3,2021-12-17,351
6,E_10,Germany x Tajikistan,Mixed,Control,6-BS_M_C,1.01,NA,1,2019-06-12,163
6,E_10,Germany x Tajikistan,Mixed,Control,6-BS_M_C,1.02,NA,1,2019-06-16,167
6,E_10,Germany x Tajikistan,Mixed,Control,6-BS_M_C,1.03,NA,1,2019-06-26,177
6,E_10,Germany x Tajikistan,Mixed,Control,6-BS_M_C,1.04,NA,1,2019-07-03,184
6,E_10,Germany x Tajikistan,Mixed,Control,6-BS_M_C,1.05,NA,1,2019-07-10,191
6,E_10,Germany x Tajikistan,Mixed,Control,6-BS_M_C,1.06,NA,1,2019-07-17,198
6,E_10,Germany x Tajikistan,Mixed,Control,6-BS_M_C,1.07,0,1,2019-07-24,205
6,E_10,Germany x Tajikistan,Mixed,Control,6-BS_M_C,1.08,0,1,2019-07-31,212
6,E_10,Germany x Tajikistan,Mixed,Control,6-BS_M_C,1.09,0,1,2019-08-07,219
6,E_10,Germany x Tajikistan,Mixed,Control,6-BS_M_C,1.1,0,1,2019-08-15,227
6,E_10,Germany x Tajikistan,Mixed,Control,6-BS_M_C,1.11,0,1,2019-08-20,232
6,E_10,Germany x Tajikistan,Mixed,Control,6-BS_M_C,1.12,0,1,2019-08-28,240
6,E_10,Germany x Tajikistan,Mixed,Control,6-BS_M_C,1.13,0,1,2019-09-04,247
6,E_10,Germany x Tajikistan,Mixed,Control,6-BS_M_C,1.14,0,1,2019-09-11,254
6,E_10,Germany x Tajikistan,Mixed,Control,6-BS_M_C,1.15,0,1,2019-09-18,261
6,E_10,Germany x Tajikistan,Mixed,Control,6-BS_M_C,1.16,0,1,2019-09-25,268
6,E_10,Germany x Tajikistan,Mixed,Control,6-BS_M_C,1.17,0,1,2019-10-02,275
6,E_10,Germany x Tajikistan,Mixed,Control,6-BS_M_C,1.18,0,1,2019-10-09,282
6,E_10,Germany x Tajikistan,Mixed,Control,6-BS_M_C,1.19,0,1,2019-10-18,291
6,E_10,Germany x Tajikistan,Mixed,Control,6-BS_M_C,1.2,0,1,2019-10-23,296
6,E_10,Germany x Tajikistan,Mixed,Control,6-BS_M_C,1.22,0,1,2019-11-06,310
6,E_10,Germany x Tajikistan,Mixed,Control,6-BS_M_C,1.23,0,1,2019-11-20,324
6,E_10,Germany x Tajikistan,Mixed,Control,6-BS_M_C,1.24,0,1,2019-12-04,338
6,E_10,Germany x Tajikistan,Mixed,Control,6-BS_M_C,1.25,0,1,2019-12-20,354
6,E_10,Germany x Tajikistan,Mixed,Control,6-BS_M_C,1.26,0,1,2020-02-10,41
6,E_10,Germany x Tajikistan,Mixed,Control,6-BS_M_C,1.27,0,1,2020-03-02,62
6,E_10,Germany x Tajikistan,Mixed,Control,6-BS_M_C,1.29,0,1,2020-05-05,126
6,E_10,Germany x Tajikistan,Mixed,Control,6-BS_M_C,2.01,16,2,2020-05-27,148
6,E_10,Germany x Tajikistan,Mixed,Control,6-BS_M_C,2.02,0,2,2020-06-04,156
6,E_10,Germany x Tajikistan,Mixed,Control,6-BS_M_C,2.03,0,2,2020-07-23,205
6,E_10,Germany x Tajikistan,Mixed,Control,6-BS_M_C,2.04,0,2,2020-08-07,220
6,E_10,Germany x Tajikistan,Mixed,Control,6-BS_M_C,2.05,0,2,2020-08-13,226
6,E_10,Germany x Tajikistan,Mixed,Control,6-BS_M_C,2.06,0,2,2020-08-18,231
6,E_10,Germany x Tajikistan,Mixed,Control,6-BS_M_C,2.07,0,2,2020-08-25,238
6,E_10,Germany x Tajikistan,Mixed,Control,6-BS_M_C,2.08,0,2,2020-09-10,254
6,E_10,Germany x Tajikistan,Mixed,Control,6-BS_M_C,2.09,0,2,2020-09-18,262
6,E_10,Germany x Tajikistan,Mixed,Control,6-BS_M_C,2.1,0,2,2020-10-02,276
6,E_10,Germany x Tajikistan,Mixed,Control,6-BS_M_C,2.11,0,2,2020-10-19,293
6,E_10,Germany x Tajikistan,Mixed,Control,6-BS_M_C,2.12,0,2,2020-11-06,311
6,E_10,Germany x Tajikistan,Mixed,Control,6-BS_M_C,2.13,0,2,2020-11-19,324
6,E_10,Germany x Tajikistan,Mixed,Control,6-BS_M_C,2.14,0,2,2020-12-04,339
6,E_10,Germany x Tajikistan,Mixed,Control,6-BS_M_C,2.15,0,2,2020-12-15,350
6,E_10,Germany x Tajikistan,Mixed,Control,6-BS_M_C,2.16,0,2,2021-01-14,14
6,E_10,Germany x Tajikistan,Mixed,Control,6-BS_M_C,2.17,0,2,2021-02-01,32
6,E_10,Germany x Tajikistan,Mixed,Control,6-BS_M_C,2.18,0,2,2021-02-25,56
6,E_10,Germany x Tajikistan,Mixed,Control,6-BS_M_C,2.19,0,2,2021-03-08,67
6,E_10,Germany x Tajikistan,Mixed,Control,6-BS_M_C,2.2,0,2,2021-03-26,85
6,E_10,Germany x Tajikistan,Mixed,Control,6-BS_M_C,2.21,0,2,2021-04-08,98
6,E_10,Germany x Tajikistan,Mixed,Control,6-BS_M_C,3.14,0,3,2021-08-17,229
6,E_10,Germany x Tajikistan,Mixed,Control,6-BS_M_C,3.15,0,3,2021-08-25,237
6,E_10,Germany x Tajikistan,Mixed,Control,6-BS_M_C,3.16,0,3,2021-09-02,245
6,E_10,Germany x Tajikistan,Mixed,Control,6-BS_M_C,3.17,0,3,2021-09-08,251
6,E_10,Germany x Tajikistan,Mixed,Control,6-BS_M_C,3.18,0,3,2021-09-15,258
6,E_10,Germany x Tajikistan,Mixed,Control,6-BS_M_C,3.19,0,3,2021-09-22,265
6,E_10,Germany x Tajikistan,Mixed,Control,6-BS_M_C,3.2,1,3,2021-10-03,276
6,E_10,Germany x Tajikistan,Mixed,Control,6-BS_M_C,3.21,9,3,2021-10-15,288
6,E_10,Germany x Tajikistan,Mixed,Control,6-BS_M_C,3.22,0,3,2021-11-15,319
6,E_10,Germany x Tajikistan,Mixed,Control,6-BS_M_C,3.23,0,3,2021-12-17,351
6,E_11,Italy x Sweden,Dormant,Control,6-IS_D_C,1.01,0,1,2019-06-12,163
6,E_11,Italy x Sweden,Dormant,Control,6-IS_D_C,1.02,0,1,2019-06-16,167
6,E_11,Italy x Sweden,Dormant,Control,6-IS_D_C,1.03,0,1,2019-06-26,177
6,E_11,Italy x Sweden,Dormant,Control,6-IS_D_C,1.04,0,1,2019-07-03,184
6,E_11,Italy x Sweden,Dormant,Control,6-IS_D_C,1.05,NA,1,2019-07-10,191
6,E_11,Italy x Sweden,Dormant,Control,6-IS_D_C,1.06,NA,1,2019-07-17,198
6,E_11,Italy x Sweden,Dormant,Control,6-IS_D_C,1.07,0,1,2019-07-24,205
6,E_11,Italy x Sweden,Dormant,Control,6-IS_D_C,1.08,0,1,2019-07-31,212
6,E_11,Italy x Sweden,Dormant,Control,6-IS_D_C,1.09,0,1,2019-08-07,219
6,E_11,Italy x Sweden,Dormant,Control,6-IS_D_C,1.1,0,1,2019-08-15,227
6,E_11,Italy x Sweden,Dormant,Control,6-IS_D_C,1.11,0,1,2019-08-20,232
6,E_11,Italy x Sweden,Dormant,Control,6-IS_D_C,1.12,0,1,2019-08-28,240
6,E_11,Italy x Sweden,Dormant,Control,6-IS_D_C,1.13,0,1,2019-09-04,247
6,E_11,Italy x Sweden,Dormant,Control,6-IS_D_C,1.14,0,1,2019-09-11,254
6,E_11,Italy x Sweden,Dormant,Control,6-IS_D_C,1.15,0,1,2019-09-18,261
6,E_11,Italy x Sweden,Dormant,Control,6-IS_D_C,1.16,0,1,2019-09-25,268
6,E_11,Italy x Sweden,Dormant,Control,6-IS_D_C,1.17,0,1,2019-10-02,275
6,E_11,Italy x Sweden,Dormant,Control,6-IS_D_C,1.18,0,1,2019-10-09,282
6,E_11,Italy x Sweden,Dormant,Control,6-IS_D_C,1.19,0,1,2019-10-18,291
6,E_11,Italy x Sweden,Dormant,Control,6-IS_D_C,1.2,0,1,2019-10-23,296
6,E_11,Italy x Sweden,Dormant,Control,6-IS_D_C,1.22,0,1,2019-11-06,310
6,E_11,Italy x Sweden,Dormant,Control,6-IS_D_C,1.23,0,1,2019-11-20,324
6,E_11,Italy x Sweden,Dormant,Control,6-IS_D_C,1.24,0,1,2019-12-04,338
6,E_11,Italy x Sweden,Dormant,Control,6-IS_D_C,1.25,0,1,2019-12-20,354
6,E_11,Italy x Sweden,Dormant,Control,6-IS_D_C,1.26,0,1,2020-02-10,41
6,E_11,Italy x Sweden,Dormant,Control,6-IS_D_C,1.27,0,1,2020-03-02,62
6,E_11,Italy x Sweden,Dormant,Control,6-IS_D_C,1.29,0,1,2020-05-05,126
6,E_11,Italy x Sweden,Dormant,Control,6-IS_D_C,2.01,1,2,2020-05-27,148
6,E_11,Italy x Sweden,Dormant,Control,6-IS_D_C,2.02,0,2,2020-06-04,156
6,E_11,Italy x Sweden,Dormant,Control,6-IS_D_C,2.03,0,2,2020-07-23,205
6,E_11,Italy x Sweden,Dormant,Control,6-IS_D_C,2.04,0,2,2020-08-07,220
6,E_11,Italy x Sweden,Dormant,Control,6-IS_D_C,2.05,0,2,2020-08-13,226
6,E_11,Italy x Sweden,Dormant,Control,6-IS_D_C,2.06,0,2,2020-08-18,231
6,E_11,Italy x Sweden,Dormant,Control,6-IS_D_C,2.07,0,2,2020-08-25,238
6,E_11,Italy x Sweden,Dormant,Control,6-IS_D_C,2.08,0,2,2020-09-10,254
6,E_11,Italy x Sweden,Dormant,Control,6-IS_D_C,2.09,0,2,2020-09-18,262
6,E_11,Italy x Sweden,Dormant,Control,6-IS_D_C,2.1,0,2,2020-10-02,276
6,E_11,Italy x Sweden,Dormant,Control,6-IS_D_C,2.11,0,2,2020-10-19,293
6,E_11,Italy x Sweden,Dormant,Control,6-IS_D_C,2.12,0,2,2020-11-06,311
6,E_11,Italy x Sweden,Dormant,Control,6-IS_D_C,2.13,0,2,2020-11-19,324
6,E_11,Italy x Sweden,Dormant,Control,6-IS_D_C,2.14,0,2,2020-12-04,339
6,E_11,Italy x Sweden,Dormant,Control,6-IS_D_C,2.15,0,2,2020-12-15,350
6,E_11,Italy x Sweden,Dormant,Control,6-IS_D_C,2.16,0,2,2021-01-14,14
6,E_11,Italy x Sweden,Dormant,Control,6-IS_D_C,2.17,0,2,2021-02-01,32
6,E_11,Italy x Sweden,Dormant,Control,6-IS_D_C,2.18,0,2,2021-02-25,56
6,E_11,Italy x Sweden,Dormant,Control,6-IS_D_C,2.19,0,2,2021-03-08,67
6,E_11,Italy x Sweden,Dormant,Control,6-IS_D_C,2.2,0,2,2021-03-26,85
6,E_11,Italy x Sweden,Dormant,Control,6-IS_D_C,2.21,0,2,2021-04-08,98
6,E_11,Italy x Sweden,Dormant,Control,6-IS_D_C,3.14,0,3,2021-08-17,229
6,E_11,Italy x Sweden,Dormant,Control,6-IS_D_C,3.15,0,3,2021-08-25,237
6,E_11,Italy x Sweden,Dormant,Control,6-IS_D_C,3.16,0,3,2021-09-02,245
6,E_11,Italy x Sweden,Dormant,Control,6-IS_D_C,3.17,0,3,2021-09-08,251
6,E_11,Italy x Sweden,Dormant,Control,6-IS_D_C,3.18,0,3,2021-09-15,258
6,E_11,Italy x Sweden,Dormant,Control,6-IS_D_C,3.19,0,3,2021-09-22,265
6,E_11,Italy x Sweden,Dormant,Control,6-IS_D_C,3.2,2,3,2021-10-03,276
6,E_11,Italy x Sweden,Dormant,Control,6-IS_D_C,3.21,0,3,2021-10-15,288
6,E_11,Italy x Sweden,Dormant,Control,6-IS_D_C,3.22,0,3,2021-11-15,319
6,E_11,Italy x Sweden,Dormant,Control,6-IS_D_C,3.23,0,3,2021-12-17,351
6,E_12,Italy x Sweden,Mixed,Control,6-IS_M_C,1.01,0,1,2019-06-12,163
6,E_12,Italy x Sweden,Mixed,Control,6-IS_M_C,1.02,1,1,2019-06-16,167
6,E_12,Italy x Sweden,Mixed,Control,6-IS_M_C,1.03,0,1,2019-06-26,177
6,E_12,Italy x Sweden,Mixed,Control,6-IS_M_C,1.04,0,1,2019-07-03,184
6,E_12,Italy x Sweden,Mixed,Control,6-IS_M_C,1.05,NA,1,2019-07-10,191
6,E_12,Italy x Sweden,Mixed,Control,6-IS_M_C,1.06,NA,1,2019-07-17,198
6,E_12,Italy x Sweden,Mixed,Control,6-IS_M_C,1.07,0,1,2019-07-24,205
6,E_12,Italy x Sweden,Mixed,Control,6-IS_M_C,1.08,0,1,2019-07-31,212
6,E_12,Italy x Sweden,Mixed,Control,6-IS_M_C,1.09,0,1,2019-08-07,219
6,E_12,Italy x Sweden,Mixed,Control,6-IS_M_C,1.1,0,1,2019-08-15,227
6,E_12,Italy x Sweden,Mixed,Control,6-IS_M_C,1.11,0,1,2019-08-20,232
6,E_12,Italy x Sweden,Mixed,Control,6-IS_M_C,1.12,0,1,2019-08-28,240
6,E_12,Italy x Sweden,Mixed,Control,6-IS_M_C,1.13,0,1,2019-09-04,247
6,E_12,Italy x Sweden,Mixed,Control,6-IS_M_C,1.14,0,1,2019-09-11,254
6,E_12,Italy x Sweden,Mixed,Control,6-IS_M_C,1.15,0,1,2019-09-18,261
6,E_12,Italy x Sweden,Mixed,Control,6-IS_M_C,1.16,0,1,2019-09-25,268
6,E_12,Italy x Sweden,Mixed,Control,6-IS_M_C,1.17,0,1,2019-10-02,275
6,E_12,Italy x Sweden,Mixed,Control,6-IS_M_C,1.18,0,1,2019-10-09,282
6,E_12,Italy x Sweden,Mixed,Control,6-IS_M_C,1.19,0,1,2019-10-18,291
6,E_12,Italy x Sweden,Mixed,Control,6-IS_M_C,1.2,0,1,2019-10-23,296
6,E_12,Italy x Sweden,Mixed,Control,6-IS_M_C,1.22,0,1,2019-11-06,310
6,E_12,Italy x Sweden,Mixed,Control,6-IS_M_C,1.23,0,1,2019-11-20,324
6,E_12,Italy x Sweden,Mixed,Control,6-IS_M_C,1.24,0,1,2019-12-04,338
6,E_12,Italy x Sweden,Mixed,Control,6-IS_M_C,1.25,2,1,2019-12-20,354
6,E_12,Italy x Sweden,Mixed,Control,6-IS_M_C,1.26,0,1,2020-02-10,41
6,E_12,Italy x Sweden,Mixed,Control,6-IS_M_C,1.27,0,1,2020-03-02,62
6,E_12,Italy x Sweden,Mixed,Control,6-IS_M_C,1.29,0,1,2020-05-05,126
6,E_12,Italy x Sweden,Mixed,Control,6-IS_M_C,2.01,0,2,2020-05-27,148
6,E_12,Italy x Sweden,Mixed,Control,6-IS_M_C,2.02,0,2,2020-06-04,156
6,E_12,Italy x Sweden,Mixed,Control,6-IS_M_C,2.03,0,2,2020-07-23,205
6,E_12,Italy x Sweden,Mixed,Control,6-IS_M_C,2.04,0,2,2020-08-07,220
6,E_12,Italy x Sweden,Mixed,Control,6-IS_M_C,2.05,0,2,2020-08-13,226
6,E_12,Italy x Sweden,Mixed,Control,6-IS_M_C,2.06,0,2,2020-08-18,231
6,E_12,Italy x Sweden,Mixed,Control,6-IS_M_C,2.07,0,2,2020-08-25,238
6,E_12,Italy x Sweden,Mixed,Control,6-IS_M_C,2.08,7,2,2020-09-10,254
6,E_12,Italy x Sweden,Mixed,Control,6-IS_M_C,2.09,0,2,2020-09-18,262
6,E_12,Italy x Sweden,Mixed,Control,6-IS_M_C,2.1,0,2,2020-10-02,276
6,E_12,Italy x Sweden,Mixed,Control,6-IS_M_C,2.11,0,2,2020-10-19,293
6,E_12,Italy x Sweden,Mixed,Control,6-IS_M_C,2.12,0,2,2020-11-06,311
6,E_12,Italy x Sweden,Mixed,Control,6-IS_M_C,2.13,0,2,2020-11-19,324
6,E_12,Italy x Sweden,Mixed,Control,6-IS_M_C,2.14,0,2,2020-12-04,339
6,E_12,Italy x Sweden,Mixed,Control,6-IS_M_C,2.15,0,2,2020-12-15,350
6,E_12,Italy x Sweden,Mixed,Control,6-IS_M_C,2.16,0,2,2021-01-14,14
6,E_12,Italy x Sweden,Mixed,Control,6-IS_M_C,2.17,0,2,2021-02-01,32
6,E_12,Italy x Sweden,Mixed,Control,6-IS_M_C,2.18,0,2,2021-02-25,56
6,E_12,Italy x Sweden,Mixed,Control,6-IS_M_C,2.19,0,2,2021-03-08,67
6,E_12,Italy x Sweden,Mixed,Control,6-IS_M_C,2.2,0,2,2021-03-26,85
6,E_12,Italy x Sweden,Mixed,Control,6-IS_M_C,2.21,0,2,2021-04-08,98
6,E_12,Italy x Sweden,Mixed,Control,6-IS_M_C,3.14,0,3,2021-08-17,229
6,E_12,Italy x Sweden,Mixed,Control,6-IS_M_C,3.15,0,3,2021-08-25,237
6,E_12,Italy x Sweden,Mixed,Control,6-IS_M_C,3.16,0,3,2021-09-02,245
6,E_12,Italy x Sweden,Mixed,Control,6-IS_M_C,3.17,0,3,2021-09-08,251
6,E_12,Italy x Sweden,Mixed,Control,6-IS_M_C,3.18,0,3,2021-09-15,258
6,E_12,Italy x Sweden,Mixed,Control,6-IS_M_C,3.19,0,3,2021-09-22,265
6,E_12,Italy x Sweden,Mixed,Control,6-IS_M_C,3.2,10,3,2021-10-03,276
6,E_12,Italy x Sweden,Mixed,Control,6-IS_M_C,3.21,22,3,2021-10-15,288
6,E_12,Italy x Sweden,Mixed,Control,6-IS_M_C,3.22,0,3,2021-11-15,319
6,E_12,Italy x Sweden,Mixed,Control,6-IS_M_C,3.23,0,3,2021-12-17,351
3,E_13,Italy x Sweden,Non-Dormant,High Humidity,3-IS-ND-D,1.01,13,1,2019-06-12,163
3,E_13,Italy x Sweden,Non-Dormant,High Humidity,3-IS-ND-D,1.02,0,1,2019-06-16,167
3,E_13,Italy x Sweden,Non-Dormant,High Humidity,3-IS-ND-D,1.03,0,1,2019-06-26,177
3,E_13,Italy x Sweden,Non-Dormant,High Humidity,3-IS-ND-D,1.04,0,1,2019-07-03,184
3,E_13,Italy x Sweden,Non-Dormant,High Humidity,3-IS-ND-D,1.05,NA,1,2019-07-10,191
3,E_13,Italy x Sweden,Non-Dormant,High Humidity,3-IS-ND-D,1.06,NA,1,2019-07-17,198
3,E_13,Italy x Sweden,Non-Dormant,High Humidity,3-IS-ND-D,1.07,0,1,2019-07-24,205
3,E_13,Italy x Sweden,Non-Dormant,High Humidity,3-IS-ND-D,1.08,0,1,2019-07-31,212
3,E_13,Italy x Sweden,Non-Dormant,High Humidity,3-IS-ND-D,1.09,0,1,2019-08-07,219
3,E_13,Italy x Sweden,Non-Dormant,High Humidity,3-IS-ND-D,1.1,0,1,2019-08-15,227
3,E_13,Italy x Sweden,Non-Dormant,High Humidity,3-IS-ND-D,1.11,0,1,2019-08-20,232
3,E_13,Italy x Sweden,Non-Dormant,High Humidity,3-IS-ND-D,1.12,0,1,2019-08-28,240
3,E_13,Italy x Sweden,Non-Dormant,High Humidity,3-IS-ND-D,1.13,0,1,2019-09-04,247
3,E_13,Italy x Sweden,Non-Dormant,High Humidity,3-IS-ND-D,1.14,0,1,2019-09-11,254
3,E_13,Italy x Sweden,Non-Dormant,High Humidity,3-IS-ND-D,1.15,0,1,2019-09-18,261
3,E_13,Italy x Sweden,Non-Dormant,High Humidity,3-IS-ND-D,1.16,0,1,2019-09-25,268
3,E_13,Italy x Sweden,Non-Dormant,High Humidity,3-IS-ND-D,1.17,0,1,2019-10-02,275
3,E_13,Italy x Sweden,Non-Dormant,High Humidity,3-IS-ND-D,1.18,0,1,2019-10-09,282
3,E_13,Italy x Sweden,Non-Dormant,High Humidity,3-IS-ND-D,1.19,0,1,2019-10-18,291
3,E_13,Italy x Sweden,Non-Dormant,High Humidity,3-IS-ND-D,1.2,0,1,2019-10-23,296
3,E_13,Italy x Sweden,Non-Dormant,High Humidity,3-IS-ND-D,1.22,1,1,2019-11-06,310
3,E_13,Italy x Sweden,Non-Dormant,High Humidity,3-IS-ND-D,1.23,0,1,2019-11-20,324
3,E_13,Italy x Sweden,Non-Dormant,High Humidity,3-IS-ND-D,1.24,1,1,2019-12-04,338
3,E_13,Italy x Sweden,Non-Dormant,High Humidity,3-IS-ND-D,1.25,0,1,2019-12-20,354
3,E_13,Italy x Sweden,Non-Dormant,High Humidity,3-IS-ND-D,1.26,0,1,2020-02-10,41
3,E_13,Italy x Sweden,Non-Dormant,High Humidity,3-IS-ND-D,1.27,0,1,2020-03-02,62
3,E_13,Italy x Sweden,Non-Dormant,High Humidity,3-IS-ND-D,1.29,0,1,2020-05-05,126
3,E_13,Italy x Sweden,Non-Dormant,High Humidity,3-IS-ND-D,2.01,0,2,2020-05-27,148
3,E_13,Italy x Sweden,Non-Dormant,High Humidity,3-IS-ND-D,2.02,0,2,2020-06-04,156
3,E_13,Italy x Sweden,Non-Dormant,High Humidity,3-IS-ND-D,2.03,0,2,2020-07-23,205
3,E_13,Italy x Sweden,Non-Dormant,High Humidity,3-IS-ND-D,2.04,0,2,2020-08-07,220
3,E_13,Italy x Sweden,Non-Dormant,High Humidity,3-IS-ND-D,2.05,0,2,2020-08-13,226
3,E_13,Italy x Sweden,Non-Dormant,High Humidity,3-IS-ND-D,2.06,0,2,2020-08-18,231
3,E_13,Italy x Sweden,Non-Dormant,High Humidity,3-IS-ND-D,2.07,0,2,2020-08-25,238
3,E_13,Italy x Sweden,Non-Dormant,High Humidity,3-IS-ND-D,2.08,0,2,2020-09-10,254
3,E_13,Italy x Sweden,Non-Dormant,High Humidity,3-IS-ND-D,2.09,89,2,2020-09-18,262
3,E_13,Italy x Sweden,Non-Dormant,High Humidity,3-IS-ND-D,2.1,0,2,2020-10-02,276
3,E_13,Italy x Sweden,Non-Dormant,High Humidity,3-IS-ND-D,2.11,0,2,2020-10-19,293
3,E_13,Italy x Sweden,Non-Dormant,High Humidity,3-IS-ND-D,2.12,0,2,2020-10-30,304
3,E_13,Italy x Sweden,Non-Dormant,High Humidity,3-IS-ND-D,2.13,0,2,2020-11-13,318
3,E_13,Italy x Sweden,Non-Dormant,High Humidity,3-IS-ND-D,2.14,0,2,2020-12-02,337
3,E_13,Italy x Sweden,Non-Dormant,High Humidity,3-IS-ND-D,2.15,0,2,2020-12-17,352
3,E_13,Italy x Sweden,Non-Dormant,High Humidity,3-IS-ND-D,2.16,0,2,2021-01-15,15
3,E_13,Italy x Sweden,Non-Dormant,High Humidity,3-IS-ND-D,2.17,0,2,2021-02-01,32
3,E_13,Italy x Sweden,Non-Dormant,High Humidity,3-IS-ND-D,2.18,0,2,2021-02-25,56
3,E_13,Italy x Sweden,Non-Dormant,High Humidity,3-IS-ND-D,2.19,0,2,2021-03-08,67
3,E_13,Italy x Sweden,Non-Dormant,High Humidity,3-IS-ND-D,2.2,0,2,2021-03-25,84
3,E_13,Italy x Sweden,Non-Dormant,High Humidity,3-IS-ND-D,2.21,0,2,2021-04-08,98
3,E_13,Italy x Sweden,Non-Dormant,High Humidity,3-IS-ND-D,3.14,0,3,2021-08-17,229
3,E_13,Italy x Sweden,Non-Dormant,High Humidity,3-IS-ND-D,3.15,0,3,2021-08-25,237
3,E_13,Italy x Sweden,Non-Dormant,High Humidity,3-IS-ND-D,3.16,0,3,2021-09-02,245
3,E_13,Italy x Sweden,Non-Dormant,High Humidity,3-IS-ND-D,3.17,0,3,2021-09-08,251
3,E_13,Italy x Sweden,Non-Dormant,High Humidity,3-IS-ND-D,3.18,0,3,2021-09-15,258
3,E_13,Italy x Sweden,Non-Dormant,High Humidity,3-IS-ND-D,3.19,0,3,2021-09-22,265
3,E_13,Italy x Sweden,Non-Dormant,High Humidity,3-IS-ND-D,3.2,0,3,2021-09-29,272
3,E_13,Italy x Sweden,Non-Dormant,High Humidity,3-IS-ND-D,3.21,3,3,2021-10-13,286
3,E_13,Italy x Sweden,Non-Dormant,High Humidity,3-IS-ND-D,3.22,0,3,2021-11-10,314
3,E_13,Italy x Sweden,Non-Dormant,High Humidity,3-IS-ND-D,3.23,0,3,2021-12-17,351
4,F_1,Germany x Tajikistan,Dormant,Control,4-BS_D_C,1.01,NA,1,2019-06-12,163
4,F_1,Germany x Tajikistan,Dormant,Control,4-BS_D_C,1.02,NA,1,2019-06-16,167
4,F_1,Germany x Tajikistan,Dormant,Control,4-BS_D_C,1.03,NA,1,2019-06-26,177
4,F_1,Germany x Tajikistan,Dormant,Control,4-BS_D_C,1.04,NA,1,2019-07-03,184
4,F_1,Germany x Tajikistan,Dormant,Control,4-BS_D_C,1.05,NA,1,2019-07-10,191
4,F_1,Germany x Tajikistan,Dormant,Control,4-BS_D_C,1.06,NA,1,2019-07-17,198
4,F_1,Germany x Tajikistan,Dormant,Control,4-BS_D_C,1.07,0,1,2019-07-24,205
4,F_1,Germany x Tajikistan,Dormant,Control,4-BS_D_C,1.08,0,1,2019-07-31,212
4,F_1,Germany x Tajikistan,Dormant,Control,4-BS_D_C,1.09,0,1,2019-08-07,219
4,F_1,Germany x Tajikistan,Dormant,Control,4-BS_D_C,1.1,0,1,2019-08-15,227
4,F_1,Germany x Tajikistan,Dormant,Control,4-BS_D_C,1.11,0,1,2019-08-20,232
4,F_1,Germany x Tajikistan,Dormant,Control,4-BS_D_C,1.12,0,1,2019-08-28,240
4,F_1,Germany x Tajikistan,Dormant,Control,4-BS_D_C,1.13,0,1,2019-09-04,247
4,F_1,Germany x Tajikistan,Dormant,Control,4-BS_D_C,1.14,0,1,2019-09-11,254
4,F_1,Germany x Tajikistan,Dormant,Control,4-BS_D_C,1.15,0,1,2019-09-18,261
4,F_1,Germany x Tajikistan,Dormant,Control,4-BS_D_C,1.16,0,1,2019-09-25,268
4,F_1,Germany x Tajikistan,Dormant,Control,4-BS_D_C,1.17,0,1,2019-10-02,275
4,F_1,Germany x Tajikistan,Dormant,Control,4-BS_D_C,1.18,0,1,2019-10-09,282
4,F_1,Germany x Tajikistan,Dormant,Control,4-BS_D_C,1.19,0,1,2019-10-18,291
4,F_1,Germany x Tajikistan,Dormant,Control,4-BS_D_C,1.2,6,1,2019-10-23,296
4,F_1,Germany x Tajikistan,Dormant,Control,4-BS_D_C,1.22,0,1,2019-11-06,310
4,F_1,Germany x Tajikistan,Dormant,Control,4-BS_D_C,1.23,0,1,2019-11-20,324
4,F_1,Germany x Tajikistan,Dormant,Control,4-BS_D_C,1.24,0,1,2019-12-04,338
4,F_1,Germany x Tajikistan,Dormant,Control,4-BS_D_C,1.25,1,1,2019-12-20,354
4,F_1,Germany x Tajikistan,Dormant,Control,4-BS_D_C,1.26,0,1,2020-02-10,41
4,F_1,Germany x Tajikistan,Dormant,Control,4-BS_D_C,1.27,0,1,2020-03-02,62
4,F_1,Germany x Tajikistan,Dormant,Control,4-BS_D_C,1.29,0,1,2020-05-05,126
4,F_1,Germany x Tajikistan,Dormant,Control,4-BS_D_C,2.01,13,2,2020-05-27,148
4,F_1,Germany x Tajikistan,Dormant,Control,4-BS_D_C,2.02,3,2,2020-06-04,156
4,F_1,Germany x Tajikistan,Dormant,Control,4-BS_D_C,2.03,0,2,2020-07-23,205
4,F_1,Germany x Tajikistan,Dormant,Control,4-BS_D_C,2.04,0,2,2020-08-07,220
4,F_1,Germany x Tajikistan,Dormant,Control,4-BS_D_C,2.05,0,2,2020-08-13,226
4,F_1,Germany x Tajikistan,Dormant,Control,4-BS_D_C,2.06,0,2,2020-08-18,231
4,F_1,Germany x Tajikistan,Dormant,Control,4-BS_D_C,2.07,0,2,2020-08-25,238
4,F_1,Germany x Tajikistan,Dormant,Control,4-BS_D_C,2.08,26,2,2020-09-10,254
4,F_1,Germany x Tajikistan,Dormant,Control,4-BS_D_C,2.09,0,2,2020-09-18,262
4,F_1,Germany x Tajikistan,Dormant,Control,4-BS_D_C,2.1,0,2,2020-10-02,276
4,F_1,Germany x Tajikistan,Dormant,Control,4-BS_D_C,2.11,0,2,2020-10-16,290
4,F_1,Germany x Tajikistan,Dormant,Control,4-BS_D_C,2.12,0,2,2020-10-30,304
4,F_1,Germany x Tajikistan,Dormant,Control,4-BS_D_C,2.13,0,2,2020-11-13,318
4,F_1,Germany x Tajikistan,Dormant,Control,4-BS_D_C,2.14,0,2,2020-12-04,339
4,F_1,Germany x Tajikistan,Dormant,Control,4-BS_D_C,2.15,0,2,2020-12-17,352
4,F_1,Germany x Tajikistan,Dormant,Control,4-BS_D_C,2.16,0,2,2021-01-15,15
4,F_1,Germany x Tajikistan,Dormant,Control,4-BS_D_C,2.17,0,2,2021-02-01,32
4,F_1,Germany x Tajikistan,Dormant,Control,4-BS_D_C,2.18,0,2,2021-02-25,56
4,F_1,Germany x Tajikistan,Dormant,Control,4-BS_D_C,2.19,0,2,2021-03-08,67
4,F_1,Germany x Tajikistan,Dormant,Control,4-BS_D_C,2.2,0,2,2021-03-25,84
4,F_1,Germany x Tajikistan,Dormant,Control,4-BS_D_C,2.21,0,2,2021-04-08,98
4,F_1,Germany x Tajikistan,Dormant,Control,4-BS_D_C,3.14,0,3,2021-08-17,229
4,F_1,Germany x Tajikistan,Dormant,Control,4-BS_D_C,3.15,0,3,2021-08-25,237
4,F_1,Germany x Tajikistan,Dormant,Control,4-BS_D_C,3.16,0,3,2021-09-02,245
4,F_1,Germany x Tajikistan,Dormant,Control,4-BS_D_C,3.17,0,3,2021-09-08,251
4,F_1,Germany x Tajikistan,Dormant,Control,4-BS_D_C,3.18,0,3,2021-09-15,258
4,F_1,Germany x Tajikistan,Dormant,Control,4-BS_D_C,3.19,0,3,2021-09-22,265
4,F_1,Germany x Tajikistan,Dormant,Control,4-BS_D_C,3.2,0,3,2021-10-01,274
4,F_1,Germany x Tajikistan,Dormant,Control,4-BS_D_C,3.21,7,3,2021-10-13,286
4,F_1,Germany x Tajikistan,Dormant,Control,4-BS_D_C,3.22,0,3,2021-11-12,316
4,F_1,Germany x Tajikistan,Dormant,Control,4-BS_D_C,3.23,0,3,2021-12-17,351
4,F_2,UK x USA,Non-Dormant,Control,4-TC_ND_C,1.01,NA,1,2019-06-12,163
4,F_2,UK x USA,Non-Dormant,Control,4-TC_ND_C,1.02,NA,1,2019-06-16,167
4,F_2,UK x USA,Non-Dormant,Control,4-TC_ND_C,1.03,NA,1,2019-06-26,177
4,F_2,UK x USA,Non-Dormant,Control,4-TC_ND_C,1.04,NA,1,2019-07-03,184
4,F_2,UK x USA,Non-Dormant,Control,4-TC_ND_C,1.05,NA,1,2019-07-10,191
4,F_2,UK x USA,Non-Dormant,Control,4-TC_ND_C,1.06,NA,1,2019-07-17,198
4,F_2,UK x USA,Non-Dormant,Control,4-TC_ND_C,1.07,0,1,2019-07-24,205
4,F_2,UK x USA,Non-Dormant,Control,4-TC_ND_C,1.08,0,1,2019-07-31,212
4,F_2,UK x USA,Non-Dormant,Control,4-TC_ND_C,1.09,0,1,2019-08-07,219
4,F_2,UK x USA,Non-Dormant,Control,4-TC_ND_C,1.1,0,1,2019-08-15,227
4,F_2,UK x USA,Non-Dormant,Control,4-TC_ND_C,1.11,0,1,2019-08-20,232
4,F_2,UK x USA,Non-Dormant,Control,4-TC_ND_C,1.12,0,1,2019-08-28,240
4,F_2,UK x USA,Non-Dormant,Control,4-TC_ND_C,1.13,0,1,2019-09-04,247
4,F_2,UK x USA,Non-Dormant,Control,4-TC_ND_C,1.14,0,1,2019-09-11,254
4,F_2,UK x USA,Non-Dormant,Control,4-TC_ND_C,1.15,0,1,2019-09-18,261
4,F_2,UK x USA,Non-Dormant,Control,4-TC_ND_C,1.16,0,1,2019-09-25,268
4,F_2,UK x USA,Non-Dormant,Control,4-TC_ND_C,1.17,0,1,2019-10-02,275
4,F_2,UK x USA,Non-Dormant,Control,4-TC_ND_C,1.18,0,1,2019-10-09,282
4,F_2,UK x USA,Non-Dormant,Control,4-TC_ND_C,1.19,0,1,2019-10-18,291
4,F_2,UK x USA,Non-Dormant,Control,4-TC_ND_C,1.2,4,1,2019-10-23,296
4,F_2,UK x USA,Non-Dormant,Control,4-TC_ND_C,1.22,0,1,2019-11-06,310
4,F_2,UK x USA,Non-Dormant,Control,4-TC_ND_C,1.23,0,1,2019-11-20,324
4,F_2,UK x USA,Non-Dormant,Control,4-TC_ND_C,1.24,1,1,2019-12-04,338
4,F_2,UK x USA,Non-Dormant,Control,4-TC_ND_C,1.25,3,1,2019-12-20,354
4,F_2,UK x USA,Non-Dormant,Control,4-TC_ND_C,1.26,0,1,2020-02-10,41
4,F_2,UK x USA,Non-Dormant,Control,4-TC_ND_C,1.27,0,1,2020-03-02,62
4,F_2,UK x USA,Non-Dormant,Control,4-TC_ND_C,1.29,0,1,2020-05-05,126
4,F_2,UK x USA,Non-Dormant,Control,4-TC_ND_C,2.01,1,2,2020-05-27,148
4,F_2,UK x USA,Non-Dormant,Control,4-TC_ND_C,2.02,0,2,2020-06-04,156
4,F_2,UK x USA,Non-Dormant,Control,4-TC_ND_C,2.03,0,2,2020-07-23,205
4,F_2,UK x USA,Non-Dormant,Control,4-TC_ND_C,2.04,0,2,2020-08-07,220
4,F_2,UK x USA,Non-Dormant,Control,4-TC_ND_C,2.05,0,2,2020-08-13,226
4,F_2,UK x USA,Non-Dormant,Control,4-TC_ND_C,2.06,0,2,2020-08-18,231
4,F_2,UK x USA,Non-Dormant,Control,4-TC_ND_C,2.07,0,2,2020-08-25,238
4,F_2,UK x USA,Non-Dormant,Control,4-TC_ND_C,2.08,18,2,2020-09-10,254
4,F_2,UK x USA,Non-Dormant,Control,4-TC_ND_C,2.09,17,2,2020-09-18,262
4,F_2,UK x USA,Non-Dormant,Control,4-TC_ND_C,2.1,0,2,2020-10-02,276
4,F_2,UK x USA,Non-Dormant,Control,4-TC_ND_C,2.11,0,2,2020-10-16,290
4,F_2,UK x USA,Non-Dormant,Control,4-TC_ND_C,2.12,0,2,2020-10-30,304
4,F_2,UK x USA,Non-Dormant,Control,4-TC_ND_C,2.13,0,2,2020-11-13,318
4,F_2,UK x USA,Non-Dormant,Control,4-TC_ND_C,2.14,0,2,2020-12-04,339
4,F_2,UK x USA,Non-Dormant,Control,4-TC_ND_C,2.15,0,2,2020-12-17,352
4,F_2,UK x USA,Non-Dormant,Control,4-TC_ND_C,2.16,0,2,2021-01-15,15
4,F_2,UK x USA,Non-Dormant,Control,4-TC_ND_C,2.17,0,2,2021-02-01,32
4,F_2,UK x USA,Non-Dormant,Control,4-TC_ND_C,2.18,0,2,2021-02-25,56
4,F_2,UK x USA,Non-Dormant,Control,4-TC_ND_C,2.19,0,2,2021-03-08,67
4,F_2,UK x USA,Non-Dormant,Control,4-TC_ND_C,2.2,0,2,2021-03-25,84
4,F_2,UK x USA,Non-Dormant,Control,4-TC_ND_C,2.21,0,2,2021-04-08,98
4,F_2,UK x USA,Non-Dormant,Control,4-TC_ND_C,3.14,0,3,2021-08-17,229
4,F_2,UK x USA,Non-Dormant,Control,4-TC_ND_C,3.15,0,3,2021-08-25,237
4,F_2,UK x USA,Non-Dormant,Control,4-TC_ND_C,3.16,0,3,2021-09-02,245
4,F_2,UK x USA,Non-Dormant,Control,4-TC_ND_C,3.17,0,3,2021-09-08,251
4,F_2,UK x USA,Non-Dormant,Control,4-TC_ND_C,3.18,0,3,2021-09-15,258
4,F_2,UK x USA,Non-Dormant,Control,4-TC_ND_C,3.19,0,3,2021-09-22,265
4,F_2,UK x USA,Non-Dormant,Control,4-TC_ND_C,3.2,1,3,2021-10-01,274
4,F_2,UK x USA,Non-Dormant,Control,4-TC_ND_C,3.21,0,3,2021-10-13,286
4,F_2,UK x USA,Non-Dormant,Control,4-TC_ND_C,3.22,0,3,2021-11-12,316
4,F_2,UK x USA,Non-Dormant,Control,4-TC_ND_C,3.23,0,3,2021-12-17,351
4,F_3,Italy x Sweden,Dormant,High Humidity,4-IS_D_D,1.01,0,1,2019-06-12,163
4,F_3,Italy x Sweden,Dormant,High Humidity,4-IS_D_D,1.02,0,1,2019-06-16,167
4,F_3,Italy x Sweden,Dormant,High Humidity,4-IS_D_D,1.03,0,1,2019-06-26,177
4,F_3,Italy x Sweden,Dormant,High Humidity,4-IS_D_D,1.04,0,1,2019-07-03,184
4,F_3,Italy x Sweden,Dormant,High Humidity,4-IS_D_D,1.05,NA,1,2019-07-10,191
4,F_3,Italy x Sweden,Dormant,High Humidity,4-IS_D_D,1.06,NA,1,2019-07-17,198
4,F_3,Italy x Sweden,Dormant,High Humidity,4-IS_D_D,1.07,0,1,2019-07-24,205
4,F_3,Italy x Sweden,Dormant,High Humidity,4-IS_D_D,1.08,0,1,2019-07-31,212
4,F_3,Italy x Sweden,Dormant,High Humidity,4-IS_D_D,1.09,0,1,2019-08-07,219
4,F_3,Italy x Sweden,Dormant,High Humidity,4-IS_D_D,1.1,0,1,2019-08-15,227
4,F_3,Italy x Sweden,Dormant,High Humidity,4-IS_D_D,1.11,0,1,2019-08-20,232
4,F_3,Italy x Sweden,Dormant,High Humidity,4-IS_D_D,1.12,0,1,2019-08-28,240
4,F_3,Italy x Sweden,Dormant,High Humidity,4-IS_D_D,1.13,0,1,2019-09-04,247
4,F_3,Italy x Sweden,Dormant,High Humidity,4-IS_D_D,1.14,0,1,2019-09-11,254
4,F_3,Italy x Sweden,Dormant,High Humidity,4-IS_D_D,1.15,0,1,2019-09-18,261
4,F_3,Italy x Sweden,Dormant,High Humidity,4-IS_D_D,1.16,0,1,2019-09-25,268
4,F_3,Italy x Sweden,Dormant,High Humidity,4-IS_D_D,1.17,0,1,2019-10-02,275
4,F_3,Italy x Sweden,Dormant,High Humidity,4-IS_D_D,1.18,0,1,2019-10-09,282
4,F_3,Italy x Sweden,Dormant,High Humidity,4-IS_D_D,1.19,0,1,2019-10-18,291
4,F_3,Italy x Sweden,Dormant,High Humidity,4-IS_D_D,1.2,29,1,2019-10-23,296
4,F_3,Italy x Sweden,Dormant,High Humidity,4-IS_D_D,1.22,0,1,2019-11-06,310
4,F_3,Italy x Sweden,Dormant,High Humidity,4-IS_D_D,1.23,18,1,2019-11-20,324
4,F_3,Italy x Sweden,Dormant,High Humidity,4-IS_D_D,1.24,9,1,2019-12-04,338
4,F_3,Italy x Sweden,Dormant,High Humidity,4-IS_D_D,1.25,7,1,2019-12-20,354
4,F_3,Italy x Sweden,Dormant,High Humidity,4-IS_D_D,1.26,0,1,2020-02-10,41
4,F_3,Italy x Sweden,Dormant,High Humidity,4-IS_D_D,1.27,0,1,2020-03-02,62
4,F_3,Italy x Sweden,Dormant,High Humidity,4-IS_D_D,1.29,0,1,2020-05-05,126
4,F_3,Italy x Sweden,Dormant,High Humidity,4-IS_D_D,2.01,2,2,2020-05-27,148
4,F_3,Italy x Sweden,Dormant,High Humidity,4-IS_D_D,2.02,0,2,2020-06-04,156
4,F_3,Italy x Sweden,Dormant,High Humidity,4-IS_D_D,2.03,0,2,2020-07-23,205
4,F_3,Italy x Sweden,Dormant,High Humidity,4-IS_D_D,2.04,0,2,2020-08-07,220
4,F_3,Italy x Sweden,Dormant,High Humidity,4-IS_D_D,2.05,0,2,2020-08-13,226
4,F_3,Italy x Sweden,Dormant,High Humidity,4-IS_D_D,2.06,0,2,2020-08-18,231
4,F_3,Italy x Sweden,Dormant,High Humidity,4-IS_D_D,2.07,0,2,2020-08-25,238
4,F_3,Italy x Sweden,Dormant,High Humidity,4-IS_D_D,2.08,0,2,2020-09-10,254
4,F_3,Italy x Sweden,Dormant,High Humidity,4-IS_D_D,2.09,15,2,2020-09-18,262
4,F_3,Italy x Sweden,Dormant,High Humidity,4-IS_D_D,2.1,116,2,2020-10-02,276
4,F_3,Italy x Sweden,Dormant,High Humidity,4-IS_D_D,2.11,37,2,2020-10-16,290
4,F_3,Italy x Sweden,Dormant,High Humidity,4-IS_D_D,2.12,0,2,2020-10-30,304
4,F_3,Italy x Sweden,Dormant,High Humidity,4-IS_D_D,2.13,0,2,2020-11-13,318
4,F_3,Italy x Sweden,Dormant,High Humidity,4-IS_D_D,2.14,4,2,2020-12-04,339
4,F_3,Italy x Sweden,Dormant,High Humidity,4-IS_D_D,2.15,32,2,2020-12-17,352
4,F_3,Italy x Sweden,Dormant,High Humidity,4-IS_D_D,2.16,0,2,2021-01-15,15
4,F_3,Italy x Sweden,Dormant,High Humidity,4-IS_D_D,2.17,0,2,2021-02-01,32
4,F_3,Italy x Sweden,Dormant,High Humidity,4-IS_D_D,2.18,0,2,2021-02-25,56
4,F_3,Italy x Sweden,Dormant,High Humidity,4-IS_D_D,2.19,0,2,2021-03-08,67
4,F_3,Italy x Sweden,Dormant,High Humidity,4-IS_D_D,2.2,0,2,2021-03-25,84
4,F_3,Italy x Sweden,Dormant,High Humidity,4-IS_D_D,2.21,0,2,2021-04-08,98
4,F_3,Italy x Sweden,Dormant,High Humidity,4-IS_D_D,3.14,0,3,2021-08-17,229
4,F_3,Italy x Sweden,Dormant,High Humidity,4-IS_D_D,3.15,0,3,2021-08-25,237
4,F_3,Italy x Sweden,Dormant,High Humidity,4-IS_D_D,3.16,0,3,2021-09-02,245
4,F_3,Italy x Sweden,Dormant,High Humidity,4-IS_D_D,3.17,0,3,2021-09-08,251
4,F_3,Italy x Sweden,Dormant,High Humidity,4-IS_D_D,3.18,0,3,2021-09-15,258
4,F_3,Italy x Sweden,Dormant,High Humidity,4-IS_D_D,3.19,0,3,2021-09-22,265
4,F_3,Italy x Sweden,Dormant,High Humidity,4-IS_D_D,3.2,267,3,2021-10-01,274
4,F_3,Italy x Sweden,Dormant,High Humidity,4-IS_D_D,3.21,371,3,2021-10-13,286
4,F_3,Italy x Sweden,Dormant,High Humidity,4-IS_D_D,3.22,0,3,2021-11-12,316
4,F_3,Italy x Sweden,Dormant,High Humidity,4-IS_D_D,3.23,0,3,2021-12-17,351
4,F_4,Italy x Sweden,Mixed,High Humidity,4-IS_M_D,1.01,3,1,2019-06-12,163
4,F_4,Italy x Sweden,Mixed,High Humidity,4-IS_M_D,1.02,0,1,2019-06-16,167
4,F_4,Italy x Sweden,Mixed,High Humidity,4-IS_M_D,1.03,0,1,2019-06-26,177
4,F_4,Italy x Sweden,Mixed,High Humidity,4-IS_M_D,1.04,0,1,2019-07-03,184
4,F_4,Italy x Sweden,Mixed,High Humidity,4-IS_M_D,1.05,NA,1,2019-07-10,191
4,F_4,Italy x Sweden,Mixed,High Humidity,4-IS_M_D,1.06,NA,1,2019-07-17,198
4,F_4,Italy x Sweden,Mixed,High Humidity,4-IS_M_D,1.07,0,1,2019-07-24,205
4,F_4,Italy x Sweden,Mixed,High Humidity,4-IS_M_D,1.08,0,1,2019-07-31,212
4,F_4,Italy x Sweden,Mixed,High Humidity,4-IS_M_D,1.09,0,1,2019-08-07,219
4,F_4,Italy x Sweden,Mixed,High Humidity,4-IS_M_D,1.1,0,1,2019-08-15,227
4,F_4,Italy x Sweden,Mixed,High Humidity,4-IS_M_D,1.11,0,1,2019-08-20,232
4,F_4,Italy x Sweden,Mixed,High Humidity,4-IS_M_D,1.12,0,1,2019-08-28,240
4,F_4,Italy x Sweden,Mixed,High Humidity,4-IS_M_D,1.13,0,1,2019-09-04,247
4,F_4,Italy x Sweden,Mixed,High Humidity,4-IS_M_D,1.14,0,1,2019-09-11,254
4,F_4,Italy x Sweden,Mixed,High Humidity,4-IS_M_D,1.15,0,1,2019-09-18,261
4,F_4,Italy x Sweden,Mixed,High Humidity,4-IS_M_D,1.16,0,1,2019-09-25,268
4,F_4,Italy x Sweden,Mixed,High Humidity,4-IS_M_D,1.17,0,1,2019-10-02,275
4,F_4,Italy x Sweden,Mixed,High Humidity,4-IS_M_D,1.18,0,1,2019-10-09,282
4,F_4,Italy x Sweden,Mixed,High Humidity,4-IS_M_D,1.19,0,1,2019-10-18,291
4,F_4,Italy x Sweden,Mixed,High Humidity,4-IS_M_D,1.2,10,1,2019-10-23,296
4,F_4,Italy x Sweden,Mixed,High Humidity,4-IS_M_D,1.22,0,1,2019-11-06,310
4,F_4,Italy x Sweden,Mixed,High Humidity,4-IS_M_D,1.23,13,1,2019-11-20,324
4,F_4,Italy x Sweden,Mixed,High Humidity,4-IS_M_D,1.24,0,1,2019-12-04,338
4,F_4,Italy x Sweden,Mixed,High Humidity,4-IS_M_D,1.25,11,1,2019-12-20,354
4,F_4,Italy x Sweden,Mixed,High Humidity,4-IS_M_D,1.26,0,1,2020-02-10,41
4,F_4,Italy x Sweden,Mixed,High Humidity,4-IS_M_D,1.27,0,1,2020-03-02,62
4,F_4,Italy x Sweden,Mixed,High Humidity,4-IS_M_D,1.29,0,1,2020-05-05,126
4,F_4,Italy x Sweden,Mixed,High Humidity,4-IS_M_D,2.01,2,2,2020-05-27,148
4,F_4,Italy x Sweden,Mixed,High Humidity,4-IS_M_D,2.02,0,2,2020-06-04,156
4,F_4,Italy x Sweden,Mixed,High Humidity,4-IS_M_D,2.03,0,2,2020-07-23,205
4,F_4,Italy x Sweden,Mixed,High Humidity,4-IS_M_D,2.04,0,2,2020-08-07,220
4,F_4,Italy x Sweden,Mixed,High Humidity,4-IS_M_D,2.05,0,2,2020-08-13,226
4,F_4,Italy x Sweden,Mixed,High Humidity,4-IS_M_D,2.06,0,2,2020-08-18,231
4,F_4,Italy x Sweden,Mixed,High Humidity,4-IS_M_D,2.07,0,2,2020-08-25,238
4,F_4,Italy x Sweden,Mixed,High Humidity,4-IS_M_D,2.08,NA,2,2020-09-10,254
4,F_4,Italy x Sweden,Mixed,High Humidity,4-IS_M_D,2.09,NA,2,2020-09-18,262
4,F_4,Italy x Sweden,Mixed,High Humidity,4-IS_M_D,2.1,168,2,2020-10-02,276
4,F_4,Italy x Sweden,Mixed,High Humidity,4-IS_M_D,2.11,61,2,2020-10-16,290
4,F_4,Italy x Sweden,Mixed,High Humidity,4-IS_M_D,2.12,0,2,2020-10-30,304
4,F_4,Italy x Sweden,Mixed,High Humidity,4-IS_M_D,2.13,35,2,2020-11-13,318
4,F_4,Italy x Sweden,Mixed,High Humidity,4-IS_M_D,2.14,0,2,2020-12-04,339
4,F_4,Italy x Sweden,Mixed,High Humidity,4-IS_M_D,2.15,14,2,2020-12-17,352
4,F_4,Italy x Sweden,Mixed,High Humidity,4-IS_M_D,2.16,0,2,2021-01-15,15
4,F_4,Italy x Sweden,Mixed,High Humidity,4-IS_M_D,2.17,0,2,2021-02-01,32
4,F_4,Italy x Sweden,Mixed,High Humidity,4-IS_M_D,2.18,0,2,2021-02-25,56
4,F_4,Italy x Sweden,Mixed,High Humidity,4-IS_M_D,2.19,0,2,2021-03-08,67
4,F_4,Italy x Sweden,Mixed,High Humidity,4-IS_M_D,2.2,0,2,2021-03-25,84
4,F_4,Italy x Sweden,Mixed,High Humidity,4-IS_M_D,2.21,0,2,2021-04-08,98
4,F_4,Italy x Sweden,Mixed,High Humidity,4-IS_M_D,3.14,0,3,2021-08-17,229
4,F_4,Italy x Sweden,Mixed,High Humidity,4-IS_M_D,3.15,0,3,2021-08-25,237
4,F_4,Italy x Sweden,Mixed,High Humidity,4-IS_M_D,3.16,0,3,2021-09-02,245
4,F_4,Italy x Sweden,Mixed,High Humidity,4-IS_M_D,3.17,0,3,2021-09-08,251
4,F_4,Italy x Sweden,Mixed,High Humidity,4-IS_M_D,3.18,0,3,2021-09-15,258
4,F_4,Italy x Sweden,Mixed,High Humidity,4-IS_M_D,3.19,0,3,2021-09-22,265
4,F_4,Italy x Sweden,Mixed,High Humidity,4-IS_M_D,3.2,163,3,2021-10-01,274
4,F_4,Italy x Sweden,Mixed,High Humidity,4-IS_M_D,3.21,244,3,2021-10-13,286
4,F_4,Italy x Sweden,Mixed,High Humidity,4-IS_M_D,3.22,0,3,2021-11-12,316
4,F_4,Italy x Sweden,Mixed,High Humidity,4-IS_M_D,3.23,0,3,2021-12-17,351
2,F_6,Italy x Sweden,Dormant,Native Soil,2-IS-D-Soil,1.01,0,1,2019-06-12,163
2,F_6,Italy x Sweden,Dormant,Native Soil,2-IS-D-Soil,1.02,0,1,2019-06-16,167
2,F_6,Italy x Sweden,Dormant,Native Soil,2-IS-D-Soil,1.03,0,1,2019-06-26,177
2,F_6,Italy x Sweden,Dormant,Native Soil,2-IS-D-Soil,1.04,0,1,2019-07-03,184
2,F_6,Italy x Sweden,Dormant,Native Soil,2-IS-D-Soil,1.05,NA,1,2019-07-10,191
2,F_6,Italy x Sweden,Dormant,Native Soil,2-IS-D-Soil,1.06,NA,1,2019-07-17,198
2,F_6,Italy x Sweden,Dormant,Native Soil,2-IS-D-Soil,1.07,0,1,2019-07-24,205
2,F_6,Italy x Sweden,Dormant,Native Soil,2-IS-D-Soil,1.08,0,1,2019-07-31,212
2,F_6,Italy x Sweden,Dormant,Native Soil,2-IS-D-Soil,1.09,0,1,2019-08-07,219
2,F_6,Italy x Sweden,Dormant,Native Soil,2-IS-D-Soil,1.1,0,1,2019-08-15,227
2,F_6,Italy x Sweden,Dormant,Native Soil,2-IS-D-Soil,1.11,0,1,2019-08-20,232
2,F_6,Italy x Sweden,Dormant,Native Soil,2-IS-D-Soil,1.12,0,1,2019-08-28,240
2,F_6,Italy x Sweden,Dormant,Native Soil,2-IS-D-Soil,1.13,0,1,2019-09-04,247
2,F_6,Italy x Sweden,Dormant,Native Soil,2-IS-D-Soil,1.14,0,1,2019-09-11,254
2,F_6,Italy x Sweden,Dormant,Native Soil,2-IS-D-Soil,1.15,0,1,2019-09-18,261
2,F_6,Italy x Sweden,Dormant,Native Soil,2-IS-D-Soil,1.16,0,1,2019-09-25,268
2,F_6,Italy x Sweden,Dormant,Native Soil,2-IS-D-Soil,1.17,0,1,2019-10-02,275
2,F_6,Italy x Sweden,Dormant,Native Soil,2-IS-D-Soil,1.18,0,1,2019-10-09,282
2,F_6,Italy x Sweden,Dormant,Native Soil,2-IS-D-Soil,1.19,0,1,2019-10-18,291
2,F_6,Italy x Sweden,Dormant,Native Soil,2-IS-D-Soil,1.2,2,1,2019-10-23,296
2,F_6,Italy x Sweden,Dormant,Native Soil,2-IS-D-Soil,1.22,4,1,2019-11-06,310
2,F_6,Italy x Sweden,Dormant,Native Soil,2-IS-D-Soil,1.23,3,1,2019-11-20,324
2,F_6,Italy x Sweden,Dormant,Native Soil,2-IS-D-Soil,1.24,8,1,2019-12-04,338
2,F_6,Italy x Sweden,Dormant,Native Soil,2-IS-D-Soil,1.25,11,1,2019-12-20,354
2,F_6,Italy x Sweden,Dormant,Native Soil,2-IS-D-Soil,1.26,0,1,2020-02-10,41
2,F_6,Italy x Sweden,Dormant,Native Soil,2-IS-D-Soil,1.27,0,1,2020-03-02,62
2,F_6,Italy x Sweden,Dormant,Native Soil,2-IS-D-Soil,1.29,0,1,2020-05-05,126
2,F_6,Italy x Sweden,Dormant,Native Soil,2-IS-D-Soil,2.01,1,2,2020-05-27,148
2,F_6,Italy x Sweden,Dormant,Native Soil,2-IS-D-Soil,2.02,0,2,2020-06-04,156
2,F_6,Italy x Sweden,Dormant,Native Soil,2-IS-D-Soil,2.03,0,2,2020-07-23,205
2,F_6,Italy x Sweden,Dormant,Native Soil,2-IS-D-Soil,2.04,0,2,2020-08-07,220
2,F_6,Italy x Sweden,Dormant,Native Soil,2-IS-D-Soil,2.05,0,2,2020-08-13,226
2,F_6,Italy x Sweden,Dormant,Native Soil,2-IS-D-Soil,2.06,0,2,2020-08-18,231
2,F_6,Italy x Sweden,Dormant,Native Soil,2-IS-D-Soil,2.07,0,2,2020-08-25,238
2,F_6,Italy x Sweden,Dormant,Native Soil,2-IS-D-Soil,2.08,0,2,2020-09-10,254
2,F_6,Italy x Sweden,Dormant,Native Soil,2-IS-D-Soil,2.09,7,2,2020-09-18,262
2,F_6,Italy x Sweden,Dormant,Native Soil,2-IS-D-Soil,2.1,0,2,2020-10-02,276
2,F_6,Italy x Sweden,Dormant,Native Soil,2-IS-D-Soil,2.11,16,2,2020-10-16,290
2,F_6,Italy x Sweden,Dormant,Native Soil,2-IS-D-Soil,2.12,0,2,2020-10-30,304
2,F_6,Italy x Sweden,Dormant,Native Soil,2-IS-D-Soil,2.13,9,2,2020-11-13,318
2,F_6,Italy x Sweden,Dormant,Native Soil,2-IS-D-Soil,2.14,0,2,2020-12-02,337
2,F_6,Italy x Sweden,Dormant,Native Soil,2-IS-D-Soil,2.15,21,2,2020-12-17,352
2,F_6,Italy x Sweden,Dormant,Native Soil,2-IS-D-Soil,2.16,0,2,2021-01-15,15
2,F_6,Italy x Sweden,Dormant,Native Soil,2-IS-D-Soil,2.17,0,2,2021-02-01,32
2,F_6,Italy x Sweden,Dormant,Native Soil,2-IS-D-Soil,2.18,0,2,2021-02-25,56
2,F_6,Italy x Sweden,Dormant,Native Soil,2-IS-D-Soil,2.19,0,2,2021-03-08,67
2,F_6,Italy x Sweden,Dormant,Native Soil,2-IS-D-Soil,2.2,0,2,2021-03-25,84
2,F_6,Italy x Sweden,Dormant,Native Soil,2-IS-D-Soil,2.21,0,2,2021-04-08,98
2,F_6,Italy x Sweden,Dormant,Native Soil,2-IS-D-Soil,3.14,0,3,2021-08-17,229
2,F_6,Italy x Sweden,Dormant,Native Soil,2-IS-D-Soil,3.15,0,3,2021-08-25,237
2,F_6,Italy x Sweden,Dormant,Native Soil,2-IS-D-Soil,3.16,0,3,2021-09-02,245
2,F_6,Italy x Sweden,Dormant,Native Soil,2-IS-D-Soil,3.17,0,3,2021-09-08,251
2,F_6,Italy x Sweden,Dormant,Native Soil,2-IS-D-Soil,3.18,0,3,2021-09-15,258
2,F_6,Italy x Sweden,Dormant,Native Soil,2-IS-D-Soil,3.19,0,3,2021-09-22,265
2,F_6,Italy x Sweden,Dormant,Native Soil,2-IS-D-Soil,3.2,7,3,2021-09-29,272
2,F_6,Italy x Sweden,Dormant,Native Soil,2-IS-D-Soil,3.21,29,3,2021-10-12,285
2,F_6,Italy x Sweden,Dormant,Native Soil,2-IS-D-Soil,3.22,0,3,2021-11-10,314
2,F_6,Italy x Sweden,Dormant,Native Soil,2-IS-D-Soil,3.23,0,3,2021-12-17,351
2,F_7,Germany x Tajikistan,Mixed,Control,2-BS_M_C,1.01,NA,1,2019-06-12,163
2,F_7,Germany x Tajikistan,Mixed,Control,2-BS_M_C,1.02,NA,1,2019-06-16,167
2,F_7,Germany x Tajikistan,Mixed,Control,2-BS_M_C,1.03,NA,1,2019-06-26,177
2,F_7,Germany x Tajikistan,Mixed,Control,2-BS_M_C,1.04,NA,1,2019-07-03,184
2,F_7,Germany x Tajikistan,Mixed,Control,2-BS_M_C,1.05,NA,1,2019-07-10,191
2,F_7,Germany x Tajikistan,Mixed,Control,2-BS_M_C,1.06,NA,1,2019-07-17,198
2,F_7,Germany x Tajikistan,Mixed,Control,2-BS_M_C,1.07,0,1,2019-07-24,205
2,F_7,Germany x Tajikistan,Mixed,Control,2-BS_M_C,1.08,0,1,2019-07-31,212
2,F_7,Germany x Tajikistan,Mixed,Control,2-BS_M_C,1.09,0,1,2019-08-07,219
2,F_7,Germany x Tajikistan,Mixed,Control,2-BS_M_C,1.1,0,1,2019-08-15,227
2,F_7,Germany x Tajikistan,Mixed,Control,2-BS_M_C,1.11,0,1,2019-08-20,232
2,F_7,Germany x Tajikistan,Mixed,Control,2-BS_M_C,1.12,0,1,2019-08-28,240
2,F_7,Germany x Tajikistan,Mixed,Control,2-BS_M_C,1.13,0,1,2019-09-04,247
2,F_7,Germany x Tajikistan,Mixed,Control,2-BS_M_C,1.14,0,1,2019-09-11,254
2,F_7,Germany x Tajikistan,Mixed,Control,2-BS_M_C,1.15,0,1,2019-09-18,261
2,F_7,Germany x Tajikistan,Mixed,Control,2-BS_M_C,1.16,0,1,2019-09-25,268
2,F_7,Germany x Tajikistan,Mixed,Control,2-BS_M_C,1.17,0,1,2019-10-02,275
2,F_7,Germany x Tajikistan,Mixed,Control,2-BS_M_C,1.18,0,1,2019-10-09,282
2,F_7,Germany x Tajikistan,Mixed,Control,2-BS_M_C,1.19,0,1,2019-10-18,291
2,F_7,Germany x Tajikistan,Mixed,Control,2-BS_M_C,1.2,7,1,2019-10-23,296
2,F_7,Germany x Tajikistan,Mixed,Control,2-BS_M_C,1.22,0,1,2019-11-06,310
2,F_7,Germany x Tajikistan,Mixed,Control,2-BS_M_C,1.23,0,1,2019-11-20,324
2,F_7,Germany x Tajikistan,Mixed,Control,2-BS_M_C,1.24,0,1,2019-12-04,338
2,F_7,Germany x Tajikistan,Mixed,Control,2-BS_M_C,1.25,0,1,2019-12-20,354
2,F_7,Germany x Tajikistan,Mixed,Control,2-BS_M_C,1.26,0,1,2020-02-10,41
2,F_7,Germany x Tajikistan,Mixed,Control,2-BS_M_C,1.27,0,1,2020-03-02,62
2,F_7,Germany x Tajikistan,Mixed,Control,2-BS_M_C,1.29,0,1,2020-05-05,126
2,F_7,Germany x Tajikistan,Mixed,Control,2-BS_M_C,2.01,4,2,2020-05-27,148
2,F_7,Germany x Tajikistan,Mixed,Control,2-BS_M_C,2.02,0,2,2020-06-04,156
2,F_7,Germany x Tajikistan,Mixed,Control,2-BS_M_C,2.03,0,2,2020-07-23,205
2,F_7,Germany x Tajikistan,Mixed,Control,2-BS_M_C,2.04,0,2,2020-08-07,220
2,F_7,Germany x Tajikistan,Mixed,Control,2-BS_M_C,2.05,0,2,2020-08-13,226
2,F_7,Germany x Tajikistan,Mixed,Control,2-BS_M_C,2.06,0,2,2020-08-18,231
2,F_7,Germany x Tajikistan,Mixed,Control,2-BS_M_C,2.07,0,2,2020-08-25,238
2,F_7,Germany x Tajikistan,Mixed,Control,2-BS_M_C,2.08,36,2,2020-09-10,254
2,F_7,Germany x Tajikistan,Mixed,Control,2-BS_M_C,2.09,111,2,2020-09-18,262
2,F_7,Germany x Tajikistan,Mixed,Control,2-BS_M_C,2.1,0,2,2020-10-02,276
2,F_7,Germany x Tajikistan,Mixed,Control,2-BS_M_C,2.11,0,2,2020-10-16,290
2,F_7,Germany x Tajikistan,Mixed,Control,2-BS_M_C,2.12,0,2,2020-10-30,304
2,F_7,Germany x Tajikistan,Mixed,Control,2-BS_M_C,2.13,0,2,2020-11-13,318
2,F_7,Germany x Tajikistan,Mixed,Control,2-BS_M_C,2.14,0,2,2020-12-02,337
2,F_7,Germany x Tajikistan,Mixed,Control,2-BS_M_C,2.15,0,2,2020-12-17,352
2,F_7,Germany x Tajikistan,Mixed,Control,2-BS_M_C,2.16,0,2,2021-01-15,15
2,F_7,Germany x Tajikistan,Mixed,Control,2-BS_M_C,2.17,0,2,2021-02-01,32
2,F_7,Germany x Tajikistan,Mixed,Control,2-BS_M_C,2.18,0,2,2021-02-25,56
2,F_7,Germany x Tajikistan,Mixed,Control,2-BS_M_C,2.19,0,2,2021-03-08,67
2,F_7,Germany x Tajikistan,Mixed,Control,2-BS_M_C,2.2,0,2,2021-03-25,84
2,F_7,Germany x Tajikistan,Mixed,Control,2-BS_M_C,2.21,0,2,2021-04-08,98
2,F_7,Germany x Tajikistan,Mixed,Control,2-BS_M_C,3.14,0,3,2021-08-17,229
2,F_7,Germany x Tajikistan,Mixed,Control,2-BS_M_C,3.15,0,3,2021-08-25,237
2,F_7,Germany x Tajikistan,Mixed,Control,2-BS_M_C,3.16,0,3,2021-09-02,245
2,F_7,Germany x Tajikistan,Mixed,Control,2-BS_M_C,3.17,0,3,2021-09-08,251
2,F_7,Germany x Tajikistan,Mixed,Control,2-BS_M_C,3.18,0,3,2021-09-15,258
2,F_7,Germany x Tajikistan,Mixed,Control,2-BS_M_C,3.19,0,3,2021-09-22,265
2,F_7,Germany x Tajikistan,Mixed,Control,2-BS_M_C,3.2,0,3,2021-09-29,272
2,F_7,Germany x Tajikistan,Mixed,Control,2-BS_M_C,3.21,0,3,2021-10-12,285
2,F_7,Germany x Tajikistan,Mixed,Control,2-BS_M_C,3.22,0,3,2021-11-10,314
2,F_7,Germany x Tajikistan,Mixed,Control,2-BS_M_C,3.23,0,3,2021-12-17,351
2,F_8,Italy x Sweden,Non-Dormant,Native Soil,2-IS-ND-Soil,1.01,1,1,2019-06-12,163
2,F_8,Italy x Sweden,Non-Dormant,Native Soil,2-IS-ND-Soil,1.02,0,1,2019-06-16,167
2,F_8,Italy x Sweden,Non-Dormant,Native Soil,2-IS-ND-Soil,1.03,0,1,2019-06-26,177
2,F_8,Italy x Sweden,Non-Dormant,Native Soil,2-IS-ND-Soil,1.04,0,1,2019-07-03,184
2,F_8,Italy x Sweden,Non-Dormant,Native Soil,2-IS-ND-Soil,1.05,NA,1,2019-07-10,191
2,F_8,Italy x Sweden,Non-Dormant,Native Soil,2-IS-ND-Soil,1.06,NA,1,2019-07-17,198
2,F_8,Italy x Sweden,Non-Dormant,Native Soil,2-IS-ND-Soil,1.07,0,1,2019-07-24,205
2,F_8,Italy x Sweden,Non-Dormant,Native Soil,2-IS-ND-Soil,1.08,0,1,2019-07-31,212
2,F_8,Italy x Sweden,Non-Dormant,Native Soil,2-IS-ND-Soil,1.09,0,1,2019-08-07,219
2,F_8,Italy x Sweden,Non-Dormant,Native Soil,2-IS-ND-Soil,1.1,0,1,2019-08-15,227
2,F_8,Italy x Sweden,Non-Dormant,Native Soil,2-IS-ND-Soil,1.11,0,1,2019-08-20,232
2,F_8,Italy x Sweden,Non-Dormant,Native Soil,2-IS-ND-Soil,1.12,0,1,2019-08-28,240
2,F_8,Italy x Sweden,Non-Dormant,Native Soil,2-IS-ND-Soil,1.13,0,1,2019-09-04,247
2,F_8,Italy x Sweden,Non-Dormant,Native Soil,2-IS-ND-Soil,1.14,0,1,2019-09-11,254
2,F_8,Italy x Sweden,Non-Dormant,Native Soil,2-IS-ND-Soil,1.15,0,1,2019-09-18,261
2,F_8,Italy x Sweden,Non-Dormant,Native Soil,2-IS-ND-Soil,1.16,0,1,2019-09-25,268
2,F_8,Italy x Sweden,Non-Dormant,Native Soil,2-IS-ND-Soil,1.17,0,1,2019-10-02,275
2,F_8,Italy x Sweden,Non-Dormant,Native Soil,2-IS-ND-Soil,1.18,0,1,2019-10-09,282
2,F_8,Italy x Sweden,Non-Dormant,Native Soil,2-IS-ND-Soil,1.19,0,1,2019-10-18,291
2,F_8,Italy x Sweden,Non-Dormant,Native Soil,2-IS-ND-Soil,1.2,2,1,2019-10-23,296
2,F_8,Italy x Sweden,Non-Dormant,Native Soil,2-IS-ND-Soil,1.22,14,1,2019-11-06,310
2,F_8,Italy x Sweden,Non-Dormant,Native Soil,2-IS-ND-Soil,1.23,0,1,2019-11-20,324
2,F_8,Italy x Sweden,Non-Dormant,Native Soil,2-IS-ND-Soil,1.24,1,1,2019-12-04,338
2,F_8,Italy x Sweden,Non-Dormant,Native Soil,2-IS-ND-Soil,1.25,2,1,2019-12-20,354
2,F_8,Italy x Sweden,Non-Dormant,Native Soil,2-IS-ND-Soil,1.26,0,1,2020-02-10,41
2,F_8,Italy x Sweden,Non-Dormant,Native Soil,2-IS-ND-Soil,1.27,0,1,2020-03-02,62
2,F_8,Italy x Sweden,Non-Dormant,Native Soil,2-IS-ND-Soil,1.29,0,1,2020-05-05,126
2,F_8,Italy x Sweden,Non-Dormant,Native Soil,2-IS-ND-Soil,2.01,54,2,2020-05-27,148
2,F_8,Italy x Sweden,Non-Dormant,Native Soil,2-IS-ND-Soil,2.02,0,2,2020-06-04,156
2,F_8,Italy x Sweden,Non-Dormant,Native Soil,2-IS-ND-Soil,2.03,0,2,2020-07-23,205
2,F_8,Italy x Sweden,Non-Dormant,Native Soil,2-IS-ND-Soil,2.04,0,2,2020-08-07,220
2,F_8,Italy x Sweden,Non-Dormant,Native Soil,2-IS-ND-Soil,2.05,0,2,2020-08-13,226
2,F_8,Italy x Sweden,Non-Dormant,Native Soil,2-IS-ND-Soil,2.06,0,2,2020-08-18,231
2,F_8,Italy x Sweden,Non-Dormant,Native Soil,2-IS-ND-Soil,2.07,0,2,2020-08-25,238
2,F_8,Italy x Sweden,Non-Dormant,Native Soil,2-IS-ND-Soil,2.08,0,2,2020-09-10,254
2,F_8,Italy x Sweden,Non-Dormant,Native Soil,2-IS-ND-Soil,2.09,2,2,2020-09-18,262
2,F_8,Italy x Sweden,Non-Dormant,Native Soil,2-IS-ND-Soil,2.1,0,2,2020-10-02,276
2,F_8,Italy x Sweden,Non-Dormant,Native Soil,2-IS-ND-Soil,2.11,0,2,2020-10-16,290
2,F_8,Italy x Sweden,Non-Dormant,Native Soil,2-IS-ND-Soil,2.12,0,2,2020-10-30,304
2,F_8,Italy x Sweden,Non-Dormant,Native Soil,2-IS-ND-Soil,2.13,0,2,2020-11-13,318
2,F_8,Italy x Sweden,Non-Dormant,Native Soil,2-IS-ND-Soil,2.14,0,2,2020-12-02,337
2,F_8,Italy x Sweden,Non-Dormant,Native Soil,2-IS-ND-Soil,2.15,0,2,2020-12-17,352
2,F_8,Italy x Sweden,Non-Dormant,Native Soil,2-IS-ND-Soil,2.16,0,2,2021-01-15,15
2,F_8,Italy x Sweden,Non-Dormant,Native Soil,2-IS-ND-Soil,2.17,0,2,2021-02-01,32
2,F_8,Italy x Sweden,Non-Dormant,Native Soil,2-IS-ND-Soil,2.18,0,2,2021-02-25,56
2,F_8,Italy x Sweden,Non-Dormant,Native Soil,2-IS-ND-Soil,2.19,0,2,2021-03-08,67
2,F_8,Italy x Sweden,Non-Dormant,Native Soil,2-IS-ND-Soil,2.2,0,2,2021-03-25,84
2,F_8,Italy x Sweden,Non-Dormant,Native Soil,2-IS-ND-Soil,2.21,0,2,2021-04-08,98
2,F_8,Italy x Sweden,Non-Dormant,Native Soil,2-IS-ND-Soil,3.14,0,3,2021-08-17,229
2,F_8,Italy x Sweden,Non-Dormant,Native Soil,2-IS-ND-Soil,3.15,0,3,2021-08-25,237
2,F_8,Italy x Sweden,Non-Dormant,Native Soil,2-IS-ND-Soil,3.16,0,3,2021-09-02,245
2,F_8,Italy x Sweden,Non-Dormant,Native Soil,2-IS-ND-Soil,3.17,0,3,2021-09-08,251
2,F_8,Italy x Sweden,Non-Dormant,Native Soil,2-IS-ND-Soil,3.18,0,3,2021-09-15,258
2,F_8,Italy x Sweden,Non-Dormant,Native Soil,2-IS-ND-Soil,3.19,0,3,2021-09-22,265
2,F_8,Italy x Sweden,Non-Dormant,Native Soil,2-IS-ND-Soil,3.2,0,3,2021-09-29,272
2,F_8,Italy x Sweden,Non-Dormant,Native Soil,2-IS-ND-Soil,3.21,10,3,2021-10-12,285
2,F_8,Italy x Sweden,Non-Dormant,Native Soil,2-IS-ND-Soil,3.22,0,3,2021-11-10,314
2,F_8,Italy x Sweden,Non-Dormant,Native Soil,2-IS-ND-Soil,3.23,0,3,2021-12-17,351
6,F_9,Italy x Sweden,Non-Dormant,Control,6-IS_ND_C,1.01,3,1,2019-06-12,163
6,F_9,Italy x Sweden,Non-Dormant,Control,6-IS_ND_C,1.02,0,1,2019-06-16,167
6,F_9,Italy x Sweden,Non-Dormant,Control,6-IS_ND_C,1.03,0,1,2019-06-26,177
6,F_9,Italy x Sweden,Non-Dormant,Control,6-IS_ND_C,1.04,0,1,2019-07-03,184
6,F_9,Italy x Sweden,Non-Dormant,Control,6-IS_ND_C,1.05,NA,1,2019-07-10,191
6,F_9,Italy x Sweden,Non-Dormant,Control,6-IS_ND_C,1.06,NA,1,2019-07-17,198
6,F_9,Italy x Sweden,Non-Dormant,Control,6-IS_ND_C,1.07,0,1,2019-07-24,205
6,F_9,Italy x Sweden,Non-Dormant,Control,6-IS_ND_C,1.08,0,1,2019-07-31,212
6,F_9,Italy x Sweden,Non-Dormant,Control,6-IS_ND_C,1.09,0,1,2019-08-07,219
6,F_9,Italy x Sweden,Non-Dormant,Control,6-IS_ND_C,1.1,0,1,2019-08-15,227
6,F_9,Italy x Sweden,Non-Dormant,Control,6-IS_ND_C,1.11,0,1,2019-08-20,232
6,F_9,Italy x Sweden,Non-Dormant,Control,6-IS_ND_C,1.12,0,1,2019-08-28,240
6,F_9,Italy x Sweden,Non-Dormant,Control,6-IS_ND_C,1.13,0,1,2019-09-04,247
6,F_9,Italy x Sweden,Non-Dormant,Control,6-IS_ND_C,1.14,0,1,2019-09-11,254
6,F_9,Italy x Sweden,Non-Dormant,Control,6-IS_ND_C,1.15,0,1,2019-09-18,261
6,F_9,Italy x Sweden,Non-Dormant,Control,6-IS_ND_C,1.16,0,1,2019-09-25,268
6,F_9,Italy x Sweden,Non-Dormant,Control,6-IS_ND_C,1.17,0,1,2019-10-02,275
6,F_9,Italy x Sweden,Non-Dormant,Control,6-IS_ND_C,1.18,0,1,2019-10-09,282
6,F_9,Italy x Sweden,Non-Dormant,Control,6-IS_ND_C,1.19,0,1,2019-10-18,291
6,F_9,Italy x Sweden,Non-Dormant,Control,6-IS_ND_C,1.2,0,1,2019-10-23,296
6,F_9,Italy x Sweden,Non-Dormant,Control,6-IS_ND_C,1.22,0,1,2019-11-06,310
6,F_9,Italy x Sweden,Non-Dormant,Control,6-IS_ND_C,1.23,0,1,2019-11-20,324
6,F_9,Italy x Sweden,Non-Dormant,Control,6-IS_ND_C,1.24,0,1,2019-12-04,338
6,F_9,Italy x Sweden,Non-Dormant,Control,6-IS_ND_C,1.25,0,1,2019-12-20,354
6,F_9,Italy x Sweden,Non-Dormant,Control,6-IS_ND_C,1.26,0,1,2020-02-10,41
6,F_9,Italy x Sweden,Non-Dormant,Control,6-IS_ND_C,1.27,0,1,2020-03-02,62
6,F_9,Italy x Sweden,Non-Dormant,Control,6-IS_ND_C,1.29,0,1,2020-05-05,126
6,F_9,Italy x Sweden,Non-Dormant,Control,6-IS_ND_C,2.01,0,2,2020-05-27,148
6,F_9,Italy x Sweden,Non-Dormant,Control,6-IS_ND_C,2.02,0,2,2020-06-04,156
6,F_9,Italy x Sweden,Non-Dormant,Control,6-IS_ND_C,2.03,0,2,2020-07-23,205
6,F_9,Italy x Sweden,Non-Dormant,Control,6-IS_ND_C,2.04,0,2,2020-08-07,220
6,F_9,Italy x Sweden,Non-Dormant,Control,6-IS_ND_C,2.05,0,2,2020-08-13,226
6,F_9,Italy x Sweden,Non-Dormant,Control,6-IS_ND_C,2.06,0,2,2020-08-18,231
6,F_9,Italy x Sweden,Non-Dormant,Control,6-IS_ND_C,2.07,0,2,2020-08-25,238
6,F_9,Italy x Sweden,Non-Dormant,Control,6-IS_ND_C,2.08,0,2,2020-09-10,254
6,F_9,Italy x Sweden,Non-Dormant,Control,6-IS_ND_C,2.09,0,2,2020-09-18,262
6,F_9,Italy x Sweden,Non-Dormant,Control,6-IS_ND_C,2.1,0,2,2020-10-02,276
6,F_9,Italy x Sweden,Non-Dormant,Control,6-IS_ND_C,2.11,0,2,2020-10-19,293
6,F_9,Italy x Sweden,Non-Dormant,Control,6-IS_ND_C,2.12,0,2,2020-11-06,311
6,F_9,Italy x Sweden,Non-Dormant,Control,6-IS_ND_C,2.13,0,2,2020-11-19,324
6,F_9,Italy x Sweden,Non-Dormant,Control,6-IS_ND_C,2.14,0,2,2020-12-04,339
6,F_9,Italy x Sweden,Non-Dormant,Control,6-IS_ND_C,2.15,0,2,2020-12-15,350
6,F_9,Italy x Sweden,Non-Dormant,Control,6-IS_ND_C,2.16,0,2,2021-01-14,14
6,F_9,Italy x Sweden,Non-Dormant,Control,6-IS_ND_C,2.17,0,2,2021-02-01,32
6,F_9,Italy x Sweden,Non-Dormant,Control,6-IS_ND_C,2.18,0,2,2021-02-25,56
6,F_9,Italy x Sweden,Non-Dormant,Control,6-IS_ND_C,2.19,0,2,2021-03-08,67
6,F_9,Italy x Sweden,Non-Dormant,Control,6-IS_ND_C,2.2,0,2,2021-03-26,85
6,F_9,Italy x Sweden,Non-Dormant,Control,6-IS_ND_C,2.21,0,2,2021-04-08,98
6,F_9,Italy x Sweden,Non-Dormant,Control,6-IS_ND_C,3.14,0,3,2021-08-17,229
6,F_9,Italy x Sweden,Non-Dormant,Control,6-IS_ND_C,3.15,0,3,2021-08-25,237
6,F_9,Italy x Sweden,Non-Dormant,Control,6-IS_ND_C,3.16,0,3,2021-09-02,245
6,F_9,Italy x Sweden,Non-Dormant,Control,6-IS_ND_C,3.17,0,3,2021-09-08,251
6,F_9,Italy x Sweden,Non-Dormant,Control,6-IS_ND_C,3.18,0,3,2021-09-15,258
6,F_9,Italy x Sweden,Non-Dormant,Control,6-IS_ND_C,3.19,0,3,2021-09-22,265
6,F_9,Italy x Sweden,Non-Dormant,Control,6-IS_ND_C,3.2,0,3,2021-10-03,276
6,F_9,Italy x Sweden,Non-Dormant,Control,6-IS_ND_C,3.21,5,3,2021-10-15,288
6,F_9,Italy x Sweden,Non-Dormant,Control,6-IS_ND_C,3.22,0,3,2021-11-15,319
6,F_9,Italy x Sweden,Non-Dormant,Control,6-IS_ND_C,3.23,0,3,2021-12-17,351
6,F_10,Germany x Tajikistan,Dormant,Control,6-BS_D_C,1.01,NA,1,2019-06-12,163
6,F_10,Germany x Tajikistan,Dormant,Control,6-BS_D_C,1.02,NA,1,2019-06-16,167
6,F_10,Germany x Tajikistan,Dormant,Control,6-BS_D_C,1.03,NA,1,2019-06-26,177
6,F_10,Germany x Tajikistan,Dormant,Control,6-BS_D_C,1.04,NA,1,2019-07-03,184
6,F_10,Germany x Tajikistan,Dormant,Control,6-BS_D_C,1.05,NA,1,2019-07-10,191
6,F_10,Germany x Tajikistan,Dormant,Control,6-BS_D_C,1.06,NA,1,2019-07-17,198
6,F_10,Germany x Tajikistan,Dormant,Control,6-BS_D_C,1.07,0,1,2019-07-24,205
6,F_10,Germany x Tajikistan,Dormant,Control,6-BS_D_C,1.08,0,1,2019-07-31,212
6,F_10,Germany x Tajikistan,Dormant,Control,6-BS_D_C,1.09,0,1,2019-08-07,219
6,F_10,Germany x Tajikistan,Dormant,Control,6-BS_D_C,1.1,0,1,2019-08-15,227
6,F_10,Germany x Tajikistan,Dormant,Control,6-BS_D_C,1.11,0,1,2019-08-20,232
6,F_10,Germany x Tajikistan,Dormant,Control,6-BS_D_C,1.12,0,1,2019-08-28,240
6,F_10,Germany x Tajikistan,Dormant,Control,6-BS_D_C,1.13,0,1,2019-09-04,247
6,F_10,Germany x Tajikistan,Dormant,Control,6-BS_D_C,1.14,0,1,2019-09-11,254
6,F_10,Germany x Tajikistan,Dormant,Control,6-BS_D_C,1.15,0,1,2019-09-18,261
6,F_10,Germany x Tajikistan,Dormant,Control,6-BS_D_C,1.16,0,1,2019-09-25,268
6,F_10,Germany x Tajikistan,Dormant,Control,6-BS_D_C,1.17,0,1,2019-10-02,275
6,F_10,Germany x Tajikistan,Dormant,Control,6-BS_D_C,1.18,0,1,2019-10-09,282
6,F_10,Germany x Tajikistan,Dormant,Control,6-BS_D_C,1.19,0,1,2019-10-18,291
6,F_10,Germany x Tajikistan,Dormant,Control,6-BS_D_C,1.2,7,1,2019-10-23,296
6,F_10,Germany x Tajikistan,Dormant,Control,6-BS_D_C,1.22,0,1,2019-11-06,310
6,F_10,Germany x Tajikistan,Dormant,Control,6-BS_D_C,1.23,0,1,2019-11-20,324
6,F_10,Germany x Tajikistan,Dormant,Control,6-BS_D_C,1.24,1,1,2019-12-04,338
6,F_10,Germany x Tajikistan,Dormant,Control,6-BS_D_C,1.25,0,1,2019-12-20,354
6,F_10,Germany x Tajikistan,Dormant,Control,6-BS_D_C,1.26,0,1,2020-02-10,41
6,F_10,Germany x Tajikistan,Dormant,Control,6-BS_D_C,1.27,0,1,2020-03-02,62
6,F_10,Germany x Tajikistan,Dormant,Control,6-BS_D_C,1.29,0,1,2020-05-05,126
6,F_10,Germany x Tajikistan,Dormant,Control,6-BS_D_C,2.01,12,2,2020-05-27,148
6,F_10,Germany x Tajikistan,Dormant,Control,6-BS_D_C,2.02,0,2,2020-06-04,156
6,F_10,Germany x Tajikistan,Dormant,Control,6-BS_D_C,2.03,0,2,2020-07-23,205
6,F_10,Germany x Tajikistan,Dormant,Control,6-BS_D_C,2.04,0,2,2020-08-07,220
6,F_10,Germany x Tajikistan,Dormant,Control,6-BS_D_C,2.05,0,2,2020-08-13,226
6,F_10,Germany x Tajikistan,Dormant,Control,6-BS_D_C,2.06,0,2,2020-08-18,231
6,F_10,Germany x Tajikistan,Dormant,Control,6-BS_D_C,2.07,0,2,2020-08-25,238
6,F_10,Germany x Tajikistan,Dormant,Control,6-BS_D_C,2.08,0,2,2020-09-10,254
6,F_10,Germany x Tajikistan,Dormant,Control,6-BS_D_C,2.09,0,2,2020-09-18,262
6,F_10,Germany x Tajikistan,Dormant,Control,6-BS_D_C,2.1,0,2,2020-10-02,276
6,F_10,Germany x Tajikistan,Dormant,Control,6-BS_D_C,2.11,0,2,2020-10-19,293
6,F_10,Germany x Tajikistan,Dormant,Control,6-BS_D_C,2.12,0,2,2020-11-06,311
6,F_10,Germany x Tajikistan,Dormant,Control,6-BS_D_C,2.13,0,2,2020-11-19,324
6,F_10,Germany x Tajikistan,Dormant,Control,6-BS_D_C,2.14,0,2,2020-12-04,339
6,F_10,Germany x Tajikistan,Dormant,Control,6-BS_D_C,2.15,0,2,2020-12-15,350
6,F_10,Germany x Tajikistan,Dormant,Control,6-BS_D_C,2.16,0,2,2021-01-14,14
6,F_10,Germany x Tajikistan,Dormant,Control,6-BS_D_C,2.17,0,2,2021-02-01,32
6,F_10,Germany x Tajikistan,Dormant,Control,6-BS_D_C,2.18,0,2,2021-02-25,56
6,F_10,Germany x Tajikistan,Dormant,Control,6-BS_D_C,2.19,0,2,2021-03-08,67
6,F_10,Germany x Tajikistan,Dormant,Control,6-BS_D_C,2.2,0,2,2021-03-26,85
6,F_10,Germany x Tajikistan,Dormant,Control,6-BS_D_C,2.21,0,2,2021-04-08,98
6,F_10,Germany x Tajikistan,Dormant,Control,6-BS_D_C,3.14,0,3,2021-08-17,229
6,F_10,Germany x Tajikistan,Dormant,Control,6-BS_D_C,3.15,0,3,2021-08-25,237
6,F_10,Germany x Tajikistan,Dormant,Control,6-BS_D_C,3.16,0,3,2021-09-02,245
6,F_10,Germany x Tajikistan,Dormant,Control,6-BS_D_C,3.17,0,3,2021-09-08,251
6,F_10,Germany x Tajikistan,Dormant,Control,6-BS_D_C,3.18,0,3,2021-09-15,258
6,F_10,Germany x Tajikistan,Dormant,Control,6-BS_D_C,3.19,0,3,2021-09-22,265
6,F_10,Germany x Tajikistan,Dormant,Control,6-BS_D_C,3.2,0,3,2021-10-03,276
6,F_10,Germany x Tajikistan,Dormant,Control,6-BS_D_C,3.21,0,3,2021-10-15,288
6,F_10,Germany x Tajikistan,Dormant,Control,6-BS_D_C,3.22,0,3,2021-11-15,319
6,F_10,Germany x Tajikistan,Dormant,Control,6-BS_D_C,3.23,0,3,2021-12-17,351
6,F_11,UK x USA,Mixed,Control,6-TC_M_C,1.01,NA,1,2019-06-12,163
6,F_11,UK x USA,Mixed,Control,6-TC_M_C,1.02,NA,1,2019-06-16,167
6,F_11,UK x USA,Mixed,Control,6-TC_M_C,1.03,NA,1,2019-06-26,177
6,F_11,UK x USA,Mixed,Control,6-TC_M_C,1.04,NA,1,2019-07-03,184
6,F_11,UK x USA,Mixed,Control,6-TC_M_C,1.05,NA,1,2019-07-10,191
6,F_11,UK x USA,Mixed,Control,6-TC_M_C,1.06,NA,1,2019-07-17,198
6,F_11,UK x USA,Mixed,Control,6-TC_M_C,1.07,0,1,2019-07-24,205
6,F_11,UK x USA,Mixed,Control,6-TC_M_C,1.08,0,1,2019-07-31,212
6,F_11,UK x USA,Mixed,Control,6-TC_M_C,1.09,0,1,2019-08-07,219
6,F_11,UK x USA,Mixed,Control,6-TC_M_C,1.1,0,1,2019-08-15,227
6,F_11,UK x USA,Mixed,Control,6-TC_M_C,1.11,0,1,2019-08-20,232
6,F_11,UK x USA,Mixed,Control,6-TC_M_C,1.12,0,1,2019-08-28,240
6,F_11,UK x USA,Mixed,Control,6-TC_M_C,1.13,0,1,2019-09-04,247
6,F_11,UK x USA,Mixed,Control,6-TC_M_C,1.14,0,1,2019-09-11,254
6,F_11,UK x USA,Mixed,Control,6-TC_M_C,1.15,0,1,2019-09-18,261
6,F_11,UK x USA,Mixed,Control,6-TC_M_C,1.16,0,1,2019-09-25,268
6,F_11,UK x USA,Mixed,Control,6-TC_M_C,1.17,0,1,2019-10-02,275
6,F_11,UK x USA,Mixed,Control,6-TC_M_C,1.18,0,1,2019-10-09,282
6,F_11,UK x USA,Mixed,Control,6-TC_M_C,1.19,0,1,2019-10-18,291
6,F_11,UK x USA,Mixed,Control,6-TC_M_C,1.2,0,1,2019-10-23,296
6,F_11,UK x USA,Mixed,Control,6-TC_M_C,1.22,0,1,2019-11-06,310
6,F_11,UK x USA,Mixed,Control,6-TC_M_C,1.23,0,1,2019-11-20,324
6,F_11,UK x USA,Mixed,Control,6-TC_M_C,1.24,0,1,2019-12-04,338
6,F_11,UK x USA,Mixed,Control,6-TC_M_C,1.25,0,1,2019-12-20,354
6,F_11,UK x USA,Mixed,Control,6-TC_M_C,1.26,0,1,2020-02-10,41
6,F_11,UK x USA,Mixed,Control,6-TC_M_C,1.27,0,1,2020-03-02,62
6,F_11,UK x USA,Mixed,Control,6-TC_M_C,1.29,0,1,2020-05-05,126
6,F_11,UK x USA,Mixed,Control,6-TC_M_C,2.01,1,2,2020-05-27,148
6,F_11,UK x USA,Mixed,Control,6-TC_M_C,2.02,0,2,2020-06-04,156
6,F_11,UK x USA,Mixed,Control,6-TC_M_C,2.03,0,2,2020-07-23,205
6,F_11,UK x USA,Mixed,Control,6-TC_M_C,2.04,0,2,2020-08-07,220
6,F_11,UK x USA,Mixed,Control,6-TC_M_C,2.05,0,2,2020-08-13,226
6,F_11,UK x USA,Mixed,Control,6-TC_M_C,2.06,0,2,2020-08-18,231
6,F_11,UK x USA,Mixed,Control,6-TC_M_C,2.07,0,2,2020-08-25,238
6,F_11,UK x USA,Mixed,Control,6-TC_M_C,2.08,0,2,2020-09-10,254
6,F_11,UK x USA,Mixed,Control,6-TC_M_C,2.09,0,2,2020-09-18,262
6,F_11,UK x USA,Mixed,Control,6-TC_M_C,2.1,0,2,2020-10-02,276
6,F_11,UK x USA,Mixed,Control,6-TC_M_C,2.11,0,2,2020-10-19,293
6,F_11,UK x USA,Mixed,Control,6-TC_M_C,2.12,0,2,2020-11-06,311
6,F_11,UK x USA,Mixed,Control,6-TC_M_C,2.13,0,2,2020-11-19,324
6,F_11,UK x USA,Mixed,Control,6-TC_M_C,2.14,0,2,2020-12-04,339
6,F_11,UK x USA,Mixed,Control,6-TC_M_C,2.15,0,2,2020-12-15,350
6,F_11,UK x USA,Mixed,Control,6-TC_M_C,2.16,0,2,2021-01-14,14
6,F_11,UK x USA,Mixed,Control,6-TC_M_C,2.17,0,2,2021-02-01,32
6,F_11,UK x USA,Mixed,Control,6-TC_M_C,2.18,0,2,2021-02-25,56
6,F_11,UK x USA,Mixed,Control,6-TC_M_C,2.19,0,2,2021-03-08,67
6,F_11,UK x USA,Mixed,Control,6-TC_M_C,2.2,0,2,2021-03-26,85
6,F_11,UK x USA,Mixed,Control,6-TC_M_C,2.21,0,2,2021-04-08,98
6,F_11,UK x USA,Mixed,Control,6-TC_M_C,3.14,0,3,2021-08-17,229
6,F_11,UK x USA,Mixed,Control,6-TC_M_C,3.15,0,3,2021-08-25,237
6,F_11,UK x USA,Mixed,Control,6-TC_M_C,3.16,0,3,2021-09-02,245
6,F_11,UK x USA,Mixed,Control,6-TC_M_C,3.17,0,3,2021-09-08,251
6,F_11,UK x USA,Mixed,Control,6-TC_M_C,3.18,0,3,2021-09-15,258
6,F_11,UK x USA,Mixed,Control,6-TC_M_C,3.19,0,3,2021-09-22,265
6,F_11,UK x USA,Mixed,Control,6-TC_M_C,3.2,37,3,2021-10-03,276
6,F_11,UK x USA,Mixed,Control,6-TC_M_C,3.21,11,3,2021-10-15,288
6,F_11,UK x USA,Mixed,Control,6-TC_M_C,3.22,0,3,2021-11-15,319
6,F_11,UK x USA,Mixed,Control,6-TC_M_C,3.23,2,3,2021-12-17,351
6,F_12,Italy x Sweden,Non-Dormant,Native Soil,6-IS-ND-Soil,1.01,3,1,2019-06-12,163
6,F_12,Italy x Sweden,Non-Dormant,Native Soil,6-IS-ND-Soil,1.02,0,1,2019-06-16,167
6,F_12,Italy x Sweden,Non-Dormant,Native Soil,6-IS-ND-Soil,1.03,0,1,2019-06-26,177
6,F_12,Italy x Sweden,Non-Dormant,Native Soil,6-IS-ND-Soil,1.04,0,1,2019-07-03,184
6,F_12,Italy x Sweden,Non-Dormant,Native Soil,6-IS-ND-Soil,1.05,NA,1,2019-07-10,191
6,F_12,Italy x Sweden,Non-Dormant,Native Soil,6-IS-ND-Soil,1.06,NA,1,2019-07-17,198
6,F_12,Italy x Sweden,Non-Dormant,Native Soil,6-IS-ND-Soil,1.07,0,1,2019-07-24,205
6,F_12,Italy x Sweden,Non-Dormant,Native Soil,6-IS-ND-Soil,1.08,0,1,2019-07-31,212
6,F_12,Italy x Sweden,Non-Dormant,Native Soil,6-IS-ND-Soil,1.09,0,1,2019-08-07,219
6,F_12,Italy x Sweden,Non-Dormant,Native Soil,6-IS-ND-Soil,1.1,0,1,2019-08-15,227
6,F_12,Italy x Sweden,Non-Dormant,Native Soil,6-IS-ND-Soil,1.11,0,1,2019-08-20,232
6,F_12,Italy x Sweden,Non-Dormant,Native Soil,6-IS-ND-Soil,1.12,0,1,2019-08-28,240
6,F_12,Italy x Sweden,Non-Dormant,Native Soil,6-IS-ND-Soil,1.13,0,1,2019-09-04,247
6,F_12,Italy x Sweden,Non-Dormant,Native Soil,6-IS-ND-Soil,1.14,0,1,2019-09-11,254
6,F_12,Italy x Sweden,Non-Dormant,Native Soil,6-IS-ND-Soil,1.15,0,1,2019-09-18,261
6,F_12,Italy x Sweden,Non-Dormant,Native Soil,6-IS-ND-Soil,1.16,0,1,2019-09-25,268
6,F_12,Italy x Sweden,Non-Dormant,Native Soil,6-IS-ND-Soil,1.17,0,1,2019-10-02,275
6,F_12,Italy x Sweden,Non-Dormant,Native Soil,6-IS-ND-Soil,1.18,0,1,2019-10-09,282
6,F_12,Italy x Sweden,Non-Dormant,Native Soil,6-IS-ND-Soil,1.19,0,1,2019-10-18,291
6,F_12,Italy x Sweden,Non-Dormant,Native Soil,6-IS-ND-Soil,1.2,4,1,2019-10-23,296
6,F_12,Italy x Sweden,Non-Dormant,Native Soil,6-IS-ND-Soil,1.22,0,1,2019-11-06,310
6,F_12,Italy x Sweden,Non-Dormant,Native Soil,6-IS-ND-Soil,1.23,0,1,2019-11-20,324
6,F_12,Italy x Sweden,Non-Dormant,Native Soil,6-IS-ND-Soil,1.24,2,1,2019-12-04,338
6,F_12,Italy x Sweden,Non-Dormant,Native Soil,6-IS-ND-Soil,1.25,3,1,2019-12-20,354
6,F_12,Italy x Sweden,Non-Dormant,Native Soil,6-IS-ND-Soil,1.26,0,1,2020-02-10,41
6,F_12,Italy x Sweden,Non-Dormant,Native Soil,6-IS-ND-Soil,1.27,0,1,2020-03-02,62
6,F_12,Italy x Sweden,Non-Dormant,Native Soil,6-IS-ND-Soil,1.29,0,1,2020-05-05,126
6,F_12,Italy x Sweden,Non-Dormant,Native Soil,6-IS-ND-Soil,2.01,65,2,2020-05-27,148
6,F_12,Italy x Sweden,Non-Dormant,Native Soil,6-IS-ND-Soil,2.02,0,2,2020-06-04,156
6,F_12,Italy x Sweden,Non-Dormant,Native Soil,6-IS-ND-Soil,2.03,0,2,2020-07-23,205
6,F_12,Italy x Sweden,Non-Dormant,Native Soil,6-IS-ND-Soil,2.04,0,2,2020-08-07,220
6,F_12,Italy x Sweden,Non-Dormant,Native Soil,6-IS-ND-Soil,2.05,0,2,2020-08-13,226
6,F_12,Italy x Sweden,Non-Dormant,Native Soil,6-IS-ND-Soil,2.06,0,2,2020-08-18,231
6,F_12,Italy x Sweden,Non-Dormant,Native Soil,6-IS-ND-Soil,2.07,0,2,2020-08-25,238
6,F_12,Italy x Sweden,Non-Dormant,Native Soil,6-IS-ND-Soil,2.08,0,2,2020-09-10,254
6,F_12,Italy x Sweden,Non-Dormant,Native Soil,6-IS-ND-Soil,2.09,0,2,2020-09-18,262
6,F_12,Italy x Sweden,Non-Dormant,Native Soil,6-IS-ND-Soil,2.1,0,2,2020-10-02,276
6,F_12,Italy x Sweden,Non-Dormant,Native Soil,6-IS-ND-Soil,2.11,0,2,2020-10-19,293
6,F_12,Italy x Sweden,Non-Dormant,Native Soil,6-IS-ND-Soil,2.12,0,2,2020-11-06,311
6,F_12,Italy x Sweden,Non-Dormant,Native Soil,6-IS-ND-Soil,2.13,0,2,2020-11-19,324
6,F_12,Italy x Sweden,Non-Dormant,Native Soil,6-IS-ND-Soil,2.14,2,2,2020-12-04,339
6,F_12,Italy x Sweden,Non-Dormant,Native Soil,6-IS-ND-Soil,2.15,0,2,2020-12-15,350
6,F_12,Italy x Sweden,Non-Dormant,Native Soil,6-IS-ND-Soil,2.16,0,2,2021-01-14,14
6,F_12,Italy x Sweden,Non-Dormant,Native Soil,6-IS-ND-Soil,2.17,0,2,2021-02-01,32
6,F_12,Italy x Sweden,Non-Dormant,Native Soil,6-IS-ND-Soil,2.18,0,2,2021-02-25,56
6,F_12,Italy x Sweden,Non-Dormant,Native Soil,6-IS-ND-Soil,2.19,0,2,2021-03-08,67
6,F_12,Italy x Sweden,Non-Dormant,Native Soil,6-IS-ND-Soil,2.2,0,2,2021-03-26,85
6,F_12,Italy x Sweden,Non-Dormant,Native Soil,6-IS-ND-Soil,2.21,0,2,2021-04-08,98
6,F_12,Italy x Sweden,Non-Dormant,Native Soil,6-IS-ND-Soil,3.14,0,3,2021-08-17,229
6,F_12,Italy x Sweden,Non-Dormant,Native Soil,6-IS-ND-Soil,3.15,0,3,2021-08-25,237
6,F_12,Italy x Sweden,Non-Dormant,Native Soil,6-IS-ND-Soil,3.16,0,3,2021-09-02,245
6,F_12,Italy x Sweden,Non-Dormant,Native Soil,6-IS-ND-Soil,3.17,0,3,2021-09-08,251
6,F_12,Italy x Sweden,Non-Dormant,Native Soil,6-IS-ND-Soil,3.18,0,3,2021-09-15,258
6,F_12,Italy x Sweden,Non-Dormant,Native Soil,6-IS-ND-Soil,3.19,0,3,2021-09-22,265
6,F_12,Italy x Sweden,Non-Dormant,Native Soil,6-IS-ND-Soil,3.2,0,3,2021-10-03,276
6,F_12,Italy x Sweden,Non-Dormant,Native Soil,6-IS-ND-Soil,3.21,3,3,2021-10-15,288
6,F_12,Italy x Sweden,Non-Dormant,Native Soil,6-IS-ND-Soil,3.22,0,3,2021-11-15,319
6,F_12,Italy x Sweden,Non-Dormant,Native Soil,6-IS-ND-Soil,3.23,0,3,2021-12-17,351
6,F_13,Germany x Tajikistan,Dormant,Litter,6-BS_D_F,1.01,NA,1,2019-06-12,163
6,F_13,Germany x Tajikistan,Dormant,Litter,6-BS_D_F,1.02,NA,1,2019-06-16,167
6,F_13,Germany x Tajikistan,Dormant,Litter,6-BS_D_F,1.03,NA,1,2019-06-26,177
6,F_13,Germany x Tajikistan,Dormant,Litter,6-BS_D_F,1.04,NA,1,2019-07-03,184
6,F_13,Germany x Tajikistan,Dormant,Litter,6-BS_D_F,1.05,NA,1,2019-07-10,191
6,F_13,Germany x Tajikistan,Dormant,Litter,6-BS_D_F,1.06,NA,1,2019-07-17,198
6,F_13,Germany x Tajikistan,Dormant,Litter,6-BS_D_F,1.07,0,1,2019-07-24,205
6,F_13,Germany x Tajikistan,Dormant,Litter,6-BS_D_F,1.08,0,1,2019-07-31,212
6,F_13,Germany x Tajikistan,Dormant,Litter,6-BS_D_F,1.09,0,1,2019-08-07,219
6,F_13,Germany x Tajikistan,Dormant,Litter,6-BS_D_F,1.1,0,1,2019-08-15,227
6,F_13,Germany x Tajikistan,Dormant,Litter,6-BS_D_F,1.11,0,1,2019-08-20,232
6,F_13,Germany x Tajikistan,Dormant,Litter,6-BS_D_F,1.12,0,1,2019-08-28,240
6,F_13,Germany x Tajikistan,Dormant,Litter,6-BS_D_F,1.13,0,1,2019-09-04,247
6,F_13,Germany x Tajikistan,Dormant,Litter,6-BS_D_F,1.14,0,1,2019-09-11,254
6,F_13,Germany x Tajikistan,Dormant,Litter,6-BS_D_F,1.15,0,1,2019-09-18,261
6,F_13,Germany x Tajikistan,Dormant,Litter,6-BS_D_F,1.16,0,1,2019-09-25,268
6,F_13,Germany x Tajikistan,Dormant,Litter,6-BS_D_F,1.17,0,1,2019-10-02,275
6,F_13,Germany x Tajikistan,Dormant,Litter,6-BS_D_F,1.18,0,1,2019-10-09,282
6,F_13,Germany x Tajikistan,Dormant,Litter,6-BS_D_F,1.19,0,1,2019-10-18,291
6,F_13,Germany x Tajikistan,Dormant,Litter,6-BS_D_F,1.2,0,1,2019-10-23,296
6,F_13,Germany x Tajikistan,Dormant,Litter,6-BS_D_F,1.22,0,1,2019-11-06,310
6,F_13,Germany x Tajikistan,Dormant,Litter,6-BS_D_F,1.23,0,1,2019-11-20,324
6,F_13,Germany x Tajikistan,Dormant,Litter,6-BS_D_F,1.24,0,1,2019-12-04,338
6,F_13,Germany x Tajikistan,Dormant,Litter,6-BS_D_F,1.25,0,1,2019-12-20,354
6,F_13,Germany x Tajikistan,Dormant,Litter,6-BS_D_F,1.26,0,1,2020-02-10,41
6,F_13,Germany x Tajikistan,Dormant,Litter,6-BS_D_F,1.27,0,1,2020-03-02,62
6,F_13,Germany x Tajikistan,Dormant,Litter,6-BS_D_F,1.29,0,1,2020-05-05,126
6,F_13,Germany x Tajikistan,Dormant,Litter,6-BS_D_F,2.01,0,2,2020-05-27,148
6,F_13,Germany x Tajikistan,Dormant,Litter,6-BS_D_F,2.02,0,2,2020-06-04,156
6,F_13,Germany x Tajikistan,Dormant,Litter,6-BS_D_F,2.03,NA,NA,NA,NA
6,F_13,Germany x Tajikistan,Dormant,Litter,6-BS_D_F,2.04,NA,NA,NA,NA
6,F_13,Germany x Tajikistan,Dormant,Litter,6-BS_D_F,2.05,NA,NA,NA,NA
6,F_13,Germany x Tajikistan,Dormant,Litter,6-BS_D_F,2.06,NA,NA,NA,NA
6,F_13,Germany x Tajikistan,Dormant,Litter,6-BS_D_F,2.07,NA,NA,NA,NA
6,F_13,Germany x Tajikistan,Dormant,Litter,6-BS_D_F,2.08,NA,2,2020-09-10,254
6,F_13,Germany x Tajikistan,Dormant,Litter,6-BS_D_F,2.09,0,2,2020-09-18,262
6,F_13,Germany x Tajikistan,Dormant,Litter,6-BS_D_F,2.1,0,2,2020-10-02,276
6,F_13,Germany x Tajikistan,Dormant,Litter,6-BS_D_F,2.11,0,2,2020-10-19,293
6,F_13,Germany x Tajikistan,Dormant,Litter,6-BS_D_F,2.12,0,2,2020-11-06,311
6,F_13,Germany x Tajikistan,Dormant,Litter,6-BS_D_F,2.13,0,2,2020-11-19,324
6,F_13,Germany x Tajikistan,Dormant,Litter,6-BS_D_F,2.14,0,2,2020-12-04,339
6,F_13,Germany x Tajikistan,Dormant,Litter,6-BS_D_F,2.15,0,2,2020-12-15,350
6,F_13,Germany x Tajikistan,Dormant,Litter,6-BS_D_F,2.16,0,2,2021-01-14,14
6,F_13,Germany x Tajikistan,Dormant,Litter,6-BS_D_F,2.17,0,2,2021-02-01,32
6,F_13,Germany x Tajikistan,Dormant,Litter,6-BS_D_F,2.18,0,2,2021-02-25,56
6,F_13,Germany x Tajikistan,Dormant,Litter,6-BS_D_F,2.19,0,2,2021-03-08,67
6,F_13,Germany x Tajikistan,Dormant,Litter,6-BS_D_F,2.2,0,2,2021-03-26,85
6,F_13,Germany x Tajikistan,Dormant,Litter,6-BS_D_F,2.21,0,2,2021-04-08,98
6,F_13,Germany x Tajikistan,Dormant,Litter,6-BS_D_F,3.14,NA,NA,NA,NA
6,F_13,Germany x Tajikistan,Dormant,Litter,6-BS_D_F,3.15,NA,NA,NA,NA
6,F_13,Germany x Tajikistan,Dormant,Litter,6-BS_D_F,3.16,NA,NA,NA,NA
6,F_13,Germany x Tajikistan,Dormant,Litter,6-BS_D_F,3.17,NA,NA,NA,NA
6,F_13,Germany x Tajikistan,Dormant,Litter,6-BS_D_F,3.18,NA,NA,NA,NA
6,F_13,Germany x Tajikistan,Dormant,Litter,6-BS_D_F,3.19,NA,NA,NA,NA
6,F_13,Germany x Tajikistan,Dormant,Litter,6-BS_D_F,3.2,NA,NA,NA,NA
6,F_13,Germany x Tajikistan,Dormant,Litter,6-BS_D_F,3.21,NA,NA,NA,NA
6,F_13,Germany x Tajikistan,Dormant,Litter,6-BS_D_F,3.22,NA,NA,NA,NA
6,F_13,Germany x Tajikistan,Dormant,Litter,6-BS_D_F,3.23,NA,NA,NA,NA
4,G_1,Germany x Tajikistan,Non-Dormant,Control,4-BS_ND_C,1.01,NA,1,2019-06-12,163
4,G_1,Germany x Tajikistan,Non-Dormant,Control,4-BS_ND_C,1.02,NA,1,2019-06-16,167
4,G_1,Germany x Tajikistan,Non-Dormant,Control,4-BS_ND_C,1.03,NA,1,2019-06-26,177
4,G_1,Germany x Tajikistan,Non-Dormant,Control,4-BS_ND_C,1.04,NA,1,2019-07-03,184
4,G_1,Germany x Tajikistan,Non-Dormant,Control,4-BS_ND_C,1.05,NA,1,2019-07-10,191
4,G_1,Germany x Tajikistan,Non-Dormant,Control,4-BS_ND_C,1.06,NA,1,2019-07-17,198
4,G_1,Germany x Tajikistan,Non-Dormant,Control,4-BS_ND_C,1.07,0,1,2019-07-24,205
4,G_1,Germany x Tajikistan,Non-Dormant,Control,4-BS_ND_C,1.08,0,1,2019-07-31,212
4,G_1,Germany x Tajikistan,Non-Dormant,Control,4-BS_ND_C,1.09,0,1,2019-08-07,219
4,G_1,Germany x Tajikistan,Non-Dormant,Control,4-BS_ND_C,1.1,0,1,2019-08-15,227
4,G_1,Germany x Tajikistan,Non-Dormant,Control,4-BS_ND_C,1.11,0,1,2019-08-20,232
4,G_1,Germany x Tajikistan,Non-Dormant,Control,4-BS_ND_C,1.12,0,1,2019-08-28,240
4,G_1,Germany x Tajikistan,Non-Dormant,Control,4-BS_ND_C,1.13,0,1,2019-09-04,247
4,G_1,Germany x Tajikistan,Non-Dormant,Control,4-BS_ND_C,1.14,0,1,2019-09-11,254
4,G_1,Germany x Tajikistan,Non-Dormant,Control,4-BS_ND_C,1.15,0,1,2019-09-18,261
4,G_1,Germany x Tajikistan,Non-Dormant,Control,4-BS_ND_C,1.16,0,1,2019-09-25,268
4,G_1,Germany x Tajikistan,Non-Dormant,Control,4-BS_ND_C,1.17,0,1,2019-10-02,275
4,G_1,Germany x Tajikistan,Non-Dormant,Control,4-BS_ND_C,1.18,0,1,2019-10-09,282
4,G_1,Germany x Tajikistan,Non-Dormant,Control,4-BS_ND_C,1.19,0,1,2019-10-18,291
4,G_1,Germany x Tajikistan,Non-Dormant,Control,4-BS_ND_C,1.2,7,1,2019-10-23,296
4,G_1,Germany x Tajikistan,Non-Dormant,Control,4-BS_ND_C,1.22,0,1,2019-11-06,310
4,G_1,Germany x Tajikistan,Non-Dormant,Control,4-BS_ND_C,1.23,0,1,2019-11-20,324
4,G_1,Germany x Tajikistan,Non-Dormant,Control,4-BS_ND_C,1.24,0,1,2019-12-04,338
4,G_1,Germany x Tajikistan,Non-Dormant,Control,4-BS_ND_C,1.25,0,1,2019-12-20,354
4,G_1,Germany x Tajikistan,Non-Dormant,Control,4-BS_ND_C,1.26,0,1,2020-02-10,41
4,G_1,Germany x Tajikistan,Non-Dormant,Control,4-BS_ND_C,1.27,0,1,2020-03-02,62
4,G_1,Germany x Tajikistan,Non-Dormant,Control,4-BS_ND_C,1.29,0,1,2020-05-05,126
4,G_1,Germany x Tajikistan,Non-Dormant,Control,4-BS_ND_C,2.01,0,2,2020-05-27,148
4,G_1,Germany x Tajikistan,Non-Dormant,Control,4-BS_ND_C,2.02,0,2,2020-06-04,156
4,G_1,Germany x Tajikistan,Non-Dormant,Control,4-BS_ND_C,2.03,0,2,2020-07-23,205
4,G_1,Germany x Tajikistan,Non-Dormant,Control,4-BS_ND_C,2.04,0,2,2020-08-07,220
4,G_1,Germany x Tajikistan,Non-Dormant,Control,4-BS_ND_C,2.05,0,2,2020-08-13,226
4,G_1,Germany x Tajikistan,Non-Dormant,Control,4-BS_ND_C,2.06,0,2,2020-08-18,231
4,G_1,Germany x Tajikistan,Non-Dormant,Control,4-BS_ND_C,2.07,0,2,2020-08-25,238
4,G_1,Germany x Tajikistan,Non-Dormant,Control,4-BS_ND_C,2.08,4,2,2020-09-10,254
4,G_1,Germany x Tajikistan,Non-Dormant,Control,4-BS_ND_C,2.09,7,2,2020-09-18,262
4,G_1,Germany x Tajikistan,Non-Dormant,Control,4-BS_ND_C,2.1,0,2,2020-10-02,276
4,G_1,Germany x Tajikistan,Non-Dormant,Control,4-BS_ND_C,2.11,0,2,2020-10-19,293
4,G_1,Germany x Tajikistan,Non-Dormant,Control,4-BS_ND_C,2.12,0,2,2020-10-30,304
4,G_1,Germany x Tajikistan,Non-Dormant,Control,4-BS_ND_C,2.13,0,2,2020-11-13,318
4,G_1,Germany x Tajikistan,Non-Dormant,Control,4-BS_ND_C,2.14,0,2,2020-12-04,339
4,G_1,Germany x Tajikistan,Non-Dormant,Control,4-BS_ND_C,2.15,0,2,2020-12-17,352
4,G_1,Germany x Tajikistan,Non-Dormant,Control,4-BS_ND_C,2.16,0,2,2021-01-15,15
4,G_1,Germany x Tajikistan,Non-Dormant,Control,4-BS_ND_C,2.17,0,2,2021-02-01,32
4,G_1,Germany x Tajikistan,Non-Dormant,Control,4-BS_ND_C,2.18,0,2,2021-02-25,56
4,G_1,Germany x Tajikistan,Non-Dormant,Control,4-BS_ND_C,2.19,0,2,2021-03-08,67
4,G_1,Germany x Tajikistan,Non-Dormant,Control,4-BS_ND_C,2.2,0,2,2021-03-25,84
4,G_1,Germany x Tajikistan,Non-Dormant,Control,4-BS_ND_C,2.21,0,2,2021-04-08,98
4,G_1,Germany x Tajikistan,Non-Dormant,Control,4-BS_ND_C,3.14,0,3,2021-08-17,229
4,G_1,Germany x Tajikistan,Non-Dormant,Control,4-BS_ND_C,3.15,0,3,2021-08-25,237
4,G_1,Germany x Tajikistan,Non-Dormant,Control,4-BS_ND_C,3.16,0,3,2021-09-02,245
4,G_1,Germany x Tajikistan,Non-Dormant,Control,4-BS_ND_C,3.17,0,3,2021-09-08,251
4,G_1,Germany x Tajikistan,Non-Dormant,Control,4-BS_ND_C,3.18,0,3,2021-09-15,258
4,G_1,Germany x Tajikistan,Non-Dormant,Control,4-BS_ND_C,3.19,0,3,2021-09-22,265
4,G_1,Germany x Tajikistan,Non-Dormant,Control,4-BS_ND_C,3.2,0,3,2021-10-01,274
4,G_1,Germany x Tajikistan,Non-Dormant,Control,4-BS_ND_C,3.21,0,3,2021-10-13,286
4,G_1,Germany x Tajikistan,Non-Dormant,Control,4-BS_ND_C,3.22,0,3,2021-11-12,316
4,G_1,Germany x Tajikistan,Non-Dormant,Control,4-BS_ND_C,3.23,0,3,2021-12-17,351
4,G_2,Italy x Sweden,Dormant,Control,4-IS_D_C,1.01,0,1,2019-06-12,163
4,G_2,Italy x Sweden,Dormant,Control,4-IS_D_C,1.02,1,1,2019-06-16,167
4,G_2,Italy x Sweden,Dormant,Control,4-IS_D_C,1.03,0,1,2019-06-26,177
4,G_2,Italy x Sweden,Dormant,Control,4-IS_D_C,1.04,0,1,2019-07-03,184
4,G_2,Italy x Sweden,Dormant,Control,4-IS_D_C,1.05,NA,1,2019-07-10,191
4,G_2,Italy x Sweden,Dormant,Control,4-IS_D_C,1.06,NA,1,2019-07-17,198
4,G_2,Italy x Sweden,Dormant,Control,4-IS_D_C,1.07,0,1,2019-07-24,205
4,G_2,Italy x Sweden,Dormant,Control,4-IS_D_C,1.08,0,1,2019-07-31,212
4,G_2,Italy x Sweden,Dormant,Control,4-IS_D_C,1.09,0,1,2019-08-07,219
4,G_2,Italy x Sweden,Dormant,Control,4-IS_D_C,1.1,0,1,2019-08-15,227
4,G_2,Italy x Sweden,Dormant,Control,4-IS_D_C,1.11,0,1,2019-08-20,232
4,G_2,Italy x Sweden,Dormant,Control,4-IS_D_C,1.12,0,1,2019-08-28,240
4,G_2,Italy x Sweden,Dormant,Control,4-IS_D_C,1.13,0,1,2019-09-04,247
4,G_2,Italy x Sweden,Dormant,Control,4-IS_D_C,1.14,0,1,2019-09-11,254
4,G_2,Italy x Sweden,Dormant,Control,4-IS_D_C,1.15,0,1,2019-09-18,261
4,G_2,Italy x Sweden,Dormant,Control,4-IS_D_C,1.16,0,1,2019-09-25,268
4,G_2,Italy x Sweden,Dormant,Control,4-IS_D_C,1.17,0,1,2019-10-02,275
4,G_2,Italy x Sweden,Dormant,Control,4-IS_D_C,1.18,0,1,2019-10-09,282
4,G_2,Italy x Sweden,Dormant,Control,4-IS_D_C,1.19,0,1,2019-10-18,291
4,G_2,Italy x Sweden,Dormant,Control,4-IS_D_C,1.2,3,1,2019-10-23,296
4,G_2,Italy x Sweden,Dormant,Control,4-IS_D_C,1.22,0,1,2019-11-06,310
4,G_2,Italy x Sweden,Dormant,Control,4-IS_D_C,1.23,0,1,2019-11-20,324
4,G_2,Italy x Sweden,Dormant,Control,4-IS_D_C,1.24,0,1,2019-12-04,338
4,G_2,Italy x Sweden,Dormant,Control,4-IS_D_C,1.25,1,1,2019-12-20,354
4,G_2,Italy x Sweden,Dormant,Control,4-IS_D_C,1.26,0,1,2020-02-10,41
4,G_2,Italy x Sweden,Dormant,Control,4-IS_D_C,1.27,0,1,2020-03-02,62
4,G_2,Italy x Sweden,Dormant,Control,4-IS_D_C,1.29,0,1,2020-05-05,126
4,G_2,Italy x Sweden,Dormant,Control,4-IS_D_C,2.01,1,2,2020-05-27,148
4,G_2,Italy x Sweden,Dormant,Control,4-IS_D_C,2.02,0,2,2020-06-04,156
4,G_2,Italy x Sweden,Dormant,Control,4-IS_D_C,2.03,0,2,2020-07-23,205
4,G_2,Italy x Sweden,Dormant,Control,4-IS_D_C,2.04,0,2,2020-08-07,220
4,G_2,Italy x Sweden,Dormant,Control,4-IS_D_C,2.05,0,2,2020-08-13,226
4,G_2,Italy x Sweden,Dormant,Control,4-IS_D_C,2.06,0,2,2020-08-18,231
4,G_2,Italy x Sweden,Dormant,Control,4-IS_D_C,2.07,0,2,2020-08-25,238
4,G_2,Italy x Sweden,Dormant,Control,4-IS_D_C,2.08,7,2,2020-09-10,254
4,G_2,Italy x Sweden,Dormant,Control,4-IS_D_C,2.09,15,2,2020-09-18,262
4,G_2,Italy x Sweden,Dormant,Control,4-IS_D_C,2.1,0,2,2020-10-02,276
4,G_2,Italy x Sweden,Dormant,Control,4-IS_D_C,2.11,0,2,2020-10-19,293
4,G_2,Italy x Sweden,Dormant,Control,4-IS_D_C,2.12,0,2,2020-10-30,304
4,G_2,Italy x Sweden,Dormant,Control,4-IS_D_C,2.13,0,2,2020-11-13,318
4,G_2,Italy x Sweden,Dormant,Control,4-IS_D_C,2.14,0,2,2020-12-04,339
4,G_2,Italy x Sweden,Dormant,Control,4-IS_D_C,2.15,0,2,2020-12-17,352
4,G_2,Italy x Sweden,Dormant,Control,4-IS_D_C,2.16,0,2,2021-01-15,15
4,G_2,Italy x Sweden,Dormant,Control,4-IS_D_C,2.17,0,2,2021-02-01,32
4,G_2,Italy x Sweden,Dormant,Control,4-IS_D_C,2.18,0,2,2021-02-25,56
4,G_2,Italy x Sweden,Dormant,Control,4-IS_D_C,2.19,0,2,2021-03-08,67
4,G_2,Italy x Sweden,Dormant,Control,4-IS_D_C,2.2,0,2,2021-03-25,84
4,G_2,Italy x Sweden,Dormant,Control,4-IS_D_C,2.21,0,2,2021-04-08,98
4,G_2,Italy x Sweden,Dormant,Control,4-IS_D_C,3.14,0,3,2021-08-17,229
4,G_2,Italy x Sweden,Dormant,Control,4-IS_D_C,3.15,0,3,2021-08-25,237
4,G_2,Italy x Sweden,Dormant,Control,4-IS_D_C,3.16,0,3,2021-09-02,245
4,G_2,Italy x Sweden,Dormant,Control,4-IS_D_C,3.17,0,3,2021-09-08,251
4,G_2,Italy x Sweden,Dormant,Control,4-IS_D_C,3.18,0,3,2021-09-15,258
4,G_2,Italy x Sweden,Dormant,Control,4-IS_D_C,3.19,0,3,2021-09-22,265
4,G_2,Italy x Sweden,Dormant,Control,4-IS_D_C,3.2,326,3,2021-10-01,274
4,G_2,Italy x Sweden,Dormant,Control,4-IS_D_C,3.21,9,3,2021-10-13,286
4,G_2,Italy x Sweden,Dormant,Control,4-IS_D_C,3.22,0,3,2021-11-12,316
4,G_2,Italy x Sweden,Dormant,Control,4-IS_D_C,3.23,0,3,2021-12-17,351
4,G_3,Italy x Sweden,Mixed,Litter,4-IS_M_F,1.01,5,1,2019-06-12,163
4,G_3,Italy x Sweden,Mixed,Litter,4-IS_M_F,1.02,0,1,2019-06-16,167
4,G_3,Italy x Sweden,Mixed,Litter,4-IS_M_F,1.03,0,1,2019-06-26,177
4,G_3,Italy x Sweden,Mixed,Litter,4-IS_M_F,1.04,0,1,2019-07-03,184
4,G_3,Italy x Sweden,Mixed,Litter,4-IS_M_F,1.05,NA,1,2019-07-10,191
4,G_3,Italy x Sweden,Mixed,Litter,4-IS_M_F,1.06,NA,1,2019-07-17,198
4,G_3,Italy x Sweden,Mixed,Litter,4-IS_M_F,1.07,0,1,2019-07-24,205
4,G_3,Italy x Sweden,Mixed,Litter,4-IS_M_F,1.08,0,1,2019-07-31,212
4,G_3,Italy x Sweden,Mixed,Litter,4-IS_M_F,1.09,0,1,2019-08-07,219
4,G_3,Italy x Sweden,Mixed,Litter,4-IS_M_F,1.1,0,1,2019-08-15,227
4,G_3,Italy x Sweden,Mixed,Litter,4-IS_M_F,1.11,0,1,2019-08-20,232
4,G_3,Italy x Sweden,Mixed,Litter,4-IS_M_F,1.12,0,1,2019-08-28,240
4,G_3,Italy x Sweden,Mixed,Litter,4-IS_M_F,1.13,0,1,2019-09-04,247
4,G_3,Italy x Sweden,Mixed,Litter,4-IS_M_F,1.14,0,1,2019-09-11,254
4,G_3,Italy x Sweden,Mixed,Litter,4-IS_M_F,1.15,0,1,2019-09-18,261
4,G_3,Italy x Sweden,Mixed,Litter,4-IS_M_F,1.16,0,1,2019-09-25,268
4,G_3,Italy x Sweden,Mixed,Litter,4-IS_M_F,1.17,0,1,2019-10-02,275
4,G_3,Italy x Sweden,Mixed,Litter,4-IS_M_F,1.18,0,1,2019-10-09,282
4,G_3,Italy x Sweden,Mixed,Litter,4-IS_M_F,1.19,0,1,2019-10-18,291
4,G_3,Italy x Sweden,Mixed,Litter,4-IS_M_F,1.2,4,1,2019-10-23,296
4,G_3,Italy x Sweden,Mixed,Litter,4-IS_M_F,1.22,1,1,2019-11-06,310
4,G_3,Italy x Sweden,Mixed,Litter,4-IS_M_F,1.23,0,1,2019-11-20,324
4,G_3,Italy x Sweden,Mixed,Litter,4-IS_M_F,1.24,1,1,2019-12-04,338
4,G_3,Italy x Sweden,Mixed,Litter,4-IS_M_F,1.25,7,1,2019-12-20,354
4,G_3,Italy x Sweden,Mixed,Litter,4-IS_M_F,1.26,0,1,2020-02-10,41
4,G_3,Italy x Sweden,Mixed,Litter,4-IS_M_F,1.27,0,1,2020-03-02,62
4,G_3,Italy x Sweden,Mixed,Litter,4-IS_M_F,1.29,0,1,2020-05-05,126
4,G_3,Italy x Sweden,Mixed,Litter,4-IS_M_F,2.01,0,2,2020-05-27,148
4,G_3,Italy x Sweden,Mixed,Litter,4-IS_M_F,2.02,0,2,2020-06-04,156
4,G_3,Italy x Sweden,Mixed,Litter,4-IS_M_F,2.03,0,2,2020-07-23,205
4,G_3,Italy x Sweden,Mixed,Litter,4-IS_M_F,2.04,0,2,2020-08-07,220
4,G_3,Italy x Sweden,Mixed,Litter,4-IS_M_F,2.05,0,2,2020-08-13,226
4,G_3,Italy x Sweden,Mixed,Litter,4-IS_M_F,2.06,0,2,2020-08-18,231
4,G_3,Italy x Sweden,Mixed,Litter,4-IS_M_F,2.07,0,2,2020-08-25,238
4,G_3,Italy x Sweden,Mixed,Litter,4-IS_M_F,2.08,0,2,2020-09-10,254
4,G_3,Italy x Sweden,Mixed,Litter,4-IS_M_F,2.09,9,2,2020-09-18,262
4,G_3,Italy x Sweden,Mixed,Litter,4-IS_M_F,2.1,0,2,2020-10-02,276
4,G_3,Italy x Sweden,Mixed,Litter,4-IS_M_F,2.11,0,2,2020-10-19,293
4,G_3,Italy x Sweden,Mixed,Litter,4-IS_M_F,2.12,0,2,2020-10-30,304
4,G_3,Italy x Sweden,Mixed,Litter,4-IS_M_F,2.13,0,2,2020-11-13,318
4,G_3,Italy x Sweden,Mixed,Litter,4-IS_M_F,2.14,0,2,2020-12-04,339
4,G_3,Italy x Sweden,Mixed,Litter,4-IS_M_F,2.15,0,2,2020-12-17,352
4,G_3,Italy x Sweden,Mixed,Litter,4-IS_M_F,2.16,0,2,2021-01-15,15
4,G_3,Italy x Sweden,Mixed,Litter,4-IS_M_F,2.17,0,2,2021-02-01,32
4,G_3,Italy x Sweden,Mixed,Litter,4-IS_M_F,2.18,0,2,2021-02-25,56
4,G_3,Italy x Sweden,Mixed,Litter,4-IS_M_F,2.19,0,2,2021-03-08,67
4,G_3,Italy x Sweden,Mixed,Litter,4-IS_M_F,2.2,0,2,2021-03-25,84
4,G_3,Italy x Sweden,Mixed,Litter,4-IS_M_F,2.21,0,2,2021-04-08,98
4,G_3,Italy x Sweden,Mixed,Litter,4-IS_M_F,3.14,0,3,2021-08-17,229
4,G_3,Italy x Sweden,Mixed,Litter,4-IS_M_F,3.15,0,3,2021-08-25,237
4,G_3,Italy x Sweden,Mixed,Litter,4-IS_M_F,3.16,0,3,2021-09-02,245
4,G_3,Italy x Sweden,Mixed,Litter,4-IS_M_F,3.17,0,3,2021-09-08,251
4,G_3,Italy x Sweden,Mixed,Litter,4-IS_M_F,3.18,0,3,2021-09-15,258
4,G_3,Italy x Sweden,Mixed,Litter,4-IS_M_F,3.19,0,3,2021-09-22,265
4,G_3,Italy x Sweden,Mixed,Litter,4-IS_M_F,3.2,208,3,2021-10-01,274
4,G_3,Italy x Sweden,Mixed,Litter,4-IS_M_F,3.21,36,3,2021-10-13,286
4,G_3,Italy x Sweden,Mixed,Litter,4-IS_M_F,3.22,0,3,2021-11-12,316
4,G_3,Italy x Sweden,Mixed,Litter,4-IS_M_F,3.23,0,3,2021-12-17,351
5,G_5,Italy x Sweden,Dormant,Control,5-IS_D_C,1.01,3,1,2019-06-12,163
5,G_5,Italy x Sweden,Dormant,Control,5-IS_D_C,1.02,0,1,2019-06-16,167
5,G_5,Italy x Sweden,Dormant,Control,5-IS_D_C,1.03,0,1,2019-06-26,177
5,G_5,Italy x Sweden,Dormant,Control,5-IS_D_C,1.04,0,1,2019-07-03,184
5,G_5,Italy x Sweden,Dormant,Control,5-IS_D_C,1.05,NA,1,2019-07-10,191
5,G_5,Italy x Sweden,Dormant,Control,5-IS_D_C,1.06,NA,1,2019-07-17,198
5,G_5,Italy x Sweden,Dormant,Control,5-IS_D_C,1.07,0,1,2019-07-24,205
5,G_5,Italy x Sweden,Dormant,Control,5-IS_D_C,1.08,0,1,2019-07-31,212
5,G_5,Italy x Sweden,Dormant,Control,5-IS_D_C,1.09,0,1,2019-08-07,219
5,G_5,Italy x Sweden,Dormant,Control,5-IS_D_C,1.1,0,1,2019-08-15,227
5,G_5,Italy x Sweden,Dormant,Control,5-IS_D_C,1.11,0,1,2019-08-20,232
5,G_5,Italy x Sweden,Dormant,Control,5-IS_D_C,1.12,0,1,2019-08-28,240
5,G_5,Italy x Sweden,Dormant,Control,5-IS_D_C,1.13,0,1,2019-09-04,247
5,G_5,Italy x Sweden,Dormant,Control,5-IS_D_C,1.14,0,1,2019-09-11,254
5,G_5,Italy x Sweden,Dormant,Control,5-IS_D_C,1.15,0,1,2019-09-18,261
5,G_5,Italy x Sweden,Dormant,Control,5-IS_D_C,1.16,0,1,2019-09-25,268
5,G_5,Italy x Sweden,Dormant,Control,5-IS_D_C,1.17,0,1,2019-10-02,275
5,G_5,Italy x Sweden,Dormant,Control,5-IS_D_C,1.18,0,1,2019-10-09,282
5,G_5,Italy x Sweden,Dormant,Control,5-IS_D_C,1.19,0,1,2019-10-18,291
5,G_5,Italy x Sweden,Dormant,Control,5-IS_D_C,1.2,3,1,2019-10-23,296
5,G_5,Italy x Sweden,Dormant,Control,5-IS_D_C,1.22,0,1,2019-11-06,310
5,G_5,Italy x Sweden,Dormant,Control,5-IS_D_C,1.23,0,1,2019-11-20,324
5,G_5,Italy x Sweden,Dormant,Control,5-IS_D_C,1.24,0,1,2019-12-04,338
5,G_5,Italy x Sweden,Dormant,Control,5-IS_D_C,1.25,0,1,2019-12-20,354
5,G_5,Italy x Sweden,Dormant,Control,5-IS_D_C,1.26,0,1,2020-02-10,41
5,G_5,Italy x Sweden,Dormant,Control,5-IS_D_C,1.27,0,1,2020-03-02,62
5,G_5,Italy x Sweden,Dormant,Control,5-IS_D_C,1.29,0,1,2020-05-05,126
5,G_5,Italy x Sweden,Dormant,Control,5-IS_D_C,2.01,133,2,2020-05-27,148
5,G_5,Italy x Sweden,Dormant,Control,5-IS_D_C,2.02,0,2,2020-06-04,156
5,G_5,Italy x Sweden,Dormant,Control,5-IS_D_C,2.03,0,2,2020-07-23,205
5,G_5,Italy x Sweden,Dormant,Control,5-IS_D_C,2.04,0,2,2020-08-07,220
5,G_5,Italy x Sweden,Dormant,Control,5-IS_D_C,2.05,0,2,2020-08-13,226
5,G_5,Italy x Sweden,Dormant,Control,5-IS_D_C,2.06,0,2,2020-08-18,231
5,G_5,Italy x Sweden,Dormant,Control,5-IS_D_C,2.07,0,2,2020-08-25,238
5,G_5,Italy x Sweden,Dormant,Control,5-IS_D_C,2.08,2,2,2020-09-04,248
5,G_5,Italy x Sweden,Dormant,Control,5-IS_D_C,2.09,51,2,2020-09-16,260
5,G_5,Italy x Sweden,Dormant,Control,5-IS_D_C,2.1,0,2,2020-10-02,276
5,G_5,Italy x Sweden,Dormant,Control,5-IS_D_C,2.11,0,2,2020-10-19,293
5,G_5,Italy x Sweden,Dormant,Control,5-IS_D_C,2.12,0,2,2020-11-06,311
5,G_5,Italy x Sweden,Dormant,Control,5-IS_D_C,2.13,0,2,2020-11-19,324
5,G_5,Italy x Sweden,Dormant,Control,5-IS_D_C,2.14,0,2,2020-12-04,339
5,G_5,Italy x Sweden,Dormant,Control,5-IS_D_C,2.15,0,2,2020-12-15,350
5,G_5,Italy x Sweden,Dormant,Control,5-IS_D_C,2.16,0,2,2021-01-14,14
5,G_5,Italy x Sweden,Dormant,Control,5-IS_D_C,2.17,0,2,2021-02-01,32
5,G_5,Italy x Sweden,Dormant,Control,5-IS_D_C,2.18,0,2,2021-02-25,56
5,G_5,Italy x Sweden,Dormant,Control,5-IS_D_C,2.19,0,2,2021-03-08,67
5,G_5,Italy x Sweden,Dormant,Control,5-IS_D_C,2.2,0,2,2021-03-26,85
5,G_5,Italy x Sweden,Dormant,Control,5-IS_D_C,2.21,0,2,2021-04-08,98
5,G_5,Italy x Sweden,Dormant,Control,5-IS_D_C,3.14,0,3,2021-08-17,229
5,G_5,Italy x Sweden,Dormant,Control,5-IS_D_C,3.15,0,3,2021-08-25,237
5,G_5,Italy x Sweden,Dormant,Control,5-IS_D_C,3.16,0,3,2021-09-02,245
5,G_5,Italy x Sweden,Dormant,Control,5-IS_D_C,3.17,0,3,2021-09-08,251
5,G_5,Italy x Sweden,Dormant,Control,5-IS_D_C,3.18,0,3,2021-09-15,258
5,G_5,Italy x Sweden,Dormant,Control,5-IS_D_C,3.19,0,3,2021-09-22,265
5,G_5,Italy x Sweden,Dormant,Control,5-IS_D_C,3.2,202,3,2021-10-03,276
5,G_5,Italy x Sweden,Dormant,Control,5-IS_D_C,3.21,0,3,2021-10-15,288
5,G_5,Italy x Sweden,Dormant,Control,5-IS_D_C,3.22,0,3,2021-11-15,319
5,G_5,Italy x Sweden,Dormant,Control,5-IS_D_C,3.23,0,3,2021-12-17,351
5,G_6,UK x USA,Mixed,Control,5-TC_M_C,1.01,NA,1,2019-06-12,163
5,G_6,UK x USA,Mixed,Control,5-TC_M_C,1.02,NA,1,2019-06-16,167
5,G_6,UK x USA,Mixed,Control,5-TC_M_C,1.03,NA,1,2019-06-26,177
5,G_6,UK x USA,Mixed,Control,5-TC_M_C,1.04,NA,1,2019-07-03,184
5,G_6,UK x USA,Mixed,Control,5-TC_M_C,1.05,NA,1,2019-07-10,191
5,G_6,UK x USA,Mixed,Control,5-TC_M_C,1.06,NA,1,2019-07-17,198
5,G_6,UK x USA,Mixed,Control,5-TC_M_C,1.07,0,1,2019-07-24,205
5,G_6,UK x USA,Mixed,Control,5-TC_M_C,1.08,0,1,2019-07-31,212
5,G_6,UK x USA,Mixed,Control,5-TC_M_C,1.09,0,1,2019-08-07,219
5,G_6,UK x USA,Mixed,Control,5-TC_M_C,1.1,0,1,2019-08-15,227
5,G_6,UK x USA,Mixed,Control,5-TC_M_C,1.11,0,1,2019-08-20,232
5,G_6,UK x USA,Mixed,Control,5-TC_M_C,1.12,0,1,2019-08-28,240
5,G_6,UK x USA,Mixed,Control,5-TC_M_C,1.13,0,1,2019-09-04,247
5,G_6,UK x USA,Mixed,Control,5-TC_M_C,1.14,0,1,2019-09-11,254
5,G_6,UK x USA,Mixed,Control,5-TC_M_C,1.15,0,1,2019-09-18,261
5,G_6,UK x USA,Mixed,Control,5-TC_M_C,1.16,0,1,2019-09-25,268
5,G_6,UK x USA,Mixed,Control,5-TC_M_C,1.17,0,1,2019-10-02,275
5,G_6,UK x USA,Mixed,Control,5-TC_M_C,1.18,0,1,2019-10-09,282
5,G_6,UK x USA,Mixed,Control,5-TC_M_C,1.19,0,1,2019-10-18,291
5,G_6,UK x USA,Mixed,Control,5-TC_M_C,1.2,22,1,2019-10-23,296
5,G_6,UK x USA,Mixed,Control,5-TC_M_C,1.22,0,1,2019-11-06,310
5,G_6,UK x USA,Mixed,Control,5-TC_M_C,1.23,0,1,2019-11-20,324
5,G_6,UK x USA,Mixed,Control,5-TC_M_C,1.24,0,1,2019-12-04,338
5,G_6,UK x USA,Mixed,Control,5-TC_M_C,1.25,0,1,2019-12-20,354
5,G_6,UK x USA,Mixed,Control,5-TC_M_C,1.26,0,1,2020-02-10,41
5,G_6,UK x USA,Mixed,Control,5-TC_M_C,1.27,0,1,2020-03-02,62
5,G_6,UK x USA,Mixed,Control,5-TC_M_C,1.29,0,1,2020-05-05,126
5,G_6,UK x USA,Mixed,Control,5-TC_M_C,2.01,0,2,2020-05-27,148
5,G_6,UK x USA,Mixed,Control,5-TC_M_C,2.02,0,2,2020-06-04,156
5,G_6,UK x USA,Mixed,Control,5-TC_M_C,2.03,0,2,2020-07-23,205
5,G_6,UK x USA,Mixed,Control,5-TC_M_C,2.04,0,2,2020-08-07,220
5,G_6,UK x USA,Mixed,Control,5-TC_M_C,2.05,0,2,2020-08-13,226
5,G_6,UK x USA,Mixed,Control,5-TC_M_C,2.06,0,2,2020-08-18,231
5,G_6,UK x USA,Mixed,Control,5-TC_M_C,2.07,0,2,2020-08-25,238
5,G_6,UK x USA,Mixed,Control,5-TC_M_C,2.08,5,2,2020-09-04,248
5,G_6,UK x USA,Mixed,Control,5-TC_M_C,2.09,6,2,2020-09-16,260
5,G_6,UK x USA,Mixed,Control,5-TC_M_C,2.1,0,2,2020-10-02,276
5,G_6,UK x USA,Mixed,Control,5-TC_M_C,2.11,0,2,2020-10-19,293
5,G_6,UK x USA,Mixed,Control,5-TC_M_C,2.12,0,2,2020-11-06,311
5,G_6,UK x USA,Mixed,Control,5-TC_M_C,2.13,0,2,2020-11-19,324
5,G_6,UK x USA,Mixed,Control,5-TC_M_C,2.14,0,2,2020-12-04,339
5,G_6,UK x USA,Mixed,Control,5-TC_M_C,2.15,0,2,2020-12-15,350
5,G_6,UK x USA,Mixed,Control,5-TC_M_C,2.16,0,2,2021-01-14,14
5,G_6,UK x USA,Mixed,Control,5-TC_M_C,2.17,0,2,2021-02-01,32
5,G_6,UK x USA,Mixed,Control,5-TC_M_C,2.18,0,2,2021-02-25,56
5,G_6,UK x USA,Mixed,Control,5-TC_M_C,2.19,0,2,2021-03-08,67
5,G_6,UK x USA,Mixed,Control,5-TC_M_C,2.2,0,2,2021-03-26,85
5,G_6,UK x USA,Mixed,Control,5-TC_M_C,2.21,0,2,2021-04-08,98
5,G_6,UK x USA,Mixed,Control,5-TC_M_C,3.14,0,3,2021-08-17,229
5,G_6,UK x USA,Mixed,Control,5-TC_M_C,3.15,0,3,2021-08-25,237
5,G_6,UK x USA,Mixed,Control,5-TC_M_C,3.16,0,3,2021-09-02,245
5,G_6,UK x USA,Mixed,Control,5-TC_M_C,3.17,0,3,2021-09-08,251
5,G_6,UK x USA,Mixed,Control,5-TC_M_C,3.18,0,3,2021-09-15,258
5,G_6,UK x USA,Mixed,Control,5-TC_M_C,3.19,0,3,2021-09-22,265
5,G_6,UK x USA,Mixed,Control,5-TC_M_C,3.2,16,3,2021-10-03,276
5,G_6,UK x USA,Mixed,Control,5-TC_M_C,3.21,0,3,2021-10-15,288
5,G_6,UK x USA,Mixed,Control,5-TC_M_C,3.22,0,3,2021-11-15,319
5,G_6,UK x USA,Mixed,Control,5-TC_M_C,3.23,0,3,2021-12-17,351
5,G_7,Italy x Sweden,Mixed,Control,5-IS_M_C,1.01,1,1,2019-06-12,163
5,G_7,Italy x Sweden,Mixed,Control,5-IS_M_C,1.02,0,1,2019-06-16,167
5,G_7,Italy x Sweden,Mixed,Control,5-IS_M_C,1.03,0,1,2019-06-26,177
5,G_7,Italy x Sweden,Mixed,Control,5-IS_M_C,1.04,0,1,2019-07-03,184
5,G_7,Italy x Sweden,Mixed,Control,5-IS_M_C,1.05,NA,1,2019-07-10,191
5,G_7,Italy x Sweden,Mixed,Control,5-IS_M_C,1.06,NA,1,2019-07-17,198
5,G_7,Italy x Sweden,Mixed,Control,5-IS_M_C,1.07,0,1,2019-07-24,205
5,G_7,Italy x Sweden,Mixed,Control,5-IS_M_C,1.08,0,1,2019-07-31,212
5,G_7,Italy x Sweden,Mixed,Control,5-IS_M_C,1.09,0,1,2019-08-07,219
5,G_7,Italy x Sweden,Mixed,Control,5-IS_M_C,1.1,0,1,2019-08-15,227
5,G_7,Italy x Sweden,Mixed,Control,5-IS_M_C,1.11,0,1,2019-08-20,232
5,G_7,Italy x Sweden,Mixed,Control,5-IS_M_C,1.12,0,1,2019-08-28,240
5,G_7,Italy x Sweden,Mixed,Control,5-IS_M_C,1.13,0,1,2019-09-04,247
5,G_7,Italy x Sweden,Mixed,Control,5-IS_M_C,1.14,0,1,2019-09-11,254
5,G_7,Italy x Sweden,Mixed,Control,5-IS_M_C,1.15,0,1,2019-09-18,261
5,G_7,Italy x Sweden,Mixed,Control,5-IS_M_C,1.16,0,1,2019-09-25,268
5,G_7,Italy x Sweden,Mixed,Control,5-IS_M_C,1.17,0,1,2019-10-02,275
5,G_7,Italy x Sweden,Mixed,Control,5-IS_M_C,1.18,0,1,2019-10-09,282
5,G_7,Italy x Sweden,Mixed,Control,5-IS_M_C,1.19,0,1,2019-10-18,291
5,G_7,Italy x Sweden,Mixed,Control,5-IS_M_C,1.2,1,1,2019-10-23,296
5,G_7,Italy x Sweden,Mixed,Control,5-IS_M_C,1.22,0,1,2019-11-06,310
5,G_7,Italy x Sweden,Mixed,Control,5-IS_M_C,1.23,0,1,2019-11-20,324
5,G_7,Italy x Sweden,Mixed,Control,5-IS_M_C,1.24,2,1,2019-12-04,338
5,G_7,Italy x Sweden,Mixed,Control,5-IS_M_C,1.25,0,1,2019-12-20,354
5,G_7,Italy x Sweden,Mixed,Control,5-IS_M_C,1.26,0,1,2020-02-10,41
5,G_7,Italy x Sweden,Mixed,Control,5-IS_M_C,1.27,0,1,2020-03-02,62
5,G_7,Italy x Sweden,Mixed,Control,5-IS_M_C,1.29,0,1,2020-05-05,126
5,G_7,Italy x Sweden,Mixed,Control,5-IS_M_C,2.01,0,2,2020-05-27,148
5,G_7,Italy x Sweden,Mixed,Control,5-IS_M_C,2.02,0,2,2020-06-04,156
5,G_7,Italy x Sweden,Mixed,Control,5-IS_M_C,2.03,0,2,2020-07-23,205
5,G_7,Italy x Sweden,Mixed,Control,5-IS_M_C,2.04,0,2,2020-08-07,220
5,G_7,Italy x Sweden,Mixed,Control,5-IS_M_C,2.05,0,2,2020-08-13,226
5,G_7,Italy x Sweden,Mixed,Control,5-IS_M_C,2.06,0,2,2020-08-18,231
5,G_7,Italy x Sweden,Mixed,Control,5-IS_M_C,2.07,0,2,2020-08-25,238
5,G_7,Italy x Sweden,Mixed,Control,5-IS_M_C,2.08,3,2,2020-09-04,248
5,G_7,Italy x Sweden,Mixed,Control,5-IS_M_C,2.09,2,2,2020-09-16,260
5,G_7,Italy x Sweden,Mixed,Control,5-IS_M_C,2.1,0,2,2020-10-02,276
5,G_7,Italy x Sweden,Mixed,Control,5-IS_M_C,2.11,0,2,2020-10-19,293
5,G_7,Italy x Sweden,Mixed,Control,5-IS_M_C,2.12,0,2,2020-11-06,311
5,G_7,Italy x Sweden,Mixed,Control,5-IS_M_C,2.13,0,2,2020-11-19,324
5,G_7,Italy x Sweden,Mixed,Control,5-IS_M_C,2.14,0,2,2020-12-04,339
5,G_7,Italy x Sweden,Mixed,Control,5-IS_M_C,2.15,0,2,2020-12-15,350
5,G_7,Italy x Sweden,Mixed,Control,5-IS_M_C,2.16,0,2,2021-01-14,14
5,G_7,Italy x Sweden,Mixed,Control,5-IS_M_C,2.17,0,2,2021-02-01,32
5,G_7,Italy x Sweden,Mixed,Control,5-IS_M_C,2.18,0,2,2021-02-25,56
5,G_7,Italy x Sweden,Mixed,Control,5-IS_M_C,2.19,0,2,2021-03-08,67
5,G_7,Italy x Sweden,Mixed,Control,5-IS_M_C,2.2,0,2,2021-03-26,85
5,G_7,Italy x Sweden,Mixed,Control,5-IS_M_C,2.21,0,2,2021-04-08,98
5,G_7,Italy x Sweden,Mixed,Control,5-IS_M_C,3.14,0,3,2021-08-17,229
5,G_7,Italy x Sweden,Mixed,Control,5-IS_M_C,3.15,0,3,2021-08-25,237
5,G_7,Italy x Sweden,Mixed,Control,5-IS_M_C,3.16,0,3,2021-09-02,245
5,G_7,Italy x Sweden,Mixed,Control,5-IS_M_C,3.17,0,3,2021-09-08,251
5,G_7,Italy x Sweden,Mixed,Control,5-IS_M_C,3.18,0,3,2021-09-15,258
5,G_7,Italy x Sweden,Mixed,Control,5-IS_M_C,3.19,0,3,2021-09-22,265
5,G_7,Italy x Sweden,Mixed,Control,5-IS_M_C,3.2,5,3,2021-10-03,276
5,G_7,Italy x Sweden,Mixed,Control,5-IS_M_C,3.21,23,3,2021-10-15,288
5,G_7,Italy x Sweden,Mixed,Control,5-IS_M_C,3.22,0,3,2021-11-15,319
5,G_7,Italy x Sweden,Mixed,Control,5-IS_M_C,3.23,0,3,2021-12-17,351
5,G_8,Germany x Tajikistan,Dormant,Control,5-BS_D_C,1.01,NA,1,2019-06-12,163
5,G_8,Germany x Tajikistan,Dormant,Control,5-BS_D_C,1.02,NA,1,2019-06-16,167
5,G_8,Germany x Tajikistan,Dormant,Control,5-BS_D_C,1.03,NA,1,2019-06-26,177
5,G_8,Germany x Tajikistan,Dormant,Control,5-BS_D_C,1.04,NA,1,2019-07-03,184
5,G_8,Germany x Tajikistan,Dormant,Control,5-BS_D_C,1.05,NA,1,2019-07-10,191
5,G_8,Germany x Tajikistan,Dormant,Control,5-BS_D_C,1.06,NA,1,2019-07-17,198
5,G_8,Germany x Tajikistan,Dormant,Control,5-BS_D_C,1.07,0,1,2019-07-24,205
5,G_8,Germany x Tajikistan,Dormant,Control,5-BS_D_C,1.08,0,1,2019-07-31,212
5,G_8,Germany x Tajikistan,Dormant,Control,5-BS_D_C,1.09,0,1,2019-08-07,219
5,G_8,Germany x Tajikistan,Dormant,Control,5-BS_D_C,1.1,0,1,2019-08-15,227
5,G_8,Germany x Tajikistan,Dormant,Control,5-BS_D_C,1.11,0,1,2019-08-20,232
5,G_8,Germany x Tajikistan,Dormant,Control,5-BS_D_C,1.12,0,1,2019-08-28,240
5,G_8,Germany x Tajikistan,Dormant,Control,5-BS_D_C,1.13,0,1,2019-09-04,247
5,G_8,Germany x Tajikistan,Dormant,Control,5-BS_D_C,1.14,0,1,2019-09-11,254
5,G_8,Germany x Tajikistan,Dormant,Control,5-BS_D_C,1.15,0,1,2019-09-18,261
5,G_8,Germany x Tajikistan,Dormant,Control,5-BS_D_C,1.16,0,1,2019-09-25,268
5,G_8,Germany x Tajikistan,Dormant,Control,5-BS_D_C,1.17,0,1,2019-10-02,275
5,G_8,Germany x Tajikistan,Dormant,Control,5-BS_D_C,1.18,0,1,2019-10-09,282
5,G_8,Germany x Tajikistan,Dormant,Control,5-BS_D_C,1.19,0,1,2019-10-18,291
5,G_8,Germany x Tajikistan,Dormant,Control,5-BS_D_C,1.2,0,1,2019-10-23,296
5,G_8,Germany x Tajikistan,Dormant,Control,5-BS_D_C,1.22,0,1,2019-11-06,310
5,G_8,Germany x Tajikistan,Dormant,Control,5-BS_D_C,1.23,0,1,2019-11-20,324
5,G_8,Germany x Tajikistan,Dormant,Control,5-BS_D_C,1.24,0,1,2019-12-04,338
5,G_8,Germany x Tajikistan,Dormant,Control,5-BS_D_C,1.25,0,1,2019-12-20,354
5,G_8,Germany x Tajikistan,Dormant,Control,5-BS_D_C,1.26,0,1,2020-02-10,41
5,G_8,Germany x Tajikistan,Dormant,Control,5-BS_D_C,1.27,0,1,2020-03-02,62
5,G_8,Germany x Tajikistan,Dormant,Control,5-BS_D_C,1.29,0,1,2020-05-05,126
5,G_8,Germany x Tajikistan,Dormant,Control,5-BS_D_C,2.01,0,2,2020-05-27,148
5,G_8,Germany x Tajikistan,Dormant,Control,5-BS_D_C,2.02,0,2,2020-06-04,156
5,G_8,Germany x Tajikistan,Dormant,Control,5-BS_D_C,2.03,0,2,2020-07-23,205
5,G_8,Germany x Tajikistan,Dormant,Control,5-BS_D_C,2.04,0,2,2020-08-07,220
5,G_8,Germany x Tajikistan,Dormant,Control,5-BS_D_C,2.05,0,2,2020-08-13,226
5,G_8,Germany x Tajikistan,Dormant,Control,5-BS_D_C,2.06,0,2,2020-08-18,231
5,G_8,Germany x Tajikistan,Dormant,Control,5-BS_D_C,2.07,0,2,2020-08-25,238
5,G_8,Germany x Tajikistan,Dormant,Control,5-BS_D_C,2.08,28,2,2020-09-04,248
5,G_8,Germany x Tajikistan,Dormant,Control,5-BS_D_C,2.09,0,2,2020-09-16,260
5,G_8,Germany x Tajikistan,Dormant,Control,5-BS_D_C,2.1,0,2,2020-10-02,276
5,G_8,Germany x Tajikistan,Dormant,Control,5-BS_D_C,2.11,0,2,2020-10-19,293
5,G_8,Germany x Tajikistan,Dormant,Control,5-BS_D_C,2.12,0,2,2020-11-06,311
5,G_8,Germany x Tajikistan,Dormant,Control,5-BS_D_C,2.13,0,2,2020-11-19,324
5,G_8,Germany x Tajikistan,Dormant,Control,5-BS_D_C,2.14,0,2,2020-12-04,339
5,G_8,Germany x Tajikistan,Dormant,Control,5-BS_D_C,2.15,0,2,2020-12-15,350
5,G_8,Germany x Tajikistan,Dormant,Control,5-BS_D_C,2.16,0,2,2021-01-14,14
5,G_8,Germany x Tajikistan,Dormant,Control,5-BS_D_C,2.17,0,2,2021-02-01,32
5,G_8,Germany x Tajikistan,Dormant,Control,5-BS_D_C,2.18,0,2,2021-02-25,56
5,G_8,Germany x Tajikistan,Dormant,Control,5-BS_D_C,2.19,0,2,2021-03-08,67
5,G_8,Germany x Tajikistan,Dormant,Control,5-BS_D_C,2.2,0,2,2021-03-26,85
5,G_8,Germany x Tajikistan,Dormant,Control,5-BS_D_C,2.21,0,2,2021-04-08,98
5,G_8,Germany x Tajikistan,Dormant,Control,5-BS_D_C,3.14,0,3,2021-08-17,229
5,G_8,Germany x Tajikistan,Dormant,Control,5-BS_D_C,3.15,0,3,2021-08-25,237
5,G_8,Germany x Tajikistan,Dormant,Control,5-BS_D_C,3.16,0,3,2021-09-02,245
5,G_8,Germany x Tajikistan,Dormant,Control,5-BS_D_C,3.17,0,3,2021-09-08,251
5,G_8,Germany x Tajikistan,Dormant,Control,5-BS_D_C,3.18,0,3,2021-09-15,258
5,G_8,Germany x Tajikistan,Dormant,Control,5-BS_D_C,3.19,0,3,2021-09-22,265
5,G_8,Germany x Tajikistan,Dormant,Control,5-BS_D_C,3.2,3,3,2021-10-03,276
5,G_8,Germany x Tajikistan,Dormant,Control,5-BS_D_C,3.21,0,3,2021-10-15,288
5,G_8,Germany x Tajikistan,Dormant,Control,5-BS_D_C,3.22,0,3,2021-11-15,319
5,G_8,Germany x Tajikistan,Dormant,Control,5-BS_D_C,3.23,0,3,2021-12-17,351
6,G_9,Italy x Sweden,Dormant,High Humidity,6-IS_D_D,1.01,2,1,2019-06-12,163
6,G_9,Italy x Sweden,Dormant,High Humidity,6-IS_D_D,1.02,0,1,2019-06-16,167
6,G_9,Italy x Sweden,Dormant,High Humidity,6-IS_D_D,1.03,0,1,2019-06-26,177
6,G_9,Italy x Sweden,Dormant,High Humidity,6-IS_D_D,1.04,0,1,2019-07-03,184
6,G_9,Italy x Sweden,Dormant,High Humidity,6-IS_D_D,1.05,NA,1,2019-07-10,191
6,G_9,Italy x Sweden,Dormant,High Humidity,6-IS_D_D,1.06,NA,1,2019-07-17,198
6,G_9,Italy x Sweden,Dormant,High Humidity,6-IS_D_D,1.07,0,1,2019-07-24,205
6,G_9,Italy x Sweden,Dormant,High Humidity,6-IS_D_D,1.08,0,1,2019-07-31,212
6,G_9,Italy x Sweden,Dormant,High Humidity,6-IS_D_D,1.09,0,1,2019-08-07,219
6,G_9,Italy x Sweden,Dormant,High Humidity,6-IS_D_D,1.1,0,1,2019-08-15,227
6,G_9,Italy x Sweden,Dormant,High Humidity,6-IS_D_D,1.11,0,1,2019-08-20,232
6,G_9,Italy x Sweden,Dormant,High Humidity,6-IS_D_D,1.12,0,1,2019-08-28,240
6,G_9,Italy x Sweden,Dormant,High Humidity,6-IS_D_D,1.13,0,1,2019-09-04,247
6,G_9,Italy x Sweden,Dormant,High Humidity,6-IS_D_D,1.14,0,1,2019-09-11,254
6,G_9,Italy x Sweden,Dormant,High Humidity,6-IS_D_D,1.15,0,1,2019-09-18,261
6,G_9,Italy x Sweden,Dormant,High Humidity,6-IS_D_D,1.16,0,1,2019-09-25,268
6,G_9,Italy x Sweden,Dormant,High Humidity,6-IS_D_D,1.17,0,1,2019-10-02,275
6,G_9,Italy x Sweden,Dormant,High Humidity,6-IS_D_D,1.18,0,1,2019-10-09,282
6,G_9,Italy x Sweden,Dormant,High Humidity,6-IS_D_D,1.19,0,1,2019-10-18,291
6,G_9,Italy x Sweden,Dormant,High Humidity,6-IS_D_D,1.2,12,1,2019-10-23,296
6,G_9,Italy x Sweden,Dormant,High Humidity,6-IS_D_D,1.22,0,1,2019-11-06,310
6,G_9,Italy x Sweden,Dormant,High Humidity,6-IS_D_D,1.23,0,1,2019-11-20,324
6,G_9,Italy x Sweden,Dormant,High Humidity,6-IS_D_D,1.24,0,1,2019-12-04,338
6,G_9,Italy x Sweden,Dormant,High Humidity,6-IS_D_D,1.25,5,1,2019-12-20,354
6,G_9,Italy x Sweden,Dormant,High Humidity,6-IS_D_D,1.26,0,1,2020-02-10,41
6,G_9,Italy x Sweden,Dormant,High Humidity,6-IS_D_D,1.27,0,1,2020-03-02,62
6,G_9,Italy x Sweden,Dormant,High Humidity,6-IS_D_D,1.29,0,1,2020-05-05,126
6,G_9,Italy x Sweden,Dormant,High Humidity,6-IS_D_D,2.01,2,2,2020-05-27,148
6,G_9,Italy x Sweden,Dormant,High Humidity,6-IS_D_D,2.02,0,2,2020-06-04,156
6,G_9,Italy x Sweden,Dormant,High Humidity,6-IS_D_D,2.03,0,2,2020-07-23,205
6,G_9,Italy x Sweden,Dormant,High Humidity,6-IS_D_D,2.04,0,2,2020-08-07,220
6,G_9,Italy x Sweden,Dormant,High Humidity,6-IS_D_D,2.05,0,2,2020-08-13,226
6,G_9,Italy x Sweden,Dormant,High Humidity,6-IS_D_D,2.06,0,2,2020-08-18,231
6,G_9,Italy x Sweden,Dormant,High Humidity,6-IS_D_D,2.07,0,2,2020-08-25,238
6,G_9,Italy x Sweden,Dormant,High Humidity,6-IS_D_D,2.08,10,2,2020-09-04,248
6,G_9,Italy x Sweden,Dormant,High Humidity,6-IS_D_D,2.09,1,2,2020-09-16,260
6,G_9,Italy x Sweden,Dormant,High Humidity,6-IS_D_D,2.1,3,2,2020-10-02,276
6,G_9,Italy x Sweden,Dormant,High Humidity,6-IS_D_D,2.11,0,2,2020-10-19,293
6,G_9,Italy x Sweden,Dormant,High Humidity,6-IS_D_D,2.12,0,2,2020-11-06,311
6,G_9,Italy x Sweden,Dormant,High Humidity,6-IS_D_D,2.13,0,2,2020-11-19,324
6,G_9,Italy x Sweden,Dormant,High Humidity,6-IS_D_D,2.14,0,2,2020-12-04,339
6,G_9,Italy x Sweden,Dormant,High Humidity,6-IS_D_D,2.15,0,2,2020-12-15,350
6,G_9,Italy x Sweden,Dormant,High Humidity,6-IS_D_D,2.16,0,2,2021-01-14,14
6,G_9,Italy x Sweden,Dormant,High Humidity,6-IS_D_D,2.17,0,2,2021-02-01,32
6,G_9,Italy x Sweden,Dormant,High Humidity,6-IS_D_D,2.18,0,2,2021-02-25,56
6,G_9,Italy x Sweden,Dormant,High Humidity,6-IS_D_D,2.19,0,2,2021-03-08,67
6,G_9,Italy x Sweden,Dormant,High Humidity,6-IS_D_D,2.2,0,2,2021-03-26,85
6,G_9,Italy x Sweden,Dormant,High Humidity,6-IS_D_D,2.21,0,2,2021-04-08,98
6,G_9,Italy x Sweden,Dormant,High Humidity,6-IS_D_D,3.14,0,3,2021-08-17,229
6,G_9,Italy x Sweden,Dormant,High Humidity,6-IS_D_D,3.15,0,3,2021-08-25,237
6,G_9,Italy x Sweden,Dormant,High Humidity,6-IS_D_D,3.16,0,3,2021-09-02,245
6,G_9,Italy x Sweden,Dormant,High Humidity,6-IS_D_D,3.17,0,3,2021-09-08,251
6,G_9,Italy x Sweden,Dormant,High Humidity,6-IS_D_D,3.18,0,3,2021-09-15,258
6,G_9,Italy x Sweden,Dormant,High Humidity,6-IS_D_D,3.19,0,3,2021-09-22,265
6,G_9,Italy x Sweden,Dormant,High Humidity,6-IS_D_D,3.2,79,3,2021-10-03,276
6,G_9,Italy x Sweden,Dormant,High Humidity,6-IS_D_D,3.21,82,3,2021-10-15,288
6,G_9,Italy x Sweden,Dormant,High Humidity,6-IS_D_D,3.22,0,3,2021-11-15,319
6,G_9,Italy x Sweden,Dormant,High Humidity,6-IS_D_D,3.23,0,3,2021-12-17,351
6,G_10,Italy x Sweden,Mixed,Litter,6-IS_M_F,1.01,6,1,2019-06-12,163
6,G_10,Italy x Sweden,Mixed,Litter,6-IS_M_F,1.02,0,1,2019-06-16,167
6,G_10,Italy x Sweden,Mixed,Litter,6-IS_M_F,1.03,0,1,2019-06-26,177
6,G_10,Italy x Sweden,Mixed,Litter,6-IS_M_F,1.04,0,1,2019-07-03,184
6,G_10,Italy x Sweden,Mixed,Litter,6-IS_M_F,1.05,NA,1,2019-07-10,191
6,G_10,Italy x Sweden,Mixed,Litter,6-IS_M_F,1.06,NA,1,2019-07-17,198
6,G_10,Italy x Sweden,Mixed,Litter,6-IS_M_F,1.07,0,1,2019-07-24,205
6,G_10,Italy x Sweden,Mixed,Litter,6-IS_M_F,1.08,0,1,2019-07-31,212
6,G_10,Italy x Sweden,Mixed,Litter,6-IS_M_F,1.09,0,1,2019-08-07,219
6,G_10,Italy x Sweden,Mixed,Litter,6-IS_M_F,1.1,0,1,2019-08-15,227
6,G_10,Italy x Sweden,Mixed,Litter,6-IS_M_F,1.11,0,1,2019-08-20,232
6,G_10,Italy x Sweden,Mixed,Litter,6-IS_M_F,1.12,0,1,2019-08-28,240
6,G_10,Italy x Sweden,Mixed,Litter,6-IS_M_F,1.13,0,1,2019-09-04,247
6,G_10,Italy x Sweden,Mixed,Litter,6-IS_M_F,1.14,0,1,2019-09-11,254
6,G_10,Italy x Sweden,Mixed,Litter,6-IS_M_F,1.15,0,1,2019-09-18,261
6,G_10,Italy x Sweden,Mixed,Litter,6-IS_M_F,1.16,0,1,2019-09-25,268
6,G_10,Italy x Sweden,Mixed,Litter,6-IS_M_F,1.17,0,1,2019-10-02,275
6,G_10,Italy x Sweden,Mixed,Litter,6-IS_M_F,1.18,0,1,2019-10-09,282
6,G_10,Italy x Sweden,Mixed,Litter,6-IS_M_F,1.19,0,1,2019-10-18,291
6,G_10,Italy x Sweden,Mixed,Litter,6-IS_M_F,1.2,3,1,2019-10-23,296
6,G_10,Italy x Sweden,Mixed,Litter,6-IS_M_F,1.22,1,1,2019-11-06,310
6,G_10,Italy x Sweden,Mixed,Litter,6-IS_M_F,1.23,0,1,2019-11-20,324
6,G_10,Italy x Sweden,Mixed,Litter,6-IS_M_F,1.24,0,1,2019-12-04,338
6,G_10,Italy x Sweden,Mixed,Litter,6-IS_M_F,1.25,0,1,2019-12-20,354
6,G_10,Italy x Sweden,Mixed,Litter,6-IS_M_F,1.26,0,1,2020-02-10,41
6,G_10,Italy x Sweden,Mixed,Litter,6-IS_M_F,1.27,0,1,2020-03-02,62
6,G_10,Italy x Sweden,Mixed,Litter,6-IS_M_F,1.29,0,1,2020-05-05,126
6,G_10,Italy x Sweden,Mixed,Litter,6-IS_M_F,2.01,0,2,2020-05-27,148
6,G_10,Italy x Sweden,Mixed,Litter,6-IS_M_F,2.02,0,2,2020-06-04,156
6,G_10,Italy x Sweden,Mixed,Litter,6-IS_M_F,2.03,0,2,2020-07-23,205
6,G_10,Italy x Sweden,Mixed,Litter,6-IS_M_F,2.04,0,2,2020-08-07,220
6,G_10,Italy x Sweden,Mixed,Litter,6-IS_M_F,2.05,0,2,2020-08-13,226
6,G_10,Italy x Sweden,Mixed,Litter,6-IS_M_F,2.06,0,2,2020-08-18,231
6,G_10,Italy x Sweden,Mixed,Litter,6-IS_M_F,2.07,0,2,2020-08-25,238
6,G_10,Italy x Sweden,Mixed,Litter,6-IS_M_F,2.08,0,2,2020-09-04,248
6,G_10,Italy x Sweden,Mixed,Litter,6-IS_M_F,2.09,0,2,2020-09-16,260
6,G_10,Italy x Sweden,Mixed,Litter,6-IS_M_F,2.1,0,2,2020-10-02,276
6,G_10,Italy x Sweden,Mixed,Litter,6-IS_M_F,2.11,0,2,2020-10-19,293
6,G_10,Italy x Sweden,Mixed,Litter,6-IS_M_F,2.12,0,2,2020-11-06,311
6,G_10,Italy x Sweden,Mixed,Litter,6-IS_M_F,2.13,0,2,2020-11-19,324
6,G_10,Italy x Sweden,Mixed,Litter,6-IS_M_F,2.14,0,2,2020-12-04,339
6,G_10,Italy x Sweden,Mixed,Litter,6-IS_M_F,2.15,0,2,2020-12-15,350
6,G_10,Italy x Sweden,Mixed,Litter,6-IS_M_F,2.16,0,2,2021-01-14,14
6,G_10,Italy x Sweden,Mixed,Litter,6-IS_M_F,2.17,0,2,2021-02-01,32
6,G_10,Italy x Sweden,Mixed,Litter,6-IS_M_F,2.18,0,2,2021-02-25,56
6,G_10,Italy x Sweden,Mixed,Litter,6-IS_M_F,2.19,0,2,2021-03-08,67
6,G_10,Italy x Sweden,Mixed,Litter,6-IS_M_F,2.2,0,2,2021-03-26,85
6,G_10,Italy x Sweden,Mixed,Litter,6-IS_M_F,2.21,0,2,2021-04-08,98
6,G_10,Italy x Sweden,Mixed,Litter,6-IS_M_F,3.14,0,3,2021-08-17,229
6,G_10,Italy x Sweden,Mixed,Litter,6-IS_M_F,3.15,0,3,2021-08-25,237
6,G_10,Italy x Sweden,Mixed,Litter,6-IS_M_F,3.16,0,3,2021-09-02,245
6,G_10,Italy x Sweden,Mixed,Litter,6-IS_M_F,3.17,0,3,2021-09-08,251
6,G_10,Italy x Sweden,Mixed,Litter,6-IS_M_F,3.18,0,3,2021-09-15,258
6,G_10,Italy x Sweden,Mixed,Litter,6-IS_M_F,3.19,0,3,2021-09-22,265
6,G_10,Italy x Sweden,Mixed,Litter,6-IS_M_F,3.2,5,3,2021-10-03,276
6,G_10,Italy x Sweden,Mixed,Litter,6-IS_M_F,3.21,21,3,2021-10-15,288
6,G_10,Italy x Sweden,Mixed,Litter,6-IS_M_F,3.22,0,3,2021-11-15,319
6,G_10,Italy x Sweden,Mixed,Litter,6-IS_M_F,3.23,0,3,2021-12-17,351
6,G_11,Italy x Sweden,Mixed,Native Soil,6-IS-M-Soil,1.01,0,1,2019-06-12,163
6,G_11,Italy x Sweden,Mixed,Native Soil,6-IS-M-Soil,1.02,0,1,2019-06-16,167
6,G_11,Italy x Sweden,Mixed,Native Soil,6-IS-M-Soil,1.03,0,1,2019-06-26,177
6,G_11,Italy x Sweden,Mixed,Native Soil,6-IS-M-Soil,1.04,0,1,2019-07-03,184
6,G_11,Italy x Sweden,Mixed,Native Soil,6-IS-M-Soil,1.05,NA,1,2019-07-10,191
6,G_11,Italy x Sweden,Mixed,Native Soil,6-IS-M-Soil,1.06,NA,1,2019-07-17,198
6,G_11,Italy x Sweden,Mixed,Native Soil,6-IS-M-Soil,1.07,0,1,2019-07-24,205
6,G_11,Italy x Sweden,Mixed,Native Soil,6-IS-M-Soil,1.08,0,1,2019-07-31,212
6,G_11,Italy x Sweden,Mixed,Native Soil,6-IS-M-Soil,1.09,0,1,2019-08-07,219
6,G_11,Italy x Sweden,Mixed,Native Soil,6-IS-M-Soil,1.1,0,1,2019-08-15,227
6,G_11,Italy x Sweden,Mixed,Native Soil,6-IS-M-Soil,1.11,0,1,2019-08-20,232
6,G_11,Italy x Sweden,Mixed,Native Soil,6-IS-M-Soil,1.12,0,1,2019-08-28,240
6,G_11,Italy x Sweden,Mixed,Native Soil,6-IS-M-Soil,1.13,0,1,2019-09-04,247
6,G_11,Italy x Sweden,Mixed,Native Soil,6-IS-M-Soil,1.14,0,1,2019-09-11,254
6,G_11,Italy x Sweden,Mixed,Native Soil,6-IS-M-Soil,1.15,0,1,2019-09-18,261
6,G_11,Italy x Sweden,Mixed,Native Soil,6-IS-M-Soil,1.16,0,1,2019-09-25,268
6,G_11,Italy x Sweden,Mixed,Native Soil,6-IS-M-Soil,1.17,0,1,2019-10-02,275
6,G_11,Italy x Sweden,Mixed,Native Soil,6-IS-M-Soil,1.18,0,1,2019-10-09,282
6,G_11,Italy x Sweden,Mixed,Native Soil,6-IS-M-Soil,1.19,0,1,2019-10-18,291
6,G_11,Italy x Sweden,Mixed,Native Soil,6-IS-M-Soil,1.2,2,1,2019-10-23,296
6,G_11,Italy x Sweden,Mixed,Native Soil,6-IS-M-Soil,1.22,0,1,2019-11-06,310
6,G_11,Italy x Sweden,Mixed,Native Soil,6-IS-M-Soil,1.23,0,1,2019-11-20,324
6,G_11,Italy x Sweden,Mixed,Native Soil,6-IS-M-Soil,1.24,0,1,2019-12-04,338
6,G_11,Italy x Sweden,Mixed,Native Soil,6-IS-M-Soil,1.25,8,1,2019-12-20,354
6,G_11,Italy x Sweden,Mixed,Native Soil,6-IS-M-Soil,1.26,0,1,2020-02-10,41
6,G_11,Italy x Sweden,Mixed,Native Soil,6-IS-M-Soil,1.27,0,1,2020-03-02,62
6,G_11,Italy x Sweden,Mixed,Native Soil,6-IS-M-Soil,1.29,0,1,2020-05-05,126
6,G_11,Italy x Sweden,Mixed,Native Soil,6-IS-M-Soil,2.01,11,2,2020-05-27,148
6,G_11,Italy x Sweden,Mixed,Native Soil,6-IS-M-Soil,2.02,0,2,2020-06-04,156
6,G_11,Italy x Sweden,Mixed,Native Soil,6-IS-M-Soil,2.03,0,2,2020-07-23,205
6,G_11,Italy x Sweden,Mixed,Native Soil,6-IS-M-Soil,2.04,0,2,2020-08-07,220
6,G_11,Italy x Sweden,Mixed,Native Soil,6-IS-M-Soil,2.05,0,2,2020-08-13,226
6,G_11,Italy x Sweden,Mixed,Native Soil,6-IS-M-Soil,2.06,0,2,2020-08-18,231
6,G_11,Italy x Sweden,Mixed,Native Soil,6-IS-M-Soil,2.07,0,2,2020-08-25,238
6,G_11,Italy x Sweden,Mixed,Native Soil,6-IS-M-Soil,2.08,3,2,2020-09-04,248
6,G_11,Italy x Sweden,Mixed,Native Soil,6-IS-M-Soil,2.09,0,2,2020-09-16,260
6,G_11,Italy x Sweden,Mixed,Native Soil,6-IS-M-Soil,2.1,0,2,2020-10-02,276
6,G_11,Italy x Sweden,Mixed,Native Soil,6-IS-M-Soil,2.11,0,2,2020-10-19,293
6,G_11,Italy x Sweden,Mixed,Native Soil,6-IS-M-Soil,2.12,46,2,2020-11-06,311
6,G_11,Italy x Sweden,Mixed,Native Soil,6-IS-M-Soil,2.13,17,2,2020-11-19,324
6,G_11,Italy x Sweden,Mixed,Native Soil,6-IS-M-Soil,2.14,14,2,2020-12-04,339
6,G_11,Italy x Sweden,Mixed,Native Soil,6-IS-M-Soil,2.15,0,2,2020-12-15,350
6,G_11,Italy x Sweden,Mixed,Native Soil,6-IS-M-Soil,2.16,0,2,2021-01-14,14
6,G_11,Italy x Sweden,Mixed,Native Soil,6-IS-M-Soil,2.17,0,2,2021-02-01,32
6,G_11,Italy x Sweden,Mixed,Native Soil,6-IS-M-Soil,2.18,0,2,2021-02-25,56
6,G_11,Italy x Sweden,Mixed,Native Soil,6-IS-M-Soil,2.19,0,2,2021-03-08,67
6,G_11,Italy x Sweden,Mixed,Native Soil,6-IS-M-Soil,2.2,0,2,2021-03-26,85
6,G_11,Italy x Sweden,Mixed,Native Soil,6-IS-M-Soil,2.21,0,2,2021-04-08,98
6,G_11,Italy x Sweden,Mixed,Native Soil,6-IS-M-Soil,3.14,0,3,2021-08-17,229
6,G_11,Italy x Sweden,Mixed,Native Soil,6-IS-M-Soil,3.15,0,3,2021-08-25,237
6,G_11,Italy x Sweden,Mixed,Native Soil,6-IS-M-Soil,3.16,0,3,2021-09-02,245
6,G_11,Italy x Sweden,Mixed,Native Soil,6-IS-M-Soil,3.17,0,3,2021-09-08,251
6,G_11,Italy x Sweden,Mixed,Native Soil,6-IS-M-Soil,3.18,0,3,2021-09-15,258
6,G_11,Italy x Sweden,Mixed,Native Soil,6-IS-M-Soil,3.19,0,3,2021-09-22,265
6,G_11,Italy x Sweden,Mixed,Native Soil,6-IS-M-Soil,3.2,2,3,2021-10-03,276
6,G_11,Italy x Sweden,Mixed,Native Soil,6-IS-M-Soil,3.21,10,3,2021-10-15,288
6,G_11,Italy x Sweden,Mixed,Native Soil,6-IS-M-Soil,3.22,0,3,2021-11-15,319
6,G_11,Italy x Sweden,Mixed,Native Soil,6-IS-M-Soil,3.23,0,3,2021-12-17,351
6,G_12,UK x USA,Dormant,Control,6-TC_D_C,1.01,NA,1,2019-06-12,163
6,G_12,UK x USA,Dormant,Control,6-TC_D_C,1.02,NA,1,2019-06-16,167
6,G_12,UK x USA,Dormant,Control,6-TC_D_C,1.03,NA,1,2019-06-26,177
6,G_12,UK x USA,Dormant,Control,6-TC_D_C,1.04,NA,1,2019-07-03,184
6,G_12,UK x USA,Dormant,Control,6-TC_D_C,1.05,NA,1,2019-07-10,191
6,G_12,UK x USA,Dormant,Control,6-TC_D_C,1.06,NA,1,2019-07-17,198
6,G_12,UK x USA,Dormant,Control,6-TC_D_C,1.07,0,1,2019-07-24,205
6,G_12,UK x USA,Dormant,Control,6-TC_D_C,1.08,0,1,2019-07-31,212
6,G_12,UK x USA,Dormant,Control,6-TC_D_C,1.09,0,1,2019-08-07,219
6,G_12,UK x USA,Dormant,Control,6-TC_D_C,1.1,0,1,2019-08-15,227
6,G_12,UK x USA,Dormant,Control,6-TC_D_C,1.11,0,1,2019-08-20,232
6,G_12,UK x USA,Dormant,Control,6-TC_D_C,1.12,0,1,2019-08-28,240
6,G_12,UK x USA,Dormant,Control,6-TC_D_C,1.13,0,1,2019-09-04,247
6,G_12,UK x USA,Dormant,Control,6-TC_D_C,1.14,0,1,2019-09-11,254
6,G_12,UK x USA,Dormant,Control,6-TC_D_C,1.15,0,1,2019-09-18,261
6,G_12,UK x USA,Dormant,Control,6-TC_D_C,1.16,0,1,2019-09-25,268
6,G_12,UK x USA,Dormant,Control,6-TC_D_C,1.17,0,1,2019-10-02,275
6,G_12,UK x USA,Dormant,Control,6-TC_D_C,1.18,0,1,2019-10-09,282
6,G_12,UK x USA,Dormant,Control,6-TC_D_C,1.19,0,1,2019-10-18,291
6,G_12,UK x USA,Dormant,Control,6-TC_D_C,1.2,1,1,2019-10-23,296
6,G_12,UK x USA,Dormant,Control,6-TC_D_C,1.22,2,1,2019-11-06,310
6,G_12,UK x USA,Dormant,Control,6-TC_D_C,1.23,0,1,2019-11-20,324
6,G_12,UK x USA,Dormant,Control,6-TC_D_C,1.24,0,1,2019-12-04,338
6,G_12,UK x USA,Dormant,Control,6-TC_D_C,1.25,0,1,2019-12-20,354
6,G_12,UK x USA,Dormant,Control,6-TC_D_C,1.26,0,1,2020-02-10,41
6,G_12,UK x USA,Dormant,Control,6-TC_D_C,1.27,0,1,2020-03-02,62
6,G_12,UK x USA,Dormant,Control,6-TC_D_C,1.29,0,1,2020-05-05,126
6,G_12,UK x USA,Dormant,Control,6-TC_D_C,2.01,2,2,2020-05-27,148
6,G_12,UK x USA,Dormant,Control,6-TC_D_C,2.02,0,2,2020-06-04,156
6,G_12,UK x USA,Dormant,Control,6-TC_D_C,2.03,0,2,2020-07-23,205
6,G_12,UK x USA,Dormant,Control,6-TC_D_C,2.04,0,2,2020-08-07,220
6,G_12,UK x USA,Dormant,Control,6-TC_D_C,2.05,0,2,2020-08-13,226
6,G_12,UK x USA,Dormant,Control,6-TC_D_C,2.06,0,2,2020-08-18,231
6,G_12,UK x USA,Dormant,Control,6-TC_D_C,2.07,0,2,2020-08-25,238
6,G_12,UK x USA,Dormant,Control,6-TC_D_C,2.08,20,2,2020-09-04,248
6,G_12,UK x USA,Dormant,Control,6-TC_D_C,2.09,53,2,2020-09-16,260
6,G_12,UK x USA,Dormant,Control,6-TC_D_C,2.1,0,2,2020-10-02,276
6,G_12,UK x USA,Dormant,Control,6-TC_D_C,2.11,0,2,2020-10-19,293
6,G_12,UK x USA,Dormant,Control,6-TC_D_C,2.12,0,2,2020-11-06,311
6,G_12,UK x USA,Dormant,Control,6-TC_D_C,2.13,0,2,2020-11-19,324
6,G_12,UK x USA,Dormant,Control,6-TC_D_C,2.14,0,2,2020-12-04,339
6,G_12,UK x USA,Dormant,Control,6-TC_D_C,2.15,0,2,2020-12-15,350
6,G_12,UK x USA,Dormant,Control,6-TC_D_C,2.16,0,2,2021-01-14,14
6,G_12,UK x USA,Dormant,Control,6-TC_D_C,2.17,0,2,2021-02-01,32
6,G_12,UK x USA,Dormant,Control,6-TC_D_C,2.18,0,2,2021-02-25,56
6,G_12,UK x USA,Dormant,Control,6-TC_D_C,2.19,0,2,2021-03-08,67
6,G_12,UK x USA,Dormant,Control,6-TC_D_C,2.2,0,2,2021-03-26,85
6,G_12,UK x USA,Dormant,Control,6-TC_D_C,2.21,0,2,2021-04-08,98
6,G_12,UK x USA,Dormant,Control,6-TC_D_C,3.14,0,3,2021-08-17,229
6,G_12,UK x USA,Dormant,Control,6-TC_D_C,3.15,0,3,2021-08-25,237
6,G_12,UK x USA,Dormant,Control,6-TC_D_C,3.16,0,3,2021-09-02,245
6,G_12,UK x USA,Dormant,Control,6-TC_D_C,3.17,0,3,2021-09-08,251
6,G_12,UK x USA,Dormant,Control,6-TC_D_C,3.18,0,3,2021-09-15,258
6,G_12,UK x USA,Dormant,Control,6-TC_D_C,3.19,0,3,2021-09-22,265
6,G_12,UK x USA,Dormant,Control,6-TC_D_C,3.2,12,3,2021-10-03,276
6,G_12,UK x USA,Dormant,Control,6-TC_D_C,3.21,9,3,2021-10-15,288
6,G_12,UK x USA,Dormant,Control,6-TC_D_C,3.22,0,3,2021-11-15,319
6,G_12,UK x USA,Dormant,Control,6-TC_D_C,3.23,0,3,2021-12-17,351
6,G_13,Germany x Tajikistan,Non-Dormant,Litter,6-BS_ND_F,1.01,NA,1,2019-06-12,163
6,G_13,Germany x Tajikistan,Non-Dormant,Litter,6-BS_ND_F,1.02,NA,1,2019-06-16,167
6,G_13,Germany x Tajikistan,Non-Dormant,Litter,6-BS_ND_F,1.03,NA,1,2019-06-26,177
6,G_13,Germany x Tajikistan,Non-Dormant,Litter,6-BS_ND_F,1.04,NA,1,2019-07-03,184
6,G_13,Germany x Tajikistan,Non-Dormant,Litter,6-BS_ND_F,1.05,NA,1,2019-07-10,191
6,G_13,Germany x Tajikistan,Non-Dormant,Litter,6-BS_ND_F,1.06,NA,1,2019-07-17,198
6,G_13,Germany x Tajikistan,Non-Dormant,Litter,6-BS_ND_F,1.07,0,1,2019-07-24,205
6,G_13,Germany x Tajikistan,Non-Dormant,Litter,6-BS_ND_F,1.08,0,1,2019-07-31,212
6,G_13,Germany x Tajikistan,Non-Dormant,Litter,6-BS_ND_F,1.09,0,1,2019-08-07,219
6,G_13,Germany x Tajikistan,Non-Dormant,Litter,6-BS_ND_F,1.1,0,1,2019-08-15,227
6,G_13,Germany x Tajikistan,Non-Dormant,Litter,6-BS_ND_F,1.11,0,1,2019-08-20,232
6,G_13,Germany x Tajikistan,Non-Dormant,Litter,6-BS_ND_F,1.12,0,1,2019-08-28,240
6,G_13,Germany x Tajikistan,Non-Dormant,Litter,6-BS_ND_F,1.13,0,1,2019-09-04,247
6,G_13,Germany x Tajikistan,Non-Dormant,Litter,6-BS_ND_F,1.14,0,1,2019-09-11,254
6,G_13,Germany x Tajikistan,Non-Dormant,Litter,6-BS_ND_F,1.15,0,1,2019-09-18,261
6,G_13,Germany x Tajikistan,Non-Dormant,Litter,6-BS_ND_F,1.16,0,1,2019-09-25,268
6,G_13,Germany x Tajikistan,Non-Dormant,Litter,6-BS_ND_F,1.17,0,1,2019-10-02,275
6,G_13,Germany x Tajikistan,Non-Dormant,Litter,6-BS_ND_F,1.18,0,1,2019-10-09,282
6,G_13,Germany x Tajikistan,Non-Dormant,Litter,6-BS_ND_F,1.19,0,1,2019-10-18,291
6,G_13,Germany x Tajikistan,Non-Dormant,Litter,6-BS_ND_F,1.2,0,1,2019-10-23,296
6,G_13,Germany x Tajikistan,Non-Dormant,Litter,6-BS_ND_F,1.22,0,1,2019-11-06,310
6,G_13,Germany x Tajikistan,Non-Dormant,Litter,6-BS_ND_F,1.23,0,1,2019-11-20,324
6,G_13,Germany x Tajikistan,Non-Dormant,Litter,6-BS_ND_F,1.24,0,1,2019-12-04,338
6,G_13,Germany x Tajikistan,Non-Dormant,Litter,6-BS_ND_F,1.25,0,1,2019-12-20,354
6,G_13,Germany x Tajikistan,Non-Dormant,Litter,6-BS_ND_F,1.26,0,1,2020-02-10,41
6,G_13,Germany x Tajikistan,Non-Dormant,Litter,6-BS_ND_F,1.27,0,1,2020-03-02,62
6,G_13,Germany x Tajikistan,Non-Dormant,Litter,6-BS_ND_F,1.29,0,1,2020-05-05,126
6,G_13,Germany x Tajikistan,Non-Dormant,Litter,6-BS_ND_F,2.01,0,2,2020-05-27,148
6,G_13,Germany x Tajikistan,Non-Dormant,Litter,6-BS_ND_F,2.02,0,2,2020-06-04,156
6,G_13,Germany x Tajikistan,Non-Dormant,Litter,6-BS_ND_F,2.03,NA,NA,NA,NA
6,G_13,Germany x Tajikistan,Non-Dormant,Litter,6-BS_ND_F,2.04,NA,NA,NA,NA
6,G_13,Germany x Tajikistan,Non-Dormant,Litter,6-BS_ND_F,2.05,NA,NA,NA,NA
6,G_13,Germany x Tajikistan,Non-Dormant,Litter,6-BS_ND_F,2.06,NA,NA,NA,NA
6,G_13,Germany x Tajikistan,Non-Dormant,Litter,6-BS_ND_F,2.07,NA,NA,NA,NA
6,G_13,Germany x Tajikistan,Non-Dormant,Litter,6-BS_ND_F,2.08,NA,2,2020-09-04,248
6,G_13,Germany x Tajikistan,Non-Dormant,Litter,6-BS_ND_F,2.09,0,2,2020-09-16,260
6,G_13,Germany x Tajikistan,Non-Dormant,Litter,6-BS_ND_F,2.1,0,2,2020-10-02,276
6,G_13,Germany x Tajikistan,Non-Dormant,Litter,6-BS_ND_F,2.11,0,2,2020-10-19,293
6,G_13,Germany x Tajikistan,Non-Dormant,Litter,6-BS_ND_F,2.12,0,2,2020-11-06,311
6,G_13,Germany x Tajikistan,Non-Dormant,Litter,6-BS_ND_F,2.13,0,2,2020-11-19,324
6,G_13,Germany x Tajikistan,Non-Dormant,Litter,6-BS_ND_F,2.14,0,2,2020-12-04,339
6,G_13,Germany x Tajikistan,Non-Dormant,Litter,6-BS_ND_F,2.15,0,2,2020-12-15,350
6,G_13,Germany x Tajikistan,Non-Dormant,Litter,6-BS_ND_F,2.16,0,2,2021-01-14,14
6,G_13,Germany x Tajikistan,Non-Dormant,Litter,6-BS_ND_F,2.17,0,2,2021-02-01,32
6,G_13,Germany x Tajikistan,Non-Dormant,Litter,6-BS_ND_F,2.18,0,2,2021-02-25,56
6,G_13,Germany x Tajikistan,Non-Dormant,Litter,6-BS_ND_F,2.19,0,2,2021-03-08,67
6,G_13,Germany x Tajikistan,Non-Dormant,Litter,6-BS_ND_F,2.2,0,2,2021-03-26,85
6,G_13,Germany x Tajikistan,Non-Dormant,Litter,6-BS_ND_F,2.21,0,2,2021-04-08,98
6,G_13,Germany x Tajikistan,Non-Dormant,Litter,6-BS_ND_F,3.14,NA,NA,NA,NA
6,G_13,Germany x Tajikistan,Non-Dormant,Litter,6-BS_ND_F,3.15,NA,NA,NA,NA
6,G_13,Germany x Tajikistan,Non-Dormant,Litter,6-BS_ND_F,3.16,NA,NA,NA,NA
6,G_13,Germany x Tajikistan,Non-Dormant,Litter,6-BS_ND_F,3.17,NA,NA,NA,NA
6,G_13,Germany x Tajikistan,Non-Dormant,Litter,6-BS_ND_F,3.18,NA,NA,NA,NA
6,G_13,Germany x Tajikistan,Non-Dormant,Litter,6-BS_ND_F,3.19,NA,NA,NA,NA
6,G_13,Germany x Tajikistan,Non-Dormant,Litter,6-BS_ND_F,3.2,NA,NA,NA,NA
6,G_13,Germany x Tajikistan,Non-Dormant,Litter,6-BS_ND_F,3.21,NA,NA,NA,NA
6,G_13,Germany x Tajikistan,Non-Dormant,Litter,6-BS_ND_F,3.22,NA,NA,NA,NA
6,G_13,Germany x Tajikistan,Non-Dormant,Litter,6-BS_ND_F,3.23,NA,NA,NA,NA
4,H_1,UK x USA,Dormant,Control,4-TC_D_C,1.01,NA,1,2019-06-12,163
4,H_1,UK x USA,Dormant,Control,4-TC_D_C,1.02,NA,1,2019-06-16,167
4,H_1,UK x USA,Dormant,Control,4-TC_D_C,1.03,NA,1,2019-06-26,177
4,H_1,UK x USA,Dormant,Control,4-TC_D_C,1.04,NA,1,2019-07-03,184
4,H_1,UK x USA,Dormant,Control,4-TC_D_C,1.05,NA,1,2019-07-10,191
4,H_1,UK x USA,Dormant,Control,4-TC_D_C,1.06,NA,1,2019-07-17,198
4,H_1,UK x USA,Dormant,Control,4-TC_D_C,1.07,0,1,2019-07-24,205
4,H_1,UK x USA,Dormant,Control,4-TC_D_C,1.08,0,1,2019-07-31,212
4,H_1,UK x USA,Dormant,Control,4-TC_D_C,1.09,0,1,2019-08-07,219
4,H_1,UK x USA,Dormant,Control,4-TC_D_C,1.1,0,1,2019-08-15,227
4,H_1,UK x USA,Dormant,Control,4-TC_D_C,1.11,0,1,2019-08-20,232
4,H_1,UK x USA,Dormant,Control,4-TC_D_C,1.12,0,1,2019-08-28,240
4,H_1,UK x USA,Dormant,Control,4-TC_D_C,1.13,0,1,2019-09-04,247
4,H_1,UK x USA,Dormant,Control,4-TC_D_C,1.14,0,1,2019-09-11,254
4,H_1,UK x USA,Dormant,Control,4-TC_D_C,1.15,0,1,2019-09-18,261
4,H_1,UK x USA,Dormant,Control,4-TC_D_C,1.16,0,1,2019-09-25,268
4,H_1,UK x USA,Dormant,Control,4-TC_D_C,1.17,0,1,2019-10-02,275
4,H_1,UK x USA,Dormant,Control,4-TC_D_C,1.18,0,1,2019-10-09,282
4,H_1,UK x USA,Dormant,Control,4-TC_D_C,1.19,0,1,2019-10-18,291
4,H_1,UK x USA,Dormant,Control,4-TC_D_C,1.2,1,1,2019-10-23,296
4,H_1,UK x USA,Dormant,Control,4-TC_D_C,1.22,0,1,2019-11-06,310
4,H_1,UK x USA,Dormant,Control,4-TC_D_C,1.23,0,1,2019-11-20,324
4,H_1,UK x USA,Dormant,Control,4-TC_D_C,1.24,0,1,2019-12-04,338
4,H_1,UK x USA,Dormant,Control,4-TC_D_C,1.25,0,1,2019-12-20,354
4,H_1,UK x USA,Dormant,Control,4-TC_D_C,1.26,0,1,2020-02-10,41
4,H_1,UK x USA,Dormant,Control,4-TC_D_C,1.27,0,1,2020-03-02,62
4,H_1,UK x USA,Dormant,Control,4-TC_D_C,1.29,0,1,2020-05-05,126
4,H_1,UK x USA,Dormant,Control,4-TC_D_C,2.01,1,2,2020-05-27,148
4,H_1,UK x USA,Dormant,Control,4-TC_D_C,2.02,0,2,2020-06-04,156
4,H_1,UK x USA,Dormant,Control,4-TC_D_C,2.03,0,2,2020-07-23,205
4,H_1,UK x USA,Dormant,Control,4-TC_D_C,2.04,0,2,2020-08-07,220
4,H_1,UK x USA,Dormant,Control,4-TC_D_C,2.05,0,2,2020-08-13,226
4,H_1,UK x USA,Dormant,Control,4-TC_D_C,2.06,0,2,2020-08-18,231
4,H_1,UK x USA,Dormant,Control,4-TC_D_C,2.07,0,2,2020-08-25,238
4,H_1,UK x USA,Dormant,Control,4-TC_D_C,2.08,1,2,2020-09-10,254
4,H_1,UK x USA,Dormant,Control,4-TC_D_C,2.09,7,2,2020-09-18,262
4,H_1,UK x USA,Dormant,Control,4-TC_D_C,2.1,0,2,2020-10-02,276
4,H_1,UK x USA,Dormant,Control,4-TC_D_C,2.11,0,2,2020-10-19,293
4,H_1,UK x USA,Dormant,Control,4-TC_D_C,2.12,0,2,2020-10-30,304
4,H_1,UK x USA,Dormant,Control,4-TC_D_C,2.13,0,2,2020-11-13,318
4,H_1,UK x USA,Dormant,Control,4-TC_D_C,2.14,0,2,2020-12-04,339
4,H_1,UK x USA,Dormant,Control,4-TC_D_C,2.15,0,2,2020-12-17,352
4,H_1,UK x USA,Dormant,Control,4-TC_D_C,2.16,0,2,2021-01-15,15
4,H_1,UK x USA,Dormant,Control,4-TC_D_C,2.17,0,2,2021-02-01,32
4,H_1,UK x USA,Dormant,Control,4-TC_D_C,2.18,0,2,2021-02-25,56
4,H_1,UK x USA,Dormant,Control,4-TC_D_C,2.19,0,2,2021-03-08,67
4,H_1,UK x USA,Dormant,Control,4-TC_D_C,2.2,0,2,2021-03-25,84
4,H_1,UK x USA,Dormant,Control,4-TC_D_C,2.21,0,2,2021-04-08,98
4,H_1,UK x USA,Dormant,Control,4-TC_D_C,3.14,0,3,2021-08-17,229
4,H_1,UK x USA,Dormant,Control,4-TC_D_C,3.15,0,3,2021-08-25,237
4,H_1,UK x USA,Dormant,Control,4-TC_D_C,3.16,0,3,2021-09-02,245
4,H_1,UK x USA,Dormant,Control,4-TC_D_C,3.17,0,3,2021-09-08,251
4,H_1,UK x USA,Dormant,Control,4-TC_D_C,3.18,0,3,2021-09-15,258
4,H_1,UK x USA,Dormant,Control,4-TC_D_C,3.19,0,3,2021-09-22,265
4,H_1,UK x USA,Dormant,Control,4-TC_D_C,3.2,21,3,2021-10-01,274
4,H_1,UK x USA,Dormant,Control,4-TC_D_C,3.21,0,3,2021-10-13,286
4,H_1,UK x USA,Dormant,Control,4-TC_D_C,3.22,0,3,2021-11-12,316
4,H_1,UK x USA,Dormant,Control,4-TC_D_C,3.23,4,3,2021-12-17,351
4,H_2,Italy x Sweden,Non-Dormant,Litter,4-IS_ND_F,1.01,1,1,2019-06-12,163
4,H_2,Italy x Sweden,Non-Dormant,Litter,4-IS_ND_F,1.02,0,1,2019-06-16,167
4,H_2,Italy x Sweden,Non-Dormant,Litter,4-IS_ND_F,1.03,0,1,2019-06-26,177
4,H_2,Italy x Sweden,Non-Dormant,Litter,4-IS_ND_F,1.04,0,1,2019-07-03,184
4,H_2,Italy x Sweden,Non-Dormant,Litter,4-IS_ND_F,1.05,NA,1,2019-07-10,191
4,H_2,Italy x Sweden,Non-Dormant,Litter,4-IS_ND_F,1.06,NA,1,2019-07-17,198
4,H_2,Italy x Sweden,Non-Dormant,Litter,4-IS_ND_F,1.07,0,1,2019-07-24,205
4,H_2,Italy x Sweden,Non-Dormant,Litter,4-IS_ND_F,1.08,0,1,2019-07-31,212
4,H_2,Italy x Sweden,Non-Dormant,Litter,4-IS_ND_F,1.09,0,1,2019-08-07,219
4,H_2,Italy x Sweden,Non-Dormant,Litter,4-IS_ND_F,1.1,0,1,2019-08-15,227
4,H_2,Italy x Sweden,Non-Dormant,Litter,4-IS_ND_F,1.11,0,1,2019-08-20,232
4,H_2,Italy x Sweden,Non-Dormant,Litter,4-IS_ND_F,1.12,0,1,2019-08-28,240
4,H_2,Italy x Sweden,Non-Dormant,Litter,4-IS_ND_F,1.13,0,1,2019-09-04,247
4,H_2,Italy x Sweden,Non-Dormant,Litter,4-IS_ND_F,1.14,0,1,2019-09-11,254
4,H_2,Italy x Sweden,Non-Dormant,Litter,4-IS_ND_F,1.15,0,1,2019-09-18,261
4,H_2,Italy x Sweden,Non-Dormant,Litter,4-IS_ND_F,1.16,0,1,2019-09-25,268
4,H_2,Italy x Sweden,Non-Dormant,Litter,4-IS_ND_F,1.17,0,1,2019-10-02,275
4,H_2,Italy x Sweden,Non-Dormant,Litter,4-IS_ND_F,1.18,0,1,2019-10-09,282
4,H_2,Italy x Sweden,Non-Dormant,Litter,4-IS_ND_F,1.19,0,1,2019-10-18,291
4,H_2,Italy x Sweden,Non-Dormant,Litter,4-IS_ND_F,1.2,0,1,2019-10-23,296
4,H_2,Italy x Sweden,Non-Dormant,Litter,4-IS_ND_F,1.22,0,1,2019-11-06,310
4,H_2,Italy x Sweden,Non-Dormant,Litter,4-IS_ND_F,1.23,0,1,2019-11-20,324
4,H_2,Italy x Sweden,Non-Dormant,Litter,4-IS_ND_F,1.24,0,1,2019-12-04,338
4,H_2,Italy x Sweden,Non-Dormant,Litter,4-IS_ND_F,1.25,2,1,2019-12-20,354
4,H_2,Italy x Sweden,Non-Dormant,Litter,4-IS_ND_F,1.26,0,1,2020-02-10,41
4,H_2,Italy x Sweden,Non-Dormant,Litter,4-IS_ND_F,1.27,0,1,2020-03-02,62
4,H_2,Italy x Sweden,Non-Dormant,Litter,4-IS_ND_F,1.29,0,1,2020-05-05,126
4,H_2,Italy x Sweden,Non-Dormant,Litter,4-IS_ND_F,2.01,0,2,2020-05-27,148
4,H_2,Italy x Sweden,Non-Dormant,Litter,4-IS_ND_F,2.02,0,2,2020-06-04,156
4,H_2,Italy x Sweden,Non-Dormant,Litter,4-IS_ND_F,2.03,0,2,2020-07-23,205
4,H_2,Italy x Sweden,Non-Dormant,Litter,4-IS_ND_F,2.04,0,2,2020-08-07,220
4,H_2,Italy x Sweden,Non-Dormant,Litter,4-IS_ND_F,2.05,0,2,2020-08-13,226
4,H_2,Italy x Sweden,Non-Dormant,Litter,4-IS_ND_F,2.06,0,2,2020-08-18,231
4,H_2,Italy x Sweden,Non-Dormant,Litter,4-IS_ND_F,2.07,0,2,2020-08-25,238
4,H_2,Italy x Sweden,Non-Dormant,Litter,4-IS_ND_F,2.08,0,2,2020-09-10,254
4,H_2,Italy x Sweden,Non-Dormant,Litter,4-IS_ND_F,2.09,0,2,2020-09-18,262
4,H_2,Italy x Sweden,Non-Dormant,Litter,4-IS_ND_F,2.1,0,2,2020-10-02,276
4,H_2,Italy x Sweden,Non-Dormant,Litter,4-IS_ND_F,2.11,0,2,2020-10-19,293
4,H_2,Italy x Sweden,Non-Dormant,Litter,4-IS_ND_F,2.12,0,2,2020-10-30,304
4,H_2,Italy x Sweden,Non-Dormant,Litter,4-IS_ND_F,2.13,0,2,2020-11-13,318
4,H_2,Italy x Sweden,Non-Dormant,Litter,4-IS_ND_F,2.14,0,2,2020-12-04,339
4,H_2,Italy x Sweden,Non-Dormant,Litter,4-IS_ND_F,2.15,0,2,2020-12-17,352
4,H_2,Italy x Sweden,Non-Dormant,Litter,4-IS_ND_F,2.16,0,2,2021-01-15,15
4,H_2,Italy x Sweden,Non-Dormant,Litter,4-IS_ND_F,2.17,0,2,2021-02-01,32
4,H_2,Italy x Sweden,Non-Dormant,Litter,4-IS_ND_F,2.18,0,2,2021-02-25,56
4,H_2,Italy x Sweden,Non-Dormant,Litter,4-IS_ND_F,2.19,0,2,2021-03-08,67
4,H_2,Italy x Sweden,Non-Dormant,Litter,4-IS_ND_F,2.2,0,2,2021-03-25,84
4,H_2,Italy x Sweden,Non-Dormant,Litter,4-IS_ND_F,2.21,0,2,2021-04-08,98
4,H_2,Italy x Sweden,Non-Dormant,Litter,4-IS_ND_F,3.14,0,3,2021-08-17,229
4,H_2,Italy x Sweden,Non-Dormant,Litter,4-IS_ND_F,3.15,0,3,2021-08-25,237
4,H_2,Italy x Sweden,Non-Dormant,Litter,4-IS_ND_F,3.16,0,3,2021-09-02,245
4,H_2,Italy x Sweden,Non-Dormant,Litter,4-IS_ND_F,3.17,0,3,2021-09-08,251
4,H_2,Italy x Sweden,Non-Dormant,Litter,4-IS_ND_F,3.18,0,3,2021-09-15,258
4,H_2,Italy x Sweden,Non-Dormant,Litter,4-IS_ND_F,3.19,0,3,2021-09-22,265
4,H_2,Italy x Sweden,Non-Dormant,Litter,4-IS_ND_F,3.2,0,3,2021-10-01,274
4,H_2,Italy x Sweden,Non-Dormant,Litter,4-IS_ND_F,3.21,5,3,2021-10-13,286
4,H_2,Italy x Sweden,Non-Dormant,Litter,4-IS_ND_F,3.22,0,3,2021-11-12,316
4,H_2,Italy x Sweden,Non-Dormant,Litter,4-IS_ND_F,3.23,0,3,2021-12-17,351
4,H_4,Germany x Tajikistan,Dormant,Litter,4-BS_D_F,1.01,NA,1,2019-06-12,163
4,H_4,Germany x Tajikistan,Dormant,Litter,4-BS_D_F,1.02,NA,1,2019-06-16,167
4,H_4,Germany x Tajikistan,Dormant,Litter,4-BS_D_F,1.03,NA,1,2019-06-26,177
4,H_4,Germany x Tajikistan,Dormant,Litter,4-BS_D_F,1.04,NA,1,2019-07-03,184
4,H_4,Germany x Tajikistan,Dormant,Litter,4-BS_D_F,1.05,NA,1,2019-07-10,191
4,H_4,Germany x Tajikistan,Dormant,Litter,4-BS_D_F,1.06,NA,1,2019-07-17,198
4,H_4,Germany x Tajikistan,Dormant,Litter,4-BS_D_F,1.07,0,1,2019-07-24,205
4,H_4,Germany x Tajikistan,Dormant,Litter,4-BS_D_F,1.08,0,1,2019-07-31,212
4,H_4,Germany x Tajikistan,Dormant,Litter,4-BS_D_F,1.09,0,1,2019-08-07,219
4,H_4,Germany x Tajikistan,Dormant,Litter,4-BS_D_F,1.1,0,1,2019-08-15,227
4,H_4,Germany x Tajikistan,Dormant,Litter,4-BS_D_F,1.11,0,1,2019-08-20,232
4,H_4,Germany x Tajikistan,Dormant,Litter,4-BS_D_F,1.12,0,1,2019-08-28,240
4,H_4,Germany x Tajikistan,Dormant,Litter,4-BS_D_F,1.13,0,1,2019-09-04,247
4,H_4,Germany x Tajikistan,Dormant,Litter,4-BS_D_F,1.14,0,1,2019-09-11,254
4,H_4,Germany x Tajikistan,Dormant,Litter,4-BS_D_F,1.15,0,1,2019-09-18,261
4,H_4,Germany x Tajikistan,Dormant,Litter,4-BS_D_F,1.16,0,1,2019-09-25,268
4,H_4,Germany x Tajikistan,Dormant,Litter,4-BS_D_F,1.17,0,1,2019-10-02,275
4,H_4,Germany x Tajikistan,Dormant,Litter,4-BS_D_F,1.18,0,1,2019-10-09,282
4,H_4,Germany x Tajikistan,Dormant,Litter,4-BS_D_F,1.19,0,1,2019-10-18,291
4,H_4,Germany x Tajikistan,Dormant,Litter,4-BS_D_F,1.2,1,1,2019-10-23,296
4,H_4,Germany x Tajikistan,Dormant,Litter,4-BS_D_F,1.22,0,1,2019-11-06,310
4,H_4,Germany x Tajikistan,Dormant,Litter,4-BS_D_F,1.23,0,1,2019-11-20,324
4,H_4,Germany x Tajikistan,Dormant,Litter,4-BS_D_F,1.24,0,1,2019-12-04,338
4,H_4,Germany x Tajikistan,Dormant,Litter,4-BS_D_F,1.25,0,1,2019-12-20,354
4,H_4,Germany x Tajikistan,Dormant,Litter,4-BS_D_F,1.26,0,1,2020-02-10,41
4,H_4,Germany x Tajikistan,Dormant,Litter,4-BS_D_F,1.27,0,1,2020-03-02,62
4,H_4,Germany x Tajikistan,Dormant,Litter,4-BS_D_F,1.29,0,1,2020-05-05,126
4,H_4,Germany x Tajikistan,Dormant,Litter,4-BS_D_F,2.01,0,2,2020-05-27,148
4,H_4,Germany x Tajikistan,Dormant,Litter,4-BS_D_F,2.02,0,2,2020-06-04,156
4,H_4,Germany x Tajikistan,Dormant,Litter,4-BS_D_F,2.03,NA,NA,NA,NA
4,H_4,Germany x Tajikistan,Dormant,Litter,4-BS_D_F,2.04,NA,NA,NA,NA
4,H_4,Germany x Tajikistan,Dormant,Litter,4-BS_D_F,2.05,NA,NA,NA,NA
4,H_4,Germany x Tajikistan,Dormant,Litter,4-BS_D_F,2.06,NA,NA,NA,NA
4,H_4,Germany x Tajikistan,Dormant,Litter,4-BS_D_F,2.07,NA,NA,NA,NA
4,H_4,Germany x Tajikistan,Dormant,Litter,4-BS_D_F,2.08,NA,2,2020-09-10,254
4,H_4,Germany x Tajikistan,Dormant,Litter,4-BS_D_F,2.09,0,2,2020-09-18,262
4,H_4,Germany x Tajikistan,Dormant,Litter,4-BS_D_F,2.1,0,2,2020-10-02,276
4,H_4,Germany x Tajikistan,Dormant,Litter,4-BS_D_F,2.11,0,2,2020-10-19,293
4,H_4,Germany x Tajikistan,Dormant,Litter,4-BS_D_F,2.12,0,2,2020-10-30,304
4,H_4,Germany x Tajikistan,Dormant,Litter,4-BS_D_F,2.13,0,2,2020-11-13,318
4,H_4,Germany x Tajikistan,Dormant,Litter,4-BS_D_F,2.14,0,2,2020-12-04,339
4,H_4,Germany x Tajikistan,Dormant,Litter,4-BS_D_F,2.15,0,2,2020-12-17,352
4,H_4,Germany x Tajikistan,Dormant,Litter,4-BS_D_F,2.16,0,2,2021-01-15,15
4,H_4,Germany x Tajikistan,Dormant,Litter,4-BS_D_F,2.17,0,2,2021-02-01,32
4,H_4,Germany x Tajikistan,Dormant,Litter,4-BS_D_F,2.18,0,2,2021-02-25,56
4,H_4,Germany x Tajikistan,Dormant,Litter,4-BS_D_F,2.19,0,2,2021-03-08,67
4,H_4,Germany x Tajikistan,Dormant,Litter,4-BS_D_F,2.2,0,2,2021-03-25,84
4,H_4,Germany x Tajikistan,Dormant,Litter,4-BS_D_F,2.21,0,2,2021-04-08,98
4,H_4,Germany x Tajikistan,Dormant,Litter,4-BS_D_F,3.14,NA,NA,NA,NA
4,H_4,Germany x Tajikistan,Dormant,Litter,4-BS_D_F,3.15,NA,NA,NA,NA
4,H_4,Germany x Tajikistan,Dormant,Litter,4-BS_D_F,3.16,NA,NA,NA,NA
4,H_4,Germany x Tajikistan,Dormant,Litter,4-BS_D_F,3.17,NA,NA,NA,NA
4,H_4,Germany x Tajikistan,Dormant,Litter,4-BS_D_F,3.18,NA,NA,NA,NA
4,H_4,Germany x Tajikistan,Dormant,Litter,4-BS_D_F,3.19,NA,NA,NA,NA
4,H_4,Germany x Tajikistan,Dormant,Litter,4-BS_D_F,3.2,NA,NA,NA,NA
4,H_4,Germany x Tajikistan,Dormant,Litter,4-BS_D_F,3.21,NA,NA,NA,NA
4,H_4,Germany x Tajikistan,Dormant,Litter,4-BS_D_F,3.22,NA,NA,NA,NA
4,H_4,Germany x Tajikistan,Dormant,Litter,4-BS_D_F,3.23,NA,NA,NA,NA
5,H_5,UK x USA,Dormant,Control,5-TC_D_C,1.01,NA,1,2019-06-12,163
5,H_5,UK x USA,Dormant,Control,5-TC_D_C,1.02,NA,1,2019-06-16,167
5,H_5,UK x USA,Dormant,Control,5-TC_D_C,1.03,NA,1,2019-06-26,177
5,H_5,UK x USA,Dormant,Control,5-TC_D_C,1.04,NA,1,2019-07-03,184
5,H_5,UK x USA,Dormant,Control,5-TC_D_C,1.05,NA,1,2019-07-10,191
5,H_5,UK x USA,Dormant,Control,5-TC_D_C,1.06,NA,1,2019-07-17,198
5,H_5,UK x USA,Dormant,Control,5-TC_D_C,1.07,0,1,2019-07-24,205
5,H_5,UK x USA,Dormant,Control,5-TC_D_C,1.08,0,1,2019-07-31,212
5,H_5,UK x USA,Dormant,Control,5-TC_D_C,1.09,0,1,2019-08-07,219
5,H_5,UK x USA,Dormant,Control,5-TC_D_C,1.1,0,1,2019-08-15,227
5,H_5,UK x USA,Dormant,Control,5-TC_D_C,1.11,0,1,2019-08-20,232
5,H_5,UK x USA,Dormant,Control,5-TC_D_C,1.12,0,1,2019-08-28,240
5,H_5,UK x USA,Dormant,Control,5-TC_D_C,1.13,0,1,2019-09-04,247
5,H_5,UK x USA,Dormant,Control,5-TC_D_C,1.14,0,1,2019-09-11,254
5,H_5,UK x USA,Dormant,Control,5-TC_D_C,1.15,0,1,2019-09-18,261
5,H_5,UK x USA,Dormant,Control,5-TC_D_C,1.16,0,1,2019-09-25,268
5,H_5,UK x USA,Dormant,Control,5-TC_D_C,1.17,0,1,2019-10-02,275
5,H_5,UK x USA,Dormant,Control,5-TC_D_C,1.18,0,1,2019-10-09,282
5,H_5,UK x USA,Dormant,Control,5-TC_D_C,1.19,0,1,2019-10-18,291
5,H_5,UK x USA,Dormant,Control,5-TC_D_C,1.2,6,1,2019-10-23,296
5,H_5,UK x USA,Dormant,Control,5-TC_D_C,1.22,0,1,2019-11-06,310
5,H_5,UK x USA,Dormant,Control,5-TC_D_C,1.23,0,1,2019-11-20,324
5,H_5,UK x USA,Dormant,Control,5-TC_D_C,1.24,0,1,2019-12-04,338
5,H_5,UK x USA,Dormant,Control,5-TC_D_C,1.25,0,1,2019-12-20,354
5,H_5,UK x USA,Dormant,Control,5-TC_D_C,1.26,0,1,2020-02-10,41
5,H_5,UK x USA,Dormant,Control,5-TC_D_C,1.27,0,1,2020-03-02,62
5,H_5,UK x USA,Dormant,Control,5-TC_D_C,1.29,0,1,2020-05-05,126
5,H_5,UK x USA,Dormant,Control,5-TC_D_C,2.01,0,2,2020-05-27,148
5,H_5,UK x USA,Dormant,Control,5-TC_D_C,2.02,0,2,2020-06-04,156
5,H_5,UK x USA,Dormant,Control,5-TC_D_C,2.03,0,2,2020-07-23,205
5,H_5,UK x USA,Dormant,Control,5-TC_D_C,2.04,0,2,2020-08-07,220
5,H_5,UK x USA,Dormant,Control,5-TC_D_C,2.05,0,2,2020-08-13,226
5,H_5,UK x USA,Dormant,Control,5-TC_D_C,2.06,0,2,2020-08-18,231
5,H_5,UK x USA,Dormant,Control,5-TC_D_C,2.07,0,2,2020-08-25,238
5,H_5,UK x USA,Dormant,Control,5-TC_D_C,2.08,0,2,2020-09-04,248
5,H_5,UK x USA,Dormant,Control,5-TC_D_C,2.09,2,2,2020-09-16,260
5,H_5,UK x USA,Dormant,Control,5-TC_D_C,2.1,0,2,2020-10-02,276
5,H_5,UK x USA,Dormant,Control,5-TC_D_C,2.11,0,2,2020-10-19,293
5,H_5,UK x USA,Dormant,Control,5-TC_D_C,2.12,0,2,2020-11-06,311
5,H_5,UK x USA,Dormant,Control,5-TC_D_C,2.13,0,2,2020-11-19,324
5,H_5,UK x USA,Dormant,Control,5-TC_D_C,2.14,0,2,2020-12-04,339
5,H_5,UK x USA,Dormant,Control,5-TC_D_C,2.15,0,2,2020-12-15,350
5,H_5,UK x USA,Dormant,Control,5-TC_D_C,2.16,0,2,2021-01-14,14
5,H_5,UK x USA,Dormant,Control,5-TC_D_C,2.17,0,2,2021-02-01,32
5,H_5,UK x USA,Dormant,Control,5-TC_D_C,2.18,0,2,2021-02-25,56
5,H_5,UK x USA,Dormant,Control,5-TC_D_C,2.19,0,2,2021-03-08,67
5,H_5,UK x USA,Dormant,Control,5-TC_D_C,2.2,0,2,2021-03-26,85
5,H_5,UK x USA,Dormant,Control,5-TC_D_C,2.21,0,2,2021-04-08,98
5,H_5,UK x USA,Dormant,Control,5-TC_D_C,3.14,0,3,2021-08-17,229
5,H_5,UK x USA,Dormant,Control,5-TC_D_C,3.15,0,3,2021-08-25,237
5,H_5,UK x USA,Dormant,Control,5-TC_D_C,3.16,0,3,2021-09-02,245
5,H_5,UK x USA,Dormant,Control,5-TC_D_C,3.17,0,3,2021-09-08,251
5,H_5,UK x USA,Dormant,Control,5-TC_D_C,3.18,0,3,2021-09-15,258
5,H_5,UK x USA,Dormant,Control,5-TC_D_C,3.19,0,3,2021-09-22,265
5,H_5,UK x USA,Dormant,Control,5-TC_D_C,3.2,33,3,2021-10-03,276
5,H_5,UK x USA,Dormant,Control,5-TC_D_C,3.21,0,3,2021-10-15,288
5,H_5,UK x USA,Dormant,Control,5-TC_D_C,3.22,0,3,2021-11-15,319
5,H_5,UK x USA,Dormant,Control,5-TC_D_C,3.23,0,3,2021-12-17,351
5,H_6,Italy x Sweden,Non-Dormant,Litter,5-IS_ND_F,1.01,3,1,2019-06-12,163
5,H_6,Italy x Sweden,Non-Dormant,Litter,5-IS_ND_F,1.02,0,1,2019-06-16,167
5,H_6,Italy x Sweden,Non-Dormant,Litter,5-IS_ND_F,1.03,0,1,2019-06-26,177
5,H_6,Italy x Sweden,Non-Dormant,Litter,5-IS_ND_F,1.04,0,1,2019-07-03,184
5,H_6,Italy x Sweden,Non-Dormant,Litter,5-IS_ND_F,1.05,NA,1,2019-07-10,191
5,H_6,Italy x Sweden,Non-Dormant,Litter,5-IS_ND_F,1.06,NA,1,2019-07-17,198
5,H_6,Italy x Sweden,Non-Dormant,Litter,5-IS_ND_F,1.07,0,1,2019-07-24,205
5,H_6,Italy x Sweden,Non-Dormant,Litter,5-IS_ND_F,1.08,0,1,2019-07-31,212
5,H_6,Italy x Sweden,Non-Dormant,Litter,5-IS_ND_F,1.09,0,1,2019-08-07,219
5,H_6,Italy x Sweden,Non-Dormant,Litter,5-IS_ND_F,1.1,0,1,2019-08-15,227
5,H_6,Italy x Sweden,Non-Dormant,Litter,5-IS_ND_F,1.11,0,1,2019-08-20,232
5,H_6,Italy x Sweden,Non-Dormant,Litter,5-IS_ND_F,1.12,0,1,2019-08-28,240
5,H_6,Italy x Sweden,Non-Dormant,Litter,5-IS_ND_F,1.13,0,1,2019-09-04,247
5,H_6,Italy x Sweden,Non-Dormant,Litter,5-IS_ND_F,1.14,0,1,2019-09-11,254
5,H_6,Italy x Sweden,Non-Dormant,Litter,5-IS_ND_F,1.15,0,1,2019-09-18,261
5,H_6,Italy x Sweden,Non-Dormant,Litter,5-IS_ND_F,1.16,0,1,2019-09-25,268
5,H_6,Italy x Sweden,Non-Dormant,Litter,5-IS_ND_F,1.17,0,1,2019-10-02,275
5,H_6,Italy x Sweden,Non-Dormant,Litter,5-IS_ND_F,1.18,0,1,2019-10-09,282
5,H_6,Italy x Sweden,Non-Dormant,Litter,5-IS_ND_F,1.19,0,1,2019-10-18,291
5,H_6,Italy x Sweden,Non-Dormant,Litter,5-IS_ND_F,1.2,1,1,2019-10-23,296
5,H_6,Italy x Sweden,Non-Dormant,Litter,5-IS_ND_F,1.22,0,1,2019-11-06,310
5,H_6,Italy x Sweden,Non-Dormant,Litter,5-IS_ND_F,1.23,0,1,2019-11-20,324
5,H_6,Italy x Sweden,Non-Dormant,Litter,5-IS_ND_F,1.24,1,1,2019-12-04,338
5,H_6,Italy x Sweden,Non-Dormant,Litter,5-IS_ND_F,1.25,0,1,2019-12-20,354
5,H_6,Italy x Sweden,Non-Dormant,Litter,5-IS_ND_F,1.26,0,1,2020-02-10,41
5,H_6,Italy x Sweden,Non-Dormant,Litter,5-IS_ND_F,1.27,0,1,2020-03-02,62
5,H_6,Italy x Sweden,Non-Dormant,Litter,5-IS_ND_F,1.29,0,1,2020-05-05,126
5,H_6,Italy x Sweden,Non-Dormant,Litter,5-IS_ND_F,2.01,0,2,2020-05-27,148
5,H_6,Italy x Sweden,Non-Dormant,Litter,5-IS_ND_F,2.02,0,2,2020-06-04,156
5,H_6,Italy x Sweden,Non-Dormant,Litter,5-IS_ND_F,2.03,0,2,2020-07-23,205
5,H_6,Italy x Sweden,Non-Dormant,Litter,5-IS_ND_F,2.04,0,2,2020-08-07,220
5,H_6,Italy x Sweden,Non-Dormant,Litter,5-IS_ND_F,2.05,0,2,2020-08-13,226
5,H_6,Italy x Sweden,Non-Dormant,Litter,5-IS_ND_F,2.06,0,2,2020-08-18,231
5,H_6,Italy x Sweden,Non-Dormant,Litter,5-IS_ND_F,2.07,0,2,2020-08-25,238
5,H_6,Italy x Sweden,Non-Dormant,Litter,5-IS_ND_F,2.08,5,2,2020-09-04,248
5,H_6,Italy x Sweden,Non-Dormant,Litter,5-IS_ND_F,2.09,0,2,2020-09-16,260
5,H_6,Italy x Sweden,Non-Dormant,Litter,5-IS_ND_F,2.1,0,2,2020-10-02,276
5,H_6,Italy x Sweden,Non-Dormant,Litter,5-IS_ND_F,2.11,0,2,2020-10-19,293
5,H_6,Italy x Sweden,Non-Dormant,Litter,5-IS_ND_F,2.12,0,2,2020-11-06,311
5,H_6,Italy x Sweden,Non-Dormant,Litter,5-IS_ND_F,2.13,0,2,2020-11-19,324
5,H_6,Italy x Sweden,Non-Dormant,Litter,5-IS_ND_F,2.14,0,2,2020-12-04,339
5,H_6,Italy x Sweden,Non-Dormant,Litter,5-IS_ND_F,2.15,0,2,2020-12-15,350
5,H_6,Italy x Sweden,Non-Dormant,Litter,5-IS_ND_F,2.16,0,2,2021-01-14,14
5,H_6,Italy x Sweden,Non-Dormant,Litter,5-IS_ND_F,2.17,0,2,2021-02-01,32
5,H_6,Italy x Sweden,Non-Dormant,Litter,5-IS_ND_F,2.18,0,2,2021-02-25,56
5,H_6,Italy x Sweden,Non-Dormant,Litter,5-IS_ND_F,2.19,0,2,2021-03-08,67
5,H_6,Italy x Sweden,Non-Dormant,Litter,5-IS_ND_F,2.2,0,2,2021-03-26,85
5,H_6,Italy x Sweden,Non-Dormant,Litter,5-IS_ND_F,2.21,0,2,2021-04-08,98
5,H_6,Italy x Sweden,Non-Dormant,Litter,5-IS_ND_F,3.14,0,3,2021-08-17,229
5,H_6,Italy x Sweden,Non-Dormant,Litter,5-IS_ND_F,3.15,0,3,2021-08-25,237
5,H_6,Italy x Sweden,Non-Dormant,Litter,5-IS_ND_F,3.16,0,3,2021-09-02,245
5,H_6,Italy x Sweden,Non-Dormant,Litter,5-IS_ND_F,3.17,0,3,2021-09-08,251
5,H_6,Italy x Sweden,Non-Dormant,Litter,5-IS_ND_F,3.18,0,3,2021-09-15,258
5,H_6,Italy x Sweden,Non-Dormant,Litter,5-IS_ND_F,3.19,0,3,2021-09-22,265
5,H_6,Italy x Sweden,Non-Dormant,Litter,5-IS_ND_F,3.2,0,3,2021-10-03,276
5,H_6,Italy x Sweden,Non-Dormant,Litter,5-IS_ND_F,3.21,0,3,2021-10-15,288
5,H_6,Italy x Sweden,Non-Dormant,Litter,5-IS_ND_F,3.22,1,3,2021-11-15,319
5,H_6,Italy x Sweden,Non-Dormant,Litter,5-IS_ND_F,3.23,0,3,2021-12-17,351
5,H_7,Italy x Sweden,Non-Dormant,Control,5-IS_ND_C,1.01,1,1,2019-06-12,163
5,H_7,Italy x Sweden,Non-Dormant,Control,5-IS_ND_C,1.02,2,1,2019-06-16,167
5,H_7,Italy x Sweden,Non-Dormant,Control,5-IS_ND_C,1.03,0,1,2019-06-26,177
5,H_7,Italy x Sweden,Non-Dormant,Control,5-IS_ND_C,1.04,0,1,2019-07-03,184
5,H_7,Italy x Sweden,Non-Dormant,Control,5-IS_ND_C,1.05,NA,1,2019-07-10,191
5,H_7,Italy x Sweden,Non-Dormant,Control,5-IS_ND_C,1.06,NA,1,2019-07-17,198
5,H_7,Italy x Sweden,Non-Dormant,Control,5-IS_ND_C,1.07,0,1,2019-07-24,205
5,H_7,Italy x Sweden,Non-Dormant,Control,5-IS_ND_C,1.08,0,1,2019-07-31,212
5,H_7,Italy x Sweden,Non-Dormant,Control,5-IS_ND_C,1.09,0,1,2019-08-07,219
5,H_7,Italy x Sweden,Non-Dormant,Control,5-IS_ND_C,1.1,0,1,2019-08-15,227
5,H_7,Italy x Sweden,Non-Dormant,Control,5-IS_ND_C,1.11,0,1,2019-08-20,232
5,H_7,Italy x Sweden,Non-Dormant,Control,5-IS_ND_C,1.12,0,1,2019-08-28,240
5,H_7,Italy x Sweden,Non-Dormant,Control,5-IS_ND_C,1.13,0,1,2019-09-04,247
5,H_7,Italy x Sweden,Non-Dormant,Control,5-IS_ND_C,1.14,0,1,2019-09-11,254
5,H_7,Italy x Sweden,Non-Dormant,Control,5-IS_ND_C,1.15,0,1,2019-09-18,261
5,H_7,Italy x Sweden,Non-Dormant,Control,5-IS_ND_C,1.16,0,1,2019-09-25,268
5,H_7,Italy x Sweden,Non-Dormant,Control,5-IS_ND_C,1.17,0,1,2019-10-02,275
5,H_7,Italy x Sweden,Non-Dormant,Control,5-IS_ND_C,1.18,0,1,2019-10-09,282
5,H_7,Italy x Sweden,Non-Dormant,Control,5-IS_ND_C,1.19,0,1,2019-10-18,291
5,H_7,Italy x Sweden,Non-Dormant,Control,5-IS_ND_C,1.2,0,1,2019-10-23,296
5,H_7,Italy x Sweden,Non-Dormant,Control,5-IS_ND_C,1.22,0,1,2019-11-06,310
5,H_7,Italy x Sweden,Non-Dormant,Control,5-IS_ND_C,1.23,0,1,2019-11-20,324
5,H_7,Italy x Sweden,Non-Dormant,Control,5-IS_ND_C,1.24,0,1,2019-12-04,338
5,H_7,Italy x Sweden,Non-Dormant,Control,5-IS_ND_C,1.25,1,1,2019-12-20,354
5,H_7,Italy x Sweden,Non-Dormant,Control,5-IS_ND_C,1.26,0,1,2020-02-10,41
5,H_7,Italy x Sweden,Non-Dormant,Control,5-IS_ND_C,1.27,0,1,2020-03-02,62
5,H_7,Italy x Sweden,Non-Dormant,Control,5-IS_ND_C,1.29,0,1,2020-05-05,126
5,H_7,Italy x Sweden,Non-Dormant,Control,5-IS_ND_C,2.01,1,2,2020-05-27,148
5,H_7,Italy x Sweden,Non-Dormant,Control,5-IS_ND_C,2.02,0,2,2020-06-04,156
5,H_7,Italy x Sweden,Non-Dormant,Control,5-IS_ND_C,2.03,0,2,2020-07-23,205
5,H_7,Italy x Sweden,Non-Dormant,Control,5-IS_ND_C,2.04,0,2,2020-08-07,220
5,H_7,Italy x Sweden,Non-Dormant,Control,5-IS_ND_C,2.05,0,2,2020-08-13,226
5,H_7,Italy x Sweden,Non-Dormant,Control,5-IS_ND_C,2.06,0,2,2020-08-18,231
5,H_7,Italy x Sweden,Non-Dormant,Control,5-IS_ND_C,2.07,0,2,2020-08-25,238
5,H_7,Italy x Sweden,Non-Dormant,Control,5-IS_ND_C,2.08,47,2,2020-09-04,248
5,H_7,Italy x Sweden,Non-Dormant,Control,5-IS_ND_C,2.09,0,2,2020-09-16,260
5,H_7,Italy x Sweden,Non-Dormant,Control,5-IS_ND_C,2.1,0,2,2020-10-02,276
5,H_7,Italy x Sweden,Non-Dormant,Control,5-IS_ND_C,2.11,0,2,2020-10-19,293
5,H_7,Italy x Sweden,Non-Dormant,Control,5-IS_ND_C,2.12,0,2,2020-11-06,311
5,H_7,Italy x Sweden,Non-Dormant,Control,5-IS_ND_C,2.13,0,2,2020-11-19,324
5,H_7,Italy x Sweden,Non-Dormant,Control,5-IS_ND_C,2.14,0,2,2020-12-04,339
5,H_7,Italy x Sweden,Non-Dormant,Control,5-IS_ND_C,2.15,0,2,2020-12-15,350
5,H_7,Italy x Sweden,Non-Dormant,Control,5-IS_ND_C,2.16,0,2,2021-01-14,14
5,H_7,Italy x Sweden,Non-Dormant,Control,5-IS_ND_C,2.17,0,2,2021-02-01,32
5,H_7,Italy x Sweden,Non-Dormant,Control,5-IS_ND_C,2.18,0,2,2021-02-25,56
5,H_7,Italy x Sweden,Non-Dormant,Control,5-IS_ND_C,2.19,0,2,2021-03-08,67
5,H_7,Italy x Sweden,Non-Dormant,Control,5-IS_ND_C,2.2,0,2,2021-03-26,85
5,H_7,Italy x Sweden,Non-Dormant,Control,5-IS_ND_C,2.21,0,2,2021-04-08,98
5,H_7,Italy x Sweden,Non-Dormant,Control,5-IS_ND_C,3.14,0,3,2021-08-17,229
5,H_7,Italy x Sweden,Non-Dormant,Control,5-IS_ND_C,3.15,0,3,2021-08-25,237
5,H_7,Italy x Sweden,Non-Dormant,Control,5-IS_ND_C,3.16,0,3,2021-09-02,245
5,H_7,Italy x Sweden,Non-Dormant,Control,5-IS_ND_C,3.17,0,3,2021-09-08,251
5,H_7,Italy x Sweden,Non-Dormant,Control,5-IS_ND_C,3.18,0,3,2021-09-15,258
5,H_7,Italy x Sweden,Non-Dormant,Control,5-IS_ND_C,3.19,0,3,2021-09-22,265
5,H_7,Italy x Sweden,Non-Dormant,Control,5-IS_ND_C,3.2,1,3,2021-10-03,276
5,H_7,Italy x Sweden,Non-Dormant,Control,5-IS_ND_C,3.21,0,3,2021-10-15,288
5,H_7,Italy x Sweden,Non-Dormant,Control,5-IS_ND_C,3.22,0,3,2021-11-15,319
5,H_7,Italy x Sweden,Non-Dormant,Control,5-IS_ND_C,3.23,0,3,2021-12-17,351
5,H_8,Italy x Sweden,Dormant,Litter,5-IS_D_F,1.01,1,1,2019-06-12,163
5,H_8,Italy x Sweden,Dormant,Litter,5-IS_D_F,1.02,0,1,2019-06-16,167
5,H_8,Italy x Sweden,Dormant,Litter,5-IS_D_F,1.03,0,1,2019-06-26,177
5,H_8,Italy x Sweden,Dormant,Litter,5-IS_D_F,1.04,0,1,2019-07-03,184
5,H_8,Italy x Sweden,Dormant,Litter,5-IS_D_F,1.05,NA,1,2019-07-10,191
5,H_8,Italy x Sweden,Dormant,Litter,5-IS_D_F,1.06,NA,1,2019-07-17,198
5,H_8,Italy x Sweden,Dormant,Litter,5-IS_D_F,1.07,0,1,2019-07-24,205
5,H_8,Italy x Sweden,Dormant,Litter,5-IS_D_F,1.08,0,1,2019-07-31,212
5,H_8,Italy x Sweden,Dormant,Litter,5-IS_D_F,1.09,0,1,2019-08-07,219
5,H_8,Italy x Sweden,Dormant,Litter,5-IS_D_F,1.1,0,1,2019-08-15,227
5,H_8,Italy x Sweden,Dormant,Litter,5-IS_D_F,1.11,0,1,2019-08-20,232
5,H_8,Italy x Sweden,Dormant,Litter,5-IS_D_F,1.12,0,1,2019-08-28,240
5,H_8,Italy x Sweden,Dormant,Litter,5-IS_D_F,1.13,0,1,2019-09-04,247
5,H_8,Italy x Sweden,Dormant,Litter,5-IS_D_F,1.14,0,1,2019-09-11,254
5,H_8,Italy x Sweden,Dormant,Litter,5-IS_D_F,1.15,0,1,2019-09-18,261
5,H_8,Italy x Sweden,Dormant,Litter,5-IS_D_F,1.16,0,1,2019-09-25,268
5,H_8,Italy x Sweden,Dormant,Litter,5-IS_D_F,1.17,0,1,2019-10-02,275
5,H_8,Italy x Sweden,Dormant,Litter,5-IS_D_F,1.18,0,1,2019-10-09,282
5,H_8,Italy x Sweden,Dormant,Litter,5-IS_D_F,1.19,0,1,2019-10-18,291
5,H_8,Italy x Sweden,Dormant,Litter,5-IS_D_F,1.2,2,1,2019-10-23,296
5,H_8,Italy x Sweden,Dormant,Litter,5-IS_D_F,1.22,0,1,2019-11-06,310
5,H_8,Italy x Sweden,Dormant,Litter,5-IS_D_F,1.23,0,1,2019-11-20,324
5,H_8,Italy x Sweden,Dormant,Litter,5-IS_D_F,1.24,0,1,2019-12-04,338
5,H_8,Italy x Sweden,Dormant,Litter,5-IS_D_F,1.25,0,1,2019-12-20,354
5,H_8,Italy x Sweden,Dormant,Litter,5-IS_D_F,1.26,0,1,2020-02-10,41
5,H_8,Italy x Sweden,Dormant,Litter,5-IS_D_F,1.27,0,1,2020-03-02,62
5,H_8,Italy x Sweden,Dormant,Litter,5-IS_D_F,1.29,0,1,2020-05-05,126
5,H_8,Italy x Sweden,Dormant,Litter,5-IS_D_F,2.01,0,2,2020-05-27,148
5,H_8,Italy x Sweden,Dormant,Litter,5-IS_D_F,2.02,0,2,2020-06-04,156
5,H_8,Italy x Sweden,Dormant,Litter,5-IS_D_F,2.03,0,2,2020-07-23,205
5,H_8,Italy x Sweden,Dormant,Litter,5-IS_D_F,2.04,0,2,2020-08-07,220
5,H_8,Italy x Sweden,Dormant,Litter,5-IS_D_F,2.05,0,2,2020-08-13,226
5,H_8,Italy x Sweden,Dormant,Litter,5-IS_D_F,2.06,0,2,2020-08-18,231
5,H_8,Italy x Sweden,Dormant,Litter,5-IS_D_F,2.07,0,2,2020-08-25,238
5,H_8,Italy x Sweden,Dormant,Litter,5-IS_D_F,2.08,28,2,2020-09-04,248
5,H_8,Italy x Sweden,Dormant,Litter,5-IS_D_F,2.09,0,2,2020-09-16,260
5,H_8,Italy x Sweden,Dormant,Litter,5-IS_D_F,2.1,0,2,2020-10-02,276
5,H_8,Italy x Sweden,Dormant,Litter,5-IS_D_F,2.11,0,2,2020-10-19,293
5,H_8,Italy x Sweden,Dormant,Litter,5-IS_D_F,2.12,0,2,2020-11-06,311
5,H_8,Italy x Sweden,Dormant,Litter,5-IS_D_F,2.13,0,2,2020-11-19,324
5,H_8,Italy x Sweden,Dormant,Litter,5-IS_D_F,2.14,0,2,2020-12-04,339
5,H_8,Italy x Sweden,Dormant,Litter,5-IS_D_F,2.15,0,2,2020-12-15,350
5,H_8,Italy x Sweden,Dormant,Litter,5-IS_D_F,2.16,0,2,2021-01-14,14
5,H_8,Italy x Sweden,Dormant,Litter,5-IS_D_F,2.17,0,2,2021-02-01,32
5,H_8,Italy x Sweden,Dormant,Litter,5-IS_D_F,2.18,0,2,2021-02-25,56
5,H_8,Italy x Sweden,Dormant,Litter,5-IS_D_F,2.19,0,2,2021-03-08,67
5,H_8,Italy x Sweden,Dormant,Litter,5-IS_D_F,2.2,0,2,2021-03-26,85
5,H_8,Italy x Sweden,Dormant,Litter,5-IS_D_F,2.21,0,2,2021-04-08,98
5,H_8,Italy x Sweden,Dormant,Litter,5-IS_D_F,3.14,0,3,2021-08-17,229
5,H_8,Italy x Sweden,Dormant,Litter,5-IS_D_F,3.15,0,3,2021-08-25,237
5,H_8,Italy x Sweden,Dormant,Litter,5-IS_D_F,3.16,0,3,2021-09-02,245
5,H_8,Italy x Sweden,Dormant,Litter,5-IS_D_F,3.17,0,3,2021-09-08,251
5,H_8,Italy x Sweden,Dormant,Litter,5-IS_D_F,3.18,0,3,2021-09-15,258
5,H_8,Italy x Sweden,Dormant,Litter,5-IS_D_F,3.19,0,3,2021-09-22,265
5,H_8,Italy x Sweden,Dormant,Litter,5-IS_D_F,3.2,12,3,2021-10-03,276
5,H_8,Italy x Sweden,Dormant,Litter,5-IS_D_F,3.21,0,3,2021-10-15,288
5,H_8,Italy x Sweden,Dormant,Litter,5-IS_D_F,3.22,0,3,2021-11-15,319
5,H_8,Italy x Sweden,Dormant,Litter,5-IS_D_F,3.23,0,3,2021-12-17,351
6,H_9,Germany x Tajikistan,Non-Dormant,Control,6-BS_ND_C,1.01,NA,1,2019-06-12,163
6,H_9,Germany x Tajikistan,Non-Dormant,Control,6-BS_ND_C,1.02,NA,1,2019-06-16,167
6,H_9,Germany x Tajikistan,Non-Dormant,Control,6-BS_ND_C,1.03,NA,1,2019-06-26,177
6,H_9,Germany x Tajikistan,Non-Dormant,Control,6-BS_ND_C,1.04,NA,1,2019-07-03,184
6,H_9,Germany x Tajikistan,Non-Dormant,Control,6-BS_ND_C,1.05,NA,1,2019-07-10,191
6,H_9,Germany x Tajikistan,Non-Dormant,Control,6-BS_ND_C,1.06,NA,1,2019-07-17,198
6,H_9,Germany x Tajikistan,Non-Dormant,Control,6-BS_ND_C,1.07,0,1,2019-07-24,205
6,H_9,Germany x Tajikistan,Non-Dormant,Control,6-BS_ND_C,1.08,0,1,2019-07-31,212
6,H_9,Germany x Tajikistan,Non-Dormant,Control,6-BS_ND_C,1.09,0,1,2019-08-07,219
6,H_9,Germany x Tajikistan,Non-Dormant,Control,6-BS_ND_C,1.1,0,1,2019-08-15,227
6,H_9,Germany x Tajikistan,Non-Dormant,Control,6-BS_ND_C,1.11,0,1,2019-08-20,232
6,H_9,Germany x Tajikistan,Non-Dormant,Control,6-BS_ND_C,1.12,0,1,2019-08-28,240
6,H_9,Germany x Tajikistan,Non-Dormant,Control,6-BS_ND_C,1.13,0,1,2019-09-04,247
6,H_9,Germany x Tajikistan,Non-Dormant,Control,6-BS_ND_C,1.14,0,1,2019-09-11,254
6,H_9,Germany x Tajikistan,Non-Dormant,Control,6-BS_ND_C,1.15,0,1,2019-09-18,261
6,H_9,Germany x Tajikistan,Non-Dormant,Control,6-BS_ND_C,1.16,0,1,2019-09-25,268
6,H_9,Germany x Tajikistan,Non-Dormant,Control,6-BS_ND_C,1.17,0,1,2019-10-02,275
6,H_9,Germany x Tajikistan,Non-Dormant,Control,6-BS_ND_C,1.18,0,1,2019-10-09,282
6,H_9,Germany x Tajikistan,Non-Dormant,Control,6-BS_ND_C,1.19,0,1,2019-10-18,291
6,H_9,Germany x Tajikistan,Non-Dormant,Control,6-BS_ND_C,1.2,0,1,2019-10-23,296
6,H_9,Germany x Tajikistan,Non-Dormant,Control,6-BS_ND_C,1.22,0,1,2019-11-06,310
6,H_9,Germany x Tajikistan,Non-Dormant,Control,6-BS_ND_C,1.23,0,1,2019-11-20,324
6,H_9,Germany x Tajikistan,Non-Dormant,Control,6-BS_ND_C,1.24,0,1,2019-12-04,338
6,H_9,Germany x Tajikistan,Non-Dormant,Control,6-BS_ND_C,1.25,0,1,2019-12-20,354
6,H_9,Germany x Tajikistan,Non-Dormant,Control,6-BS_ND_C,1.26,0,1,2020-02-10,41
6,H_9,Germany x Tajikistan,Non-Dormant,Control,6-BS_ND_C,1.27,0,1,2020-03-02,62
6,H_9,Germany x Tajikistan,Non-Dormant,Control,6-BS_ND_C,1.29,0,1,2020-05-05,126
6,H_9,Germany x Tajikistan,Non-Dormant,Control,6-BS_ND_C,2.01,0,2,2020-05-27,148
6,H_9,Germany x Tajikistan,Non-Dormant,Control,6-BS_ND_C,2.02,0,2,2020-06-04,156
6,H_9,Germany x Tajikistan,Non-Dormant,Control,6-BS_ND_C,2.03,0,2,2020-07-23,205
6,H_9,Germany x Tajikistan,Non-Dormant,Control,6-BS_ND_C,2.04,0,2,2020-08-07,220
6,H_9,Germany x Tajikistan,Non-Dormant,Control,6-BS_ND_C,2.05,0,2,2020-08-13,226
6,H_9,Germany x Tajikistan,Non-Dormant,Control,6-BS_ND_C,2.06,0,2,2020-08-18,231
6,H_9,Germany x Tajikistan,Non-Dormant,Control,6-BS_ND_C,2.07,0,2,2020-08-25,238
6,H_9,Germany x Tajikistan,Non-Dormant,Control,6-BS_ND_C,2.08,122,2,2020-09-04,248
6,H_9,Germany x Tajikistan,Non-Dormant,Control,6-BS_ND_C,2.09,0,2,2020-09-16,260
6,H_9,Germany x Tajikistan,Non-Dormant,Control,6-BS_ND_C,2.1,0,2,2020-10-02,276
6,H_9,Germany x Tajikistan,Non-Dormant,Control,6-BS_ND_C,2.11,0,2,2020-10-19,293
6,H_9,Germany x Tajikistan,Non-Dormant,Control,6-BS_ND_C,2.12,0,2,2020-11-06,311
6,H_9,Germany x Tajikistan,Non-Dormant,Control,6-BS_ND_C,2.13,0,2,2020-11-19,324
6,H_9,Germany x Tajikistan,Non-Dormant,Control,6-BS_ND_C,2.14,0,2,2020-12-04,339
6,H_9,Germany x Tajikistan,Non-Dormant,Control,6-BS_ND_C,2.15,0,2,2020-12-15,350
6,H_9,Germany x Tajikistan,Non-Dormant,Control,6-BS_ND_C,2.16,0,2,2021-01-14,14
6,H_9,Germany x Tajikistan,Non-Dormant,Control,6-BS_ND_C,2.17,0,2,2021-02-01,32
6,H_9,Germany x Tajikistan,Non-Dormant,Control,6-BS_ND_C,2.18,0,2,2021-02-25,56
6,H_9,Germany x Tajikistan,Non-Dormant,Control,6-BS_ND_C,2.19,0,2,2021-03-08,67
6,H_9,Germany x Tajikistan,Non-Dormant,Control,6-BS_ND_C,2.2,0,2,2021-03-26,85
6,H_9,Germany x Tajikistan,Non-Dormant,Control,6-BS_ND_C,2.21,0,2,2021-04-08,98
6,H_9,Germany x Tajikistan,Non-Dormant,Control,6-BS_ND_C,3.14,0,3,2021-08-17,229
6,H_9,Germany x Tajikistan,Non-Dormant,Control,6-BS_ND_C,3.15,0,3,2021-08-25,237
6,H_9,Germany x Tajikistan,Non-Dormant,Control,6-BS_ND_C,3.16,0,3,2021-09-02,245
6,H_9,Germany x Tajikistan,Non-Dormant,Control,6-BS_ND_C,3.17,0,3,2021-09-08,251
6,H_9,Germany x Tajikistan,Non-Dormant,Control,6-BS_ND_C,3.18,0,3,2021-09-15,258
6,H_9,Germany x Tajikistan,Non-Dormant,Control,6-BS_ND_C,3.19,0,3,2021-09-22,265
6,H_9,Germany x Tajikistan,Non-Dormant,Control,6-BS_ND_C,3.2,0,3,2021-10-03,276
6,H_9,Germany x Tajikistan,Non-Dormant,Control,6-BS_ND_C,3.21,0,3,2021-10-15,288
6,H_9,Germany x Tajikistan,Non-Dormant,Control,6-BS_ND_C,3.22,0,3,2021-11-15,319
6,H_9,Germany x Tajikistan,Non-Dormant,Control,6-BS_ND_C,3.23,0,3,2021-12-17,351
6,H_10,Italy x Sweden,Mixed,High Humidity,6-IS_M_D,1.01,3,1,2019-06-12,163
6,H_10,Italy x Sweden,Mixed,High Humidity,6-IS_M_D,1.02,0,1,2019-06-16,167
6,H_10,Italy x Sweden,Mixed,High Humidity,6-IS_M_D,1.03,0,1,2019-06-26,177
6,H_10,Italy x Sweden,Mixed,High Humidity,6-IS_M_D,1.04,0,1,2019-07-03,184
6,H_10,Italy x Sweden,Mixed,High Humidity,6-IS_M_D,1.05,NA,1,2019-07-10,191
6,H_10,Italy x Sweden,Mixed,High Humidity,6-IS_M_D,1.06,NA,1,2019-07-17,198
6,H_10,Italy x Sweden,Mixed,High Humidity,6-IS_M_D,1.07,0,1,2019-07-24,205
6,H_10,Italy x Sweden,Mixed,High Humidity,6-IS_M_D,1.08,0,1,2019-07-31,212
6,H_10,Italy x Sweden,Mixed,High Humidity,6-IS_M_D,1.09,0,1,2019-08-07,219
6,H_10,Italy x Sweden,Mixed,High Humidity,6-IS_M_D,1.1,0,1,2019-08-15,227
6,H_10,Italy x Sweden,Mixed,High Humidity,6-IS_M_D,1.11,0,1,2019-08-20,232
6,H_10,Italy x Sweden,Mixed,High Humidity,6-IS_M_D,1.12,0,1,2019-08-28,240
6,H_10,Italy x Sweden,Mixed,High Humidity,6-IS_M_D,1.13,0,1,2019-09-04,247
6,H_10,Italy x Sweden,Mixed,High Humidity,6-IS_M_D,1.14,0,1,2019-09-11,254
6,H_10,Italy x Sweden,Mixed,High Humidity,6-IS_M_D,1.15,0,1,2019-09-18,261
6,H_10,Italy x Sweden,Mixed,High Humidity,6-IS_M_D,1.16,0,1,2019-09-25,268
6,H_10,Italy x Sweden,Mixed,High Humidity,6-IS_M_D,1.17,0,1,2019-10-02,275
6,H_10,Italy x Sweden,Mixed,High Humidity,6-IS_M_D,1.18,0,1,2019-10-09,282
6,H_10,Italy x Sweden,Mixed,High Humidity,6-IS_M_D,1.19,0,1,2019-10-18,291
6,H_10,Italy x Sweden,Mixed,High Humidity,6-IS_M_D,1.2,11,1,2019-10-23,296
6,H_10,Italy x Sweden,Mixed,High Humidity,6-IS_M_D,1.22,0,1,2019-11-06,310
6,H_10,Italy x Sweden,Mixed,High Humidity,6-IS_M_D,1.23,0,1,2019-11-20,324
6,H_10,Italy x Sweden,Mixed,High Humidity,6-IS_M_D,1.24,36,1,2019-12-04,338
6,H_10,Italy x Sweden,Mixed,High Humidity,6-IS_M_D,1.25,0,1,2019-12-20,354
6,H_10,Italy x Sweden,Mixed,High Humidity,6-IS_M_D,1.26,0,1,2020-02-10,41
6,H_10,Italy x Sweden,Mixed,High Humidity,6-IS_M_D,1.27,0,1,2020-03-02,62
6,H_10,Italy x Sweden,Mixed,High Humidity,6-IS_M_D,1.29,0,1,2020-05-05,126
6,H_10,Italy x Sweden,Mixed,High Humidity,6-IS_M_D,2.01,0,2,2020-05-27,148
6,H_10,Italy x Sweden,Mixed,High Humidity,6-IS_M_D,2.02,0,2,2020-06-04,156
6,H_10,Italy x Sweden,Mixed,High Humidity,6-IS_M_D,2.03,0,2,2020-07-23,205
6,H_10,Italy x Sweden,Mixed,High Humidity,6-IS_M_D,2.04,0,2,2020-08-07,220
6,H_10,Italy x Sweden,Mixed,High Humidity,6-IS_M_D,2.05,0,2,2020-08-13,226
6,H_10,Italy x Sweden,Mixed,High Humidity,6-IS_M_D,2.06,0,2,2020-08-18,231
6,H_10,Italy x Sweden,Mixed,High Humidity,6-IS_M_D,2.07,0,2,2020-08-25,238
6,H_10,Italy x Sweden,Mixed,High Humidity,6-IS_M_D,2.08,0,2,2020-09-04,248
6,H_10,Italy x Sweden,Mixed,High Humidity,6-IS_M_D,2.09,0,2,2020-09-16,260
6,H_10,Italy x Sweden,Mixed,High Humidity,6-IS_M_D,2.1,130,2,2020-10-02,276
6,H_10,Italy x Sweden,Mixed,High Humidity,6-IS_M_D,2.11,0,2,2020-10-19,293
6,H_10,Italy x Sweden,Mixed,High Humidity,6-IS_M_D,2.12,0,2,2020-11-06,311
6,H_10,Italy x Sweden,Mixed,High Humidity,6-IS_M_D,2.13,0,2,2020-11-19,324
6,H_10,Italy x Sweden,Mixed,High Humidity,6-IS_M_D,2.14,0,2,2020-12-04,339
6,H_10,Italy x Sweden,Mixed,High Humidity,6-IS_M_D,2.15,0,2,2020-12-15,350
6,H_10,Italy x Sweden,Mixed,High Humidity,6-IS_M_D,2.16,3,2,2021-01-14,14
6,H_10,Italy x Sweden,Mixed,High Humidity,6-IS_M_D,2.17,0,2,2021-02-01,32
6,H_10,Italy x Sweden,Mixed,High Humidity,6-IS_M_D,2.18,0,2,2021-02-25,56
6,H_10,Italy x Sweden,Mixed,High Humidity,6-IS_M_D,2.19,0,2,2021-03-08,67
6,H_10,Italy x Sweden,Mixed,High Humidity,6-IS_M_D,2.2,0,2,2021-03-26,85
6,H_10,Italy x Sweden,Mixed,High Humidity,6-IS_M_D,2.21,0,2,2021-04-08,98
6,H_10,Italy x Sweden,Mixed,High Humidity,6-IS_M_D,3.14,0,3,2021-08-17,229
6,H_10,Italy x Sweden,Mixed,High Humidity,6-IS_M_D,3.15,0,3,2021-08-25,237
6,H_10,Italy x Sweden,Mixed,High Humidity,6-IS_M_D,3.16,0,3,2021-09-02,245
6,H_10,Italy x Sweden,Mixed,High Humidity,6-IS_M_D,3.17,0,3,2021-09-08,251
6,H_10,Italy x Sweden,Mixed,High Humidity,6-IS_M_D,3.18,0,3,2021-09-15,258
6,H_10,Italy x Sweden,Mixed,High Humidity,6-IS_M_D,3.19,0,3,2021-09-22,265
6,H_10,Italy x Sweden,Mixed,High Humidity,6-IS_M_D,3.2,27,3,2021-10-03,276
6,H_10,Italy x Sweden,Mixed,High Humidity,6-IS_M_D,3.21,241,3,2021-10-15,288
6,H_10,Italy x Sweden,Mixed,High Humidity,6-IS_M_D,3.22,0,3,2021-11-15,319
6,H_10,Italy x Sweden,Mixed,High Humidity,6-IS_M_D,3.23,0,3,2021-12-17,351
6,H_11,UK x USA,Non-Dormant,Control,6-TC_ND_C,1.01,NA,1,2019-06-12,163
6,H_11,UK x USA,Non-Dormant,Control,6-TC_ND_C,1.02,NA,1,2019-06-16,167
6,H_11,UK x USA,Non-Dormant,Control,6-TC_ND_C,1.03,NA,1,2019-06-26,177
6,H_11,UK x USA,Non-Dormant,Control,6-TC_ND_C,1.04,NA,1,2019-07-03,184
6,H_11,UK x USA,Non-Dormant,Control,6-TC_ND_C,1.05,NA,1,2019-07-10,191
6,H_11,UK x USA,Non-Dormant,Control,6-TC_ND_C,1.06,NA,1,2019-07-17,198
6,H_11,UK x USA,Non-Dormant,Control,6-TC_ND_C,1.07,0,1,2019-07-24,205
6,H_11,UK x USA,Non-Dormant,Control,6-TC_ND_C,1.08,0,1,2019-07-31,212
6,H_11,UK x USA,Non-Dormant,Control,6-TC_ND_C,1.09,0,1,2019-08-07,219
6,H_11,UK x USA,Non-Dormant,Control,6-TC_ND_C,1.1,0,1,2019-08-15,227
6,H_11,UK x USA,Non-Dormant,Control,6-TC_ND_C,1.11,0,1,2019-08-20,232
6,H_11,UK x USA,Non-Dormant,Control,6-TC_ND_C,1.12,0,1,2019-08-28,240
6,H_11,UK x USA,Non-Dormant,Control,6-TC_ND_C,1.13,0,1,2019-09-04,247
6,H_11,UK x USA,Non-Dormant,Control,6-TC_ND_C,1.14,0,1,2019-09-11,254
6,H_11,UK x USA,Non-Dormant,Control,6-TC_ND_C,1.15,0,1,2019-09-18,261
6,H_11,UK x USA,Non-Dormant,Control,6-TC_ND_C,1.16,0,1,2019-09-25,268
6,H_11,UK x USA,Non-Dormant,Control,6-TC_ND_C,1.17,0,1,2019-10-02,275
6,H_11,UK x USA,Non-Dormant,Control,6-TC_ND_C,1.18,0,1,2019-10-09,282
6,H_11,UK x USA,Non-Dormant,Control,6-TC_ND_C,1.19,0,1,2019-10-18,291
6,H_11,UK x USA,Non-Dormant,Control,6-TC_ND_C,1.2,0,1,2019-10-23,296
6,H_11,UK x USA,Non-Dormant,Control,6-TC_ND_C,1.22,0,1,2019-11-06,310
6,H_11,UK x USA,Non-Dormant,Control,6-TC_ND_C,1.23,0,1,2019-11-20,324
6,H_11,UK x USA,Non-Dormant,Control,6-TC_ND_C,1.24,0,1,2019-12-04,338
6,H_11,UK x USA,Non-Dormant,Control,6-TC_ND_C,1.25,0,1,2019-12-20,354
6,H_11,UK x USA,Non-Dormant,Control,6-TC_ND_C,1.26,0,1,2020-02-10,41
6,H_11,UK x USA,Non-Dormant,Control,6-TC_ND_C,1.27,0,1,2020-03-02,62
6,H_11,UK x USA,Non-Dormant,Control,6-TC_ND_C,1.29,0,1,2020-05-05,126
6,H_11,UK x USA,Non-Dormant,Control,6-TC_ND_C,2.01,1,2,2020-05-27,148
6,H_11,UK x USA,Non-Dormant,Control,6-TC_ND_C,2.02,0,2,2020-06-04,156
6,H_11,UK x USA,Non-Dormant,Control,6-TC_ND_C,2.03,0,2,2020-07-23,205
6,H_11,UK x USA,Non-Dormant,Control,6-TC_ND_C,2.04,0,2,2020-08-07,220
6,H_11,UK x USA,Non-Dormant,Control,6-TC_ND_C,2.05,0,2,2020-08-13,226
6,H_11,UK x USA,Non-Dormant,Control,6-TC_ND_C,2.06,0,2,2020-08-18,231
6,H_11,UK x USA,Non-Dormant,Control,6-TC_ND_C,2.07,0,2,2020-08-25,238
6,H_11,UK x USA,Non-Dormant,Control,6-TC_ND_C,2.08,7,2,2020-09-04,248
6,H_11,UK x USA,Non-Dormant,Control,6-TC_ND_C,2.09,48,2,2020-09-16,260
6,H_11,UK x USA,Non-Dormant,Control,6-TC_ND_C,2.1,0,2,2020-10-02,276
6,H_11,UK x USA,Non-Dormant,Control,6-TC_ND_C,2.11,0,2,2020-10-19,293
6,H_11,UK x USA,Non-Dormant,Control,6-TC_ND_C,2.12,0,2,2020-11-06,311
6,H_11,UK x USA,Non-Dormant,Control,6-TC_ND_C,2.13,0,2,2020-11-19,324
6,H_11,UK x USA,Non-Dormant,Control,6-TC_ND_C,2.14,0,2,2020-12-04,339
6,H_11,UK x USA,Non-Dormant,Control,6-TC_ND_C,2.15,0,2,2020-12-15,350
6,H_11,UK x USA,Non-Dormant,Control,6-TC_ND_C,2.16,0,2,2021-01-14,14
6,H_11,UK x USA,Non-Dormant,Control,6-TC_ND_C,2.17,0,2,2021-02-01,32
6,H_11,UK x USA,Non-Dormant,Control,6-TC_ND_C,2.18,0,2,2021-02-25,56
6,H_11,UK x USA,Non-Dormant,Control,6-TC_ND_C,2.19,0,2,2021-03-08,67
6,H_11,UK x USA,Non-Dormant,Control,6-TC_ND_C,2.2,0,2,2021-03-26,85
6,H_11,UK x USA,Non-Dormant,Control,6-TC_ND_C,2.21,0,2,2021-04-08,98
6,H_11,UK x USA,Non-Dormant,Control,6-TC_ND_C,3.14,0,3,2021-08-17,229
6,H_11,UK x USA,Non-Dormant,Control,6-TC_ND_C,3.15,0,3,2021-08-25,237
6,H_11,UK x USA,Non-Dormant,Control,6-TC_ND_C,3.16,0,3,2021-09-02,245
6,H_11,UK x USA,Non-Dormant,Control,6-TC_ND_C,3.17,0,3,2021-09-08,251
6,H_11,UK x USA,Non-Dormant,Control,6-TC_ND_C,3.18,0,3,2021-09-15,258
6,H_11,UK x USA,Non-Dormant,Control,6-TC_ND_C,3.19,0,3,2021-09-22,265
6,H_11,UK x USA,Non-Dormant,Control,6-TC_ND_C,3.2,0,3,2021-10-03,276
6,H_11,UK x USA,Non-Dormant,Control,6-TC_ND_C,3.21,0,3,2021-10-15,288
6,H_11,UK x USA,Non-Dormant,Control,6-TC_ND_C,3.22,0,3,2021-11-15,319
6,H_11,UK x USA,Non-Dormant,Control,6-TC_ND_C,3.23,0,3,2021-12-17,351
6,H_12,Italy x Sweden,Dormant,Litter,6-IS_D_F,1.01,1,1,2019-06-12,163
6,H_12,Italy x Sweden,Dormant,Litter,6-IS_D_F,1.02,0,1,2019-06-16,167
6,H_12,Italy x Sweden,Dormant,Litter,6-IS_D_F,1.03,0,1,2019-06-26,177
6,H_12,Italy x Sweden,Dormant,Litter,6-IS_D_F,1.04,0,1,2019-07-03,184
6,H_12,Italy x Sweden,Dormant,Litter,6-IS_D_F,1.05,NA,1,2019-07-10,191
6,H_12,Italy x Sweden,Dormant,Litter,6-IS_D_F,1.06,NA,1,2019-07-17,198
6,H_12,Italy x Sweden,Dormant,Litter,6-IS_D_F,1.07,0,1,2019-07-24,205
6,H_12,Italy x Sweden,Dormant,Litter,6-IS_D_F,1.08,0,1,2019-07-31,212
6,H_12,Italy x Sweden,Dormant,Litter,6-IS_D_F,1.09,0,1,2019-08-07,219
6,H_12,Italy x Sweden,Dormant,Litter,6-IS_D_F,1.1,0,1,2019-08-15,227
6,H_12,Italy x Sweden,Dormant,Litter,6-IS_D_F,1.11,0,1,2019-08-20,232
6,H_12,Italy x Sweden,Dormant,Litter,6-IS_D_F,1.12,0,1,2019-08-28,240
6,H_12,Italy x Sweden,Dormant,Litter,6-IS_D_F,1.13,0,1,2019-09-04,247
6,H_12,Italy x Sweden,Dormant,Litter,6-IS_D_F,1.14,0,1,2019-09-11,254
6,H_12,Italy x Sweden,Dormant,Litter,6-IS_D_F,1.15,0,1,2019-09-18,261
6,H_12,Italy x Sweden,Dormant,Litter,6-IS_D_F,1.16,0,1,2019-09-25,268
6,H_12,Italy x Sweden,Dormant,Litter,6-IS_D_F,1.17,0,1,2019-10-02,275
6,H_12,Italy x Sweden,Dormant,Litter,6-IS_D_F,1.18,0,1,2019-10-09,282
6,H_12,Italy x Sweden,Dormant,Litter,6-IS_D_F,1.19,0,1,2019-10-18,291
6,H_12,Italy x Sweden,Dormant,Litter,6-IS_D_F,1.2,6,1,2019-10-23,296
6,H_12,Italy x Sweden,Dormant,Litter,6-IS_D_F,1.22,0,1,2019-11-06,310
6,H_12,Italy x Sweden,Dormant,Litter,6-IS_D_F,1.23,0,1,2019-11-20,324
6,H_12,Italy x Sweden,Dormant,Litter,6-IS_D_F,1.24,0,1,2019-12-04,338
6,H_12,Italy x Sweden,Dormant,Litter,6-IS_D_F,1.25,0,1,2019-12-20,354
6,H_12,Italy x Sweden,Dormant,Litter,6-IS_D_F,1.26,0,1,2020-02-10,41
6,H_12,Italy x Sweden,Dormant,Litter,6-IS_D_F,1.27,0,1,2020-03-02,62
6,H_12,Italy x Sweden,Dormant,Litter,6-IS_D_F,1.29,0,1,2020-05-05,126
6,H_12,Italy x Sweden,Dormant,Litter,6-IS_D_F,2.01,0,2,2020-05-27,148
6,H_12,Italy x Sweden,Dormant,Litter,6-IS_D_F,2.02,0,2,2020-06-04,156
6,H_12,Italy x Sweden,Dormant,Litter,6-IS_D_F,2.03,0,2,2020-07-23,205
6,H_12,Italy x Sweden,Dormant,Litter,6-IS_D_F,2.04,0,2,2020-08-07,220
6,H_12,Italy x Sweden,Dormant,Litter,6-IS_D_F,2.05,0,2,2020-08-13,226
6,H_12,Italy x Sweden,Dormant,Litter,6-IS_D_F,2.06,0,2,2020-08-18,231
6,H_12,Italy x Sweden,Dormant,Litter,6-IS_D_F,2.07,0,2,2020-08-25,238
6,H_12,Italy x Sweden,Dormant,Litter,6-IS_D_F,2.08,4,2,2020-09-04,248
6,H_12,Italy x Sweden,Dormant,Litter,6-IS_D_F,2.09,0,2,2020-09-16,260
6,H_12,Italy x Sweden,Dormant,Litter,6-IS_D_F,2.1,0,2,2020-10-02,276
6,H_12,Italy x Sweden,Dormant,Litter,6-IS_D_F,2.11,0,2,2020-10-19,293
6,H_12,Italy x Sweden,Dormant,Litter,6-IS_D_F,2.12,0,2,2020-11-06,311
6,H_12,Italy x Sweden,Dormant,Litter,6-IS_D_F,2.13,0,2,2020-11-19,324
6,H_12,Italy x Sweden,Dormant,Litter,6-IS_D_F,2.14,0,2,2020-12-04,339
6,H_12,Italy x Sweden,Dormant,Litter,6-IS_D_F,2.15,0,2,2020-12-15,350
6,H_12,Italy x Sweden,Dormant,Litter,6-IS_D_F,2.16,0,2,2021-01-14,14
6,H_12,Italy x Sweden,Dormant,Litter,6-IS_D_F,2.17,0,2,2021-02-01,32
6,H_12,Italy x Sweden,Dormant,Litter,6-IS_D_F,2.18,0,2,2021-02-25,56
6,H_12,Italy x Sweden,Dormant,Litter,6-IS_D_F,2.19,0,2,2021-03-08,67
6,H_12,Italy x Sweden,Dormant,Litter,6-IS_D_F,2.2,0,2,2021-03-26,85
6,H_12,Italy x Sweden,Dormant,Litter,6-IS_D_F,2.21,0,2,2021-04-08,98
6,H_12,Italy x Sweden,Dormant,Litter,6-IS_D_F,3.14,0,3,2021-08-17,229
6,H_12,Italy x Sweden,Dormant,Litter,6-IS_D_F,3.15,0,3,2021-08-25,237
6,H_12,Italy x Sweden,Dormant,Litter,6-IS_D_F,3.16,0,3,2021-09-02,245
6,H_12,Italy x Sweden,Dormant,Litter,6-IS_D_F,3.17,0,3,2021-09-08,251
6,H_12,Italy x Sweden,Dormant,Litter,6-IS_D_F,3.18,0,3,2021-09-15,258
6,H_12,Italy x Sweden,Dormant,Litter,6-IS_D_F,3.19,0,3,2021-09-22,265
6,H_12,Italy x Sweden,Dormant,Litter,6-IS_D_F,3.2,4,3,2021-10-03,276
6,H_12,Italy x Sweden,Dormant,Litter,6-IS_D_F,3.21,0,3,2021-10-15,288
6,H_12,Italy x Sweden,Dormant,Litter,6-IS_D_F,3.22,0,3,2021-11-15,319
6,H_12,Italy x Sweden,Dormant,Litter,6-IS_D_F,3.23,0,3,2021-12-17,351
4,I_1,Italy x Sweden,Non-Dormant,High Humidity,4-IS_ND_D,1.01,2,1,2019-06-12,163
4,I_1,Italy x Sweden,Non-Dormant,High Humidity,4-IS_ND_D,1.02,0,1,2019-06-16,167
4,I_1,Italy x Sweden,Non-Dormant,High Humidity,4-IS_ND_D,1.03,0,1,2019-06-26,177
4,I_1,Italy x Sweden,Non-Dormant,High Humidity,4-IS_ND_D,1.04,0,1,2019-07-03,184
4,I_1,Italy x Sweden,Non-Dormant,High Humidity,4-IS_ND_D,1.05,NA,1,2019-07-10,191
4,I_1,Italy x Sweden,Non-Dormant,High Humidity,4-IS_ND_D,1.06,NA,1,2019-07-17,198
4,I_1,Italy x Sweden,Non-Dormant,High Humidity,4-IS_ND_D,1.07,0,1,2019-07-24,205
4,I_1,Italy x Sweden,Non-Dormant,High Humidity,4-IS_ND_D,1.08,0,1,2019-07-31,212
4,I_1,Italy x Sweden,Non-Dormant,High Humidity,4-IS_ND_D,1.09,0,1,2019-08-07,219
4,I_1,Italy x Sweden,Non-Dormant,High Humidity,4-IS_ND_D,1.1,0,1,2019-08-15,227
4,I_1,Italy x Sweden,Non-Dormant,High Humidity,4-IS_ND_D,1.11,0,1,2019-08-20,232
4,I_1,Italy x Sweden,Non-Dormant,High Humidity,4-IS_ND_D,1.12,0,1,2019-08-28,240
4,I_1,Italy x Sweden,Non-Dormant,High Humidity,4-IS_ND_D,1.13,0,1,2019-09-04,247
4,I_1,Italy x Sweden,Non-Dormant,High Humidity,4-IS_ND_D,1.14,0,1,2019-09-11,254
4,I_1,Italy x Sweden,Non-Dormant,High Humidity,4-IS_ND_D,1.15,0,1,2019-09-18,261
4,I_1,Italy x Sweden,Non-Dormant,High Humidity,4-IS_ND_D,1.16,0,1,2019-09-25,268
4,I_1,Italy x Sweden,Non-Dormant,High Humidity,4-IS_ND_D,1.17,0,1,2019-10-02,275
4,I_1,Italy x Sweden,Non-Dormant,High Humidity,4-IS_ND_D,1.18,0,1,2019-10-09,282
4,I_1,Italy x Sweden,Non-Dormant,High Humidity,4-IS_ND_D,1.19,0,1,2019-10-18,291
4,I_1,Italy x Sweden,Non-Dormant,High Humidity,4-IS_ND_D,1.2,0,1,2019-10-23,296
4,I_1,Italy x Sweden,Non-Dormant,High Humidity,4-IS_ND_D,1.22,1,1,2019-11-06,310
4,I_1,Italy x Sweden,Non-Dormant,High Humidity,4-IS_ND_D,1.23,0,1,2019-11-20,324
4,I_1,Italy x Sweden,Non-Dormant,High Humidity,4-IS_ND_D,1.24,0,1,2019-12-04,338
4,I_1,Italy x Sweden,Non-Dormant,High Humidity,4-IS_ND_D,1.25,2,1,2019-12-20,354
4,I_1,Italy x Sweden,Non-Dormant,High Humidity,4-IS_ND_D,1.26,0,1,2020-02-10,41
4,I_1,Italy x Sweden,Non-Dormant,High Humidity,4-IS_ND_D,1.27,0,1,2020-03-02,62
4,I_1,Italy x Sweden,Non-Dormant,High Humidity,4-IS_ND_D,1.29,0,1,2020-05-05,126
4,I_1,Italy x Sweden,Non-Dormant,High Humidity,4-IS_ND_D,2.01,0,2,2020-05-27,148
4,I_1,Italy x Sweden,Non-Dormant,High Humidity,4-IS_ND_D,2.02,0,2,2020-06-04,156
4,I_1,Italy x Sweden,Non-Dormant,High Humidity,4-IS_ND_D,2.03,0,2,2020-07-23,205
4,I_1,Italy x Sweden,Non-Dormant,High Humidity,4-IS_ND_D,2.04,0,2,2020-08-07,220
4,I_1,Italy x Sweden,Non-Dormant,High Humidity,4-IS_ND_D,2.05,0,2,2020-08-13,226
4,I_1,Italy x Sweden,Non-Dormant,High Humidity,4-IS_ND_D,2.06,0,2,2020-08-18,231
4,I_1,Italy x Sweden,Non-Dormant,High Humidity,4-IS_ND_D,2.07,0,2,2020-08-25,238
4,I_1,Italy x Sweden,Non-Dormant,High Humidity,4-IS_ND_D,2.08,0,2,2020-09-10,254
4,I_1,Italy x Sweden,Non-Dormant,High Humidity,4-IS_ND_D,2.09,0,2,2020-09-18,262
4,I_1,Italy x Sweden,Non-Dormant,High Humidity,4-IS_ND_D,2.1,0,2,2020-10-02,276
4,I_1,Italy x Sweden,Non-Dormant,High Humidity,4-IS_ND_D,2.11,0,2,2020-10-19,293
4,I_1,Italy x Sweden,Non-Dormant,High Humidity,4-IS_ND_D,2.12,0,2,2020-10-30,304
4,I_1,Italy x Sweden,Non-Dormant,High Humidity,4-IS_ND_D,2.13,0,2,2020-11-13,318
4,I_1,Italy x Sweden,Non-Dormant,High Humidity,4-IS_ND_D,2.14,0,2,2020-12-04,339
4,I_1,Italy x Sweden,Non-Dormant,High Humidity,4-IS_ND_D,2.15,0,2,2020-12-17,352
4,I_1,Italy x Sweden,Non-Dormant,High Humidity,4-IS_ND_D,2.16,0,2,2021-01-15,15
4,I_1,Italy x Sweden,Non-Dormant,High Humidity,4-IS_ND_D,2.17,0,2,2021-02-01,32
4,I_1,Italy x Sweden,Non-Dormant,High Humidity,4-IS_ND_D,2.18,0,2,2021-02-25,56
4,I_1,Italy x Sweden,Non-Dormant,High Humidity,4-IS_ND_D,2.19,0,2,2021-03-08,67
4,I_1,Italy x Sweden,Non-Dormant,High Humidity,4-IS_ND_D,2.2,0,2,2021-03-25,84
4,I_1,Italy x Sweden,Non-Dormant,High Humidity,4-IS_ND_D,2.21,0,2,2021-04-08,98
4,I_1,Italy x Sweden,Non-Dormant,High Humidity,4-IS_ND_D,3.14,0,3,2021-08-17,229
4,I_1,Italy x Sweden,Non-Dormant,High Humidity,4-IS_ND_D,3.15,0,3,2021-08-25,237
4,I_1,Italy x Sweden,Non-Dormant,High Humidity,4-IS_ND_D,3.16,0,3,2021-09-02,245
4,I_1,Italy x Sweden,Non-Dormant,High Humidity,4-IS_ND_D,3.17,0,3,2021-09-08,251
4,I_1,Italy x Sweden,Non-Dormant,High Humidity,4-IS_ND_D,3.18,0,3,2021-09-15,258
4,I_1,Italy x Sweden,Non-Dormant,High Humidity,4-IS_ND_D,3.19,0,3,2021-09-22,265
4,I_1,Italy x Sweden,Non-Dormant,High Humidity,4-IS_ND_D,3.2,1,3,2021-10-01,274
4,I_1,Italy x Sweden,Non-Dormant,High Humidity,4-IS_ND_D,3.21,7,3,2021-10-13,286
4,I_1,Italy x Sweden,Non-Dormant,High Humidity,4-IS_ND_D,3.22,0,3,2021-11-12,316
4,I_1,Italy x Sweden,Non-Dormant,High Humidity,4-IS_ND_D,3.23,0,3,2021-12-17,351
4,I_3,Germany x Tajikistan,Mixed,Control,4-BS_M_C,1.01,NA,1,2019-06-12,163
4,I_3,Germany x Tajikistan,Mixed,Control,4-BS_M_C,1.02,NA,1,2019-06-16,167
4,I_3,Germany x Tajikistan,Mixed,Control,4-BS_M_C,1.03,NA,1,2019-06-26,177
4,I_3,Germany x Tajikistan,Mixed,Control,4-BS_M_C,1.04,NA,1,2019-07-03,184
4,I_3,Germany x Tajikistan,Mixed,Control,4-BS_M_C,1.05,NA,1,2019-07-10,191
4,I_3,Germany x Tajikistan,Mixed,Control,4-BS_M_C,1.06,NA,1,2019-07-17,198
4,I_3,Germany x Tajikistan,Mixed,Control,4-BS_M_C,1.07,0,1,2019-07-24,205
4,I_3,Germany x Tajikistan,Mixed,Control,4-BS_M_C,1.08,0,1,2019-07-31,212
4,I_3,Germany x Tajikistan,Mixed,Control,4-BS_M_C,1.09,0,1,2019-08-07,219
4,I_3,Germany x Tajikistan,Mixed,Control,4-BS_M_C,1.1,0,1,2019-08-15,227
4,I_3,Germany x Tajikistan,Mixed,Control,4-BS_M_C,1.11,0,1,2019-08-20,232
4,I_3,Germany x Tajikistan,Mixed,Control,4-BS_M_C,1.12,0,1,2019-08-28,240
4,I_3,Germany x Tajikistan,Mixed,Control,4-BS_M_C,1.13,0,1,2019-09-04,247
4,I_3,Germany x Tajikistan,Mixed,Control,4-BS_M_C,1.14,0,1,2019-09-11,254
4,I_3,Germany x Tajikistan,Mixed,Control,4-BS_M_C,1.15,0,1,2019-09-18,261
4,I_3,Germany x Tajikistan,Mixed,Control,4-BS_M_C,1.16,0,1,2019-09-25,268
4,I_3,Germany x Tajikistan,Mixed,Control,4-BS_M_C,1.17,0,1,2019-10-02,275
4,I_3,Germany x Tajikistan,Mixed,Control,4-BS_M_C,1.18,0,1,2019-10-09,282
4,I_3,Germany x Tajikistan,Mixed,Control,4-BS_M_C,1.19,0,1,2019-10-18,291
4,I_3,Germany x Tajikistan,Mixed,Control,4-BS_M_C,1.2,8,1,2019-10-23,296
4,I_3,Germany x Tajikistan,Mixed,Control,4-BS_M_C,1.22,0,1,2019-11-06,310
4,I_3,Germany x Tajikistan,Mixed,Control,4-BS_M_C,1.23,0,1,2019-11-20,324
4,I_3,Germany x Tajikistan,Mixed,Control,4-BS_M_C,1.24,1,1,2019-12-04,338
4,I_3,Germany x Tajikistan,Mixed,Control,4-BS_M_C,1.25,0,1,2019-12-20,354
4,I_3,Germany x Tajikistan,Mixed,Control,4-BS_M_C,1.26,0,1,2020-02-10,41
4,I_3,Germany x Tajikistan,Mixed,Control,4-BS_M_C,1.27,0,1,2020-03-02,62
4,I_3,Germany x Tajikistan,Mixed,Control,4-BS_M_C,1.29,0,1,2020-05-05,126
4,I_3,Germany x Tajikistan,Mixed,Control,4-BS_M_C,2.01,0,2,2020-05-27,148
4,I_3,Germany x Tajikistan,Mixed,Control,4-BS_M_C,2.02,0,2,2020-06-04,156
4,I_3,Germany x Tajikistan,Mixed,Control,4-BS_M_C,2.03,0,2,2020-07-23,205
4,I_3,Germany x Tajikistan,Mixed,Control,4-BS_M_C,2.04,0,2,2020-08-07,220
4,I_3,Germany x Tajikistan,Mixed,Control,4-BS_M_C,2.05,0,2,2020-08-13,226
4,I_3,Germany x Tajikistan,Mixed,Control,4-BS_M_C,2.06,0,2,2020-08-18,231
4,I_3,Germany x Tajikistan,Mixed,Control,4-BS_M_C,2.07,0,2,2020-08-25,238
4,I_3,Germany x Tajikistan,Mixed,Control,4-BS_M_C,2.08,0,2,2020-09-10,254
4,I_3,Germany x Tajikistan,Mixed,Control,4-BS_M_C,2.09,0,2,2020-09-18,262
4,I_3,Germany x Tajikistan,Mixed,Control,4-BS_M_C,2.1,0,2,2020-10-02,276
4,I_3,Germany x Tajikistan,Mixed,Control,4-BS_M_C,2.11,0,2,2020-10-19,293
4,I_3,Germany x Tajikistan,Mixed,Control,4-BS_M_C,2.12,0,2,2020-10-30,304
4,I_3,Germany x Tajikistan,Mixed,Control,4-BS_M_C,2.13,0,2,2020-11-13,318
4,I_3,Germany x Tajikistan,Mixed,Control,4-BS_M_C,2.14,0,2,2020-12-04,339
4,I_3,Germany x Tajikistan,Mixed,Control,4-BS_M_C,2.15,0,2,2020-12-17,352
4,I_3,Germany x Tajikistan,Mixed,Control,4-BS_M_C,2.16,0,2,2021-01-15,15
4,I_3,Germany x Tajikistan,Mixed,Control,4-BS_M_C,2.17,0,2,2021-02-01,32
4,I_3,Germany x Tajikistan,Mixed,Control,4-BS_M_C,2.18,0,2,2021-02-25,56
4,I_3,Germany x Tajikistan,Mixed,Control,4-BS_M_C,2.19,0,2,2021-03-08,67
4,I_3,Germany x Tajikistan,Mixed,Control,4-BS_M_C,2.2,0,2,2021-03-25,84
4,I_3,Germany x Tajikistan,Mixed,Control,4-BS_M_C,2.21,0,2,2021-04-08,98
4,I_3,Germany x Tajikistan,Mixed,Control,4-BS_M_C,3.14,0,3,2021-08-17,229
4,I_3,Germany x Tajikistan,Mixed,Control,4-BS_M_C,3.15,0,3,2021-08-25,237
4,I_3,Germany x Tajikistan,Mixed,Control,4-BS_M_C,3.16,0,3,2021-09-02,245
4,I_3,Germany x Tajikistan,Mixed,Control,4-BS_M_C,3.17,0,3,2021-09-08,251
4,I_3,Germany x Tajikistan,Mixed,Control,4-BS_M_C,3.18,0,3,2021-09-15,258
4,I_3,Germany x Tajikistan,Mixed,Control,4-BS_M_C,3.19,0,3,2021-09-22,265
4,I_3,Germany x Tajikistan,Mixed,Control,4-BS_M_C,3.2,0,3,2021-10-01,274
4,I_3,Germany x Tajikistan,Mixed,Control,4-BS_M_C,3.21,0,3,2021-10-13,286
4,I_3,Germany x Tajikistan,Mixed,Control,4-BS_M_C,3.22,0,3,2021-11-12,316
4,I_3,Germany x Tajikistan,Mixed,Control,4-BS_M_C,3.23,0,3,2021-12-17,351
4,I_4,Italy x Sweden,Dormant,Litter,4-IS_D_F,1.01,0,1,2019-06-12,163
4,I_4,Italy x Sweden,Dormant,Litter,4-IS_D_F,1.02,0,1,2019-06-16,167
4,I_4,Italy x Sweden,Dormant,Litter,4-IS_D_F,1.03,0,1,2019-06-26,177
4,I_4,Italy x Sweden,Dormant,Litter,4-IS_D_F,1.04,0,1,2019-07-03,184
4,I_4,Italy x Sweden,Dormant,Litter,4-IS_D_F,1.05,NA,1,2019-07-10,191
4,I_4,Italy x Sweden,Dormant,Litter,4-IS_D_F,1.06,NA,1,2019-07-17,198
4,I_4,Italy x Sweden,Dormant,Litter,4-IS_D_F,1.07,0,1,2019-07-24,205
4,I_4,Italy x Sweden,Dormant,Litter,4-IS_D_F,1.08,0,1,2019-07-31,212
4,I_4,Italy x Sweden,Dormant,Litter,4-IS_D_F,1.09,0,1,2019-08-07,219
4,I_4,Italy x Sweden,Dormant,Litter,4-IS_D_F,1.1,0,1,2019-08-15,227
4,I_4,Italy x Sweden,Dormant,Litter,4-IS_D_F,1.11,0,1,2019-08-20,232
4,I_4,Italy x Sweden,Dormant,Litter,4-IS_D_F,1.12,0,1,2019-08-28,240
4,I_4,Italy x Sweden,Dormant,Litter,4-IS_D_F,1.13,0,1,2019-09-04,247
4,I_4,Italy x Sweden,Dormant,Litter,4-IS_D_F,1.14,0,1,2019-09-11,254
4,I_4,Italy x Sweden,Dormant,Litter,4-IS_D_F,1.15,0,1,2019-09-18,261
4,I_4,Italy x Sweden,Dormant,Litter,4-IS_D_F,1.16,0,1,2019-09-25,268
4,I_4,Italy x Sweden,Dormant,Litter,4-IS_D_F,1.17,0,1,2019-10-02,275
4,I_4,Italy x Sweden,Dormant,Litter,4-IS_D_F,1.18,0,1,2019-10-09,282
4,I_4,Italy x Sweden,Dormant,Litter,4-IS_D_F,1.19,0,1,2019-10-18,291
4,I_4,Italy x Sweden,Dormant,Litter,4-IS_D_F,1.2,0,1,2019-10-23,296
4,I_4,Italy x Sweden,Dormant,Litter,4-IS_D_F,1.22,0,1,2019-11-06,310
4,I_4,Italy x Sweden,Dormant,Litter,4-IS_D_F,1.23,0,1,2019-11-20,324
4,I_4,Italy x Sweden,Dormant,Litter,4-IS_D_F,1.24,0,1,2019-12-04,338
4,I_4,Italy x Sweden,Dormant,Litter,4-IS_D_F,1.25,0,1,2019-12-20,354
4,I_4,Italy x Sweden,Dormant,Litter,4-IS_D_F,1.26,0,1,2020-02-10,41
4,I_4,Italy x Sweden,Dormant,Litter,4-IS_D_F,1.27,0,1,2020-03-02,62
4,I_4,Italy x Sweden,Dormant,Litter,4-IS_D_F,1.29,0,1,2020-05-05,126
4,I_4,Italy x Sweden,Dormant,Litter,4-IS_D_F,2.01,0,2,2020-05-27,148
4,I_4,Italy x Sweden,Dormant,Litter,4-IS_D_F,2.02,0,2,2020-06-04,156
4,I_4,Italy x Sweden,Dormant,Litter,4-IS_D_F,2.03,0,2,2020-07-23,205
4,I_4,Italy x Sweden,Dormant,Litter,4-IS_D_F,2.04,0,2,2020-08-07,220
4,I_4,Italy x Sweden,Dormant,Litter,4-IS_D_F,2.05,0,2,2020-08-13,226
4,I_4,Italy x Sweden,Dormant,Litter,4-IS_D_F,2.06,0,2,2020-08-18,231
4,I_4,Italy x Sweden,Dormant,Litter,4-IS_D_F,2.07,0,2,2020-08-25,238
4,I_4,Italy x Sweden,Dormant,Litter,4-IS_D_F,2.08,0,2,2020-09-10,254
4,I_4,Italy x Sweden,Dormant,Litter,4-IS_D_F,2.09,0,2,2020-09-18,262
4,I_4,Italy x Sweden,Dormant,Litter,4-IS_D_F,2.1,0,2,2020-10-02,276
4,I_4,Italy x Sweden,Dormant,Litter,4-IS_D_F,2.11,0,2,2020-10-19,293
4,I_4,Italy x Sweden,Dormant,Litter,4-IS_D_F,2.12,0,2,2020-10-30,304
4,I_4,Italy x Sweden,Dormant,Litter,4-IS_D_F,2.13,0,2,2020-11-13,318
4,I_4,Italy x Sweden,Dormant,Litter,4-IS_D_F,2.14,0,2,2020-12-04,339
4,I_4,Italy x Sweden,Dormant,Litter,4-IS_D_F,2.15,0,2,2020-12-17,352
4,I_4,Italy x Sweden,Dormant,Litter,4-IS_D_F,2.16,0,2,2021-01-15,15
4,I_4,Italy x Sweden,Dormant,Litter,4-IS_D_F,2.17,0,2,2021-02-01,32
4,I_4,Italy x Sweden,Dormant,Litter,4-IS_D_F,2.18,0,2,2021-02-25,56
4,I_4,Italy x Sweden,Dormant,Litter,4-IS_D_F,2.19,0,2,2021-03-08,67
4,I_4,Italy x Sweden,Dormant,Litter,4-IS_D_F,2.2,0,2,2021-03-25,84
4,I_4,Italy x Sweden,Dormant,Litter,4-IS_D_F,2.21,0,2,2021-04-08,98
4,I_4,Italy x Sweden,Dormant,Litter,4-IS_D_F,3.14,0,3,2021-08-17,229
4,I_4,Italy x Sweden,Dormant,Litter,4-IS_D_F,3.15,0,3,2021-08-25,237
4,I_4,Italy x Sweden,Dormant,Litter,4-IS_D_F,3.16,0,3,2021-09-02,245
4,I_4,Italy x Sweden,Dormant,Litter,4-IS_D_F,3.17,0,3,2021-09-08,251
4,I_4,Italy x Sweden,Dormant,Litter,4-IS_D_F,3.18,0,3,2021-09-15,258
4,I_4,Italy x Sweden,Dormant,Litter,4-IS_D_F,3.19,0,3,2021-09-22,265
4,I_4,Italy x Sweden,Dormant,Litter,4-IS_D_F,3.2,54,3,2021-10-01,274
4,I_4,Italy x Sweden,Dormant,Litter,4-IS_D_F,3.21,0,3,2021-10-13,286
4,I_4,Italy x Sweden,Dormant,Litter,4-IS_D_F,3.22,3,3,2021-11-12,316
4,I_4,Italy x Sweden,Dormant,Litter,4-IS_D_F,3.23,0,3,2021-12-17,351
5,I_5,Germany x Tajikistan,Non-Dormant,Control,5-BS_ND_C,1.01,NA,1,2019-06-12,163
5,I_5,Germany x Tajikistan,Non-Dormant,Control,5-BS_ND_C,1.02,NA,1,2019-06-16,167
5,I_5,Germany x Tajikistan,Non-Dormant,Control,5-BS_ND_C,1.03,NA,1,2019-06-26,177
5,I_5,Germany x Tajikistan,Non-Dormant,Control,5-BS_ND_C,1.04,NA,1,2019-07-03,184
5,I_5,Germany x Tajikistan,Non-Dormant,Control,5-BS_ND_C,1.05,NA,1,2019-07-10,191
5,I_5,Germany x Tajikistan,Non-Dormant,Control,5-BS_ND_C,1.06,NA,1,2019-07-17,198
5,I_5,Germany x Tajikistan,Non-Dormant,Control,5-BS_ND_C,1.07,0,1,2019-07-24,205
5,I_5,Germany x Tajikistan,Non-Dormant,Control,5-BS_ND_C,1.08,0,1,2019-07-31,212
5,I_5,Germany x Tajikistan,Non-Dormant,Control,5-BS_ND_C,1.09,0,1,2019-08-07,219
5,I_5,Germany x Tajikistan,Non-Dormant,Control,5-BS_ND_C,1.1,0,1,2019-08-15,227
5,I_5,Germany x Tajikistan,Non-Dormant,Control,5-BS_ND_C,1.11,0,1,2019-08-20,232
5,I_5,Germany x Tajikistan,Non-Dormant,Control,5-BS_ND_C,1.12,0,1,2019-08-28,240
5,I_5,Germany x Tajikistan,Non-Dormant,Control,5-BS_ND_C,1.13,0,1,2019-09-04,247
5,I_5,Germany x Tajikistan,Non-Dormant,Control,5-BS_ND_C,1.14,0,1,2019-09-11,254
5,I_5,Germany x Tajikistan,Non-Dormant,Control,5-BS_ND_C,1.15,0,1,2019-09-18,261
5,I_5,Germany x Tajikistan,Non-Dormant,Control,5-BS_ND_C,1.16,0,1,2019-09-25,268
5,I_5,Germany x Tajikistan,Non-Dormant,Control,5-BS_ND_C,1.17,0,1,2019-10-02,275
5,I_5,Germany x Tajikistan,Non-Dormant,Control,5-BS_ND_C,1.18,0,1,2019-10-09,282
5,I_5,Germany x Tajikistan,Non-Dormant,Control,5-BS_ND_C,1.19,0,1,2019-10-18,291
5,I_5,Germany x Tajikistan,Non-Dormant,Control,5-BS_ND_C,1.2,7,1,2019-10-23,296
5,I_5,Germany x Tajikistan,Non-Dormant,Control,5-BS_ND_C,1.22,0,1,2019-11-06,310
5,I_5,Germany x Tajikistan,Non-Dormant,Control,5-BS_ND_C,1.23,0,1,2019-11-20,324
5,I_5,Germany x Tajikistan,Non-Dormant,Control,5-BS_ND_C,1.24,0,1,2019-12-04,338
5,I_5,Germany x Tajikistan,Non-Dormant,Control,5-BS_ND_C,1.25,0,1,2019-12-20,354
5,I_5,Germany x Tajikistan,Non-Dormant,Control,5-BS_ND_C,1.26,0,1,2020-02-10,41
5,I_5,Germany x Tajikistan,Non-Dormant,Control,5-BS_ND_C,1.27,0,1,2020-03-02,62
5,I_5,Germany x Tajikistan,Non-Dormant,Control,5-BS_ND_C,1.29,0,1,2020-05-05,126
5,I_5,Germany x Tajikistan,Non-Dormant,Control,5-BS_ND_C,2.01,0,2,2020-05-27,148
5,I_5,Germany x Tajikistan,Non-Dormant,Control,5-BS_ND_C,2.02,0,2,2020-06-04,156
5,I_5,Germany x Tajikistan,Non-Dormant,Control,5-BS_ND_C,2.03,0,2,2020-07-23,205
5,I_5,Germany x Tajikistan,Non-Dormant,Control,5-BS_ND_C,2.04,0,2,2020-08-07,220
5,I_5,Germany x Tajikistan,Non-Dormant,Control,5-BS_ND_C,2.05,0,2,2020-08-13,226
5,I_5,Germany x Tajikistan,Non-Dormant,Control,5-BS_ND_C,2.06,0,2,2020-08-18,231
5,I_5,Germany x Tajikistan,Non-Dormant,Control,5-BS_ND_C,2.07,0,2,2020-08-25,238
5,I_5,Germany x Tajikistan,Non-Dormant,Control,5-BS_ND_C,2.08,4,2,2020-09-04,248
5,I_5,Germany x Tajikistan,Non-Dormant,Control,5-BS_ND_C,2.09,0,2,2020-09-16,260
5,I_5,Germany x Tajikistan,Non-Dormant,Control,5-BS_ND_C,2.1,0,2,2020-10-02,276
5,I_5,Germany x Tajikistan,Non-Dormant,Control,5-BS_ND_C,2.11,0,2,2020-10-19,293
5,I_5,Germany x Tajikistan,Non-Dormant,Control,5-BS_ND_C,2.12,0,2,2020-11-06,311
5,I_5,Germany x Tajikistan,Non-Dormant,Control,5-BS_ND_C,2.13,0,2,2020-11-19,324
5,I_5,Germany x Tajikistan,Non-Dormant,Control,5-BS_ND_C,2.14,0,2,2020-12-04,339
5,I_5,Germany x Tajikistan,Non-Dormant,Control,5-BS_ND_C,2.15,0,2,2020-12-15,350
5,I_5,Germany x Tajikistan,Non-Dormant,Control,5-BS_ND_C,2.16,0,2,2021-01-14,14
5,I_5,Germany x Tajikistan,Non-Dormant,Control,5-BS_ND_C,2.17,0,2,2021-02-01,32
5,I_5,Germany x Tajikistan,Non-Dormant,Control,5-BS_ND_C,2.18,0,2,2021-02-25,56
5,I_5,Germany x Tajikistan,Non-Dormant,Control,5-BS_ND_C,2.19,0,2,2021-03-08,67
5,I_5,Germany x Tajikistan,Non-Dormant,Control,5-BS_ND_C,2.2,0,2,2021-03-26,85
5,I_5,Germany x Tajikistan,Non-Dormant,Control,5-BS_ND_C,2.21,0,2,2021-04-08,98
5,I_5,Germany x Tajikistan,Non-Dormant,Control,5-BS_ND_C,3.14,0,3,2021-08-17,229
5,I_5,Germany x Tajikistan,Non-Dormant,Control,5-BS_ND_C,3.15,0,3,2021-08-25,237
5,I_5,Germany x Tajikistan,Non-Dormant,Control,5-BS_ND_C,3.16,0,3,2021-09-02,245
5,I_5,Germany x Tajikistan,Non-Dormant,Control,5-BS_ND_C,3.17,0,3,2021-09-08,251
5,I_5,Germany x Tajikistan,Non-Dormant,Control,5-BS_ND_C,3.18,0,3,2021-09-15,258
5,I_5,Germany x Tajikistan,Non-Dormant,Control,5-BS_ND_C,3.19,0,3,2021-09-22,265
5,I_5,Germany x Tajikistan,Non-Dormant,Control,5-BS_ND_C,3.2,0,3,2021-10-03,276
5,I_5,Germany x Tajikistan,Non-Dormant,Control,5-BS_ND_C,3.21,0,3,2021-10-15,288
5,I_5,Germany x Tajikistan,Non-Dormant,Control,5-BS_ND_C,3.22,0,3,2021-11-15,319
5,I_5,Germany x Tajikistan,Non-Dormant,Control,5-BS_ND_C,3.23,0,3,2021-12-17,351
5,I_6,Germany x Tajikistan,Dormant,Litter,5-BS_D_F,1.01,NA,1,2019-06-12,163
5,I_6,Germany x Tajikistan,Dormant,Litter,5-BS_D_F,1.02,NA,1,2019-06-16,167
5,I_6,Germany x Tajikistan,Dormant,Litter,5-BS_D_F,1.03,NA,1,2019-06-26,177
5,I_6,Germany x Tajikistan,Dormant,Litter,5-BS_D_F,1.04,NA,1,2019-07-03,184
5,I_6,Germany x Tajikistan,Dormant,Litter,5-BS_D_F,1.05,NA,1,2019-07-10,191
5,I_6,Germany x Tajikistan,Dormant,Litter,5-BS_D_F,1.06,NA,1,2019-07-17,198
5,I_6,Germany x Tajikistan,Dormant,Litter,5-BS_D_F,1.07,0,1,2019-07-24,205
5,I_6,Germany x Tajikistan,Dormant,Litter,5-BS_D_F,1.08,0,1,2019-07-31,212
5,I_6,Germany x Tajikistan,Dormant,Litter,5-BS_D_F,1.09,0,1,2019-08-07,219
5,I_6,Germany x Tajikistan,Dormant,Litter,5-BS_D_F,1.1,0,1,2019-08-15,227
5,I_6,Germany x Tajikistan,Dormant,Litter,5-BS_D_F,1.11,0,1,2019-08-20,232
5,I_6,Germany x Tajikistan,Dormant,Litter,5-BS_D_F,1.12,0,1,2019-08-28,240
5,I_6,Germany x Tajikistan,Dormant,Litter,5-BS_D_F,1.13,0,1,2019-09-04,247
5,I_6,Germany x Tajikistan,Dormant,Litter,5-BS_D_F,1.14,0,1,2019-09-11,254
5,I_6,Germany x Tajikistan,Dormant,Litter,5-BS_D_F,1.15,0,1,2019-09-18,261
5,I_6,Germany x Tajikistan,Dormant,Litter,5-BS_D_F,1.16,0,1,2019-09-25,268
5,I_6,Germany x Tajikistan,Dormant,Litter,5-BS_D_F,1.17,0,1,2019-10-02,275
5,I_6,Germany x Tajikistan,Dormant,Litter,5-BS_D_F,1.18,0,1,2019-10-09,282
5,I_6,Germany x Tajikistan,Dormant,Litter,5-BS_D_F,1.19,0,1,2019-10-18,291
5,I_6,Germany x Tajikistan,Dormant,Litter,5-BS_D_F,1.2,12,1,2019-10-23,296
5,I_6,Germany x Tajikistan,Dormant,Litter,5-BS_D_F,1.22,0,1,2019-11-06,310
5,I_6,Germany x Tajikistan,Dormant,Litter,5-BS_D_F,1.23,0,1,2019-11-20,324
5,I_6,Germany x Tajikistan,Dormant,Litter,5-BS_D_F,1.24,0,1,2019-12-04,338
5,I_6,Germany x Tajikistan,Dormant,Litter,5-BS_D_F,1.25,0,1,2019-12-20,354
5,I_6,Germany x Tajikistan,Dormant,Litter,5-BS_D_F,1.26,0,1,2020-02-10,41
5,I_6,Germany x Tajikistan,Dormant,Litter,5-BS_D_F,1.27,0,1,2020-03-02,62
5,I_6,Germany x Tajikistan,Dormant,Litter,5-BS_D_F,1.29,0,1,2020-05-05,126
5,I_6,Germany x Tajikistan,Dormant,Litter,5-BS_D_F,2.01,0,2,2020-05-27,148
5,I_6,Germany x Tajikistan,Dormant,Litter,5-BS_D_F,2.02,0,2,2020-06-04,156
5,I_6,Germany x Tajikistan,Dormant,Litter,5-BS_D_F,2.03,NA,NA,NA,NA
5,I_6,Germany x Tajikistan,Dormant,Litter,5-BS_D_F,2.04,NA,NA,NA,NA
5,I_6,Germany x Tajikistan,Dormant,Litter,5-BS_D_F,2.05,NA,NA,NA,NA
5,I_6,Germany x Tajikistan,Dormant,Litter,5-BS_D_F,2.06,NA,NA,NA,NA
5,I_6,Germany x Tajikistan,Dormant,Litter,5-BS_D_F,2.07,NA,NA,NA,NA
5,I_6,Germany x Tajikistan,Dormant,Litter,5-BS_D_F,2.08,NA,2,2020-09-04,248
5,I_6,Germany x Tajikistan,Dormant,Litter,5-BS_D_F,2.09,0,2,2020-09-16,260
5,I_6,Germany x Tajikistan,Dormant,Litter,5-BS_D_F,2.1,0,2,2020-10-02,276
5,I_6,Germany x Tajikistan,Dormant,Litter,5-BS_D_F,2.11,0,2,2020-10-19,293
5,I_6,Germany x Tajikistan,Dormant,Litter,5-BS_D_F,2.12,0,2,2020-11-06,311
5,I_6,Germany x Tajikistan,Dormant,Litter,5-BS_D_F,2.13,0,2,2020-11-19,324
5,I_6,Germany x Tajikistan,Dormant,Litter,5-BS_D_F,2.14,0,2,2020-12-04,339
5,I_6,Germany x Tajikistan,Dormant,Litter,5-BS_D_F,2.15,0,2,2020-12-15,350
5,I_6,Germany x Tajikistan,Dormant,Litter,5-BS_D_F,2.16,0,2,2021-01-14,14
5,I_6,Germany x Tajikistan,Dormant,Litter,5-BS_D_F,2.17,0,2,2021-02-01,32
5,I_6,Germany x Tajikistan,Dormant,Litter,5-BS_D_F,2.18,0,2,2021-02-25,56
5,I_6,Germany x Tajikistan,Dormant,Litter,5-BS_D_F,2.19,0,2,2021-03-08,67
5,I_6,Germany x Tajikistan,Dormant,Litter,5-BS_D_F,2.2,0,2,2021-03-26,85
5,I_6,Germany x Tajikistan,Dormant,Litter,5-BS_D_F,2.21,0,2,2021-04-08,98
5,I_6,Germany x Tajikistan,Dormant,Litter,5-BS_D_F,3.14,NA,NA,NA,NA
5,I_6,Germany x Tajikistan,Dormant,Litter,5-BS_D_F,3.15,NA,NA,NA,NA
5,I_6,Germany x Tajikistan,Dormant,Litter,5-BS_D_F,3.16,NA,NA,NA,NA
5,I_6,Germany x Tajikistan,Dormant,Litter,5-BS_D_F,3.17,NA,NA,NA,NA
5,I_6,Germany x Tajikistan,Dormant,Litter,5-BS_D_F,3.18,NA,NA,NA,NA
5,I_6,Germany x Tajikistan,Dormant,Litter,5-BS_D_F,3.19,NA,NA,NA,NA
5,I_6,Germany x Tajikistan,Dormant,Litter,5-BS_D_F,3.2,NA,NA,NA,NA
5,I_6,Germany x Tajikistan,Dormant,Litter,5-BS_D_F,3.21,NA,NA,NA,NA
5,I_6,Germany x Tajikistan,Dormant,Litter,5-BS_D_F,3.22,NA,NA,NA,NA
5,I_6,Germany x Tajikistan,Dormant,Litter,5-BS_D_F,3.23,NA,NA,NA,NA
5,I_7,Italy x Sweden,Non-Dormant,High Humidity,5-IS_ND_D,1.01,2,1,2019-06-12,163
5,I_7,Italy x Sweden,Non-Dormant,High Humidity,5-IS_ND_D,1.02,0,1,2019-06-16,167
5,I_7,Italy x Sweden,Non-Dormant,High Humidity,5-IS_ND_D,1.03,0,1,2019-06-26,177
5,I_7,Italy x Sweden,Non-Dormant,High Humidity,5-IS_ND_D,1.04,0,1,2019-07-03,184
5,I_7,Italy x Sweden,Non-Dormant,High Humidity,5-IS_ND_D,1.05,NA,1,2019-07-10,191
5,I_7,Italy x Sweden,Non-Dormant,High Humidity,5-IS_ND_D,1.06,NA,1,2019-07-17,198
5,I_7,Italy x Sweden,Non-Dormant,High Humidity,5-IS_ND_D,1.07,0,1,2019-07-24,205
5,I_7,Italy x Sweden,Non-Dormant,High Humidity,5-IS_ND_D,1.08,0,1,2019-07-31,212
5,I_7,Italy x Sweden,Non-Dormant,High Humidity,5-IS_ND_D,1.09,0,1,2019-08-07,219
5,I_7,Italy x Sweden,Non-Dormant,High Humidity,5-IS_ND_D,1.1,0,1,2019-08-15,227
5,I_7,Italy x Sweden,Non-Dormant,High Humidity,5-IS_ND_D,1.11,0,1,2019-08-20,232
5,I_7,Italy x Sweden,Non-Dormant,High Humidity,5-IS_ND_D,1.12,0,1,2019-08-28,240
5,I_7,Italy x Sweden,Non-Dormant,High Humidity,5-IS_ND_D,1.13,0,1,2019-09-04,247
5,I_7,Italy x Sweden,Non-Dormant,High Humidity,5-IS_ND_D,1.14,0,1,2019-09-11,254
5,I_7,Italy x Sweden,Non-Dormant,High Humidity,5-IS_ND_D,1.15,0,1,2019-09-18,261
5,I_7,Italy x Sweden,Non-Dormant,High Humidity,5-IS_ND_D,1.16,0,1,2019-09-25,268
5,I_7,Italy x Sweden,Non-Dormant,High Humidity,5-IS_ND_D,1.17,0,1,2019-10-02,275
5,I_7,Italy x Sweden,Non-Dormant,High Humidity,5-IS_ND_D,1.18,0,1,2019-10-09,282
5,I_7,Italy x Sweden,Non-Dormant,High Humidity,5-IS_ND_D,1.19,0,1,2019-10-18,291
5,I_7,Italy x Sweden,Non-Dormant,High Humidity,5-IS_ND_D,1.2,0,1,2019-10-23,296
5,I_7,Italy x Sweden,Non-Dormant,High Humidity,5-IS_ND_D,1.22,0,1,2019-11-06,310
5,I_7,Italy x Sweden,Non-Dormant,High Humidity,5-IS_ND_D,1.23,0,1,2019-11-20,324
5,I_7,Italy x Sweden,Non-Dormant,High Humidity,5-IS_ND_D,1.24,0,1,2019-12-04,338
5,I_7,Italy x Sweden,Non-Dormant,High Humidity,5-IS_ND_D,1.25,1,1,2019-12-20,354
5,I_7,Italy x Sweden,Non-Dormant,High Humidity,5-IS_ND_D,1.26,0,1,2020-02-10,41
5,I_7,Italy x Sweden,Non-Dormant,High Humidity,5-IS_ND_D,1.27,0,1,2020-03-02,62
5,I_7,Italy x Sweden,Non-Dormant,High Humidity,5-IS_ND_D,1.29,0,1,2020-05-05,126
5,I_7,Italy x Sweden,Non-Dormant,High Humidity,5-IS_ND_D,2.01,0,2,2020-05-27,148
5,I_7,Italy x Sweden,Non-Dormant,High Humidity,5-IS_ND_D,2.02,0,2,2020-06-04,156
5,I_7,Italy x Sweden,Non-Dormant,High Humidity,5-IS_ND_D,2.03,0,2,2020-07-23,205
5,I_7,Italy x Sweden,Non-Dormant,High Humidity,5-IS_ND_D,2.04,0,2,2020-08-07,220
5,I_7,Italy x Sweden,Non-Dormant,High Humidity,5-IS_ND_D,2.05,0,2,2020-08-13,226
5,I_7,Italy x Sweden,Non-Dormant,High Humidity,5-IS_ND_D,2.06,0,2,2020-08-18,231
5,I_7,Italy x Sweden,Non-Dormant,High Humidity,5-IS_ND_D,2.07,0,2,2020-08-25,238
5,I_7,Italy x Sweden,Non-Dormant,High Humidity,5-IS_ND_D,2.08,35,2,2020-09-04,248
5,I_7,Italy x Sweden,Non-Dormant,High Humidity,5-IS_ND_D,2.09,0,2,2020-09-16,260
5,I_7,Italy x Sweden,Non-Dormant,High Humidity,5-IS_ND_D,2.1,0,2,2020-10-02,276
5,I_7,Italy x Sweden,Non-Dormant,High Humidity,5-IS_ND_D,2.11,0,2,2020-10-19,293
5,I_7,Italy x Sweden,Non-Dormant,High Humidity,5-IS_ND_D,2.12,0,2,2020-11-06,311
5,I_7,Italy x Sweden,Non-Dormant,High Humidity,5-IS_ND_D,2.13,0,2,2020-11-19,324
5,I_7,Italy x Sweden,Non-Dormant,High Humidity,5-IS_ND_D,2.14,0,2,2020-12-04,339
5,I_7,Italy x Sweden,Non-Dormant,High Humidity,5-IS_ND_D,2.15,0,2,2020-12-15,350
5,I_7,Italy x Sweden,Non-Dormant,High Humidity,5-IS_ND_D,2.16,0,2,2021-01-14,14
5,I_7,Italy x Sweden,Non-Dormant,High Humidity,5-IS_ND_D,2.17,0,2,2021-02-01,32
5,I_7,Italy x Sweden,Non-Dormant,High Humidity,5-IS_ND_D,2.18,0,2,2021-02-25,56
5,I_7,Italy x Sweden,Non-Dormant,High Humidity,5-IS_ND_D,2.19,0,2,2021-03-08,67
5,I_7,Italy x Sweden,Non-Dormant,High Humidity,5-IS_ND_D,2.2,0,2,2021-03-26,85
5,I_7,Italy x Sweden,Non-Dormant,High Humidity,5-IS_ND_D,2.21,0,2,2021-04-08,98
5,I_7,Italy x Sweden,Non-Dormant,High Humidity,5-IS_ND_D,3.14,0,3,2021-08-17,229
5,I_7,Italy x Sweden,Non-Dormant,High Humidity,5-IS_ND_D,3.15,0,3,2021-08-25,237
5,I_7,Italy x Sweden,Non-Dormant,High Humidity,5-IS_ND_D,3.16,0,3,2021-09-02,245
5,I_7,Italy x Sweden,Non-Dormant,High Humidity,5-IS_ND_D,3.17,0,3,2021-09-08,251
5,I_7,Italy x Sweden,Non-Dormant,High Humidity,5-IS_ND_D,3.18,0,3,2021-09-15,258
5,I_7,Italy x Sweden,Non-Dormant,High Humidity,5-IS_ND_D,3.19,0,3,2021-09-22,265
5,I_7,Italy x Sweden,Non-Dormant,High Humidity,5-IS_ND_D,3.2,0,3,2021-10-03,276
5,I_7,Italy x Sweden,Non-Dormant,High Humidity,5-IS_ND_D,3.21,0,3,2021-10-15,288
5,I_7,Italy x Sweden,Non-Dormant,High Humidity,5-IS_ND_D,3.22,0,3,2021-11-15,319
5,I_7,Italy x Sweden,Non-Dormant,High Humidity,5-IS_ND_D,3.23,0,3,2021-12-17,351
5,I_8,Germany x Tajikistan,Non-Dormant,Litter,5-BS_ND_F,1.01,NA,1,2019-06-12,163
5,I_8,Germany x Tajikistan,Non-Dormant,Litter,5-BS_ND_F,1.02,NA,1,2019-06-16,167
5,I_8,Germany x Tajikistan,Non-Dormant,Litter,5-BS_ND_F,1.03,NA,1,2019-06-26,177
5,I_8,Germany x Tajikistan,Non-Dormant,Litter,5-BS_ND_F,1.04,NA,1,2019-07-03,184
5,I_8,Germany x Tajikistan,Non-Dormant,Litter,5-BS_ND_F,1.05,NA,1,2019-07-10,191
5,I_8,Germany x Tajikistan,Non-Dormant,Litter,5-BS_ND_F,1.06,NA,1,2019-07-17,198
5,I_8,Germany x Tajikistan,Non-Dormant,Litter,5-BS_ND_F,1.07,0,1,2019-07-24,205
5,I_8,Germany x Tajikistan,Non-Dormant,Litter,5-BS_ND_F,1.08,0,1,2019-07-31,212
5,I_8,Germany x Tajikistan,Non-Dormant,Litter,5-BS_ND_F,1.09,0,1,2019-08-07,219
5,I_8,Germany x Tajikistan,Non-Dormant,Litter,5-BS_ND_F,1.1,0,1,2019-08-15,227
5,I_8,Germany x Tajikistan,Non-Dormant,Litter,5-BS_ND_F,1.11,0,1,2019-08-20,232
5,I_8,Germany x Tajikistan,Non-Dormant,Litter,5-BS_ND_F,1.12,0,1,2019-08-28,240
5,I_8,Germany x Tajikistan,Non-Dormant,Litter,5-BS_ND_F,1.13,0,1,2019-09-04,247
5,I_8,Germany x Tajikistan,Non-Dormant,Litter,5-BS_ND_F,1.14,0,1,2019-09-11,254
5,I_8,Germany x Tajikistan,Non-Dormant,Litter,5-BS_ND_F,1.15,0,1,2019-09-18,261
5,I_8,Germany x Tajikistan,Non-Dormant,Litter,5-BS_ND_F,1.16,0,1,2019-09-25,268
5,I_8,Germany x Tajikistan,Non-Dormant,Litter,5-BS_ND_F,1.17,0,1,2019-10-02,275
5,I_8,Germany x Tajikistan,Non-Dormant,Litter,5-BS_ND_F,1.18,0,1,2019-10-09,282
5,I_8,Germany x Tajikistan,Non-Dormant,Litter,5-BS_ND_F,1.19,0,1,2019-10-18,291
5,I_8,Germany x Tajikistan,Non-Dormant,Litter,5-BS_ND_F,1.2,8,1,2019-10-23,296
5,I_8,Germany x Tajikistan,Non-Dormant,Litter,5-BS_ND_F,1.22,0,1,2019-11-06,310
5,I_8,Germany x Tajikistan,Non-Dormant,Litter,5-BS_ND_F,1.23,0,1,2019-11-20,324
5,I_8,Germany x Tajikistan,Non-Dormant,Litter,5-BS_ND_F,1.24,0,1,2019-12-04,338
5,I_8,Germany x Tajikistan,Non-Dormant,Litter,5-BS_ND_F,1.25,0,1,2019-12-20,354
5,I_8,Germany x Tajikistan,Non-Dormant,Litter,5-BS_ND_F,1.26,0,1,2020-02-10,41
5,I_8,Germany x Tajikistan,Non-Dormant,Litter,5-BS_ND_F,1.27,0,1,2020-03-02,62
5,I_8,Germany x Tajikistan,Non-Dormant,Litter,5-BS_ND_F,1.29,0,1,2020-05-05,126
5,I_8,Germany x Tajikistan,Non-Dormant,Litter,5-BS_ND_F,2.01,0,2,2020-05-27,148
5,I_8,Germany x Tajikistan,Non-Dormant,Litter,5-BS_ND_F,2.02,0,2,2020-06-04,156
5,I_8,Germany x Tajikistan,Non-Dormant,Litter,5-BS_ND_F,2.03,NA,NA,NA,NA
5,I_8,Germany x Tajikistan,Non-Dormant,Litter,5-BS_ND_F,2.04,NA,NA,NA,NA
5,I_8,Germany x Tajikistan,Non-Dormant,Litter,5-BS_ND_F,2.05,NA,NA,NA,NA
5,I_8,Germany x Tajikistan,Non-Dormant,Litter,5-BS_ND_F,2.06,NA,NA,NA,NA
5,I_8,Germany x Tajikistan,Non-Dormant,Litter,5-BS_ND_F,2.07,NA,NA,NA,NA
5,I_8,Germany x Tajikistan,Non-Dormant,Litter,5-BS_ND_F,2.08,NA,2,2020-09-04,248
5,I_8,Germany x Tajikistan,Non-Dormant,Litter,5-BS_ND_F,2.09,0,2,2020-09-16,260
5,I_8,Germany x Tajikistan,Non-Dormant,Litter,5-BS_ND_F,2.1,0,2,2020-10-02,276
5,I_8,Germany x Tajikistan,Non-Dormant,Litter,5-BS_ND_F,2.11,0,2,2020-10-19,293
5,I_8,Germany x Tajikistan,Non-Dormant,Litter,5-BS_ND_F,2.12,0,2,2020-11-06,311
5,I_8,Germany x Tajikistan,Non-Dormant,Litter,5-BS_ND_F,2.13,0,2,2020-11-19,324
5,I_8,Germany x Tajikistan,Non-Dormant,Litter,5-BS_ND_F,2.14,0,2,2020-12-04,339
5,I_8,Germany x Tajikistan,Non-Dormant,Litter,5-BS_ND_F,2.15,0,2,2020-12-15,350
5,I_8,Germany x Tajikistan,Non-Dormant,Litter,5-BS_ND_F,2.16,0,2,2021-01-14,14
5,I_8,Germany x Tajikistan,Non-Dormant,Litter,5-BS_ND_F,2.17,0,2,2021-02-01,32
5,I_8,Germany x Tajikistan,Non-Dormant,Litter,5-BS_ND_F,2.18,0,2,2021-02-25,56
5,I_8,Germany x Tajikistan,Non-Dormant,Litter,5-BS_ND_F,2.19,0,2,2021-03-08,67
5,I_8,Germany x Tajikistan,Non-Dormant,Litter,5-BS_ND_F,2.2,0,2,2021-03-26,85
5,I_8,Germany x Tajikistan,Non-Dormant,Litter,5-BS_ND_F,2.21,0,2,2021-04-08,98
5,I_8,Germany x Tajikistan,Non-Dormant,Litter,5-BS_ND_F,3.14,NA,NA,NA,NA
5,I_8,Germany x Tajikistan,Non-Dormant,Litter,5-BS_ND_F,3.15,NA,NA,NA,NA
5,I_8,Germany x Tajikistan,Non-Dormant,Litter,5-BS_ND_F,3.16,NA,NA,NA,NA
5,I_8,Germany x Tajikistan,Non-Dormant,Litter,5-BS_ND_F,3.17,NA,NA,NA,NA
5,I_8,Germany x Tajikistan,Non-Dormant,Litter,5-BS_ND_F,3.18,NA,NA,NA,NA
5,I_8,Germany x Tajikistan,Non-Dormant,Litter,5-BS_ND_F,3.19,NA,NA,NA,NA
5,I_8,Germany x Tajikistan,Non-Dormant,Litter,5-BS_ND_F,3.2,NA,NA,NA,NA
5,I_8,Germany x Tajikistan,Non-Dormant,Litter,5-BS_ND_F,3.21,NA,NA,NA,NA
5,I_8,Germany x Tajikistan,Non-Dormant,Litter,5-BS_ND_F,3.22,NA,NA,NA,NA
5,I_8,Germany x Tajikistan,Non-Dormant,Litter,5-BS_ND_F,3.23,NA,NA,NA,NA
5,I_9,Italy x Sweden,Mixed,High Humidity,5-IS_M_D,1.01,12,1,2019-06-12,163
5,I_9,Italy x Sweden,Mixed,High Humidity,5-IS_M_D,1.02,0,1,2019-06-16,167
5,I_9,Italy x Sweden,Mixed,High Humidity,5-IS_M_D,1.03,0,1,2019-06-26,177
5,I_9,Italy x Sweden,Mixed,High Humidity,5-IS_M_D,1.04,0,1,2019-07-03,184
5,I_9,Italy x Sweden,Mixed,High Humidity,5-IS_M_D,1.05,NA,1,2019-07-10,191
5,I_9,Italy x Sweden,Mixed,High Humidity,5-IS_M_D,1.06,NA,1,2019-07-17,198
5,I_9,Italy x Sweden,Mixed,High Humidity,5-IS_M_D,1.07,0,1,2019-07-24,205
5,I_9,Italy x Sweden,Mixed,High Humidity,5-IS_M_D,1.08,0,1,2019-07-31,212
5,I_9,Italy x Sweden,Mixed,High Humidity,5-IS_M_D,1.09,0,1,2019-08-07,219
5,I_9,Italy x Sweden,Mixed,High Humidity,5-IS_M_D,1.1,0,1,2019-08-15,227
5,I_9,Italy x Sweden,Mixed,High Humidity,5-IS_M_D,1.11,0,1,2019-08-20,232
5,I_9,Italy x Sweden,Mixed,High Humidity,5-IS_M_D,1.12,0,1,2019-08-28,240
5,I_9,Italy x Sweden,Mixed,High Humidity,5-IS_M_D,1.13,0,1,2019-09-04,247
5,I_9,Italy x Sweden,Mixed,High Humidity,5-IS_M_D,1.14,0,1,2019-09-11,254
5,I_9,Italy x Sweden,Mixed,High Humidity,5-IS_M_D,1.15,0,1,2019-09-18,261
5,I_9,Italy x Sweden,Mixed,High Humidity,5-IS_M_D,1.16,0,1,2019-09-25,268
5,I_9,Italy x Sweden,Mixed,High Humidity,5-IS_M_D,1.17,0,1,2019-10-02,275
5,I_9,Italy x Sweden,Mixed,High Humidity,5-IS_M_D,1.18,0,1,2019-10-09,282
5,I_9,Italy x Sweden,Mixed,High Humidity,5-IS_M_D,1.19,0,1,2019-10-18,291
5,I_9,Italy x Sweden,Mixed,High Humidity,5-IS_M_D,1.2,7,1,2019-10-23,296
5,I_9,Italy x Sweden,Mixed,High Humidity,5-IS_M_D,1.22,0,1,2019-11-06,310
5,I_9,Italy x Sweden,Mixed,High Humidity,5-IS_M_D,1.23,0,1,2019-11-20,324
5,I_9,Italy x Sweden,Mixed,High Humidity,5-IS_M_D,1.24,0,1,2019-12-04,338
5,I_9,Italy x Sweden,Mixed,High Humidity,5-IS_M_D,1.25,1,1,2019-12-20,354
5,I_9,Italy x Sweden,Mixed,High Humidity,5-IS_M_D,1.26,0,1,2020-02-10,41
5,I_9,Italy x Sweden,Mixed,High Humidity,5-IS_M_D,1.27,0,1,2020-03-02,62
5,I_9,Italy x Sweden,Mixed,High Humidity,5-IS_M_D,1.29,0,1,2020-05-05,126
5,I_9,Italy x Sweden,Mixed,High Humidity,5-IS_M_D,2.01,0,2,2020-05-27,148
5,I_9,Italy x Sweden,Mixed,High Humidity,5-IS_M_D,2.02,0,2,2020-06-04,156
5,I_9,Italy x Sweden,Mixed,High Humidity,5-IS_M_D,2.03,0,2,2020-07-23,205
5,I_9,Italy x Sweden,Mixed,High Humidity,5-IS_M_D,2.04,0,2,2020-08-07,220
5,I_9,Italy x Sweden,Mixed,High Humidity,5-IS_M_D,2.05,0,2,2020-08-13,226
5,I_9,Italy x Sweden,Mixed,High Humidity,5-IS_M_D,2.06,0,2,2020-08-18,231
5,I_9,Italy x Sweden,Mixed,High Humidity,5-IS_M_D,2.07,0,2,2020-08-25,238
5,I_9,Italy x Sweden,Mixed,High Humidity,5-IS_M_D,2.08,120,2,2020-09-04,248
5,I_9,Italy x Sweden,Mixed,High Humidity,5-IS_M_D,2.09,0,2,2020-09-16,260
5,I_9,Italy x Sweden,Mixed,High Humidity,5-IS_M_D,2.1,0,2,2020-10-02,276
5,I_9,Italy x Sweden,Mixed,High Humidity,5-IS_M_D,2.11,0,2,2020-10-19,293
5,I_9,Italy x Sweden,Mixed,High Humidity,5-IS_M_D,2.12,0,2,2020-11-06,311
5,I_9,Italy x Sweden,Mixed,High Humidity,5-IS_M_D,2.13,0,2,2020-11-19,324
5,I_9,Italy x Sweden,Mixed,High Humidity,5-IS_M_D,2.14,0,2,2020-12-04,339
5,I_9,Italy x Sweden,Mixed,High Humidity,5-IS_M_D,2.15,0,2,2020-12-15,350
5,I_9,Italy x Sweden,Mixed,High Humidity,5-IS_M_D,2.16,0,2,2021-01-14,14
5,I_9,Italy x Sweden,Mixed,High Humidity,5-IS_M_D,2.17,0,2,2021-02-01,32
5,I_9,Italy x Sweden,Mixed,High Humidity,5-IS_M_D,2.18,0,2,2021-02-25,56
5,I_9,Italy x Sweden,Mixed,High Humidity,5-IS_M_D,2.19,0,2,2021-03-08,67
5,I_9,Italy x Sweden,Mixed,High Humidity,5-IS_M_D,2.2,0,2,2021-03-26,85
5,I_9,Italy x Sweden,Mixed,High Humidity,5-IS_M_D,2.21,0,2,2021-04-08,98
5,I_9,Italy x Sweden,Mixed,High Humidity,5-IS_M_D,3.14,0,3,2021-08-17,229
5,I_9,Italy x Sweden,Mixed,High Humidity,5-IS_M_D,3.15,0,3,2021-08-25,237
5,I_9,Italy x Sweden,Mixed,High Humidity,5-IS_M_D,3.16,0,3,2021-09-02,245
5,I_9,Italy x Sweden,Mixed,High Humidity,5-IS_M_D,3.17,0,3,2021-09-08,251
5,I_9,Italy x Sweden,Mixed,High Humidity,5-IS_M_D,3.18,0,3,2021-09-15,258
5,I_9,Italy x Sweden,Mixed,High Humidity,5-IS_M_D,3.19,0,3,2021-09-22,265
5,I_9,Italy x Sweden,Mixed,High Humidity,5-IS_M_D,3.2,4,3,2021-10-03,276
5,I_9,Italy x Sweden,Mixed,High Humidity,5-IS_M_D,3.21,0,3,2021-10-15,288
5,I_9,Italy x Sweden,Mixed,High Humidity,5-IS_M_D,3.22,0,3,2021-11-15,319
5,I_9,Italy x Sweden,Mixed,High Humidity,5-IS_M_D,3.23,0,3,2021-12-17,351
5,I_10,Italy x Sweden,Mixed,Litter,5-IS_M_F,1.01,4,1,2019-06-12,163
5,I_10,Italy x Sweden,Mixed,Litter,5-IS_M_F,1.02,0,1,2019-06-16,167
5,I_10,Italy x Sweden,Mixed,Litter,5-IS_M_F,1.03,0,1,2019-06-26,177
5,I_10,Italy x Sweden,Mixed,Litter,5-IS_M_F,1.04,0,1,2019-07-03,184
5,I_10,Italy x Sweden,Mixed,Litter,5-IS_M_F,1.05,NA,1,2019-07-10,191
5,I_10,Italy x Sweden,Mixed,Litter,5-IS_M_F,1.06,NA,1,2019-07-17,198
5,I_10,Italy x Sweden,Mixed,Litter,5-IS_M_F,1.07,0,1,2019-07-24,205
5,I_10,Italy x Sweden,Mixed,Litter,5-IS_M_F,1.08,0,1,2019-07-31,212
5,I_10,Italy x Sweden,Mixed,Litter,5-IS_M_F,1.09,0,1,2019-08-07,219
5,I_10,Italy x Sweden,Mixed,Litter,5-IS_M_F,1.1,0,1,2019-08-15,227
5,I_10,Italy x Sweden,Mixed,Litter,5-IS_M_F,1.11,0,1,2019-08-20,232
5,I_10,Italy x Sweden,Mixed,Litter,5-IS_M_F,1.12,0,1,2019-08-28,240
5,I_10,Italy x Sweden,Mixed,Litter,5-IS_M_F,1.13,0,1,2019-09-04,247
5,I_10,Italy x Sweden,Mixed,Litter,5-IS_M_F,1.14,0,1,2019-09-11,254
5,I_10,Italy x Sweden,Mixed,Litter,5-IS_M_F,1.15,0,1,2019-09-18,261
5,I_10,Italy x Sweden,Mixed,Litter,5-IS_M_F,1.16,0,1,2019-09-25,268
5,I_10,Italy x Sweden,Mixed,Litter,5-IS_M_F,1.17,0,1,2019-10-02,275
5,I_10,Italy x Sweden,Mixed,Litter,5-IS_M_F,1.18,0,1,2019-10-09,282
5,I_10,Italy x Sweden,Mixed,Litter,5-IS_M_F,1.19,0,1,2019-10-18,291
5,I_10,Italy x Sweden,Mixed,Litter,5-IS_M_F,1.2,4,1,2019-10-23,296
5,I_10,Italy x Sweden,Mixed,Litter,5-IS_M_F,1.22,0,1,2019-11-06,310
5,I_10,Italy x Sweden,Mixed,Litter,5-IS_M_F,1.23,0,1,2019-11-20,324
5,I_10,Italy x Sweden,Mixed,Litter,5-IS_M_F,1.24,0,1,2019-12-04,338
5,I_10,Italy x Sweden,Mixed,Litter,5-IS_M_F,1.25,1,1,2019-12-20,354
5,I_10,Italy x Sweden,Mixed,Litter,5-IS_M_F,1.26,0,1,2020-02-10,41
5,I_10,Italy x Sweden,Mixed,Litter,5-IS_M_F,1.27,0,1,2020-03-02,62
5,I_10,Italy x Sweden,Mixed,Litter,5-IS_M_F,1.29,0,1,2020-05-05,126
5,I_10,Italy x Sweden,Mixed,Litter,5-IS_M_F,2.01,0,2,2020-05-27,148
5,I_10,Italy x Sweden,Mixed,Litter,5-IS_M_F,2.02,0,2,2020-06-04,156
5,I_10,Italy x Sweden,Mixed,Litter,5-IS_M_F,2.03,0,2,2020-07-23,205
5,I_10,Italy x Sweden,Mixed,Litter,5-IS_M_F,2.04,0,2,2020-08-07,220
5,I_10,Italy x Sweden,Mixed,Litter,5-IS_M_F,2.05,0,2,2020-08-13,226
5,I_10,Italy x Sweden,Mixed,Litter,5-IS_M_F,2.06,0,2,2020-08-18,231
5,I_10,Italy x Sweden,Mixed,Litter,5-IS_M_F,2.07,0,2,2020-08-25,238
5,I_10,Italy x Sweden,Mixed,Litter,5-IS_M_F,2.08,0,2,2020-09-04,248
5,I_10,Italy x Sweden,Mixed,Litter,5-IS_M_F,2.09,62,2,2020-09-16,260
5,I_10,Italy x Sweden,Mixed,Litter,5-IS_M_F,2.1,0,2,2020-10-02,276
5,I_10,Italy x Sweden,Mixed,Litter,5-IS_M_F,2.11,0,2,2020-10-19,293
5,I_10,Italy x Sweden,Mixed,Litter,5-IS_M_F,2.12,0,2,2020-11-06,311
5,I_10,Italy x Sweden,Mixed,Litter,5-IS_M_F,2.13,0,2,2020-11-19,324
5,I_10,Italy x Sweden,Mixed,Litter,5-IS_M_F,2.14,0,2,2020-12-04,339
5,I_10,Italy x Sweden,Mixed,Litter,5-IS_M_F,2.15,0,2,2020-12-15,350
5,I_10,Italy x Sweden,Mixed,Litter,5-IS_M_F,2.16,0,2,2021-01-14,14
5,I_10,Italy x Sweden,Mixed,Litter,5-IS_M_F,2.17,0,2,2021-02-01,32
5,I_10,Italy x Sweden,Mixed,Litter,5-IS_M_F,2.18,0,2,2021-02-25,56
5,I_10,Italy x Sweden,Mixed,Litter,5-IS_M_F,2.19,0,2,2021-03-08,67
5,I_10,Italy x Sweden,Mixed,Litter,5-IS_M_F,2.2,0,2,2021-03-26,85
5,I_10,Italy x Sweden,Mixed,Litter,5-IS_M_F,2.21,0,2,2021-04-08,98
5,I_10,Italy x Sweden,Mixed,Litter,5-IS_M_F,3.14,0,3,2021-08-17,229
5,I_10,Italy x Sweden,Mixed,Litter,5-IS_M_F,3.15,0,3,2021-08-25,237
5,I_10,Italy x Sweden,Mixed,Litter,5-IS_M_F,3.16,0,3,2021-09-02,245
5,I_10,Italy x Sweden,Mixed,Litter,5-IS_M_F,3.17,0,3,2021-09-08,251
5,I_10,Italy x Sweden,Mixed,Litter,5-IS_M_F,3.18,0,3,2021-09-15,258
5,I_10,Italy x Sweden,Mixed,Litter,5-IS_M_F,3.19,0,3,2021-09-22,265
5,I_10,Italy x Sweden,Mixed,Litter,5-IS_M_F,3.2,6,3,2021-10-03,276
5,I_10,Italy x Sweden,Mixed,Litter,5-IS_M_F,3.21,0,3,2021-10-15,288
5,I_10,Italy x Sweden,Mixed,Litter,5-IS_M_F,3.22,0,3,2021-11-15,319
5,I_10,Italy x Sweden,Mixed,Litter,5-IS_M_F,3.23,0,3,2021-12-17,351
6,I_11,Italy x Sweden,Non-Dormant,Litter,6-IS_ND_F,1.01,0,1,2019-06-12,163
6,I_11,Italy x Sweden,Non-Dormant,Litter,6-IS_ND_F,1.02,0,1,2019-06-16,167
6,I_11,Italy x Sweden,Non-Dormant,Litter,6-IS_ND_F,1.03,0,1,2019-06-26,177
6,I_11,Italy x Sweden,Non-Dormant,Litter,6-IS_ND_F,1.04,0,1,2019-07-03,184
6,I_11,Italy x Sweden,Non-Dormant,Litter,6-IS_ND_F,1.05,NA,1,2019-07-10,191
6,I_11,Italy x Sweden,Non-Dormant,Litter,6-IS_ND_F,1.06,NA,1,2019-07-17,198
6,I_11,Italy x Sweden,Non-Dormant,Litter,6-IS_ND_F,1.07,0,1,2019-07-24,205
6,I_11,Italy x Sweden,Non-Dormant,Litter,6-IS_ND_F,1.08,0,1,2019-07-31,212
6,I_11,Italy x Sweden,Non-Dormant,Litter,6-IS_ND_F,1.09,0,1,2019-08-07,219
6,I_11,Italy x Sweden,Non-Dormant,Litter,6-IS_ND_F,1.1,0,1,2019-08-15,227
6,I_11,Italy x Sweden,Non-Dormant,Litter,6-IS_ND_F,1.11,0,1,2019-08-20,232
6,I_11,Italy x Sweden,Non-Dormant,Litter,6-IS_ND_F,1.12,0,1,2019-08-28,240
6,I_11,Italy x Sweden,Non-Dormant,Litter,6-IS_ND_F,1.13,0,1,2019-09-04,247
6,I_11,Italy x Sweden,Non-Dormant,Litter,6-IS_ND_F,1.14,0,1,2019-09-11,254
6,I_11,Italy x Sweden,Non-Dormant,Litter,6-IS_ND_F,1.15,0,1,2019-09-18,261
6,I_11,Italy x Sweden,Non-Dormant,Litter,6-IS_ND_F,1.16,0,1,2019-09-25,268
6,I_11,Italy x Sweden,Non-Dormant,Litter,6-IS_ND_F,1.17,0,1,2019-10-02,275
6,I_11,Italy x Sweden,Non-Dormant,Litter,6-IS_ND_F,1.18,0,1,2019-10-09,282
6,I_11,Italy x Sweden,Non-Dormant,Litter,6-IS_ND_F,1.19,0,1,2019-10-18,291
6,I_11,Italy x Sweden,Non-Dormant,Litter,6-IS_ND_F,1.2,0,1,2019-10-23,296
6,I_11,Italy x Sweden,Non-Dormant,Litter,6-IS_ND_F,1.22,0,1,2019-11-06,310
6,I_11,Italy x Sweden,Non-Dormant,Litter,6-IS_ND_F,1.23,0,1,2019-11-20,324
6,I_11,Italy x Sweden,Non-Dormant,Litter,6-IS_ND_F,1.24,0,1,2019-12-04,338
6,I_11,Italy x Sweden,Non-Dormant,Litter,6-IS_ND_F,1.25,0,1,2019-12-20,354
6,I_11,Italy x Sweden,Non-Dormant,Litter,6-IS_ND_F,1.26,0,1,2020-02-10,41
6,I_11,Italy x Sweden,Non-Dormant,Litter,6-IS_ND_F,1.27,0,1,2020-03-02,62
6,I_11,Italy x Sweden,Non-Dormant,Litter,6-IS_ND_F,1.29,0,1,2020-05-05,126
6,I_11,Italy x Sweden,Non-Dormant,Litter,6-IS_ND_F,2.01,0,2,2020-05-27,148
6,I_11,Italy x Sweden,Non-Dormant,Litter,6-IS_ND_F,2.02,0,2,2020-06-04,156
6,I_11,Italy x Sweden,Non-Dormant,Litter,6-IS_ND_F,2.03,0,2,2020-07-23,205
6,I_11,Italy x Sweden,Non-Dormant,Litter,6-IS_ND_F,2.04,0,2,2020-08-07,220
6,I_11,Italy x Sweden,Non-Dormant,Litter,6-IS_ND_F,2.05,0,2,2020-08-13,226
6,I_11,Italy x Sweden,Non-Dormant,Litter,6-IS_ND_F,2.06,0,2,2020-08-18,231
6,I_11,Italy x Sweden,Non-Dormant,Litter,6-IS_ND_F,2.07,0,2,2020-08-25,238
6,I_11,Italy x Sweden,Non-Dormant,Litter,6-IS_ND_F,2.08,7,2,2020-09-04,248
6,I_11,Italy x Sweden,Non-Dormant,Litter,6-IS_ND_F,2.09,0,2,2020-09-16,260
6,I_11,Italy x Sweden,Non-Dormant,Litter,6-IS_ND_F,2.1,0,2,2020-10-02,276
6,I_11,Italy x Sweden,Non-Dormant,Litter,6-IS_ND_F,2.11,0,2,2020-10-19,293
6,I_11,Italy x Sweden,Non-Dormant,Litter,6-IS_ND_F,2.12,0,2,2020-11-06,311
6,I_11,Italy x Sweden,Non-Dormant,Litter,6-IS_ND_F,2.13,0,2,2020-11-19,324
6,I_11,Italy x Sweden,Non-Dormant,Litter,6-IS_ND_F,2.14,0,2,2020-12-04,339
6,I_11,Italy x Sweden,Non-Dormant,Litter,6-IS_ND_F,2.15,0,2,2020-12-15,350
6,I_11,Italy x Sweden,Non-Dormant,Litter,6-IS_ND_F,2.16,0,2,2021-01-14,14
6,I_11,Italy x Sweden,Non-Dormant,Litter,6-IS_ND_F,2.17,0,2,2021-02-01,32
6,I_11,Italy x Sweden,Non-Dormant,Litter,6-IS_ND_F,2.18,0,2,2021-02-25,56
6,I_11,Italy x Sweden,Non-Dormant,Litter,6-IS_ND_F,2.19,0,2,2021-03-08,67
6,I_11,Italy x Sweden,Non-Dormant,Litter,6-IS_ND_F,2.2,0,2,2021-03-26,85
6,I_11,Italy x Sweden,Non-Dormant,Litter,6-IS_ND_F,2.21,0,2,2021-04-08,98
6,I_11,Italy x Sweden,Non-Dormant,Litter,6-IS_ND_F,3.14,0,3,2021-08-17,229
6,I_11,Italy x Sweden,Non-Dormant,Litter,6-IS_ND_F,3.15,0,3,2021-08-25,237
6,I_11,Italy x Sweden,Non-Dormant,Litter,6-IS_ND_F,3.16,0,3,2021-09-02,245
6,I_11,Italy x Sweden,Non-Dormant,Litter,6-IS_ND_F,3.17,0,3,2021-09-08,251
6,I_11,Italy x Sweden,Non-Dormant,Litter,6-IS_ND_F,3.18,0,3,2021-09-15,258
6,I_11,Italy x Sweden,Non-Dormant,Litter,6-IS_ND_F,3.19,0,3,2021-09-22,265
6,I_11,Italy x Sweden,Non-Dormant,Litter,6-IS_ND_F,3.2,0,3,2021-10-03,276
6,I_11,Italy x Sweden,Non-Dormant,Litter,6-IS_ND_F,3.21,1,3,2021-10-15,288
6,I_11,Italy x Sweden,Non-Dormant,Litter,6-IS_ND_F,3.22,0,3,2021-11-15,319
6,I_11,Italy x Sweden,Non-Dormant,Litter,6-IS_ND_F,3.23,0,3,2021-12-17,351
6,I_12,Italy x Sweden,Non-Dormant,High Humidity,6-IS_ND_D,1.01,14,1,2019-06-12,163
6,I_12,Italy x Sweden,Non-Dormant,High Humidity,6-IS_ND_D,1.02,0,1,2019-06-16,167
6,I_12,Italy x Sweden,Non-Dormant,High Humidity,6-IS_ND_D,1.03,0,1,2019-06-26,177
6,I_12,Italy x Sweden,Non-Dormant,High Humidity,6-IS_ND_D,1.04,0,1,2019-07-03,184
6,I_12,Italy x Sweden,Non-Dormant,High Humidity,6-IS_ND_D,1.05,NA,1,2019-07-10,191
6,I_12,Italy x Sweden,Non-Dormant,High Humidity,6-IS_ND_D,1.06,NA,1,2019-07-17,198
6,I_12,Italy x Sweden,Non-Dormant,High Humidity,6-IS_ND_D,1.07,0,1,2019-07-24,205
6,I_12,Italy x Sweden,Non-Dormant,High Humidity,6-IS_ND_D,1.08,0,1,2019-07-31,212
6,I_12,Italy x Sweden,Non-Dormant,High Humidity,6-IS_ND_D,1.09,0,1,2019-08-07,219
6,I_12,Italy x Sweden,Non-Dormant,High Humidity,6-IS_ND_D,1.1,0,1,2019-08-15,227
6,I_12,Italy x Sweden,Non-Dormant,High Humidity,6-IS_ND_D,1.11,0,1,2019-08-20,232
6,I_12,Italy x Sweden,Non-Dormant,High Humidity,6-IS_ND_D,1.12,0,1,2019-08-28,240
6,I_12,Italy x Sweden,Non-Dormant,High Humidity,6-IS_ND_D,1.13,0,1,2019-09-04,247
6,I_12,Italy x Sweden,Non-Dormant,High Humidity,6-IS_ND_D,1.14,0,1,2019-09-11,254
6,I_12,Italy x Sweden,Non-Dormant,High Humidity,6-IS_ND_D,1.15,0,1,2019-09-18,261
6,I_12,Italy x Sweden,Non-Dormant,High Humidity,6-IS_ND_D,1.16,0,1,2019-09-25,268
6,I_12,Italy x Sweden,Non-Dormant,High Humidity,6-IS_ND_D,1.17,0,1,2019-10-02,275
6,I_12,Italy x Sweden,Non-Dormant,High Humidity,6-IS_ND_D,1.18,0,1,2019-10-09,282
6,I_12,Italy x Sweden,Non-Dormant,High Humidity,6-IS_ND_D,1.19,0,1,2019-10-18,291
6,I_12,Italy x Sweden,Non-Dormant,High Humidity,6-IS_ND_D,1.2,2,1,2019-10-23,296
6,I_12,Italy x Sweden,Non-Dormant,High Humidity,6-IS_ND_D,1.22,0,1,2019-11-06,310
6,I_12,Italy x Sweden,Non-Dormant,High Humidity,6-IS_ND_D,1.23,0,1,2019-11-20,324
6,I_12,Italy x Sweden,Non-Dormant,High Humidity,6-IS_ND_D,1.24,0,1,2019-12-04,338
6,I_12,Italy x Sweden,Non-Dormant,High Humidity,6-IS_ND_D,1.25,0,1,2019-12-20,354
6,I_12,Italy x Sweden,Non-Dormant,High Humidity,6-IS_ND_D,1.26,0,1,2020-02-10,41
6,I_12,Italy x Sweden,Non-Dormant,High Humidity,6-IS_ND_D,1.27,0,1,2020-03-02,62
6,I_12,Italy x Sweden,Non-Dormant,High Humidity,6-IS_ND_D,1.29,0,1,2020-05-05,126
6,I_12,Italy x Sweden,Non-Dormant,High Humidity,6-IS_ND_D,2.01,12,2,2020-05-27,148
6,I_12,Italy x Sweden,Non-Dormant,High Humidity,6-IS_ND_D,2.02,0,2,2020-06-04,156
6,I_12,Italy x Sweden,Non-Dormant,High Humidity,6-IS_ND_D,2.03,0,2,2020-07-23,205
6,I_12,Italy x Sweden,Non-Dormant,High Humidity,6-IS_ND_D,2.04,0,2,2020-08-07,220
6,I_12,Italy x Sweden,Non-Dormant,High Humidity,6-IS_ND_D,2.05,0,2,2020-08-13,226
6,I_12,Italy x Sweden,Non-Dormant,High Humidity,6-IS_ND_D,2.06,0,2,2020-08-18,231
6,I_12,Italy x Sweden,Non-Dormant,High Humidity,6-IS_ND_D,2.07,0,2,2020-08-25,238
6,I_12,Italy x Sweden,Non-Dormant,High Humidity,6-IS_ND_D,2.08,4,2,2020-09-04,248
6,I_12,Italy x Sweden,Non-Dormant,High Humidity,6-IS_ND_D,2.09,0,2,2020-09-16,260
6,I_12,Italy x Sweden,Non-Dormant,High Humidity,6-IS_ND_D,2.1,0,2,2020-10-02,276
6,I_12,Italy x Sweden,Non-Dormant,High Humidity,6-IS_ND_D,2.11,0,2,2020-10-19,293
6,I_12,Italy x Sweden,Non-Dormant,High Humidity,6-IS_ND_D,2.12,0,2,2020-11-06,311
6,I_12,Italy x Sweden,Non-Dormant,High Humidity,6-IS_ND_D,2.13,0,2,2020-11-19,324
6,I_12,Italy x Sweden,Non-Dormant,High Humidity,6-IS_ND_D,2.14,0,2,2020-12-04,339
6,I_12,Italy x Sweden,Non-Dormant,High Humidity,6-IS_ND_D,2.15,0,2,2020-12-15,350
6,I_12,Italy x Sweden,Non-Dormant,High Humidity,6-IS_ND_D,2.16,0,2,2021-01-14,14
6,I_12,Italy x Sweden,Non-Dormant,High Humidity,6-IS_ND_D,2.17,0,2,2021-02-01,32
6,I_12,Italy x Sweden,Non-Dormant,High Humidity,6-IS_ND_D,2.18,0,2,2021-02-25,56
6,I_12,Italy x Sweden,Non-Dormant,High Humidity,6-IS_ND_D,2.19,0,2,2021-03-08,67
6,I_12,Italy x Sweden,Non-Dormant,High Humidity,6-IS_ND_D,2.2,0,2,2021-03-26,85
6,I_12,Italy x Sweden,Non-Dormant,High Humidity,6-IS_ND_D,2.21,0,2,2021-04-08,98
6,I_12,Italy x Sweden,Non-Dormant,High Humidity,6-IS_ND_D,3.14,0,3,2021-08-17,229
6,I_12,Italy x Sweden,Non-Dormant,High Humidity,6-IS_ND_D,3.15,0,3,2021-08-25,237
6,I_12,Italy x Sweden,Non-Dormant,High Humidity,6-IS_ND_D,3.16,0,3,2021-09-02,245
6,I_12,Italy x Sweden,Non-Dormant,High Humidity,6-IS_ND_D,3.17,0,3,2021-09-08,251
6,I_12,Italy x Sweden,Non-Dormant,High Humidity,6-IS_ND_D,3.18,0,3,2021-09-15,258
6,I_12,Italy x Sweden,Non-Dormant,High Humidity,6-IS_ND_D,3.19,0,3,2021-09-22,265
6,I_12,Italy x Sweden,Non-Dormant,High Humidity,6-IS_ND_D,3.2,0,3,2021-10-03,276
6,I_12,Italy x Sweden,Non-Dormant,High Humidity,6-IS_ND_D,3.21,1,3,2021-10-15,288
6,I_12,Italy x Sweden,Non-Dormant,High Humidity,6-IS_ND_D,3.22,0,3,2021-11-15,319
6,I_12,Italy x Sweden,Non-Dormant,High Humidity,6-IS_ND_D,3.23,1,3,2021-12-17,351
4,J_2,Italy x Sweden,Dormant,Native Soil,4-IS-D-Soil,1.01,1,1,2019-06-12,163
4,J_2,Italy x Sweden,Dormant,Native Soil,4-IS-D-Soil,1.02,0,1,2019-06-16,167
4,J_2,Italy x Sweden,Dormant,Native Soil,4-IS-D-Soil,1.03,0,1,2019-06-26,177
4,J_2,Italy x Sweden,Dormant,Native Soil,4-IS-D-Soil,1.04,0,1,2019-07-03,184
4,J_2,Italy x Sweden,Dormant,Native Soil,4-IS-D-Soil,1.05,NA,1,2019-07-10,191
4,J_2,Italy x Sweden,Dormant,Native Soil,4-IS-D-Soil,1.06,NA,1,2019-07-17,198
4,J_2,Italy x Sweden,Dormant,Native Soil,4-IS-D-Soil,1.07,0,1,2019-07-24,205
4,J_2,Italy x Sweden,Dormant,Native Soil,4-IS-D-Soil,1.08,0,1,2019-07-31,212
4,J_2,Italy x Sweden,Dormant,Native Soil,4-IS-D-Soil,1.09,0,1,2019-08-07,219
4,J_2,Italy x Sweden,Dormant,Native Soil,4-IS-D-Soil,1.1,0,1,2019-08-15,227
4,J_2,Italy x Sweden,Dormant,Native Soil,4-IS-D-Soil,1.11,0,1,2019-08-20,232
4,J_2,Italy x Sweden,Dormant,Native Soil,4-IS-D-Soil,1.12,0,1,2019-08-28,240
4,J_2,Italy x Sweden,Dormant,Native Soil,4-IS-D-Soil,1.13,0,1,2019-09-04,247
4,J_2,Italy x Sweden,Dormant,Native Soil,4-IS-D-Soil,1.14,0,1,2019-09-11,254
4,J_2,Italy x Sweden,Dormant,Native Soil,4-IS-D-Soil,1.15,0,1,2019-09-18,261
4,J_2,Italy x Sweden,Dormant,Native Soil,4-IS-D-Soil,1.16,0,1,2019-09-25,268
4,J_2,Italy x Sweden,Dormant,Native Soil,4-IS-D-Soil,1.17,0,1,2019-10-02,275
4,J_2,Italy x Sweden,Dormant,Native Soil,4-IS-D-Soil,1.18,0,1,2019-10-09,282
4,J_2,Italy x Sweden,Dormant,Native Soil,4-IS-D-Soil,1.19,0,1,2019-10-18,291
4,J_2,Italy x Sweden,Dormant,Native Soil,4-IS-D-Soil,1.2,9,1,2019-10-23,296
4,J_2,Italy x Sweden,Dormant,Native Soil,4-IS-D-Soil,1.22,5,1,2019-11-06,310
4,J_2,Italy x Sweden,Dormant,Native Soil,4-IS-D-Soil,1.23,2,1,2019-11-20,324
4,J_2,Italy x Sweden,Dormant,Native Soil,4-IS-D-Soil,1.24,1,1,2019-12-04,338
4,J_2,Italy x Sweden,Dormant,Native Soil,4-IS-D-Soil,1.25,6,1,2019-12-20,354
4,J_2,Italy x Sweden,Dormant,Native Soil,4-IS-D-Soil,1.26,0,1,2020-02-10,41
4,J_2,Italy x Sweden,Dormant,Native Soil,4-IS-D-Soil,1.27,0,1,2020-03-02,62
4,J_2,Italy x Sweden,Dormant,Native Soil,4-IS-D-Soil,1.29,0,1,2020-05-05,126
4,J_2,Italy x Sweden,Dormant,Native Soil,4-IS-D-Soil,2.01,2,2,2020-05-27,148
4,J_2,Italy x Sweden,Dormant,Native Soil,4-IS-D-Soil,2.02,0,2,2020-06-04,156
4,J_2,Italy x Sweden,Dormant,Native Soil,4-IS-D-Soil,2.03,0,2,2020-07-23,205
4,J_2,Italy x Sweden,Dormant,Native Soil,4-IS-D-Soil,2.04,0,2,2020-08-07,220
4,J_2,Italy x Sweden,Dormant,Native Soil,4-IS-D-Soil,2.05,0,2,2020-08-13,226
4,J_2,Italy x Sweden,Dormant,Native Soil,4-IS-D-Soil,2.06,0,2,2020-08-18,231
4,J_2,Italy x Sweden,Dormant,Native Soil,4-IS-D-Soil,2.07,0,2,2020-08-25,238
4,J_2,Italy x Sweden,Dormant,Native Soil,4-IS-D-Soil,2.08,NA,2,2020-09-10,254
4,J_2,Italy x Sweden,Dormant,Native Soil,4-IS-D-Soil,2.09,NA,2,2020-09-18,262
4,J_2,Italy x Sweden,Dormant,Native Soil,4-IS-D-Soil,2.1,0,2,2020-10-02,276
4,J_2,Italy x Sweden,Dormant,Native Soil,4-IS-D-Soil,2.11,0,2,2020-10-19,293
4,J_2,Italy x Sweden,Dormant,Native Soil,4-IS-D-Soil,2.12,0,2,2020-10-30,304
4,J_2,Italy x Sweden,Dormant,Native Soil,4-IS-D-Soil,2.13,23,2,2020-11-13,318
4,J_2,Italy x Sweden,Dormant,Native Soil,4-IS-D-Soil,2.14,9,2,2020-12-04,339
4,J_2,Italy x Sweden,Dormant,Native Soil,4-IS-D-Soil,2.15,7,2,2020-12-17,352
4,J_2,Italy x Sweden,Dormant,Native Soil,4-IS-D-Soil,2.16,0,2,2021-01-15,15
4,J_2,Italy x Sweden,Dormant,Native Soil,4-IS-D-Soil,2.17,0,2,2021-02-01,32
4,J_2,Italy x Sweden,Dormant,Native Soil,4-IS-D-Soil,2.18,0,2,2021-02-25,56
4,J_2,Italy x Sweden,Dormant,Native Soil,4-IS-D-Soil,2.19,0,2,2021-03-08,67
4,J_2,Italy x Sweden,Dormant,Native Soil,4-IS-D-Soil,2.2,0,2,2021-03-25,84
4,J_2,Italy x Sweden,Dormant,Native Soil,4-IS-D-Soil,2.21,0,2,2021-04-08,98
4,J_2,Italy x Sweden,Dormant,Native Soil,4-IS-D-Soil,3.14,0,3,2021-08-17,229
4,J_2,Italy x Sweden,Dormant,Native Soil,4-IS-D-Soil,3.15,0,3,2021-08-25,237
4,J_2,Italy x Sweden,Dormant,Native Soil,4-IS-D-Soil,3.16,0,3,2021-09-02,245
4,J_2,Italy x Sweden,Dormant,Native Soil,4-IS-D-Soil,3.17,0,3,2021-09-08,251
4,J_2,Italy x Sweden,Dormant,Native Soil,4-IS-D-Soil,3.18,0,3,2021-09-15,258
4,J_2,Italy x Sweden,Dormant,Native Soil,4-IS-D-Soil,3.19,0,3,2021-09-22,265
4,J_2,Italy x Sweden,Dormant,Native Soil,4-IS-D-Soil,3.2,1,3,2021-10-01,274
4,J_2,Italy x Sweden,Dormant,Native Soil,4-IS-D-Soil,3.21,73,3,2021-10-13,286
4,J_2,Italy x Sweden,Dormant,Native Soil,4-IS-D-Soil,3.22,0,3,2021-11-12,316
4,J_2,Italy x Sweden,Dormant,Native Soil,4-IS-D-Soil,3.23,4,3,2021-12-17,351
4,J_3,UK x USA,Mixed,Control,4-TC_M_C,1.01,NA,1,2019-06-12,163
4,J_3,UK x USA,Mixed,Control,4-TC_M_C,1.02,NA,1,2019-06-16,167
4,J_3,UK x USA,Mixed,Control,4-TC_M_C,1.03,NA,1,2019-06-26,177
4,J_3,UK x USA,Mixed,Control,4-TC_M_C,1.04,NA,1,2019-07-03,184
4,J_3,UK x USA,Mixed,Control,4-TC_M_C,1.05,NA,1,2019-07-10,191
4,J_3,UK x USA,Mixed,Control,4-TC_M_C,1.06,NA,1,2019-07-17,198
4,J_3,UK x USA,Mixed,Control,4-TC_M_C,1.07,0,1,2019-07-24,205
4,J_3,UK x USA,Mixed,Control,4-TC_M_C,1.08,0,1,2019-07-31,212
4,J_3,UK x USA,Mixed,Control,4-TC_M_C,1.09,0,1,2019-08-07,219
4,J_3,UK x USA,Mixed,Control,4-TC_M_C,1.1,0,1,2019-08-15,227
4,J_3,UK x USA,Mixed,Control,4-TC_M_C,1.11,0,1,2019-08-20,232
4,J_3,UK x USA,Mixed,Control,4-TC_M_C,1.12,0,1,2019-08-28,240
4,J_3,UK x USA,Mixed,Control,4-TC_M_C,1.13,0,1,2019-09-04,247
4,J_3,UK x USA,Mixed,Control,4-TC_M_C,1.14,0,1,2019-09-11,254
4,J_3,UK x USA,Mixed,Control,4-TC_M_C,1.15,0,1,2019-09-18,261
4,J_3,UK x USA,Mixed,Control,4-TC_M_C,1.16,0,1,2019-09-25,268
4,J_3,UK x USA,Mixed,Control,4-TC_M_C,1.17,0,1,2019-10-02,275
4,J_3,UK x USA,Mixed,Control,4-TC_M_C,1.18,0,1,2019-10-09,282
4,J_3,UK x USA,Mixed,Control,4-TC_M_C,1.19,0,1,2019-10-18,291
4,J_3,UK x USA,Mixed,Control,4-TC_M_C,1.2,11,1,2019-10-23,296
4,J_3,UK x USA,Mixed,Control,4-TC_M_C,1.22,0,1,2019-11-06,310
4,J_3,UK x USA,Mixed,Control,4-TC_M_C,1.23,0,1,2019-11-20,324
4,J_3,UK x USA,Mixed,Control,4-TC_M_C,1.24,0,1,2019-12-04,338
4,J_3,UK x USA,Mixed,Control,4-TC_M_C,1.25,0,1,2019-12-20,354
4,J_3,UK x USA,Mixed,Control,4-TC_M_C,1.26,0,1,2020-02-10,41
4,J_3,UK x USA,Mixed,Control,4-TC_M_C,1.27,0,1,2020-03-02,62
4,J_3,UK x USA,Mixed,Control,4-TC_M_C,1.29,0,1,2020-05-05,126
4,J_3,UK x USA,Mixed,Control,4-TC_M_C,2.01,1,2,2020-05-27,148
4,J_3,UK x USA,Mixed,Control,4-TC_M_C,2.02,0,2,2020-06-04,156
4,J_3,UK x USA,Mixed,Control,4-TC_M_C,2.03,0,2,2020-07-23,205
4,J_3,UK x USA,Mixed,Control,4-TC_M_C,2.04,0,2,2020-08-07,220
4,J_3,UK x USA,Mixed,Control,4-TC_M_C,2.05,0,2,2020-08-13,226
4,J_3,UK x USA,Mixed,Control,4-TC_M_C,2.06,0,2,2020-08-18,231
4,J_3,UK x USA,Mixed,Control,4-TC_M_C,2.07,0,2,2020-08-25,238
4,J_3,UK x USA,Mixed,Control,4-TC_M_C,2.08,0,2,2020-09-10,254
4,J_3,UK x USA,Mixed,Control,4-TC_M_C,2.09,0,2,2020-09-18,262
4,J_3,UK x USA,Mixed,Control,4-TC_M_C,2.1,0,2,2020-10-02,276
4,J_3,UK x USA,Mixed,Control,4-TC_M_C,2.11,0,2,2020-10-19,293
4,J_3,UK x USA,Mixed,Control,4-TC_M_C,2.12,0,2,2020-10-30,304
4,J_3,UK x USA,Mixed,Control,4-TC_M_C,2.13,0,2,2020-11-13,318
4,J_3,UK x USA,Mixed,Control,4-TC_M_C,2.14,0,2,2020-12-04,339
4,J_3,UK x USA,Mixed,Control,4-TC_M_C,2.15,0,2,2020-12-17,352
4,J_3,UK x USA,Mixed,Control,4-TC_M_C,2.16,0,2,2021-01-15,15
4,J_3,UK x USA,Mixed,Control,4-TC_M_C,2.17,0,2,2021-02-01,32
4,J_3,UK x USA,Mixed,Control,4-TC_M_C,2.18,0,2,2021-02-25,56
4,J_3,UK x USA,Mixed,Control,4-TC_M_C,2.19,0,2,2021-03-08,67
4,J_3,UK x USA,Mixed,Control,4-TC_M_C,2.2,0,2,2021-03-25,84
4,J_3,UK x USA,Mixed,Control,4-TC_M_C,2.21,0,2,2021-04-08,98
4,J_3,UK x USA,Mixed,Control,4-TC_M_C,3.14,0,3,2021-08-17,229
4,J_3,UK x USA,Mixed,Control,4-TC_M_C,3.15,0,3,2021-08-25,237
4,J_3,UK x USA,Mixed,Control,4-TC_M_C,3.16,0,3,2021-09-02,245
4,J_3,UK x USA,Mixed,Control,4-TC_M_C,3.17,0,3,2021-09-08,251
4,J_3,UK x USA,Mixed,Control,4-TC_M_C,3.18,0,3,2021-09-15,258
4,J_3,UK x USA,Mixed,Control,4-TC_M_C,3.19,0,3,2021-09-22,265
4,J_3,UK x USA,Mixed,Control,4-TC_M_C,3.2,19,3,2021-10-01,274
4,J_3,UK x USA,Mixed,Control,4-TC_M_C,3.21,0,3,2021-10-13,286
4,J_3,UK x USA,Mixed,Control,4-TC_M_C,3.22,2,3,2021-11-12,316
4,J_3,UK x USA,Mixed,Control,4-TC_M_C,3.23,0,3,2021-12-17,351
4,J_4,Italy x Sweden,Mixed,Native Soil,4-IS-M-Soil,1.01,2,1,2019-06-12,163
4,J_4,Italy x Sweden,Mixed,Native Soil,4-IS-M-Soil,1.02,0,1,2019-06-16,167
4,J_4,Italy x Sweden,Mixed,Native Soil,4-IS-M-Soil,1.03,0,1,2019-06-26,177
4,J_4,Italy x Sweden,Mixed,Native Soil,4-IS-M-Soil,1.04,0,1,2019-07-03,184
4,J_4,Italy x Sweden,Mixed,Native Soil,4-IS-M-Soil,1.05,NA,1,2019-07-10,191
4,J_4,Italy x Sweden,Mixed,Native Soil,4-IS-M-Soil,1.06,NA,1,2019-07-17,198
4,J_4,Italy x Sweden,Mixed,Native Soil,4-IS-M-Soil,1.07,0,1,2019-07-24,205
4,J_4,Italy x Sweden,Mixed,Native Soil,4-IS-M-Soil,1.08,0,1,2019-07-31,212
4,J_4,Italy x Sweden,Mixed,Native Soil,4-IS-M-Soil,1.09,0,1,2019-08-07,219
4,J_4,Italy x Sweden,Mixed,Native Soil,4-IS-M-Soil,1.1,0,1,2019-08-15,227
4,J_4,Italy x Sweden,Mixed,Native Soil,4-IS-M-Soil,1.11,0,1,2019-08-20,232
4,J_4,Italy x Sweden,Mixed,Native Soil,4-IS-M-Soil,1.12,0,1,2019-08-28,240
4,J_4,Italy x Sweden,Mixed,Native Soil,4-IS-M-Soil,1.13,0,1,2019-09-04,247
4,J_4,Italy x Sweden,Mixed,Native Soil,4-IS-M-Soil,1.14,0,1,2019-09-11,254
4,J_4,Italy x Sweden,Mixed,Native Soil,4-IS-M-Soil,1.15,0,1,2019-09-18,261
4,J_4,Italy x Sweden,Mixed,Native Soil,4-IS-M-Soil,1.16,0,1,2019-09-25,268
4,J_4,Italy x Sweden,Mixed,Native Soil,4-IS-M-Soil,1.17,0,1,2019-10-02,275
4,J_4,Italy x Sweden,Mixed,Native Soil,4-IS-M-Soil,1.18,0,1,2019-10-09,282
4,J_4,Italy x Sweden,Mixed,Native Soil,4-IS-M-Soil,1.19,0,1,2019-10-18,291
4,J_4,Italy x Sweden,Mixed,Native Soil,4-IS-M-Soil,1.2,3,1,2019-10-23,296
4,J_4,Italy x Sweden,Mixed,Native Soil,4-IS-M-Soil,1.22,1,1,2019-11-06,310
4,J_4,Italy x Sweden,Mixed,Native Soil,4-IS-M-Soil,1.23,1,1,2019-11-20,324
4,J_4,Italy x Sweden,Mixed,Native Soil,4-IS-M-Soil,1.24,0,1,2019-12-04,338
4,J_4,Italy x Sweden,Mixed,Native Soil,4-IS-M-Soil,1.25,1,1,2019-12-20,354
4,J_4,Italy x Sweden,Mixed,Native Soil,4-IS-M-Soil,1.26,0,1,2020-02-10,41
4,J_4,Italy x Sweden,Mixed,Native Soil,4-IS-M-Soil,1.27,2,1,2020-03-02,62
4,J_4,Italy x Sweden,Mixed,Native Soil,4-IS-M-Soil,1.29,0,1,2020-05-05,126
4,J_4,Italy x Sweden,Mixed,Native Soil,4-IS-M-Soil,2.01,72,2,2020-05-27,148
4,J_4,Italy x Sweden,Mixed,Native Soil,4-IS-M-Soil,2.02,0,2,2020-06-04,156
4,J_4,Italy x Sweden,Mixed,Native Soil,4-IS-M-Soil,2.03,0,2,2020-07-23,205
4,J_4,Italy x Sweden,Mixed,Native Soil,4-IS-M-Soil,2.04,0,2,2020-08-07,220
4,J_4,Italy x Sweden,Mixed,Native Soil,4-IS-M-Soil,2.05,0,2,2020-08-13,226
4,J_4,Italy x Sweden,Mixed,Native Soil,4-IS-M-Soil,2.06,0,2,2020-08-18,231
4,J_4,Italy x Sweden,Mixed,Native Soil,4-IS-M-Soil,2.07,0,2,2020-08-25,238
4,J_4,Italy x Sweden,Mixed,Native Soil,4-IS-M-Soil,2.08,NA,2,2020-09-10,254
4,J_4,Italy x Sweden,Mixed,Native Soil,4-IS-M-Soil,2.09,NA,2,2020-09-18,262
4,J_4,Italy x Sweden,Mixed,Native Soil,4-IS-M-Soil,2.1,0,2,2020-10-02,276
4,J_4,Italy x Sweden,Mixed,Native Soil,4-IS-M-Soil,2.11,0,2,2020-10-19,293
4,J_4,Italy x Sweden,Mixed,Native Soil,4-IS-M-Soil,2.12,0,2,2020-10-30,304
4,J_4,Italy x Sweden,Mixed,Native Soil,4-IS-M-Soil,2.13,0,2,2020-11-13,318
4,J_4,Italy x Sweden,Mixed,Native Soil,4-IS-M-Soil,2.14,0,2,2020-12-04,339
4,J_4,Italy x Sweden,Mixed,Native Soil,4-IS-M-Soil,2.15,0,2,2020-12-17,352
4,J_4,Italy x Sweden,Mixed,Native Soil,4-IS-M-Soil,2.16,0,2,2021-01-15,15
4,J_4,Italy x Sweden,Mixed,Native Soil,4-IS-M-Soil,2.17,0,2,2021-02-01,32
4,J_4,Italy x Sweden,Mixed,Native Soil,4-IS-M-Soil,2.18,0,2,2021-02-25,56
4,J_4,Italy x Sweden,Mixed,Native Soil,4-IS-M-Soil,2.19,0,2,2021-03-08,67
4,J_4,Italy x Sweden,Mixed,Native Soil,4-IS-M-Soil,2.2,0,2,2021-03-25,84
4,J_4,Italy x Sweden,Mixed,Native Soil,4-IS-M-Soil,2.21,0,2,2021-04-08,98
4,J_4,Italy x Sweden,Mixed,Native Soil,4-IS-M-Soil,3.14,0,3,2021-08-17,229
4,J_4,Italy x Sweden,Mixed,Native Soil,4-IS-M-Soil,3.15,0,3,2021-08-25,237
4,J_4,Italy x Sweden,Mixed,Native Soil,4-IS-M-Soil,3.16,0,3,2021-09-02,245
4,J_4,Italy x Sweden,Mixed,Native Soil,4-IS-M-Soil,3.17,0,3,2021-09-08,251
4,J_4,Italy x Sweden,Mixed,Native Soil,4-IS-M-Soil,3.18,0,3,2021-09-15,258
4,J_4,Italy x Sweden,Mixed,Native Soil,4-IS-M-Soil,3.19,0,3,2021-09-22,265
4,J_4,Italy x Sweden,Mixed,Native Soil,4-IS-M-Soil,3.2,23,3,2021-10-01,274
4,J_4,Italy x Sweden,Mixed,Native Soil,4-IS-M-Soil,3.21,47,3,2021-10-13,286
4,J_4,Italy x Sweden,Mixed,Native Soil,4-IS-M-Soil,3.22,0,3,2021-11-12,316
4,J_4,Italy x Sweden,Mixed,Native Soil,4-IS-M-Soil,3.23,6,3,2021-12-17,351
5,J_5,Italy x Sweden,Dormant,Native Soil,5-IS-D-Soil,1.01,0,1,2019-06-12,163
5,J_5,Italy x Sweden,Dormant,Native Soil,5-IS-D-Soil,1.02,0,1,2019-06-16,167
5,J_5,Italy x Sweden,Dormant,Native Soil,5-IS-D-Soil,1.03,0,1,2019-06-26,177
5,J_5,Italy x Sweden,Dormant,Native Soil,5-IS-D-Soil,1.04,0,1,2019-07-03,184
5,J_5,Italy x Sweden,Dormant,Native Soil,5-IS-D-Soil,1.05,NA,1,2019-07-10,191
5,J_5,Italy x Sweden,Dormant,Native Soil,5-IS-D-Soil,1.06,NA,1,2019-07-17,198
5,J_5,Italy x Sweden,Dormant,Native Soil,5-IS-D-Soil,1.07,0,1,2019-07-24,205
5,J_5,Italy x Sweden,Dormant,Native Soil,5-IS-D-Soil,1.08,0,1,2019-07-31,212
5,J_5,Italy x Sweden,Dormant,Native Soil,5-IS-D-Soil,1.09,0,1,2019-08-07,219
5,J_5,Italy x Sweden,Dormant,Native Soil,5-IS-D-Soil,1.1,0,1,2019-08-15,227
5,J_5,Italy x Sweden,Dormant,Native Soil,5-IS-D-Soil,1.11,0,1,2019-08-20,232
5,J_5,Italy x Sweden,Dormant,Native Soil,5-IS-D-Soil,1.12,0,1,2019-08-28,240
5,J_5,Italy x Sweden,Dormant,Native Soil,5-IS-D-Soil,1.13,0,1,2019-09-04,247
5,J_5,Italy x Sweden,Dormant,Native Soil,5-IS-D-Soil,1.14,0,1,2019-09-11,254
5,J_5,Italy x Sweden,Dormant,Native Soil,5-IS-D-Soil,1.15,0,1,2019-09-18,261
5,J_5,Italy x Sweden,Dormant,Native Soil,5-IS-D-Soil,1.16,0,1,2019-09-25,268
5,J_5,Italy x Sweden,Dormant,Native Soil,5-IS-D-Soil,1.17,0,1,2019-10-02,275
5,J_5,Italy x Sweden,Dormant,Native Soil,5-IS-D-Soil,1.18,0,1,2019-10-09,282
5,J_5,Italy x Sweden,Dormant,Native Soil,5-IS-D-Soil,1.19,0,1,2019-10-18,291
5,J_5,Italy x Sweden,Dormant,Native Soil,5-IS-D-Soil,1.2,22,1,2019-10-23,296
5,J_5,Italy x Sweden,Dormant,Native Soil,5-IS-D-Soil,1.22,3,1,2019-11-06,310
5,J_5,Italy x Sweden,Dormant,Native Soil,5-IS-D-Soil,1.23,0,1,2019-11-20,324
5,J_5,Italy x Sweden,Dormant,Native Soil,5-IS-D-Soil,1.24,0,1,2019-12-04,338
5,J_5,Italy x Sweden,Dormant,Native Soil,5-IS-D-Soil,1.25,1,1,2019-12-20,354
5,J_5,Italy x Sweden,Dormant,Native Soil,5-IS-D-Soil,1.26,0,1,2020-02-10,41
5,J_5,Italy x Sweden,Dormant,Native Soil,5-IS-D-Soil,1.27,0,1,2020-03-02,62
5,J_5,Italy x Sweden,Dormant,Native Soil,5-IS-D-Soil,1.29,0,1,2020-05-05,126
5,J_5,Italy x Sweden,Dormant,Native Soil,5-IS-D-Soil,2.01,1,2,2020-05-27,148
5,J_5,Italy x Sweden,Dormant,Native Soil,5-IS-D-Soil,2.02,0,2,2020-06-04,156
5,J_5,Italy x Sweden,Dormant,Native Soil,5-IS-D-Soil,2.03,0,2,2020-07-23,205
5,J_5,Italy x Sweden,Dormant,Native Soil,5-IS-D-Soil,2.04,0,2,2020-08-07,220
5,J_5,Italy x Sweden,Dormant,Native Soil,5-IS-D-Soil,2.05,0,2,2020-08-13,226
5,J_5,Italy x Sweden,Dormant,Native Soil,5-IS-D-Soil,2.06,0,2,2020-08-18,231
5,J_5,Italy x Sweden,Dormant,Native Soil,5-IS-D-Soil,2.07,0,2,2020-08-25,238
5,J_5,Italy x Sweden,Dormant,Native Soil,5-IS-D-Soil,2.08,0,2,2020-09-04,248
5,J_5,Italy x Sweden,Dormant,Native Soil,5-IS-D-Soil,2.09,82,2,2020-09-16,260
5,J_5,Italy x Sweden,Dormant,Native Soil,5-IS-D-Soil,2.1,47,2,2020-10-02,276
5,J_5,Italy x Sweden,Dormant,Native Soil,5-IS-D-Soil,2.11,0,2,2020-10-19,293
5,J_5,Italy x Sweden,Dormant,Native Soil,5-IS-D-Soil,2.12,0,2,2020-11-06,311
5,J_5,Italy x Sweden,Dormant,Native Soil,5-IS-D-Soil,2.13,0,2,2020-11-19,324
5,J_5,Italy x Sweden,Dormant,Native Soil,5-IS-D-Soil,2.14,0,2,2020-12-04,339
5,J_5,Italy x Sweden,Dormant,Native Soil,5-IS-D-Soil,2.15,0,2,2020-12-15,350
5,J_5,Italy x Sweden,Dormant,Native Soil,5-IS-D-Soil,2.16,0,2,2021-01-14,14
5,J_5,Italy x Sweden,Dormant,Native Soil,5-IS-D-Soil,2.17,0,2,2021-02-01,32
5,J_5,Italy x Sweden,Dormant,Native Soil,5-IS-D-Soil,2.18,0,2,2021-02-25,56
5,J_5,Italy x Sweden,Dormant,Native Soil,5-IS-D-Soil,2.19,0,2,2021-03-08,67
5,J_5,Italy x Sweden,Dormant,Native Soil,5-IS-D-Soil,2.2,0,2,2021-03-26,85
5,J_5,Italy x Sweden,Dormant,Native Soil,5-IS-D-Soil,2.21,0,2,2021-04-08,98
5,J_5,Italy x Sweden,Dormant,Native Soil,5-IS-D-Soil,3.14,0,3,2021-08-17,229
5,J_5,Italy x Sweden,Dormant,Native Soil,5-IS-D-Soil,3.15,0,3,2021-08-25,237
5,J_5,Italy x Sweden,Dormant,Native Soil,5-IS-D-Soil,3.16,0,3,2021-09-02,245
5,J_5,Italy x Sweden,Dormant,Native Soil,5-IS-D-Soil,3.17,0,3,2021-09-08,251
5,J_5,Italy x Sweden,Dormant,Native Soil,5-IS-D-Soil,3.18,0,3,2021-09-15,258
5,J_5,Italy x Sweden,Dormant,Native Soil,5-IS-D-Soil,3.19,0,3,2021-09-22,265
5,J_5,Italy x Sweden,Dormant,Native Soil,5-IS-D-Soil,3.2,59,3,2021-10-03,276
5,J_5,Italy x Sweden,Dormant,Native Soil,5-IS-D-Soil,3.21,26,3,2021-10-15,288
5,J_5,Italy x Sweden,Dormant,Native Soil,5-IS-D-Soil,3.22,0,3,2021-11-15,319
5,J_5,Italy x Sweden,Dormant,Native Soil,5-IS-D-Soil,3.23,3,3,2021-12-17,351
5,J_6,Italy x Sweden,Non-Dormant,Native Soil,5-IS-ND-Soil,1.01,0,1,2019-06-12,163
5,J_6,Italy x Sweden,Non-Dormant,Native Soil,5-IS-ND-Soil,1.02,0,1,2019-06-16,167
5,J_6,Italy x Sweden,Non-Dormant,Native Soil,5-IS-ND-Soil,1.03,0,1,2019-06-26,177
5,J_6,Italy x Sweden,Non-Dormant,Native Soil,5-IS-ND-Soil,1.04,0,1,2019-07-03,184
5,J_6,Italy x Sweden,Non-Dormant,Native Soil,5-IS-ND-Soil,1.05,NA,1,2019-07-10,191
5,J_6,Italy x Sweden,Non-Dormant,Native Soil,5-IS-ND-Soil,1.06,NA,1,2019-07-17,198
5,J_6,Italy x Sweden,Non-Dormant,Native Soil,5-IS-ND-Soil,1.07,0,1,2019-07-24,205
5,J_6,Italy x Sweden,Non-Dormant,Native Soil,5-IS-ND-Soil,1.08,0,1,2019-07-31,212
5,J_6,Italy x Sweden,Non-Dormant,Native Soil,5-IS-ND-Soil,1.09,0,1,2019-08-07,219
5,J_6,Italy x Sweden,Non-Dormant,Native Soil,5-IS-ND-Soil,1.1,0,1,2019-08-15,227
5,J_6,Italy x Sweden,Non-Dormant,Native Soil,5-IS-ND-Soil,1.11,0,1,2019-08-20,232
5,J_6,Italy x Sweden,Non-Dormant,Native Soil,5-IS-ND-Soil,1.12,0,1,2019-08-28,240
5,J_6,Italy x Sweden,Non-Dormant,Native Soil,5-IS-ND-Soil,1.13,0,1,2019-09-04,247
5,J_6,Italy x Sweden,Non-Dormant,Native Soil,5-IS-ND-Soil,1.14,0,1,2019-09-11,254
5,J_6,Italy x Sweden,Non-Dormant,Native Soil,5-IS-ND-Soil,1.15,0,1,2019-09-18,261
5,J_6,Italy x Sweden,Non-Dormant,Native Soil,5-IS-ND-Soil,1.16,0,1,2019-09-25,268
5,J_6,Italy x Sweden,Non-Dormant,Native Soil,5-IS-ND-Soil,1.17,0,1,2019-10-02,275
5,J_6,Italy x Sweden,Non-Dormant,Native Soil,5-IS-ND-Soil,1.18,0,1,2019-10-09,282
5,J_6,Italy x Sweden,Non-Dormant,Native Soil,5-IS-ND-Soil,1.19,0,1,2019-10-18,291
5,J_6,Italy x Sweden,Non-Dormant,Native Soil,5-IS-ND-Soil,1.2,0,1,2019-10-23,296
5,J_6,Italy x Sweden,Non-Dormant,Native Soil,5-IS-ND-Soil,1.22,1,1,2019-11-06,310
5,J_6,Italy x Sweden,Non-Dormant,Native Soil,5-IS-ND-Soil,1.23,2,1,2019-11-20,324
5,J_6,Italy x Sweden,Non-Dormant,Native Soil,5-IS-ND-Soil,1.24,0,1,2019-12-04,338
5,J_6,Italy x Sweden,Non-Dormant,Native Soil,5-IS-ND-Soil,1.25,5,1,2019-12-20,354
5,J_6,Italy x Sweden,Non-Dormant,Native Soil,5-IS-ND-Soil,1.26,0,1,2020-02-10,41
5,J_6,Italy x Sweden,Non-Dormant,Native Soil,5-IS-ND-Soil,1.27,0,1,2020-03-02,62
5,J_6,Italy x Sweden,Non-Dormant,Native Soil,5-IS-ND-Soil,1.29,0,1,2020-05-05,126
5,J_6,Italy x Sweden,Non-Dormant,Native Soil,5-IS-ND-Soil,2.01,4,2,2020-05-27,148
5,J_6,Italy x Sweden,Non-Dormant,Native Soil,5-IS-ND-Soil,2.02,0,2,2020-06-04,156
5,J_6,Italy x Sweden,Non-Dormant,Native Soil,5-IS-ND-Soil,2.03,0,2,2020-07-23,205
5,J_6,Italy x Sweden,Non-Dormant,Native Soil,5-IS-ND-Soil,2.04,0,2,2020-08-07,220
5,J_6,Italy x Sweden,Non-Dormant,Native Soil,5-IS-ND-Soil,2.05,0,2,2020-08-13,226
5,J_6,Italy x Sweden,Non-Dormant,Native Soil,5-IS-ND-Soil,2.06,0,2,2020-08-18,231
5,J_6,Italy x Sweden,Non-Dormant,Native Soil,5-IS-ND-Soil,2.07,0,2,2020-08-25,238
5,J_6,Italy x Sweden,Non-Dormant,Native Soil,5-IS-ND-Soil,2.08,3,2,2020-09-04,248
5,J_6,Italy x Sweden,Non-Dormant,Native Soil,5-IS-ND-Soil,2.09,0,2,2020-09-16,260
5,J_6,Italy x Sweden,Non-Dormant,Native Soil,5-IS-ND-Soil,2.1,0,2,2020-10-02,276
5,J_6,Italy x Sweden,Non-Dormant,Native Soil,5-IS-ND-Soil,2.11,0,2,2020-10-19,293
5,J_6,Italy x Sweden,Non-Dormant,Native Soil,5-IS-ND-Soil,2.12,0,2,2020-11-06,311
5,J_6,Italy x Sweden,Non-Dormant,Native Soil,5-IS-ND-Soil,2.13,0,2,2020-11-19,324
5,J_6,Italy x Sweden,Non-Dormant,Native Soil,5-IS-ND-Soil,2.14,0,2,2020-12-04,339
5,J_6,Italy x Sweden,Non-Dormant,Native Soil,5-IS-ND-Soil,2.15,0,2,2020-12-15,350
5,J_6,Italy x Sweden,Non-Dormant,Native Soil,5-IS-ND-Soil,2.16,0,2,2021-01-14,14
5,J_6,Italy x Sweden,Non-Dormant,Native Soil,5-IS-ND-Soil,2.17,0,2,2021-02-01,32
5,J_6,Italy x Sweden,Non-Dormant,Native Soil,5-IS-ND-Soil,2.18,0,2,2021-02-25,56
5,J_6,Italy x Sweden,Non-Dormant,Native Soil,5-IS-ND-Soil,2.19,0,2,2021-03-08,67
5,J_6,Italy x Sweden,Non-Dormant,Native Soil,5-IS-ND-Soil,2.2,0,2,2021-03-26,85
5,J_6,Italy x Sweden,Non-Dormant,Native Soil,5-IS-ND-Soil,2.21,0,2,2021-04-08,98
5,J_6,Italy x Sweden,Non-Dormant,Native Soil,5-IS-ND-Soil,3.14,0,3,2021-08-17,229
5,J_6,Italy x Sweden,Non-Dormant,Native Soil,5-IS-ND-Soil,3.15,0,3,2021-08-25,237
5,J_6,Italy x Sweden,Non-Dormant,Native Soil,5-IS-ND-Soil,3.16,0,3,2021-09-02,245
5,J_6,Italy x Sweden,Non-Dormant,Native Soil,5-IS-ND-Soil,3.17,0,3,2021-09-08,251
5,J_6,Italy x Sweden,Non-Dormant,Native Soil,5-IS-ND-Soil,3.18,0,3,2021-09-15,258
5,J_6,Italy x Sweden,Non-Dormant,Native Soil,5-IS-ND-Soil,3.19,0,3,2021-09-22,265
5,J_6,Italy x Sweden,Non-Dormant,Native Soil,5-IS-ND-Soil,3.2,3,3,2021-10-03,276
5,J_6,Italy x Sweden,Non-Dormant,Native Soil,5-IS-ND-Soil,3.21,0,3,2021-10-15,288
5,J_6,Italy x Sweden,Non-Dormant,Native Soil,5-IS-ND-Soil,3.22,0,3,2021-11-15,319
5,J_6,Italy x Sweden,Non-Dormant,Native Soil,5-IS-ND-Soil,3.23,0,3,2021-12-17,351
5,J_7,Italy x Sweden,Dormant,High Humidity,5-IS_D_D,1.01,1,1,2019-06-12,163
5,J_7,Italy x Sweden,Dormant,High Humidity,5-IS_D_D,1.02,1,1,2019-06-16,167
5,J_7,Italy x Sweden,Dormant,High Humidity,5-IS_D_D,1.03,0,1,2019-06-26,177
5,J_7,Italy x Sweden,Dormant,High Humidity,5-IS_D_D,1.04,0,1,2019-07-03,184
5,J_7,Italy x Sweden,Dormant,High Humidity,5-IS_D_D,1.05,NA,1,2019-07-10,191
5,J_7,Italy x Sweden,Dormant,High Humidity,5-IS_D_D,1.06,NA,1,2019-07-17,198
5,J_7,Italy x Sweden,Dormant,High Humidity,5-IS_D_D,1.07,0,1,2019-07-24,205
5,J_7,Italy x Sweden,Dormant,High Humidity,5-IS_D_D,1.08,0,1,2019-07-31,212
5,J_7,Italy x Sweden,Dormant,High Humidity,5-IS_D_D,1.09,0,1,2019-08-07,219
5,J_7,Italy x Sweden,Dormant,High Humidity,5-IS_D_D,1.1,0,1,2019-08-15,227
5,J_7,Italy x Sweden,Dormant,High Humidity,5-IS_D_D,1.11,0,1,2019-08-20,232
5,J_7,Italy x Sweden,Dormant,High Humidity,5-IS_D_D,1.12,0,1,2019-08-28,240
5,J_7,Italy x Sweden,Dormant,High Humidity,5-IS_D_D,1.13,0,1,2019-09-04,247
5,J_7,Italy x Sweden,Dormant,High Humidity,5-IS_D_D,1.14,0,1,2019-09-11,254
5,J_7,Italy x Sweden,Dormant,High Humidity,5-IS_D_D,1.15,0,1,2019-09-18,261
5,J_7,Italy x Sweden,Dormant,High Humidity,5-IS_D_D,1.16,0,1,2019-09-25,268
5,J_7,Italy x Sweden,Dormant,High Humidity,5-IS_D_D,1.17,0,1,2019-10-02,275
5,J_7,Italy x Sweden,Dormant,High Humidity,5-IS_D_D,1.18,0,1,2019-10-09,282
5,J_7,Italy x Sweden,Dormant,High Humidity,5-IS_D_D,1.19,0,1,2019-10-18,291
5,J_7,Italy x Sweden,Dormant,High Humidity,5-IS_D_D,1.2,4,1,2019-10-23,296
5,J_7,Italy x Sweden,Dormant,High Humidity,5-IS_D_D,1.22,0,1,2019-11-06,310
5,J_7,Italy x Sweden,Dormant,High Humidity,5-IS_D_D,1.23,2,1,2019-11-20,324
5,J_7,Italy x Sweden,Dormant,High Humidity,5-IS_D_D,1.24,2,1,2019-12-04,338
5,J_7,Italy x Sweden,Dormant,High Humidity,5-IS_D_D,1.25,0,1,2019-12-20,354
5,J_7,Italy x Sweden,Dormant,High Humidity,5-IS_D_D,1.26,0,1,2020-02-10,41
5,J_7,Italy x Sweden,Dormant,High Humidity,5-IS_D_D,1.27,0,1,2020-03-02,62
5,J_7,Italy x Sweden,Dormant,High Humidity,5-IS_D_D,1.29,0,1,2020-05-05,126
5,J_7,Italy x Sweden,Dormant,High Humidity,5-IS_D_D,2.01,0,2,2020-05-27,148
5,J_7,Italy x Sweden,Dormant,High Humidity,5-IS_D_D,2.02,0,2,2020-06-04,156
5,J_7,Italy x Sweden,Dormant,High Humidity,5-IS_D_D,2.03,0,2,2020-07-23,205
5,J_7,Italy x Sweden,Dormant,High Humidity,5-IS_D_D,2.04,0,2,2020-08-07,220
5,J_7,Italy x Sweden,Dormant,High Humidity,5-IS_D_D,2.05,0,2,2020-08-13,226
5,J_7,Italy x Sweden,Dormant,High Humidity,5-IS_D_D,2.06,0,2,2020-08-18,231
5,J_7,Italy x Sweden,Dormant,High Humidity,5-IS_D_D,2.07,0,2,2020-08-25,238
5,J_7,Italy x Sweden,Dormant,High Humidity,5-IS_D_D,2.08,3,2,2020-09-04,248
5,J_7,Italy x Sweden,Dormant,High Humidity,5-IS_D_D,2.09,0,2,2020-09-16,260
5,J_7,Italy x Sweden,Dormant,High Humidity,5-IS_D_D,2.1,0,2,2020-10-02,276
5,J_7,Italy x Sweden,Dormant,High Humidity,5-IS_D_D,2.11,0,2,2020-10-19,293
5,J_7,Italy x Sweden,Dormant,High Humidity,5-IS_D_D,2.12,0,2,2020-11-06,311
5,J_7,Italy x Sweden,Dormant,High Humidity,5-IS_D_D,2.13,0,2,2020-11-19,324
5,J_7,Italy x Sweden,Dormant,High Humidity,5-IS_D_D,2.14,0,2,2020-12-04,339
5,J_7,Italy x Sweden,Dormant,High Humidity,5-IS_D_D,2.15,0,2,2020-12-15,350
5,J_7,Italy x Sweden,Dormant,High Humidity,5-IS_D_D,2.16,0,2,2021-01-14,14
5,J_7,Italy x Sweden,Dormant,High Humidity,5-IS_D_D,2.17,0,2,2021-02-01,32
5,J_7,Italy x Sweden,Dormant,High Humidity,5-IS_D_D,2.18,0,2,2021-02-25,56
5,J_7,Italy x Sweden,Dormant,High Humidity,5-IS_D_D,2.19,0,2,2021-03-08,67
5,J_7,Italy x Sweden,Dormant,High Humidity,5-IS_D_D,2.2,0,2,2021-03-26,85
5,J_7,Italy x Sweden,Dormant,High Humidity,5-IS_D_D,2.21,0,2,2021-04-08,98
5,J_7,Italy x Sweden,Dormant,High Humidity,5-IS_D_D,3.14,0,3,2021-08-17,229
5,J_7,Italy x Sweden,Dormant,High Humidity,5-IS_D_D,3.15,0,3,2021-08-25,237
5,J_7,Italy x Sweden,Dormant,High Humidity,5-IS_D_D,3.16,0,3,2021-09-02,245
5,J_7,Italy x Sweden,Dormant,High Humidity,5-IS_D_D,3.17,0,3,2021-09-08,251
5,J_7,Italy x Sweden,Dormant,High Humidity,5-IS_D_D,3.18,0,3,2021-09-15,258
5,J_7,Italy x Sweden,Dormant,High Humidity,5-IS_D_D,3.19,0,3,2021-09-22,265
5,J_7,Italy x Sweden,Dormant,High Humidity,5-IS_D_D,3.2,2,3,2021-10-03,276
5,J_7,Italy x Sweden,Dormant,High Humidity,5-IS_D_D,3.21,39,3,2021-10-15,288
5,J_7,Italy x Sweden,Dormant,High Humidity,5-IS_D_D,3.22,0,3,2021-11-15,319
5,J_7,Italy x Sweden,Dormant,High Humidity,5-IS_D_D,3.23,4,3,2021-12-17,351
5,J_8,Germany x Tajikistan,Mixed,Control,5-BS_M_C,1.01,NA,1,2019-06-12,163
5,J_8,Germany x Tajikistan,Mixed,Control,5-BS_M_C,1.02,NA,1,2019-06-16,167
5,J_8,Germany x Tajikistan,Mixed,Control,5-BS_M_C,1.03,NA,1,2019-06-26,177
5,J_8,Germany x Tajikistan,Mixed,Control,5-BS_M_C,1.04,NA,1,2019-07-03,184
5,J_8,Germany x Tajikistan,Mixed,Control,5-BS_M_C,1.05,NA,1,2019-07-10,191
5,J_8,Germany x Tajikistan,Mixed,Control,5-BS_M_C,1.06,NA,1,2019-07-17,198
5,J_8,Germany x Tajikistan,Mixed,Control,5-BS_M_C,1.07,0,1,2019-07-24,205
5,J_8,Germany x Tajikistan,Mixed,Control,5-BS_M_C,1.08,0,1,2019-07-31,212
5,J_8,Germany x Tajikistan,Mixed,Control,5-BS_M_C,1.09,0,1,2019-08-07,219
5,J_8,Germany x Tajikistan,Mixed,Control,5-BS_M_C,1.1,0,1,2019-08-15,227
5,J_8,Germany x Tajikistan,Mixed,Control,5-BS_M_C,1.11,0,1,2019-08-20,232
5,J_8,Germany x Tajikistan,Mixed,Control,5-BS_M_C,1.12,0,1,2019-08-28,240
5,J_8,Germany x Tajikistan,Mixed,Control,5-BS_M_C,1.13,0,1,2019-09-04,247
5,J_8,Germany x Tajikistan,Mixed,Control,5-BS_M_C,1.14,0,1,2019-09-11,254
5,J_8,Germany x Tajikistan,Mixed,Control,5-BS_M_C,1.15,0,1,2019-09-18,261
5,J_8,Germany x Tajikistan,Mixed,Control,5-BS_M_C,1.16,0,1,2019-09-25,268
5,J_8,Germany x Tajikistan,Mixed,Control,5-BS_M_C,1.17,0,1,2019-10-02,275
5,J_8,Germany x Tajikistan,Mixed,Control,5-BS_M_C,1.18,0,1,2019-10-09,282
5,J_8,Germany x Tajikistan,Mixed,Control,5-BS_M_C,1.19,0,1,2019-10-18,291
5,J_8,Germany x Tajikistan,Mixed,Control,5-BS_M_C,1.2,0,1,2019-10-23,296
5,J_8,Germany x Tajikistan,Mixed,Control,5-BS_M_C,1.22,0,1,2019-11-06,310
5,J_8,Germany x Tajikistan,Mixed,Control,5-BS_M_C,1.23,0,1,2019-11-20,324
5,J_8,Germany x Tajikistan,Mixed,Control,5-BS_M_C,1.24,0,1,2019-12-04,338
5,J_8,Germany x Tajikistan,Mixed,Control,5-BS_M_C,1.25,1,1,2019-12-20,354
5,J_8,Germany x Tajikistan,Mixed,Control,5-BS_M_C,1.26,0,1,2020-02-10,41
5,J_8,Germany x Tajikistan,Mixed,Control,5-BS_M_C,1.27,0,1,2020-03-02,62
5,J_8,Germany x Tajikistan,Mixed,Control,5-BS_M_C,1.29,0,1,2020-05-05,126
5,J_8,Germany x Tajikistan,Mixed,Control,5-BS_M_C,2.01,0,2,2020-05-27,148
5,J_8,Germany x Tajikistan,Mixed,Control,5-BS_M_C,2.02,0,2,2020-06-04,156
5,J_8,Germany x Tajikistan,Mixed,Control,5-BS_M_C,2.03,0,2,2020-07-23,205
5,J_8,Germany x Tajikistan,Mixed,Control,5-BS_M_C,2.04,0,2,2020-08-07,220
5,J_8,Germany x Tajikistan,Mixed,Control,5-BS_M_C,2.05,0,2,2020-08-13,226
5,J_8,Germany x Tajikistan,Mixed,Control,5-BS_M_C,2.06,0,2,2020-08-18,231
5,J_8,Germany x Tajikistan,Mixed,Control,5-BS_M_C,2.07,0,2,2020-08-25,238
5,J_8,Germany x Tajikistan,Mixed,Control,5-BS_M_C,2.08,10,2,2020-09-04,248
5,J_8,Germany x Tajikistan,Mixed,Control,5-BS_M_C,2.09,0,2,2020-09-16,260
5,J_8,Germany x Tajikistan,Mixed,Control,5-BS_M_C,2.1,0,2,2020-10-02,276
5,J_8,Germany x Tajikistan,Mixed,Control,5-BS_M_C,2.11,0,2,2020-10-19,293
5,J_8,Germany x Tajikistan,Mixed,Control,5-BS_M_C,2.12,0,2,2020-11-06,311
5,J_8,Germany x Tajikistan,Mixed,Control,5-BS_M_C,2.13,0,2,2020-11-19,324
5,J_8,Germany x Tajikistan,Mixed,Control,5-BS_M_C,2.14,0,2,2020-12-04,339
5,J_8,Germany x Tajikistan,Mixed,Control,5-BS_M_C,2.15,0,2,2020-12-15,350
5,J_8,Germany x Tajikistan,Mixed,Control,5-BS_M_C,2.16,0,2,2021-01-14,14
5,J_8,Germany x Tajikistan,Mixed,Control,5-BS_M_C,2.17,0,2,2021-02-01,32
5,J_8,Germany x Tajikistan,Mixed,Control,5-BS_M_C,2.18,0,2,2021-02-25,56
5,J_8,Germany x Tajikistan,Mixed,Control,5-BS_M_C,2.19,0,2,2021-03-08,67
5,J_8,Germany x Tajikistan,Mixed,Control,5-BS_M_C,2.2,0,2,2021-03-26,85
5,J_8,Germany x Tajikistan,Mixed,Control,5-BS_M_C,2.21,0,2,2021-04-08,98
5,J_8,Germany x Tajikistan,Mixed,Control,5-BS_M_C,3.14,0,3,2021-08-17,229
5,J_8,Germany x Tajikistan,Mixed,Control,5-BS_M_C,3.15,0,3,2021-08-25,237
5,J_8,Germany x Tajikistan,Mixed,Control,5-BS_M_C,3.16,0,3,2021-09-02,245
5,J_8,Germany x Tajikistan,Mixed,Control,5-BS_M_C,3.17,0,3,2021-09-08,251
5,J_8,Germany x Tajikistan,Mixed,Control,5-BS_M_C,3.18,0,3,2021-09-15,258
5,J_8,Germany x Tajikistan,Mixed,Control,5-BS_M_C,3.19,0,3,2021-09-22,265
5,J_8,Germany x Tajikistan,Mixed,Control,5-BS_M_C,3.2,0,3,2021-10-03,276
5,J_8,Germany x Tajikistan,Mixed,Control,5-BS_M_C,3.21,0,3,2021-10-15,288
5,J_8,Germany x Tajikistan,Mixed,Control,5-BS_M_C,3.22,0,3,2021-11-15,319
5,J_8,Germany x Tajikistan,Mixed,Control,5-BS_M_C,3.23,0,3,2021-12-17,351
5,J_9,Italy x Sweden,Mixed,Native Soil,5-IS-M-Soil,1.01,4,1,2019-06-12,163
5,J_9,Italy x Sweden,Mixed,Native Soil,5-IS-M-Soil,1.02,0,1,2019-06-16,167
5,J_9,Italy x Sweden,Mixed,Native Soil,5-IS-M-Soil,1.03,0,1,2019-06-26,177
5,J_9,Italy x Sweden,Mixed,Native Soil,5-IS-M-Soil,1.04,0,1,2019-07-03,184
5,J_9,Italy x Sweden,Mixed,Native Soil,5-IS-M-Soil,1.05,NA,1,2019-07-10,191
5,J_9,Italy x Sweden,Mixed,Native Soil,5-IS-M-Soil,1.06,NA,1,2019-07-17,198
5,J_9,Italy x Sweden,Mixed,Native Soil,5-IS-M-Soil,1.07,0,1,2019-07-24,205
5,J_9,Italy x Sweden,Mixed,Native Soil,5-IS-M-Soil,1.08,0,1,2019-07-31,212
5,J_9,Italy x Sweden,Mixed,Native Soil,5-IS-M-Soil,1.09,0,1,2019-08-07,219
5,J_9,Italy x Sweden,Mixed,Native Soil,5-IS-M-Soil,1.1,0,1,2019-08-15,227
5,J_9,Italy x Sweden,Mixed,Native Soil,5-IS-M-Soil,1.11,0,1,2019-08-20,232
5,J_9,Italy x Sweden,Mixed,Native Soil,5-IS-M-Soil,1.12,0,1,2019-08-28,240
5,J_9,Italy x Sweden,Mixed,Native Soil,5-IS-M-Soil,1.13,0,1,2019-09-04,247
5,J_9,Italy x Sweden,Mixed,Native Soil,5-IS-M-Soil,1.14,0,1,2019-09-11,254
5,J_9,Italy x Sweden,Mixed,Native Soil,5-IS-M-Soil,1.15,0,1,2019-09-18,261
5,J_9,Italy x Sweden,Mixed,Native Soil,5-IS-M-Soil,1.16,0,1,2019-09-25,268
5,J_9,Italy x Sweden,Mixed,Native Soil,5-IS-M-Soil,1.17,0,1,2019-10-02,275
5,J_9,Italy x Sweden,Mixed,Native Soil,5-IS-M-Soil,1.18,0,1,2019-10-09,282
5,J_9,Italy x Sweden,Mixed,Native Soil,5-IS-M-Soil,1.19,0,1,2019-10-18,291
5,J_9,Italy x Sweden,Mixed,Native Soil,5-IS-M-Soil,1.2,12,1,2019-10-23,296
5,J_9,Italy x Sweden,Mixed,Native Soil,5-IS-M-Soil,1.22,6,1,2019-11-06,310
5,J_9,Italy x Sweden,Mixed,Native Soil,5-IS-M-Soil,1.23,0,1,2019-11-20,324
5,J_9,Italy x Sweden,Mixed,Native Soil,5-IS-M-Soil,1.24,0,1,2019-12-04,338
5,J_9,Italy x Sweden,Mixed,Native Soil,5-IS-M-Soil,1.25,1,1,2019-12-20,354
5,J_9,Italy x Sweden,Mixed,Native Soil,5-IS-M-Soil,1.26,0,1,2020-02-10,41
5,J_9,Italy x Sweden,Mixed,Native Soil,5-IS-M-Soil,1.27,0,1,2020-03-02,62
5,J_9,Italy x Sweden,Mixed,Native Soil,5-IS-M-Soil,1.29,0,1,2020-05-05,126
5,J_9,Italy x Sweden,Mixed,Native Soil,5-IS-M-Soil,2.01,30,2,2020-05-27,148
5,J_9,Italy x Sweden,Mixed,Native Soil,5-IS-M-Soil,2.02,0,2,2020-06-04,156
5,J_9,Italy x Sweden,Mixed,Native Soil,5-IS-M-Soil,2.03,0,2,2020-07-23,205
5,J_9,Italy x Sweden,Mixed,Native Soil,5-IS-M-Soil,2.04,0,2,2020-08-07,220
5,J_9,Italy x Sweden,Mixed,Native Soil,5-IS-M-Soil,2.05,0,2,2020-08-13,226
5,J_9,Italy x Sweden,Mixed,Native Soil,5-IS-M-Soil,2.06,0,2,2020-08-18,231
5,J_9,Italy x Sweden,Mixed,Native Soil,5-IS-M-Soil,2.07,0,2,2020-08-25,238
5,J_9,Italy x Sweden,Mixed,Native Soil,5-IS-M-Soil,2.08,16,2,2020-09-04,248
5,J_9,Italy x Sweden,Mixed,Native Soil,5-IS-M-Soil,2.09,92,2,2020-09-16,260
5,J_9,Italy x Sweden,Mixed,Native Soil,5-IS-M-Soil,2.1,0,2,2020-10-02,276
5,J_9,Italy x Sweden,Mixed,Native Soil,5-IS-M-Soil,2.11,0,2,2020-10-19,293
5,J_9,Italy x Sweden,Mixed,Native Soil,5-IS-M-Soil,2.12,0,2,2020-11-06,311
5,J_9,Italy x Sweden,Mixed,Native Soil,5-IS-M-Soil,2.13,9,2,2020-11-19,324
5,J_9,Italy x Sweden,Mixed,Native Soil,5-IS-M-Soil,2.14,0,2,2020-12-04,339
5,J_9,Italy x Sweden,Mixed,Native Soil,5-IS-M-Soil,2.15,9,2,2020-12-15,350
5,J_9,Italy x Sweden,Mixed,Native Soil,5-IS-M-Soil,2.16,0,2,2021-01-14,14
5,J_9,Italy x Sweden,Mixed,Native Soil,5-IS-M-Soil,2.17,0,2,2021-02-01,32
5,J_9,Italy x Sweden,Mixed,Native Soil,5-IS-M-Soil,2.18,0,2,2021-02-25,56
5,J_9,Italy x Sweden,Mixed,Native Soil,5-IS-M-Soil,2.19,0,2,2021-03-08,67
5,J_9,Italy x Sweden,Mixed,Native Soil,5-IS-M-Soil,2.2,0,2,2021-03-26,85
5,J_9,Italy x Sweden,Mixed,Native Soil,5-IS-M-Soil,2.21,0,2,2021-04-08,98
5,J_9,Italy x Sweden,Mixed,Native Soil,5-IS-M-Soil,3.14,0,3,2021-08-17,229
5,J_9,Italy x Sweden,Mixed,Native Soil,5-IS-M-Soil,3.15,0,3,2021-08-25,237
5,J_9,Italy x Sweden,Mixed,Native Soil,5-IS-M-Soil,3.16,0,3,2021-09-02,245
5,J_9,Italy x Sweden,Mixed,Native Soil,5-IS-M-Soil,3.17,0,3,2021-09-08,251
5,J_9,Italy x Sweden,Mixed,Native Soil,5-IS-M-Soil,3.18,0,3,2021-09-15,258
5,J_9,Italy x Sweden,Mixed,Native Soil,5-IS-M-Soil,3.19,0,3,2021-09-22,265
5,J_9,Italy x Sweden,Mixed,Native Soil,5-IS-M-Soil,3.2,182,3,2021-10-03,276
5,J_9,Italy x Sweden,Mixed,Native Soil,5-IS-M-Soil,3.21,0,3,2021-10-15,288
5,J_9,Italy x Sweden,Mixed,Native Soil,5-IS-M-Soil,3.22,0,3,2021-11-15,319
5,J_9,Italy x Sweden,Mixed,Native Soil,5-IS-M-Soil,3.23,0,3,2021-12-17,351
5,J_10,UK x USA,Non-Dormant,Control,5-TC_ND_C,1.01,NA,1,2019-06-12,163
5,J_10,UK x USA,Non-Dormant,Control,5-TC_ND_C,1.02,NA,1,2019-06-16,167
5,J_10,UK x USA,Non-Dormant,Control,5-TC_ND_C,1.03,NA,1,2019-06-26,177
5,J_10,UK x USA,Non-Dormant,Control,5-TC_ND_C,1.04,NA,1,2019-07-03,184
5,J_10,UK x USA,Non-Dormant,Control,5-TC_ND_C,1.05,NA,1,2019-07-10,191
5,J_10,UK x USA,Non-Dormant,Control,5-TC_ND_C,1.06,NA,1,2019-07-17,198
5,J_10,UK x USA,Non-Dormant,Control,5-TC_ND_C,1.07,0,1,2019-07-24,205
5,J_10,UK x USA,Non-Dormant,Control,5-TC_ND_C,1.08,0,1,2019-07-31,212
5,J_10,UK x USA,Non-Dormant,Control,5-TC_ND_C,1.09,0,1,2019-08-07,219
5,J_10,UK x USA,Non-Dormant,Control,5-TC_ND_C,1.1,0,1,2019-08-15,227
5,J_10,UK x USA,Non-Dormant,Control,5-TC_ND_C,1.11,0,1,2019-08-20,232
5,J_10,UK x USA,Non-Dormant,Control,5-TC_ND_C,1.12,0,1,2019-08-28,240
5,J_10,UK x USA,Non-Dormant,Control,5-TC_ND_C,1.13,0,1,2019-09-04,247
5,J_10,UK x USA,Non-Dormant,Control,5-TC_ND_C,1.14,0,1,2019-09-11,254
5,J_10,UK x USA,Non-Dormant,Control,5-TC_ND_C,1.15,0,1,2019-09-18,261
5,J_10,UK x USA,Non-Dormant,Control,5-TC_ND_C,1.16,0,1,2019-09-25,268
5,J_10,UK x USA,Non-Dormant,Control,5-TC_ND_C,1.17,0,1,2019-10-02,275
5,J_10,UK x USA,Non-Dormant,Control,5-TC_ND_C,1.18,0,1,2019-10-09,282
5,J_10,UK x USA,Non-Dormant,Control,5-TC_ND_C,1.19,0,1,2019-10-18,291
5,J_10,UK x USA,Non-Dormant,Control,5-TC_ND_C,1.2,0,1,2019-10-23,296
5,J_10,UK x USA,Non-Dormant,Control,5-TC_ND_C,1.22,0,1,2019-11-06,310
5,J_10,UK x USA,Non-Dormant,Control,5-TC_ND_C,1.23,0,1,2019-11-20,324
5,J_10,UK x USA,Non-Dormant,Control,5-TC_ND_C,1.24,0,1,2019-12-04,338
5,J_10,UK x USA,Non-Dormant,Control,5-TC_ND_C,1.25,0,1,2019-12-20,354
5,J_10,UK x USA,Non-Dormant,Control,5-TC_ND_C,1.26,0,1,2020-02-10,41
5,J_10,UK x USA,Non-Dormant,Control,5-TC_ND_C,1.27,0,1,2020-03-02,62
5,J_10,UK x USA,Non-Dormant,Control,5-TC_ND_C,1.29,0,1,2020-05-05,126
5,J_10,UK x USA,Non-Dormant,Control,5-TC_ND_C,2.01,0,2,2020-05-27,148
5,J_10,UK x USA,Non-Dormant,Control,5-TC_ND_C,2.02,0,2,2020-06-04,156
5,J_10,UK x USA,Non-Dormant,Control,5-TC_ND_C,2.03,0,2,2020-07-23,205
5,J_10,UK x USA,Non-Dormant,Control,5-TC_ND_C,2.04,0,2,2020-08-07,220
5,J_10,UK x USA,Non-Dormant,Control,5-TC_ND_C,2.05,0,2,2020-08-13,226
5,J_10,UK x USA,Non-Dormant,Control,5-TC_ND_C,2.06,0,2,2020-08-18,231
5,J_10,UK x USA,Non-Dormant,Control,5-TC_ND_C,2.07,0,2,2020-08-25,238
5,J_10,UK x USA,Non-Dormant,Control,5-TC_ND_C,2.08,70,2,2020-09-04,248
5,J_10,UK x USA,Non-Dormant,Control,5-TC_ND_C,2.09,0,2,2020-09-16,260
5,J_10,UK x USA,Non-Dormant,Control,5-TC_ND_C,2.1,0,2,2020-10-02,276
5,J_10,UK x USA,Non-Dormant,Control,5-TC_ND_C,2.11,0,2,2020-10-19,293
5,J_10,UK x USA,Non-Dormant,Control,5-TC_ND_C,2.12,0,2,2020-11-06,311
5,J_10,UK x USA,Non-Dormant,Control,5-TC_ND_C,2.13,0,2,2020-11-19,324
5,J_10,UK x USA,Non-Dormant,Control,5-TC_ND_C,2.14,0,2,2020-12-04,339
5,J_10,UK x USA,Non-Dormant,Control,5-TC_ND_C,2.15,0,2,2020-12-15,350
5,J_10,UK x USA,Non-Dormant,Control,5-TC_ND_C,2.16,0,2,2021-01-14,14
5,J_10,UK x USA,Non-Dormant,Control,5-TC_ND_C,2.17,0,2,2021-02-01,32
5,J_10,UK x USA,Non-Dormant,Control,5-TC_ND_C,2.18,0,2,2021-02-25,56
5,J_10,UK x USA,Non-Dormant,Control,5-TC_ND_C,2.19,0,2,2021-03-08,67
5,J_10,UK x USA,Non-Dormant,Control,5-TC_ND_C,2.2,0,2,2021-03-26,85
5,J_10,UK x USA,Non-Dormant,Control,5-TC_ND_C,2.21,0,2,2021-04-08,98
5,J_10,UK x USA,Non-Dormant,Control,5-TC_ND_C,3.14,0,3,2021-08-17,229
5,J_10,UK x USA,Non-Dormant,Control,5-TC_ND_C,3.15,0,3,2021-08-25,237
5,J_10,UK x USA,Non-Dormant,Control,5-TC_ND_C,3.16,0,3,2021-09-02,245
5,J_10,UK x USA,Non-Dormant,Control,5-TC_ND_C,3.17,0,3,2021-09-08,251
5,J_10,UK x USA,Non-Dormant,Control,5-TC_ND_C,3.18,0,3,2021-09-15,258
5,J_10,UK x USA,Non-Dormant,Control,5-TC_ND_C,3.19,0,3,2021-09-22,265
5,J_10,UK x USA,Non-Dormant,Control,5-TC_ND_C,3.2,2,3,2021-10-03,276
5,J_10,UK x USA,Non-Dormant,Control,5-TC_ND_C,3.21,0,3,2021-10-15,288
5,J_10,UK x USA,Non-Dormant,Control,5-TC_ND_C,3.22,0,3,2021-11-15,319
5,J_10,UK x USA,Non-Dormant,Control,5-TC_ND_C,3.23,0,3,2021-12-17,351
8,J_11,Italy x Sweden,Dormant,High Humidity,8-IS_D_D,1.01,0,1,2019-06-12,163
8,J_11,Italy x Sweden,Dormant,High Humidity,8-IS_D_D,1.02,0,1,2019-06-16,167
8,J_11,Italy x Sweden,Dormant,High Humidity,8-IS_D_D,1.03,0,1,2019-06-26,177
8,J_11,Italy x Sweden,Dormant,High Humidity,8-IS_D_D,1.04,0,1,2019-07-03,184
8,J_11,Italy x Sweden,Dormant,High Humidity,8-IS_D_D,1.05,NA,1,2019-07-10,191
8,J_11,Italy x Sweden,Dormant,High Humidity,8-IS_D_D,1.06,NA,1,2019-07-17,198
8,J_11,Italy x Sweden,Dormant,High Humidity,8-IS_D_D,1.07,0,1,2019-07-24,205
8,J_11,Italy x Sweden,Dormant,High Humidity,8-IS_D_D,1.08,0,1,2019-07-31,212
8,J_11,Italy x Sweden,Dormant,High Humidity,8-IS_D_D,1.09,0,1,2019-08-07,219
8,J_11,Italy x Sweden,Dormant,High Humidity,8-IS_D_D,1.1,0,1,2019-08-15,227
8,J_11,Italy x Sweden,Dormant,High Humidity,8-IS_D_D,1.11,0,1,2019-08-20,232
8,J_11,Italy x Sweden,Dormant,High Humidity,8-IS_D_D,1.12,0,1,2019-08-28,240
8,J_11,Italy x Sweden,Dormant,High Humidity,8-IS_D_D,1.13,0,1,2019-09-04,247
8,J_11,Italy x Sweden,Dormant,High Humidity,8-IS_D_D,1.14,0,1,2019-09-11,254
8,J_11,Italy x Sweden,Dormant,High Humidity,8-IS_D_D,1.15,0,1,2019-09-18,261
8,J_11,Italy x Sweden,Dormant,High Humidity,8-IS_D_D,1.16,0,1,2019-09-25,268
8,J_11,Italy x Sweden,Dormant,High Humidity,8-IS_D_D,1.17,0,1,2019-10-02,275
8,J_11,Italy x Sweden,Dormant,High Humidity,8-IS_D_D,1.18,0,1,2019-10-09,282
8,J_11,Italy x Sweden,Dormant,High Humidity,8-IS_D_D,1.19,0,1,2019-10-18,291
8,J_11,Italy x Sweden,Dormant,High Humidity,8-IS_D_D,1.2,1,1,2019-10-23,296
8,J_11,Italy x Sweden,Dormant,High Humidity,8-IS_D_D,1.22,3,1,2019-11-06,310
8,J_11,Italy x Sweden,Dormant,High Humidity,8-IS_D_D,1.23,0,1,2019-11-20,324
8,J_11,Italy x Sweden,Dormant,High Humidity,8-IS_D_D,1.24,0,1,2019-12-04,338
8,J_11,Italy x Sweden,Dormant,High Humidity,8-IS_D_D,1.25,1,1,2019-12-20,354
8,J_11,Italy x Sweden,Dormant,High Humidity,8-IS_D_D,1.26,0,1,2020-02-10,41
8,J_11,Italy x Sweden,Dormant,High Humidity,8-IS_D_D,1.27,0,1,2020-03-02,62
8,J_11,Italy x Sweden,Dormant,High Humidity,8-IS_D_D,1.29,0,1,2020-05-05,126
8,J_11,Italy x Sweden,Dormant,High Humidity,8-IS_D_D,2.01,0,2,2020-05-27,148
8,J_11,Italy x Sweden,Dormant,High Humidity,8-IS_D_D,2.02,0,2,2020-06-04,156
8,J_11,Italy x Sweden,Dormant,High Humidity,8-IS_D_D,2.03,0,2,2020-07-23,205
8,J_11,Italy x Sweden,Dormant,High Humidity,8-IS_D_D,2.04,0,2,2020-08-07,220
8,J_11,Italy x Sweden,Dormant,High Humidity,8-IS_D_D,2.05,0,2,2020-08-13,226
8,J_11,Italy x Sweden,Dormant,High Humidity,8-IS_D_D,2.06,0,2,2020-08-18,231
8,J_11,Italy x Sweden,Dormant,High Humidity,8-IS_D_D,2.07,0,2,2020-08-25,238
8,J_11,Italy x Sweden,Dormant,High Humidity,8-IS_D_D,2.08,3,2,2020-09-04,248
8,J_11,Italy x Sweden,Dormant,High Humidity,8-IS_D_D,2.09,0,2,2020-09-16,260
8,J_11,Italy x Sweden,Dormant,High Humidity,8-IS_D_D,2.1,0,2,2020-10-02,276
8,J_11,Italy x Sweden,Dormant,High Humidity,8-IS_D_D,2.11,0,2,2020-10-19,293
8,J_11,Italy x Sweden,Dormant,High Humidity,8-IS_D_D,2.12,0,2,2020-10-30,304
8,J_11,Italy x Sweden,Dormant,High Humidity,8-IS_D_D,2.13,0,2,2020-11-13,318
8,J_11,Italy x Sweden,Dormant,High Humidity,8-IS_D_D,2.14,0,2,2020-12-01,336
8,J_11,Italy x Sweden,Dormant,High Humidity,8-IS_D_D,2.15,0,2,2020-12-15,350
8,J_11,Italy x Sweden,Dormant,High Humidity,8-IS_D_D,2.16,0,2,2021-01-12,12
8,J_11,Italy x Sweden,Dormant,High Humidity,8-IS_D_D,2.17,0,2,2021-02-01,32
8,J_11,Italy x Sweden,Dormant,High Humidity,8-IS_D_D,2.18,0,2,2021-02-25,56
8,J_11,Italy x Sweden,Dormant,High Humidity,8-IS_D_D,2.19,0,2,2021-03-08,67
8,J_11,Italy x Sweden,Dormant,High Humidity,8-IS_D_D,2.2,0,2,2021-03-26,85
8,J_11,Italy x Sweden,Dormant,High Humidity,8-IS_D_D,2.21,0,2,2021-04-08,98
8,J_11,Italy x Sweden,Dormant,High Humidity,8-IS_D_D,3.14,0,3,2021-08-17,229
8,J_11,Italy x Sweden,Dormant,High Humidity,8-IS_D_D,3.15,0,3,2021-08-25,237
8,J_11,Italy x Sweden,Dormant,High Humidity,8-IS_D_D,3.16,0,3,2021-09-02,245
8,J_11,Italy x Sweden,Dormant,High Humidity,8-IS_D_D,3.17,0,3,2021-09-08,251
8,J_11,Italy x Sweden,Dormant,High Humidity,8-IS_D_D,3.18,0,3,2021-09-15,258
8,J_11,Italy x Sweden,Dormant,High Humidity,8-IS_D_D,3.19,0,3,2021-09-22,265
8,J_11,Italy x Sweden,Dormant,High Humidity,8-IS_D_D,3.2,32,3,2021-10-04,277
8,J_11,Italy x Sweden,Dormant,High Humidity,8-IS_D_D,3.21,10,3,2021-10-16,289
8,J_11,Italy x Sweden,Dormant,High Humidity,8-IS_D_D,3.22,0,3,2021-11-17,321
8,J_11,Italy x Sweden,Dormant,High Humidity,8-IS_D_D,3.23,0,3,2021-12-09,343
8,J_12,Italy x Sweden,Non-Dormant,Control,8-IS_ND_C,1.01,0,1,2019-06-12,163
8,J_12,Italy x Sweden,Non-Dormant,Control,8-IS_ND_C,1.02,0,1,2019-06-16,167
8,J_12,Italy x Sweden,Non-Dormant,Control,8-IS_ND_C,1.03,0,1,2019-06-26,177
8,J_12,Italy x Sweden,Non-Dormant,Control,8-IS_ND_C,1.04,0,1,2019-07-03,184
8,J_12,Italy x Sweden,Non-Dormant,Control,8-IS_ND_C,1.05,NA,1,2019-07-10,191
8,J_12,Italy x Sweden,Non-Dormant,Control,8-IS_ND_C,1.06,NA,1,2019-07-17,198
8,J_12,Italy x Sweden,Non-Dormant,Control,8-IS_ND_C,1.07,0,1,2019-07-24,205
8,J_12,Italy x Sweden,Non-Dormant,Control,8-IS_ND_C,1.08,0,1,2019-07-31,212
8,J_12,Italy x Sweden,Non-Dormant,Control,8-IS_ND_C,1.09,0,1,2019-08-07,219
8,J_12,Italy x Sweden,Non-Dormant,Control,8-IS_ND_C,1.1,0,1,2019-08-15,227
8,J_12,Italy x Sweden,Non-Dormant,Control,8-IS_ND_C,1.11,0,1,2019-08-20,232
8,J_12,Italy x Sweden,Non-Dormant,Control,8-IS_ND_C,1.12,0,1,2019-08-28,240
8,J_12,Italy x Sweden,Non-Dormant,Control,8-IS_ND_C,1.13,0,1,2019-09-04,247
8,J_12,Italy x Sweden,Non-Dormant,Control,8-IS_ND_C,1.14,0,1,2019-09-11,254
8,J_12,Italy x Sweden,Non-Dormant,Control,8-IS_ND_C,1.15,0,1,2019-09-18,261
8,J_12,Italy x Sweden,Non-Dormant,Control,8-IS_ND_C,1.16,0,1,2019-09-25,268
8,J_12,Italy x Sweden,Non-Dormant,Control,8-IS_ND_C,1.17,0,1,2019-10-02,275
8,J_12,Italy x Sweden,Non-Dormant,Control,8-IS_ND_C,1.18,0,1,2019-10-09,282
8,J_12,Italy x Sweden,Non-Dormant,Control,8-IS_ND_C,1.19,0,1,2019-10-18,291
8,J_12,Italy x Sweden,Non-Dormant,Control,8-IS_ND_C,1.2,4,1,2019-10-23,296
8,J_12,Italy x Sweden,Non-Dormant,Control,8-IS_ND_C,1.22,0,1,2019-11-06,310
8,J_12,Italy x Sweden,Non-Dormant,Control,8-IS_ND_C,1.23,0,1,2019-11-20,324
8,J_12,Italy x Sweden,Non-Dormant,Control,8-IS_ND_C,1.24,0,1,2019-12-04,338
8,J_12,Italy x Sweden,Non-Dormant,Control,8-IS_ND_C,1.25,0,1,2019-12-20,354
8,J_12,Italy x Sweden,Non-Dormant,Control,8-IS_ND_C,1.26,0,1,2020-02-10,41
8,J_12,Italy x Sweden,Non-Dormant,Control,8-IS_ND_C,1.27,0,1,2020-03-02,62
8,J_12,Italy x Sweden,Non-Dormant,Control,8-IS_ND_C,1.29,0,1,2020-05-05,126
8,J_12,Italy x Sweden,Non-Dormant,Control,8-IS_ND_C,2.01,1,2,2020-05-27,148
8,J_12,Italy x Sweden,Non-Dormant,Control,8-IS_ND_C,2.02,0,2,2020-06-04,156
8,J_12,Italy x Sweden,Non-Dormant,Control,8-IS_ND_C,2.03,0,2,2020-07-23,205
8,J_12,Italy x Sweden,Non-Dormant,Control,8-IS_ND_C,2.04,0,2,2020-08-07,220
8,J_12,Italy x Sweden,Non-Dormant,Control,8-IS_ND_C,2.05,0,2,2020-08-13,226
8,J_12,Italy x Sweden,Non-Dormant,Control,8-IS_ND_C,2.06,0,2,2020-08-18,231
8,J_12,Italy x Sweden,Non-Dormant,Control,8-IS_ND_C,2.07,0,2,2020-08-25,238
8,J_12,Italy x Sweden,Non-Dormant,Control,8-IS_ND_C,2.08,0,2,2020-09-04,248
8,J_12,Italy x Sweden,Non-Dormant,Control,8-IS_ND_C,2.09,5,2,2020-09-16,260
8,J_12,Italy x Sweden,Non-Dormant,Control,8-IS_ND_C,2.1,0,2,2020-10-02,276
8,J_12,Italy x Sweden,Non-Dormant,Control,8-IS_ND_C,2.11,0,2,2020-10-19,293
8,J_12,Italy x Sweden,Non-Dormant,Control,8-IS_ND_C,2.12,0,2,2020-10-30,304
8,J_12,Italy x Sweden,Non-Dormant,Control,8-IS_ND_C,2.13,0,2,2020-11-13,318
8,J_12,Italy x Sweden,Non-Dormant,Control,8-IS_ND_C,2.14,0,2,2020-12-01,336
8,J_12,Italy x Sweden,Non-Dormant,Control,8-IS_ND_C,2.15,0,2,2020-12-15,350
8,J_12,Italy x Sweden,Non-Dormant,Control,8-IS_ND_C,2.16,0,2,2021-01-12,12
8,J_12,Italy x Sweden,Non-Dormant,Control,8-IS_ND_C,2.17,0,2,2021-02-01,32
8,J_12,Italy x Sweden,Non-Dormant,Control,8-IS_ND_C,2.18,0,2,2021-02-25,56
8,J_12,Italy x Sweden,Non-Dormant,Control,8-IS_ND_C,2.19,0,2,2021-03-08,67
8,J_12,Italy x Sweden,Non-Dormant,Control,8-IS_ND_C,2.2,0,2,2021-03-26,85
8,J_12,Italy x Sweden,Non-Dormant,Control,8-IS_ND_C,2.21,0,2,2021-04-08,98
8,J_12,Italy x Sweden,Non-Dormant,Control,8-IS_ND_C,3.14,0,3,2021-08-17,229
8,J_12,Italy x Sweden,Non-Dormant,Control,8-IS_ND_C,3.15,0,3,2021-08-25,237
8,J_12,Italy x Sweden,Non-Dormant,Control,8-IS_ND_C,3.16,0,3,2021-09-02,245
8,J_12,Italy x Sweden,Non-Dormant,Control,8-IS_ND_C,3.17,0,3,2021-09-08,251
8,J_12,Italy x Sweden,Non-Dormant,Control,8-IS_ND_C,3.18,0,3,2021-09-15,258
8,J_12,Italy x Sweden,Non-Dormant,Control,8-IS_ND_C,3.19,0,3,2021-09-22,265
8,J_12,Italy x Sweden,Non-Dormant,Control,8-IS_ND_C,3.2,2,3,2021-10-04,277
8,J_12,Italy x Sweden,Non-Dormant,Control,8-IS_ND_C,3.21,0,3,2021-10-16,289
8,J_12,Italy x Sweden,Non-Dormant,Control,8-IS_ND_C,3.22,0,3,2021-11-17,321
8,J_12,Italy x Sweden,Non-Dormant,Control,8-IS_ND_C,3.23,0,3,2021-12-09,343
7,K_1,Italy x Sweden,Non-Dormant,Litter,7-IS_ND_F,1.01,0,1,2019-06-12,163
7,K_1,Italy x Sweden,Non-Dormant,Litter,7-IS_ND_F,1.02,0,1,2019-06-16,167
7,K_1,Italy x Sweden,Non-Dormant,Litter,7-IS_ND_F,1.03,0,1,2019-06-26,177
7,K_1,Italy x Sweden,Non-Dormant,Litter,7-IS_ND_F,1.04,0,1,2019-07-03,184
7,K_1,Italy x Sweden,Non-Dormant,Litter,7-IS_ND_F,1.05,NA,1,2019-07-10,191
7,K_1,Italy x Sweden,Non-Dormant,Litter,7-IS_ND_F,1.06,NA,1,2019-07-17,198
7,K_1,Italy x Sweden,Non-Dormant,Litter,7-IS_ND_F,1.07,0,1,2019-07-24,205
7,K_1,Italy x Sweden,Non-Dormant,Litter,7-IS_ND_F,1.08,0,1,2019-07-31,212
7,K_1,Italy x Sweden,Non-Dormant,Litter,7-IS_ND_F,1.09,0,1,2019-08-07,219
7,K_1,Italy x Sweden,Non-Dormant,Litter,7-IS_ND_F,1.1,0,1,2019-08-15,227
7,K_1,Italy x Sweden,Non-Dormant,Litter,7-IS_ND_F,1.11,0,1,2019-08-20,232
7,K_1,Italy x Sweden,Non-Dormant,Litter,7-IS_ND_F,1.12,0,1,2019-08-28,240
7,K_1,Italy x Sweden,Non-Dormant,Litter,7-IS_ND_F,1.13,0,1,2019-09-04,247
7,K_1,Italy x Sweden,Non-Dormant,Litter,7-IS_ND_F,1.14,0,1,2019-09-11,254
7,K_1,Italy x Sweden,Non-Dormant,Litter,7-IS_ND_F,1.15,0,1,2019-09-18,261
7,K_1,Italy x Sweden,Non-Dormant,Litter,7-IS_ND_F,1.16,0,1,2019-09-25,268
7,K_1,Italy x Sweden,Non-Dormant,Litter,7-IS_ND_F,1.17,0,1,2019-10-02,275
7,K_1,Italy x Sweden,Non-Dormant,Litter,7-IS_ND_F,1.18,0,1,2019-10-09,282
7,K_1,Italy x Sweden,Non-Dormant,Litter,7-IS_ND_F,1.19,0,1,2019-10-18,291
7,K_1,Italy x Sweden,Non-Dormant,Litter,7-IS_ND_F,1.2,0,1,2019-10-23,296
7,K_1,Italy x Sweden,Non-Dormant,Litter,7-IS_ND_F,1.22,0,1,2019-11-06,310
7,K_1,Italy x Sweden,Non-Dormant,Litter,7-IS_ND_F,1.23,0,1,2019-11-20,324
7,K_1,Italy x Sweden,Non-Dormant,Litter,7-IS_ND_F,1.24,0,1,2019-12-04,338
7,K_1,Italy x Sweden,Non-Dormant,Litter,7-IS_ND_F,1.25,0,1,2019-12-20,354
7,K_1,Italy x Sweden,Non-Dormant,Litter,7-IS_ND_F,1.26,0,1,2020-02-10,41
7,K_1,Italy x Sweden,Non-Dormant,Litter,7-IS_ND_F,1.27,0,1,2020-03-02,62
7,K_1,Italy x Sweden,Non-Dormant,Litter,7-IS_ND_F,1.29,0,1,2020-05-05,126
7,K_1,Italy x Sweden,Non-Dormant,Litter,7-IS_ND_F,2.01,0,2,2020-05-27,148
7,K_1,Italy x Sweden,Non-Dormant,Litter,7-IS_ND_F,2.02,0,2,2020-06-04,156
7,K_1,Italy x Sweden,Non-Dormant,Litter,7-IS_ND_F,2.03,0,2,2020-07-23,205
7,K_1,Italy x Sweden,Non-Dormant,Litter,7-IS_ND_F,2.04,0,2,2020-08-07,220
7,K_1,Italy x Sweden,Non-Dormant,Litter,7-IS_ND_F,2.05,0,2,2020-08-13,226
7,K_1,Italy x Sweden,Non-Dormant,Litter,7-IS_ND_F,2.06,0,2,2020-08-18,231
7,K_1,Italy x Sweden,Non-Dormant,Litter,7-IS_ND_F,2.07,0,2,2020-08-25,238
7,K_1,Italy x Sweden,Non-Dormant,Litter,7-IS_ND_F,2.08,0,2,2020-09-04,248
7,K_1,Italy x Sweden,Non-Dormant,Litter,7-IS_ND_F,2.09,0,2,2020-09-16,260
7,K_1,Italy x Sweden,Non-Dormant,Litter,7-IS_ND_F,2.1,5,2,2020-10-02,276
7,K_1,Italy x Sweden,Non-Dormant,Litter,7-IS_ND_F,2.11,0,2,2020-10-19,293
7,K_1,Italy x Sweden,Non-Dormant,Litter,7-IS_ND_F,2.12,0,2,2020-10-30,304
7,K_1,Italy x Sweden,Non-Dormant,Litter,7-IS_ND_F,2.13,0,2,2020-11-13,318
7,K_1,Italy x Sweden,Non-Dormant,Litter,7-IS_ND_F,2.14,0,2,2020-12-01,336
7,K_1,Italy x Sweden,Non-Dormant,Litter,7-IS_ND_F,2.15,0,2,2020-12-15,350
7,K_1,Italy x Sweden,Non-Dormant,Litter,7-IS_ND_F,2.16,0,2,2021-01-12,12
7,K_1,Italy x Sweden,Non-Dormant,Litter,7-IS_ND_F,2.17,0,2,2021-02-01,32
7,K_1,Italy x Sweden,Non-Dormant,Litter,7-IS_ND_F,2.18,0,2,2021-02-25,56
7,K_1,Italy x Sweden,Non-Dormant,Litter,7-IS_ND_F,2.19,0,2,2021-03-08,67
7,K_1,Italy x Sweden,Non-Dormant,Litter,7-IS_ND_F,2.2,0,2,2021-03-26,85
7,K_1,Italy x Sweden,Non-Dormant,Litter,7-IS_ND_F,2.21,0,2,2021-04-08,98
7,K_1,Italy x Sweden,Non-Dormant,Litter,7-IS_ND_F,3.14,0,3,2021-08-17,229
7,K_1,Italy x Sweden,Non-Dormant,Litter,7-IS_ND_F,3.15,0,3,2021-08-25,237
7,K_1,Italy x Sweden,Non-Dormant,Litter,7-IS_ND_F,3.16,0,3,2021-09-02,245
7,K_1,Italy x Sweden,Non-Dormant,Litter,7-IS_ND_F,3.17,0,3,2021-09-08,251
7,K_1,Italy x Sweden,Non-Dormant,Litter,7-IS_ND_F,3.18,0,3,2021-09-15,258
7,K_1,Italy x Sweden,Non-Dormant,Litter,7-IS_ND_F,3.19,0,3,2021-09-22,265
7,K_1,Italy x Sweden,Non-Dormant,Litter,7-IS_ND_F,3.2,46,3,2021-10-05,278
7,K_1,Italy x Sweden,Non-Dormant,Litter,7-IS_ND_F,3.21,0,3,2021-10-20,293
7,K_1,Italy x Sweden,Non-Dormant,Litter,7-IS_ND_F,3.22,0,3,2021-11-17,321
7,K_1,Italy x Sweden,Non-Dormant,Litter,7-IS_ND_F,3.23,0,3,2021-12-15,349
7,K_2,UK x USA,Dormant,Control,7-TC_D_C,1.01,NA,1,2019-06-12,163
7,K_2,UK x USA,Dormant,Control,7-TC_D_C,1.02,NA,1,2019-06-16,167
7,K_2,UK x USA,Dormant,Control,7-TC_D_C,1.03,NA,1,2019-06-26,177
7,K_2,UK x USA,Dormant,Control,7-TC_D_C,1.04,NA,1,2019-07-03,184
7,K_2,UK x USA,Dormant,Control,7-TC_D_C,1.05,NA,1,2019-07-10,191
7,K_2,UK x USA,Dormant,Control,7-TC_D_C,1.06,NA,1,2019-07-17,198
7,K_2,UK x USA,Dormant,Control,7-TC_D_C,1.07,0,1,2019-07-24,205
7,K_2,UK x USA,Dormant,Control,7-TC_D_C,1.08,0,1,2019-07-31,212
7,K_2,UK x USA,Dormant,Control,7-TC_D_C,1.09,0,1,2019-08-07,219
7,K_2,UK x USA,Dormant,Control,7-TC_D_C,1.1,0,1,2019-08-15,227
7,K_2,UK x USA,Dormant,Control,7-TC_D_C,1.11,0,1,2019-08-20,232
7,K_2,UK x USA,Dormant,Control,7-TC_D_C,1.12,0,1,2019-08-28,240
7,K_2,UK x USA,Dormant,Control,7-TC_D_C,1.13,0,1,2019-09-04,247
7,K_2,UK x USA,Dormant,Control,7-TC_D_C,1.14,0,1,2019-09-11,254
7,K_2,UK x USA,Dormant,Control,7-TC_D_C,1.15,0,1,2019-09-18,261
7,K_2,UK x USA,Dormant,Control,7-TC_D_C,1.16,0,1,2019-09-25,268
7,K_2,UK x USA,Dormant,Control,7-TC_D_C,1.17,0,1,2019-10-02,275
7,K_2,UK x USA,Dormant,Control,7-TC_D_C,1.18,0,1,2019-10-09,282
7,K_2,UK x USA,Dormant,Control,7-TC_D_C,1.19,0,1,2019-10-18,291
7,K_2,UK x USA,Dormant,Control,7-TC_D_C,1.2,3,1,2019-10-23,296
7,K_2,UK x USA,Dormant,Control,7-TC_D_C,1.22,0,1,2019-11-06,310
7,K_2,UK x USA,Dormant,Control,7-TC_D_C,1.23,0,1,2019-11-20,324
7,K_2,UK x USA,Dormant,Control,7-TC_D_C,1.24,0,1,2019-12-04,338
7,K_2,UK x USA,Dormant,Control,7-TC_D_C,1.25,0,1,2019-12-20,354
7,K_2,UK x USA,Dormant,Control,7-TC_D_C,1.26,0,1,2020-02-10,41
7,K_2,UK x USA,Dormant,Control,7-TC_D_C,1.27,0,1,2020-03-02,62
7,K_2,UK x USA,Dormant,Control,7-TC_D_C,1.29,0,1,2020-05-05,126
7,K_2,UK x USA,Dormant,Control,7-TC_D_C,2.01,0,2,2020-05-27,148
7,K_2,UK x USA,Dormant,Control,7-TC_D_C,2.02,1,2,2020-06-04,156
7,K_2,UK x USA,Dormant,Control,7-TC_D_C,2.03,0,2,2020-07-23,205
7,K_2,UK x USA,Dormant,Control,7-TC_D_C,2.04,0,2,2020-08-07,220
7,K_2,UK x USA,Dormant,Control,7-TC_D_C,2.05,0,2,2020-08-13,226
7,K_2,UK x USA,Dormant,Control,7-TC_D_C,2.06,0,2,2020-08-18,231
7,K_2,UK x USA,Dormant,Control,7-TC_D_C,2.07,0,2,2020-08-25,238
7,K_2,UK x USA,Dormant,Control,7-TC_D_C,2.08,68,2,2020-09-04,248
7,K_2,UK x USA,Dormant,Control,7-TC_D_C,2.09,0,2,2020-09-16,260
7,K_2,UK x USA,Dormant,Control,7-TC_D_C,2.1,0,2,2020-10-02,276
7,K_2,UK x USA,Dormant,Control,7-TC_D_C,2.11,0,2,2020-10-19,293
7,K_2,UK x USA,Dormant,Control,7-TC_D_C,2.12,0,2,2020-10-30,304
7,K_2,UK x USA,Dormant,Control,7-TC_D_C,2.13,1,2,2020-11-13,318
7,K_2,UK x USA,Dormant,Control,7-TC_D_C,2.14,0,2,2020-12-01,336
7,K_2,UK x USA,Dormant,Control,7-TC_D_C,2.15,0,2,2020-12-15,350
7,K_2,UK x USA,Dormant,Control,7-TC_D_C,2.16,0,2,2021-01-12,12
7,K_2,UK x USA,Dormant,Control,7-TC_D_C,2.17,0,2,2021-02-01,32
7,K_2,UK x USA,Dormant,Control,7-TC_D_C,2.18,0,2,2021-02-25,56
7,K_2,UK x USA,Dormant,Control,7-TC_D_C,2.19,0,2,2021-03-08,67
7,K_2,UK x USA,Dormant,Control,7-TC_D_C,2.2,0,2,2021-03-26,85
7,K_2,UK x USA,Dormant,Control,7-TC_D_C,2.21,0,2,2021-04-08,98
7,K_2,UK x USA,Dormant,Control,7-TC_D_C,3.14,0,3,2021-08-17,229
7,K_2,UK x USA,Dormant,Control,7-TC_D_C,3.15,0,3,2021-08-25,237
7,K_2,UK x USA,Dormant,Control,7-TC_D_C,3.16,0,3,2021-09-02,245
7,K_2,UK x USA,Dormant,Control,7-TC_D_C,3.17,0,3,2021-09-08,251
7,K_2,UK x USA,Dormant,Control,7-TC_D_C,3.18,0,3,2021-09-15,258
7,K_2,UK x USA,Dormant,Control,7-TC_D_C,3.19,0,3,2021-09-22,265
7,K_2,UK x USA,Dormant,Control,7-TC_D_C,3.2,6,3,2021-10-05,278
7,K_2,UK x USA,Dormant,Control,7-TC_D_C,3.21,8,3,2021-10-20,293
7,K_2,UK x USA,Dormant,Control,7-TC_D_C,3.22,0,3,2021-11-17,321
7,K_2,UK x USA,Dormant,Control,7-TC_D_C,3.23,1,3,2021-12-15,349
7,K_3,UK x USA,Mixed,Control,7-TC_M_C,1.01,NA,1,2019-06-12,163
7,K_3,UK x USA,Mixed,Control,7-TC_M_C,1.02,NA,1,2019-06-16,167
7,K_3,UK x USA,Mixed,Control,7-TC_M_C,1.03,NA,1,2019-06-26,177
7,K_3,UK x USA,Mixed,Control,7-TC_M_C,1.04,NA,1,2019-07-03,184
7,K_3,UK x USA,Mixed,Control,7-TC_M_C,1.05,NA,1,2019-07-10,191
7,K_3,UK x USA,Mixed,Control,7-TC_M_C,1.06,NA,1,2019-07-17,198
7,K_3,UK x USA,Mixed,Control,7-TC_M_C,1.07,0,1,2019-07-24,205
7,K_3,UK x USA,Mixed,Control,7-TC_M_C,1.08,0,1,2019-07-31,212
7,K_3,UK x USA,Mixed,Control,7-TC_M_C,1.09,0,1,2019-08-07,219
7,K_3,UK x USA,Mixed,Control,7-TC_M_C,1.1,0,1,2019-08-15,227
7,K_3,UK x USA,Mixed,Control,7-TC_M_C,1.11,0,1,2019-08-20,232
7,K_3,UK x USA,Mixed,Control,7-TC_M_C,1.12,0,1,2019-08-28,240
7,K_3,UK x USA,Mixed,Control,7-TC_M_C,1.13,0,1,2019-09-04,247
7,K_3,UK x USA,Mixed,Control,7-TC_M_C,1.14,0,1,2019-09-11,254
7,K_3,UK x USA,Mixed,Control,7-TC_M_C,1.15,0,1,2019-09-18,261
7,K_3,UK x USA,Mixed,Control,7-TC_M_C,1.16,0,1,2019-09-25,268
7,K_3,UK x USA,Mixed,Control,7-TC_M_C,1.17,0,1,2019-10-02,275
7,K_3,UK x USA,Mixed,Control,7-TC_M_C,1.18,0,1,2019-10-09,282
7,K_3,UK x USA,Mixed,Control,7-TC_M_C,1.19,0,1,2019-10-18,291
7,K_3,UK x USA,Mixed,Control,7-TC_M_C,1.2,0,1,2019-10-23,296
7,K_3,UK x USA,Mixed,Control,7-TC_M_C,1.22,0,1,2019-11-06,310
7,K_3,UK x USA,Mixed,Control,7-TC_M_C,1.23,0,1,2019-11-20,324
7,K_3,UK x USA,Mixed,Control,7-TC_M_C,1.24,0,1,2019-12-04,338
7,K_3,UK x USA,Mixed,Control,7-TC_M_C,1.25,0,1,2019-12-20,354
7,K_3,UK x USA,Mixed,Control,7-TC_M_C,1.26,0,1,2020-02-10,41
7,K_3,UK x USA,Mixed,Control,7-TC_M_C,1.27,0,1,2020-03-02,62
7,K_3,UK x USA,Mixed,Control,7-TC_M_C,1.29,0,1,2020-05-05,126
7,K_3,UK x USA,Mixed,Control,7-TC_M_C,2.01,0,2,2020-05-27,148
7,K_3,UK x USA,Mixed,Control,7-TC_M_C,2.02,8,2,2020-06-04,156
7,K_3,UK x USA,Mixed,Control,7-TC_M_C,2.03,0,2,2020-07-23,205
7,K_3,UK x USA,Mixed,Control,7-TC_M_C,2.04,0,2,2020-08-07,220
7,K_3,UK x USA,Mixed,Control,7-TC_M_C,2.05,0,2,2020-08-13,226
7,K_3,UK x USA,Mixed,Control,7-TC_M_C,2.06,0,2,2020-08-18,231
7,K_3,UK x USA,Mixed,Control,7-TC_M_C,2.07,0,2,2020-08-25,238
7,K_3,UK x USA,Mixed,Control,7-TC_M_C,2.08,31,2,2020-09-04,248
7,K_3,UK x USA,Mixed,Control,7-TC_M_C,2.09,2,2,2020-09-16,260
7,K_3,UK x USA,Mixed,Control,7-TC_M_C,2.1,13,2,2020-10-02,276
7,K_3,UK x USA,Mixed,Control,7-TC_M_C,2.11,0,2,2020-10-19,293
7,K_3,UK x USA,Mixed,Control,7-TC_M_C,2.12,0,2,2020-10-30,304
7,K_3,UK x USA,Mixed,Control,7-TC_M_C,2.13,0,2,2020-11-13,318
7,K_3,UK x USA,Mixed,Control,7-TC_M_C,2.14,0,2,2020-12-01,336
7,K_3,UK x USA,Mixed,Control,7-TC_M_C,2.15,0,2,2020-12-15,350
7,K_3,UK x USA,Mixed,Control,7-TC_M_C,2.16,0,2,2021-01-12,12
7,K_3,UK x USA,Mixed,Control,7-TC_M_C,2.17,0,2,2021-02-01,32
7,K_3,UK x USA,Mixed,Control,7-TC_M_C,2.18,0,2,2021-02-25,56
7,K_3,UK x USA,Mixed,Control,7-TC_M_C,2.19,0,2,2021-03-08,67
7,K_3,UK x USA,Mixed,Control,7-TC_M_C,2.2,0,2,2021-03-26,85
7,K_3,UK x USA,Mixed,Control,7-TC_M_C,2.21,0,2,2021-04-08,98
7,K_3,UK x USA,Mixed,Control,7-TC_M_C,3.14,0,3,2021-08-17,229
7,K_3,UK x USA,Mixed,Control,7-TC_M_C,3.15,0,3,2021-08-25,237
7,K_3,UK x USA,Mixed,Control,7-TC_M_C,3.16,0,3,2021-09-02,245
7,K_3,UK x USA,Mixed,Control,7-TC_M_C,3.17,0,3,2021-09-08,251
7,K_3,UK x USA,Mixed,Control,7-TC_M_C,3.18,0,3,2021-09-15,258
7,K_3,UK x USA,Mixed,Control,7-TC_M_C,3.19,0,3,2021-09-22,265
7,K_3,UK x USA,Mixed,Control,7-TC_M_C,3.2,0,3,2021-10-05,278
7,K_3,UK x USA,Mixed,Control,7-TC_M_C,3.21,0,3,2021-10-20,293
7,K_3,UK x USA,Mixed,Control,7-TC_M_C,3.22,0,3,2021-11-17,321
7,K_3,UK x USA,Mixed,Control,7-TC_M_C,3.23,0,3,2021-12-15,349
7,K_4,Italy x Sweden,Dormant,Control,7-IS_D_C,1.01,0,1,2019-06-12,163
7,K_4,Italy x Sweden,Dormant,Control,7-IS_D_C,1.02,0,1,2019-06-16,167
7,K_4,Italy x Sweden,Dormant,Control,7-IS_D_C,1.03,0,1,2019-06-26,177
7,K_4,Italy x Sweden,Dormant,Control,7-IS_D_C,1.04,0,1,2019-07-03,184
7,K_4,Italy x Sweden,Dormant,Control,7-IS_D_C,1.05,NA,1,2019-07-10,191
7,K_4,Italy x Sweden,Dormant,Control,7-IS_D_C,1.06,NA,1,2019-07-17,198
7,K_4,Italy x Sweden,Dormant,Control,7-IS_D_C,1.07,0,1,2019-07-24,205
7,K_4,Italy x Sweden,Dormant,Control,7-IS_D_C,1.08,0,1,2019-07-31,212
7,K_4,Italy x Sweden,Dormant,Control,7-IS_D_C,1.09,0,1,2019-08-07,219
7,K_4,Italy x Sweden,Dormant,Control,7-IS_D_C,1.1,0,1,2019-08-15,227
7,K_4,Italy x Sweden,Dormant,Control,7-IS_D_C,1.11,0,1,2019-08-20,232
7,K_4,Italy x Sweden,Dormant,Control,7-IS_D_C,1.12,0,1,2019-08-28,240
7,K_4,Italy x Sweden,Dormant,Control,7-IS_D_C,1.13,0,1,2019-09-04,247
7,K_4,Italy x Sweden,Dormant,Control,7-IS_D_C,1.14,0,1,2019-09-11,254
7,K_4,Italy x Sweden,Dormant,Control,7-IS_D_C,1.15,0,1,2019-09-18,261
7,K_4,Italy x Sweden,Dormant,Control,7-IS_D_C,1.16,0,1,2019-09-25,268
7,K_4,Italy x Sweden,Dormant,Control,7-IS_D_C,1.17,0,1,2019-10-02,275
7,K_4,Italy x Sweden,Dormant,Control,7-IS_D_C,1.18,0,1,2019-10-09,282
7,K_4,Italy x Sweden,Dormant,Control,7-IS_D_C,1.19,0,1,2019-10-18,291
7,K_4,Italy x Sweden,Dormant,Control,7-IS_D_C,1.2,0,1,2019-10-23,296
7,K_4,Italy x Sweden,Dormant,Control,7-IS_D_C,1.22,0,1,2019-11-06,310
7,K_4,Italy x Sweden,Dormant,Control,7-IS_D_C,1.23,0,1,2019-11-20,324
7,K_4,Italy x Sweden,Dormant,Control,7-IS_D_C,1.24,0,1,2019-12-04,338
7,K_4,Italy x Sweden,Dormant,Control,7-IS_D_C,1.25,0,1,2019-12-20,354
7,K_4,Italy x Sweden,Dormant,Control,7-IS_D_C,1.26,0,1,2020-02-10,41
7,K_4,Italy x Sweden,Dormant,Control,7-IS_D_C,1.27,0,1,2020-03-02,62
7,K_4,Italy x Sweden,Dormant,Control,7-IS_D_C,1.29,0,1,2020-05-05,126
7,K_4,Italy x Sweden,Dormant,Control,7-IS_D_C,2.01,87,2,2020-05-27,148
7,K_4,Italy x Sweden,Dormant,Control,7-IS_D_C,2.02,142,2,2020-06-04,156
7,K_4,Italy x Sweden,Dormant,Control,7-IS_D_C,2.03,0,2,2020-07-23,205
7,K_4,Italy x Sweden,Dormant,Control,7-IS_D_C,2.04,0,2,2020-08-07,220
7,K_4,Italy x Sweden,Dormant,Control,7-IS_D_C,2.05,0,2,2020-08-13,226
7,K_4,Italy x Sweden,Dormant,Control,7-IS_D_C,2.06,0,2,2020-08-18,231
7,K_4,Italy x Sweden,Dormant,Control,7-IS_D_C,2.07,0,2,2020-08-25,238
7,K_4,Italy x Sweden,Dormant,Control,7-IS_D_C,2.08,7,2,2020-09-04,248
7,K_4,Italy x Sweden,Dormant,Control,7-IS_D_C,2.09,1,2,2020-09-16,260
7,K_4,Italy x Sweden,Dormant,Control,7-IS_D_C,2.1,19,2,2020-10-02,276
7,K_4,Italy x Sweden,Dormant,Control,7-IS_D_C,2.11,0,2,2020-10-19,293
7,K_4,Italy x Sweden,Dormant,Control,7-IS_D_C,2.12,0,2,2020-10-30,304
7,K_4,Italy x Sweden,Dormant,Control,7-IS_D_C,2.13,0,2,2020-11-13,318
7,K_4,Italy x Sweden,Dormant,Control,7-IS_D_C,2.14,0,2,2020-12-01,336
7,K_4,Italy x Sweden,Dormant,Control,7-IS_D_C,2.15,0,2,2020-12-15,350
7,K_4,Italy x Sweden,Dormant,Control,7-IS_D_C,2.16,0,2,2021-01-12,12
7,K_4,Italy x Sweden,Dormant,Control,7-IS_D_C,2.17,0,2,2021-02-01,32
7,K_4,Italy x Sweden,Dormant,Control,7-IS_D_C,2.18,0,2,2021-02-25,56
7,K_4,Italy x Sweden,Dormant,Control,7-IS_D_C,2.19,0,2,2021-03-08,67
7,K_4,Italy x Sweden,Dormant,Control,7-IS_D_C,2.2,0,2,2021-03-26,85
7,K_4,Italy x Sweden,Dormant,Control,7-IS_D_C,2.21,0,2,2021-04-08,98
7,K_4,Italy x Sweden,Dormant,Control,7-IS_D_C,3.14,0,3,2021-08-17,229
7,K_4,Italy x Sweden,Dormant,Control,7-IS_D_C,3.15,0,3,2021-08-25,237
7,K_4,Italy x Sweden,Dormant,Control,7-IS_D_C,3.16,0,3,2021-09-02,245
7,K_4,Italy x Sweden,Dormant,Control,7-IS_D_C,3.17,0,3,2021-09-08,251
7,K_4,Italy x Sweden,Dormant,Control,7-IS_D_C,3.18,0,3,2021-09-15,258
7,K_4,Italy x Sweden,Dormant,Control,7-IS_D_C,3.19,0,3,2021-09-22,265
7,K_4,Italy x Sweden,Dormant,Control,7-IS_D_C,3.2,5,3,2021-10-05,278
7,K_4,Italy x Sweden,Dormant,Control,7-IS_D_C,3.21,4,3,2021-10-20,293
7,K_4,Italy x Sweden,Dormant,Control,7-IS_D_C,3.22,0,3,2021-11-17,321
7,K_4,Italy x Sweden,Dormant,Control,7-IS_D_C,3.23,4,3,2021-12-15,349
7,K_5,Italy x Sweden,Non-Dormant,High Humidity,7-IS_ND_D,1.01,14,1,2019-06-12,163
7,K_5,Italy x Sweden,Non-Dormant,High Humidity,7-IS_ND_D,1.02,0,1,2019-06-16,167
7,K_5,Italy x Sweden,Non-Dormant,High Humidity,7-IS_ND_D,1.03,0,1,2019-06-26,177
7,K_5,Italy x Sweden,Non-Dormant,High Humidity,7-IS_ND_D,1.04,0,1,2019-07-03,184
7,K_5,Italy x Sweden,Non-Dormant,High Humidity,7-IS_ND_D,1.05,NA,1,2019-07-10,191
7,K_5,Italy x Sweden,Non-Dormant,High Humidity,7-IS_ND_D,1.06,NA,1,2019-07-17,198
7,K_5,Italy x Sweden,Non-Dormant,High Humidity,7-IS_ND_D,1.07,0,1,2019-07-24,205
7,K_5,Italy x Sweden,Non-Dormant,High Humidity,7-IS_ND_D,1.08,0,1,2019-07-31,212
7,K_5,Italy x Sweden,Non-Dormant,High Humidity,7-IS_ND_D,1.09,0,1,2019-08-07,219
7,K_5,Italy x Sweden,Non-Dormant,High Humidity,7-IS_ND_D,1.1,0,1,2019-08-15,227
7,K_5,Italy x Sweden,Non-Dormant,High Humidity,7-IS_ND_D,1.11,0,1,2019-08-20,232
7,K_5,Italy x Sweden,Non-Dormant,High Humidity,7-IS_ND_D,1.12,0,1,2019-08-28,240
7,K_5,Italy x Sweden,Non-Dormant,High Humidity,7-IS_ND_D,1.13,0,1,2019-09-04,247
7,K_5,Italy x Sweden,Non-Dormant,High Humidity,7-IS_ND_D,1.14,0,1,2019-09-11,254
7,K_5,Italy x Sweden,Non-Dormant,High Humidity,7-IS_ND_D,1.15,0,1,2019-09-18,261
7,K_5,Italy x Sweden,Non-Dormant,High Humidity,7-IS_ND_D,1.16,0,1,2019-09-25,268
7,K_5,Italy x Sweden,Non-Dormant,High Humidity,7-IS_ND_D,1.17,0,1,2019-10-02,275
7,K_5,Italy x Sweden,Non-Dormant,High Humidity,7-IS_ND_D,1.18,0,1,2019-10-09,282
7,K_5,Italy x Sweden,Non-Dormant,High Humidity,7-IS_ND_D,1.19,0,1,2019-10-18,291
7,K_5,Italy x Sweden,Non-Dormant,High Humidity,7-IS_ND_D,1.2,0,1,2019-10-23,296
7,K_5,Italy x Sweden,Non-Dormant,High Humidity,7-IS_ND_D,1.22,0,1,2019-11-06,310
7,K_5,Italy x Sweden,Non-Dormant,High Humidity,7-IS_ND_D,1.23,0,1,2019-11-20,324
7,K_5,Italy x Sweden,Non-Dormant,High Humidity,7-IS_ND_D,1.24,0,1,2019-12-04,338
7,K_5,Italy x Sweden,Non-Dormant,High Humidity,7-IS_ND_D,1.25,0,1,2019-12-20,354
7,K_5,Italy x Sweden,Non-Dormant,High Humidity,7-IS_ND_D,1.26,0,1,2020-02-10,41
7,K_5,Italy x Sweden,Non-Dormant,High Humidity,7-IS_ND_D,1.27,0,1,2020-03-02,62
7,K_5,Italy x Sweden,Non-Dormant,High Humidity,7-IS_ND_D,1.29,0,1,2020-05-05,126
7,K_5,Italy x Sweden,Non-Dormant,High Humidity,7-IS_ND_D,2.01,0,2,2020-05-27,148
7,K_5,Italy x Sweden,Non-Dormant,High Humidity,7-IS_ND_D,2.02,0,2,2020-06-04,156
7,K_5,Italy x Sweden,Non-Dormant,High Humidity,7-IS_ND_D,2.03,0,2,2020-07-23,205
7,K_5,Italy x Sweden,Non-Dormant,High Humidity,7-IS_ND_D,2.04,0,2,2020-08-07,220
7,K_5,Italy x Sweden,Non-Dormant,High Humidity,7-IS_ND_D,2.05,0,2,2020-08-13,226
7,K_5,Italy x Sweden,Non-Dormant,High Humidity,7-IS_ND_D,2.06,0,2,2020-08-18,231
7,K_5,Italy x Sweden,Non-Dormant,High Humidity,7-IS_ND_D,2.07,0,2,2020-08-25,238
7,K_5,Italy x Sweden,Non-Dormant,High Humidity,7-IS_ND_D,2.08,0,2,2020-09-10,254
7,K_5,Italy x Sweden,Non-Dormant,High Humidity,7-IS_ND_D,2.09,0,2,2020-09-18,262
7,K_5,Italy x Sweden,Non-Dormant,High Humidity,7-IS_ND_D,2.1,2,2,2020-10-02,276
7,K_5,Italy x Sweden,Non-Dormant,High Humidity,7-IS_ND_D,2.11,0,2,2020-10-19,293
7,K_5,Italy x Sweden,Non-Dormant,High Humidity,7-IS_ND_D,2.12,0,2,2020-10-30,304
7,K_5,Italy x Sweden,Non-Dormant,High Humidity,7-IS_ND_D,2.13,1,2,2020-11-13,318
7,K_5,Italy x Sweden,Non-Dormant,High Humidity,7-IS_ND_D,2.14,0,2,2020-12-01,336
7,K_5,Italy x Sweden,Non-Dormant,High Humidity,7-IS_ND_D,2.15,0,2,2020-12-15,350
7,K_5,Italy x Sweden,Non-Dormant,High Humidity,7-IS_ND_D,2.16,0,2,2021-01-12,12
7,K_5,Italy x Sweden,Non-Dormant,High Humidity,7-IS_ND_D,2.17,0,2,2021-02-01,32
7,K_5,Italy x Sweden,Non-Dormant,High Humidity,7-IS_ND_D,2.18,0,2,2021-02-25,56
7,K_5,Italy x Sweden,Non-Dormant,High Humidity,7-IS_ND_D,2.19,0,2,2021-03-08,67
7,K_5,Italy x Sweden,Non-Dormant,High Humidity,7-IS_ND_D,2.2,0,2,2021-03-26,85
7,K_5,Italy x Sweden,Non-Dormant,High Humidity,7-IS_ND_D,2.21,0,2,2021-04-08,98
7,K_5,Italy x Sweden,Non-Dormant,High Humidity,7-IS_ND_D,3.14,0,3,2021-08-17,229
7,K_5,Italy x Sweden,Non-Dormant,High Humidity,7-IS_ND_D,3.15,0,3,2021-08-25,237
7,K_5,Italy x Sweden,Non-Dormant,High Humidity,7-IS_ND_D,3.16,0,3,2021-09-02,245
7,K_5,Italy x Sweden,Non-Dormant,High Humidity,7-IS_ND_D,3.17,0,3,2021-09-08,251
7,K_5,Italy x Sweden,Non-Dormant,High Humidity,7-IS_ND_D,3.18,0,3,2021-09-15,258
7,K_5,Italy x Sweden,Non-Dormant,High Humidity,7-IS_ND_D,3.19,0,3,2021-09-22,265
7,K_5,Italy x Sweden,Non-Dormant,High Humidity,7-IS_ND_D,3.2,0,3,2021-10-05,278
7,K_5,Italy x Sweden,Non-Dormant,High Humidity,7-IS_ND_D,3.21,1,3,2021-10-20,293
7,K_5,Italy x Sweden,Non-Dormant,High Humidity,7-IS_ND_D,3.22,0,3,2021-11-17,321
7,K_5,Italy x Sweden,Non-Dormant,High Humidity,7-IS_ND_D,3.23,0,3,2021-12-15,349
7,K_6,Italy x Sweden,Mixed,Litter,7-IS_M_F,1.01,0,1,2019-06-12,163
7,K_6,Italy x Sweden,Mixed,Litter,7-IS_M_F,1.02,0,1,2019-06-16,167
7,K_6,Italy x Sweden,Mixed,Litter,7-IS_M_F,1.03,0,1,2019-06-26,177
7,K_6,Italy x Sweden,Mixed,Litter,7-IS_M_F,1.04,0,1,2019-07-03,184
7,K_6,Italy x Sweden,Mixed,Litter,7-IS_M_F,1.05,NA,1,2019-07-10,191
7,K_6,Italy x Sweden,Mixed,Litter,7-IS_M_F,1.06,NA,1,2019-07-17,198
7,K_6,Italy x Sweden,Mixed,Litter,7-IS_M_F,1.07,0,1,2019-07-24,205
7,K_6,Italy x Sweden,Mixed,Litter,7-IS_M_F,1.08,0,1,2019-07-31,212
7,K_6,Italy x Sweden,Mixed,Litter,7-IS_M_F,1.09,0,1,2019-08-07,219
7,K_6,Italy x Sweden,Mixed,Litter,7-IS_M_F,1.1,0,1,2019-08-15,227
7,K_6,Italy x Sweden,Mixed,Litter,7-IS_M_F,1.11,0,1,2019-08-20,232
7,K_6,Italy x Sweden,Mixed,Litter,7-IS_M_F,1.12,0,1,2019-08-28,240
7,K_6,Italy x Sweden,Mixed,Litter,7-IS_M_F,1.13,0,1,2019-09-04,247
7,K_6,Italy x Sweden,Mixed,Litter,7-IS_M_F,1.14,0,1,2019-09-11,254
7,K_6,Italy x Sweden,Mixed,Litter,7-IS_M_F,1.15,0,1,2019-09-18,261
7,K_6,Italy x Sweden,Mixed,Litter,7-IS_M_F,1.16,0,1,2019-09-25,268
7,K_6,Italy x Sweden,Mixed,Litter,7-IS_M_F,1.17,0,1,2019-10-02,275
7,K_6,Italy x Sweden,Mixed,Litter,7-IS_M_F,1.18,0,1,2019-10-09,282
7,K_6,Italy x Sweden,Mixed,Litter,7-IS_M_F,1.19,0,1,2019-10-18,291
7,K_6,Italy x Sweden,Mixed,Litter,7-IS_M_F,1.2,0,1,2019-10-23,296
7,K_6,Italy x Sweden,Mixed,Litter,7-IS_M_F,1.22,0,1,2019-11-06,310
7,K_6,Italy x Sweden,Mixed,Litter,7-IS_M_F,1.23,0,1,2019-11-20,324
7,K_6,Italy x Sweden,Mixed,Litter,7-IS_M_F,1.24,0,1,2019-12-04,338
7,K_6,Italy x Sweden,Mixed,Litter,7-IS_M_F,1.25,0,1,2019-12-20,354
7,K_6,Italy x Sweden,Mixed,Litter,7-IS_M_F,1.26,0,1,2020-02-10,41
7,K_6,Italy x Sweden,Mixed,Litter,7-IS_M_F,1.27,0,1,2020-03-02,62
7,K_6,Italy x Sweden,Mixed,Litter,7-IS_M_F,1.29,0,1,2020-05-05,126
7,K_6,Italy x Sweden,Mixed,Litter,7-IS_M_F,2.01,0,2,2020-05-27,148
7,K_6,Italy x Sweden,Mixed,Litter,7-IS_M_F,2.02,0,2,2020-06-04,156
7,K_6,Italy x Sweden,Mixed,Litter,7-IS_M_F,2.03,0,2,2020-07-23,205
7,K_6,Italy x Sweden,Mixed,Litter,7-IS_M_F,2.04,0,2,2020-08-07,220
7,K_6,Italy x Sweden,Mixed,Litter,7-IS_M_F,2.05,0,2,2020-08-13,226
7,K_6,Italy x Sweden,Mixed,Litter,7-IS_M_F,2.06,0,2,2020-08-18,231
7,K_6,Italy x Sweden,Mixed,Litter,7-IS_M_F,2.07,0,2,2020-08-25,238
7,K_6,Italy x Sweden,Mixed,Litter,7-IS_M_F,2.08,0,2,2020-09-10,254
7,K_6,Italy x Sweden,Mixed,Litter,7-IS_M_F,2.09,0,2,2020-09-18,262
7,K_6,Italy x Sweden,Mixed,Litter,7-IS_M_F,2.1,1,2,2020-10-02,276
7,K_6,Italy x Sweden,Mixed,Litter,7-IS_M_F,2.11,0,2,2020-10-19,293
7,K_6,Italy x Sweden,Mixed,Litter,7-IS_M_F,2.12,0,2,2020-10-30,304
7,K_6,Italy x Sweden,Mixed,Litter,7-IS_M_F,2.13,1,2,2020-11-13,318
7,K_6,Italy x Sweden,Mixed,Litter,7-IS_M_F,2.14,0,2,2020-12-01,336
7,K_6,Italy x Sweden,Mixed,Litter,7-IS_M_F,2.15,0,2,2020-12-15,350
7,K_6,Italy x Sweden,Mixed,Litter,7-IS_M_F,2.16,0,2,2021-01-12,12
7,K_6,Italy x Sweden,Mixed,Litter,7-IS_M_F,2.17,0,2,2021-02-01,32
7,K_6,Italy x Sweden,Mixed,Litter,7-IS_M_F,2.18,0,2,2021-02-25,56
7,K_6,Italy x Sweden,Mixed,Litter,7-IS_M_F,2.19,0,2,2021-03-08,67
7,K_6,Italy x Sweden,Mixed,Litter,7-IS_M_F,2.2,0,2,2021-03-26,85
7,K_6,Italy x Sweden,Mixed,Litter,7-IS_M_F,2.21,0,2,2021-04-08,98
7,K_6,Italy x Sweden,Mixed,Litter,7-IS_M_F,3.14,0,3,2021-08-17,229
7,K_6,Italy x Sweden,Mixed,Litter,7-IS_M_F,3.15,0,3,2021-08-25,237
7,K_6,Italy x Sweden,Mixed,Litter,7-IS_M_F,3.16,0,3,2021-09-02,245
7,K_6,Italy x Sweden,Mixed,Litter,7-IS_M_F,3.17,0,3,2021-09-08,251
7,K_6,Italy x Sweden,Mixed,Litter,7-IS_M_F,3.18,0,3,2021-09-15,258
7,K_6,Italy x Sweden,Mixed,Litter,7-IS_M_F,3.19,0,3,2021-09-22,265
7,K_6,Italy x Sweden,Mixed,Litter,7-IS_M_F,3.2,0,3,2021-10-05,278
7,K_6,Italy x Sweden,Mixed,Litter,7-IS_M_F,3.21,1,3,2021-10-20,293
7,K_6,Italy x Sweden,Mixed,Litter,7-IS_M_F,3.22,0,3,2021-11-17,321
7,K_6,Italy x Sweden,Mixed,Litter,7-IS_M_F,3.23,0,3,2021-12-15,349
7,K_7,Germany x Tajikistan,Mixed,Control,7-BS_M_C,1.01,NA,1,2019-06-12,163
7,K_7,Germany x Tajikistan,Mixed,Control,7-BS_M_C,1.02,NA,1,2019-06-16,167
7,K_7,Germany x Tajikistan,Mixed,Control,7-BS_M_C,1.03,NA,1,2019-06-26,177
7,K_7,Germany x Tajikistan,Mixed,Control,7-BS_M_C,1.04,NA,1,2019-07-03,184
7,K_7,Germany x Tajikistan,Mixed,Control,7-BS_M_C,1.05,NA,1,2019-07-10,191
7,K_7,Germany x Tajikistan,Mixed,Control,7-BS_M_C,1.06,NA,1,2019-07-17,198
7,K_7,Germany x Tajikistan,Mixed,Control,7-BS_M_C,1.07,0,1,2019-07-24,205
7,K_7,Germany x Tajikistan,Mixed,Control,7-BS_M_C,1.08,0,1,2019-07-31,212
7,K_7,Germany x Tajikistan,Mixed,Control,7-BS_M_C,1.09,0,1,2019-08-07,219
7,K_7,Germany x Tajikistan,Mixed,Control,7-BS_M_C,1.1,0,1,2019-08-15,227
7,K_7,Germany x Tajikistan,Mixed,Control,7-BS_M_C,1.11,0,1,2019-08-20,232
7,K_7,Germany x Tajikistan,Mixed,Control,7-BS_M_C,1.12,0,1,2019-08-28,240
7,K_7,Germany x Tajikistan,Mixed,Control,7-BS_M_C,1.13,0,1,2019-09-04,247
7,K_7,Germany x Tajikistan,Mixed,Control,7-BS_M_C,1.14,0,1,2019-09-11,254
7,K_7,Germany x Tajikistan,Mixed,Control,7-BS_M_C,1.15,0,1,2019-09-18,261
7,K_7,Germany x Tajikistan,Mixed,Control,7-BS_M_C,1.16,0,1,2019-09-25,268
7,K_7,Germany x Tajikistan,Mixed,Control,7-BS_M_C,1.17,0,1,2019-10-02,275
7,K_7,Germany x Tajikistan,Mixed,Control,7-BS_M_C,1.18,0,1,2019-10-09,282
7,K_7,Germany x Tajikistan,Mixed,Control,7-BS_M_C,1.19,0,1,2019-10-18,291
7,K_7,Germany x Tajikistan,Mixed,Control,7-BS_M_C,1.2,5,1,2019-10-23,296
7,K_7,Germany x Tajikistan,Mixed,Control,7-BS_M_C,1.22,0,1,2019-11-06,310
7,K_7,Germany x Tajikistan,Mixed,Control,7-BS_M_C,1.23,0,1,2019-11-20,324
7,K_7,Germany x Tajikistan,Mixed,Control,7-BS_M_C,1.24,0,1,2019-12-04,338
7,K_7,Germany x Tajikistan,Mixed,Control,7-BS_M_C,1.25,0,1,2019-12-20,354
7,K_7,Germany x Tajikistan,Mixed,Control,7-BS_M_C,1.26,0,1,2020-02-10,41
7,K_7,Germany x Tajikistan,Mixed,Control,7-BS_M_C,1.27,0,1,2020-03-02,62
7,K_7,Germany x Tajikistan,Mixed,Control,7-BS_M_C,1.29,0,1,2020-05-05,126
7,K_7,Germany x Tajikistan,Mixed,Control,7-BS_M_C,2.01,0,2,2020-05-27,148
7,K_7,Germany x Tajikistan,Mixed,Control,7-BS_M_C,2.02,0,2,2020-06-04,156
7,K_7,Germany x Tajikistan,Mixed,Control,7-BS_M_C,2.03,0,2,2020-07-23,205
7,K_7,Germany x Tajikistan,Mixed,Control,7-BS_M_C,2.04,0,2,2020-08-07,220
7,K_7,Germany x Tajikistan,Mixed,Control,7-BS_M_C,2.05,0,2,2020-08-13,226
7,K_7,Germany x Tajikistan,Mixed,Control,7-BS_M_C,2.06,0,2,2020-08-18,231
7,K_7,Germany x Tajikistan,Mixed,Control,7-BS_M_C,2.07,0,2,2020-08-25,238
7,K_7,Germany x Tajikistan,Mixed,Control,7-BS_M_C,2.08,12,2,2020-09-10,254
7,K_7,Germany x Tajikistan,Mixed,Control,7-BS_M_C,2.09,14,2,2020-09-18,262
7,K_7,Germany x Tajikistan,Mixed,Control,7-BS_M_C,2.1,1,2,2020-10-02,276
7,K_7,Germany x Tajikistan,Mixed,Control,7-BS_M_C,2.11,0,2,2020-10-19,293
7,K_7,Germany x Tajikistan,Mixed,Control,7-BS_M_C,2.12,0,2,2020-10-30,304
7,K_7,Germany x Tajikistan,Mixed,Control,7-BS_M_C,2.13,0,2,2020-11-13,318
7,K_7,Germany x Tajikistan,Mixed,Control,7-BS_M_C,2.14,0,2,2020-12-01,336
7,K_7,Germany x Tajikistan,Mixed,Control,7-BS_M_C,2.15,0,2,2020-12-15,350
7,K_7,Germany x Tajikistan,Mixed,Control,7-BS_M_C,2.16,0,2,2021-01-12,12
7,K_7,Germany x Tajikistan,Mixed,Control,7-BS_M_C,2.17,0,2,2021-02-01,32
7,K_7,Germany x Tajikistan,Mixed,Control,7-BS_M_C,2.18,0,2,2021-02-25,56
7,K_7,Germany x Tajikistan,Mixed,Control,7-BS_M_C,2.19,0,2,2021-03-08,67
7,K_7,Germany x Tajikistan,Mixed,Control,7-BS_M_C,2.2,0,2,2021-03-26,85
7,K_7,Germany x Tajikistan,Mixed,Control,7-BS_M_C,2.21,0,2,2021-04-08,98
7,K_7,Germany x Tajikistan,Mixed,Control,7-BS_M_C,3.14,0,3,2021-08-17,229
7,K_7,Germany x Tajikistan,Mixed,Control,7-BS_M_C,3.15,0,3,2021-08-25,237
7,K_7,Germany x Tajikistan,Mixed,Control,7-BS_M_C,3.16,0,3,2021-09-02,245
7,K_7,Germany x Tajikistan,Mixed,Control,7-BS_M_C,3.17,0,3,2021-09-08,251
7,K_7,Germany x Tajikistan,Mixed,Control,7-BS_M_C,3.18,0,3,2021-09-15,258
7,K_7,Germany x Tajikistan,Mixed,Control,7-BS_M_C,3.19,0,3,2021-09-22,265
7,K_7,Germany x Tajikistan,Mixed,Control,7-BS_M_C,3.2,1,3,2021-10-05,278
7,K_7,Germany x Tajikistan,Mixed,Control,7-BS_M_C,3.21,0,3,2021-10-20,293
7,K_7,Germany x Tajikistan,Mixed,Control,7-BS_M_C,3.22,0,3,2021-11-17,321
7,K_7,Germany x Tajikistan,Mixed,Control,7-BS_M_C,3.23,0,3,2021-12-15,349
8,K_8,Italy x Sweden,Non-Dormant,High Humidity,8-IS_ND_D,1.01,1,1,2019-06-12,163
8,K_8,Italy x Sweden,Non-Dormant,High Humidity,8-IS_ND_D,1.02,0,1,2019-06-16,167
8,K_8,Italy x Sweden,Non-Dormant,High Humidity,8-IS_ND_D,1.03,0,1,2019-06-26,177
8,K_8,Italy x Sweden,Non-Dormant,High Humidity,8-IS_ND_D,1.04,0,1,2019-07-03,184
8,K_8,Italy x Sweden,Non-Dormant,High Humidity,8-IS_ND_D,1.05,NA,1,2019-07-10,191
8,K_8,Italy x Sweden,Non-Dormant,High Humidity,8-IS_ND_D,1.06,NA,1,2019-07-17,198
8,K_8,Italy x Sweden,Non-Dormant,High Humidity,8-IS_ND_D,1.07,0,1,2019-07-24,205
8,K_8,Italy x Sweden,Non-Dormant,High Humidity,8-IS_ND_D,1.08,0,1,2019-07-31,212
8,K_8,Italy x Sweden,Non-Dormant,High Humidity,8-IS_ND_D,1.09,0,1,2019-08-07,219
8,K_8,Italy x Sweden,Non-Dormant,High Humidity,8-IS_ND_D,1.1,0,1,2019-08-15,227
8,K_8,Italy x Sweden,Non-Dormant,High Humidity,8-IS_ND_D,1.11,0,1,2019-08-20,232
8,K_8,Italy x Sweden,Non-Dormant,High Humidity,8-IS_ND_D,1.12,0,1,2019-08-28,240
8,K_8,Italy x Sweden,Non-Dormant,High Humidity,8-IS_ND_D,1.13,0,1,2019-09-04,247
8,K_8,Italy x Sweden,Non-Dormant,High Humidity,8-IS_ND_D,1.14,0,1,2019-09-11,254
8,K_8,Italy x Sweden,Non-Dormant,High Humidity,8-IS_ND_D,1.15,0,1,2019-09-18,261
8,K_8,Italy x Sweden,Non-Dormant,High Humidity,8-IS_ND_D,1.16,0,1,2019-09-25,268
8,K_8,Italy x Sweden,Non-Dormant,High Humidity,8-IS_ND_D,1.17,0,1,2019-10-02,275
8,K_8,Italy x Sweden,Non-Dormant,High Humidity,8-IS_ND_D,1.18,0,1,2019-10-09,282
8,K_8,Italy x Sweden,Non-Dormant,High Humidity,8-IS_ND_D,1.19,0,1,2019-10-18,291
8,K_8,Italy x Sweden,Non-Dormant,High Humidity,8-IS_ND_D,1.2,0,1,2019-10-23,296
8,K_8,Italy x Sweden,Non-Dormant,High Humidity,8-IS_ND_D,1.22,0,1,2019-11-06,310
8,K_8,Italy x Sweden,Non-Dormant,High Humidity,8-IS_ND_D,1.23,0,1,2019-11-20,324
8,K_8,Italy x Sweden,Non-Dormant,High Humidity,8-IS_ND_D,1.24,0,1,2019-12-04,338
8,K_8,Italy x Sweden,Non-Dormant,High Humidity,8-IS_ND_D,1.25,0,1,2019-12-20,354
8,K_8,Italy x Sweden,Non-Dormant,High Humidity,8-IS_ND_D,1.26,0,1,2020-02-10,41
8,K_8,Italy x Sweden,Non-Dormant,High Humidity,8-IS_ND_D,1.27,0,1,2020-03-02,62
8,K_8,Italy x Sweden,Non-Dormant,High Humidity,8-IS_ND_D,1.29,0,1,2020-05-05,126
8,K_8,Italy x Sweden,Non-Dormant,High Humidity,8-IS_ND_D,2.01,0,2,2020-05-27,148
8,K_8,Italy x Sweden,Non-Dormant,High Humidity,8-IS_ND_D,2.02,0,2,2020-06-04,156
8,K_8,Italy x Sweden,Non-Dormant,High Humidity,8-IS_ND_D,2.03,0,2,2020-07-23,205
8,K_8,Italy x Sweden,Non-Dormant,High Humidity,8-IS_ND_D,2.04,0,2,2020-08-07,220
8,K_8,Italy x Sweden,Non-Dormant,High Humidity,8-IS_ND_D,2.05,0,2,2020-08-13,226
8,K_8,Italy x Sweden,Non-Dormant,High Humidity,8-IS_ND_D,2.06,0,2,2020-08-18,231
8,K_8,Italy x Sweden,Non-Dormant,High Humidity,8-IS_ND_D,2.07,0,2,2020-08-25,238
8,K_8,Italy x Sweden,Non-Dormant,High Humidity,8-IS_ND_D,2.08,0,2,2020-09-10,254
8,K_8,Italy x Sweden,Non-Dormant,High Humidity,8-IS_ND_D,2.09,0,2,2020-09-18,262
8,K_8,Italy x Sweden,Non-Dormant,High Humidity,8-IS_ND_D,2.1,4,2,2020-10-02,276
8,K_8,Italy x Sweden,Non-Dormant,High Humidity,8-IS_ND_D,2.11,0,2,2020-10-19,293
8,K_8,Italy x Sweden,Non-Dormant,High Humidity,8-IS_ND_D,2.12,1,2,2020-10-30,304
8,K_8,Italy x Sweden,Non-Dormant,High Humidity,8-IS_ND_D,2.13,0,2,2020-11-13,318
8,K_8,Italy x Sweden,Non-Dormant,High Humidity,8-IS_ND_D,2.14,0,2,2020-12-01,336
8,K_8,Italy x Sweden,Non-Dormant,High Humidity,8-IS_ND_D,2.15,0,2,2020-12-15,350
8,K_8,Italy x Sweden,Non-Dormant,High Humidity,8-IS_ND_D,2.16,0,2,2021-01-12,12
8,K_8,Italy x Sweden,Non-Dormant,High Humidity,8-IS_ND_D,2.17,0,2,2021-02-01,32
8,K_8,Italy x Sweden,Non-Dormant,High Humidity,8-IS_ND_D,2.18,0,2,2021-02-25,56
8,K_8,Italy x Sweden,Non-Dormant,High Humidity,8-IS_ND_D,2.19,0,2,2021-03-08,67
8,K_8,Italy x Sweden,Non-Dormant,High Humidity,8-IS_ND_D,2.2,0,2,2021-03-26,85
8,K_8,Italy x Sweden,Non-Dormant,High Humidity,8-IS_ND_D,2.21,0,2,2021-04-08,98
8,K_8,Italy x Sweden,Non-Dormant,High Humidity,8-IS_ND_D,3.14,0,3,2021-08-17,229
8,K_8,Italy x Sweden,Non-Dormant,High Humidity,8-IS_ND_D,3.15,0,3,2021-08-25,237
8,K_8,Italy x Sweden,Non-Dormant,High Humidity,8-IS_ND_D,3.16,0,3,2021-09-02,245
8,K_8,Italy x Sweden,Non-Dormant,High Humidity,8-IS_ND_D,3.17,0,3,2021-09-08,251
8,K_8,Italy x Sweden,Non-Dormant,High Humidity,8-IS_ND_D,3.18,0,3,2021-09-15,258
8,K_8,Italy x Sweden,Non-Dormant,High Humidity,8-IS_ND_D,3.19,0,3,2021-09-22,265
8,K_8,Italy x Sweden,Non-Dormant,High Humidity,8-IS_ND_D,3.2,0,3,2021-10-04,277
8,K_8,Italy x Sweden,Non-Dormant,High Humidity,8-IS_ND_D,3.21,3,3,2021-10-16,289
8,K_8,Italy x Sweden,Non-Dormant,High Humidity,8-IS_ND_D,3.22,0,3,2021-11-17,321
8,K_8,Italy x Sweden,Non-Dormant,High Humidity,8-IS_ND_D,3.23,0,3,2021-12-09,343
8,K_9,Germany x Tajikistan,Dormant,Litter,8-BS_D_F,1.01,NA,1,2019-06-12,163
8,K_9,Germany x Tajikistan,Dormant,Litter,8-BS_D_F,1.02,NA,1,2019-06-16,167
8,K_9,Germany x Tajikistan,Dormant,Litter,8-BS_D_F,1.03,NA,1,2019-06-26,177
8,K_9,Germany x Tajikistan,Dormant,Litter,8-BS_D_F,1.04,NA,1,2019-07-03,184
8,K_9,Germany x Tajikistan,Dormant,Litter,8-BS_D_F,1.05,NA,1,2019-07-10,191
8,K_9,Germany x Tajikistan,Dormant,Litter,8-BS_D_F,1.06,NA,1,2019-07-17,198
8,K_9,Germany x Tajikistan,Dormant,Litter,8-BS_D_F,1.07,0,1,2019-07-24,205
8,K_9,Germany x Tajikistan,Dormant,Litter,8-BS_D_F,1.08,0,1,2019-07-31,212
8,K_9,Germany x Tajikistan,Dormant,Litter,8-BS_D_F,1.09,0,1,2019-08-07,219
8,K_9,Germany x Tajikistan,Dormant,Litter,8-BS_D_F,1.1,0,1,2019-08-15,227
8,K_9,Germany x Tajikistan,Dormant,Litter,8-BS_D_F,1.11,0,1,2019-08-20,232
8,K_9,Germany x Tajikistan,Dormant,Litter,8-BS_D_F,1.12,0,1,2019-08-28,240
8,K_9,Germany x Tajikistan,Dormant,Litter,8-BS_D_F,1.13,0,1,2019-09-04,247
8,K_9,Germany x Tajikistan,Dormant,Litter,8-BS_D_F,1.14,0,1,2019-09-11,254
8,K_9,Germany x Tajikistan,Dormant,Litter,8-BS_D_F,1.15,0,1,2019-09-18,261
8,K_9,Germany x Tajikistan,Dormant,Litter,8-BS_D_F,1.16,0,1,2019-09-25,268
8,K_9,Germany x Tajikistan,Dormant,Litter,8-BS_D_F,1.17,0,1,2019-10-02,275
8,K_9,Germany x Tajikistan,Dormant,Litter,8-BS_D_F,1.18,0,1,2019-10-09,282
8,K_9,Germany x Tajikistan,Dormant,Litter,8-BS_D_F,1.19,0,1,2019-10-18,291
8,K_9,Germany x Tajikistan,Dormant,Litter,8-BS_D_F,1.2,9,1,2019-10-23,296
8,K_9,Germany x Tajikistan,Dormant,Litter,8-BS_D_F,1.22,0,1,2019-11-06,310
8,K_9,Germany x Tajikistan,Dormant,Litter,8-BS_D_F,1.23,0,1,2019-11-20,324
8,K_9,Germany x Tajikistan,Dormant,Litter,8-BS_D_F,1.24,0,1,2019-12-04,338
8,K_9,Germany x Tajikistan,Dormant,Litter,8-BS_D_F,1.25,0,1,2019-12-20,354
8,K_9,Germany x Tajikistan,Dormant,Litter,8-BS_D_F,1.26,0,1,2020-02-10,41
8,K_9,Germany x Tajikistan,Dormant,Litter,8-BS_D_F,1.27,0,1,2020-03-02,62
8,K_9,Germany x Tajikistan,Dormant,Litter,8-BS_D_F,1.29,0,1,2020-05-05,126
8,K_9,Germany x Tajikistan,Dormant,Litter,8-BS_D_F,2.01,0,2,2020-05-27,148
8,K_9,Germany x Tajikistan,Dormant,Litter,8-BS_D_F,2.02,0,2,2020-06-04,156
8,K_9,Germany x Tajikistan,Dormant,Litter,8-BS_D_F,2.03,NA,NA,NA,NA
8,K_9,Germany x Tajikistan,Dormant,Litter,8-BS_D_F,2.04,NA,NA,NA,NA
8,K_9,Germany x Tajikistan,Dormant,Litter,8-BS_D_F,2.05,NA,NA,NA,NA
8,K_9,Germany x Tajikistan,Dormant,Litter,8-BS_D_F,2.06,NA,NA,NA,NA
8,K_9,Germany x Tajikistan,Dormant,Litter,8-BS_D_F,2.07,NA,NA,NA,NA
8,K_9,Germany x Tajikistan,Dormant,Litter,8-BS_D_F,2.08,NA,2,2020-09-10,254
8,K_9,Germany x Tajikistan,Dormant,Litter,8-BS_D_F,2.09,0,2,2020-09-18,262
8,K_9,Germany x Tajikistan,Dormant,Litter,8-BS_D_F,2.1,2,2,2020-10-02,276
8,K_9,Germany x Tajikistan,Dormant,Litter,8-BS_D_F,2.11,0,2,2020-10-19,293
8,K_9,Germany x Tajikistan,Dormant,Litter,8-BS_D_F,2.12,0,2,2020-10-30,304
8,K_9,Germany x Tajikistan,Dormant,Litter,8-BS_D_F,2.13,0,2,2020-11-13,318
8,K_9,Germany x Tajikistan,Dormant,Litter,8-BS_D_F,2.14,0,2,2020-12-01,336
8,K_9,Germany x Tajikistan,Dormant,Litter,8-BS_D_F,2.15,0,2,2020-12-15,350
8,K_9,Germany x Tajikistan,Dormant,Litter,8-BS_D_F,2.16,0,2,2021-01-12,12
8,K_9,Germany x Tajikistan,Dormant,Litter,8-BS_D_F,2.17,0,2,2021-02-01,32
8,K_9,Germany x Tajikistan,Dormant,Litter,8-BS_D_F,2.18,0,2,2021-02-25,56
8,K_9,Germany x Tajikistan,Dormant,Litter,8-BS_D_F,2.19,0,2,2021-03-08,67
8,K_9,Germany x Tajikistan,Dormant,Litter,8-BS_D_F,2.2,0,2,2021-03-26,85
8,K_9,Germany x Tajikistan,Dormant,Litter,8-BS_D_F,2.21,0,2,2021-04-08,98
8,K_9,Germany x Tajikistan,Dormant,Litter,8-BS_D_F,3.14,NA,NA,NA,NA
8,K_9,Germany x Tajikistan,Dormant,Litter,8-BS_D_F,3.15,NA,NA,NA,NA
8,K_9,Germany x Tajikistan,Dormant,Litter,8-BS_D_F,3.16,NA,NA,NA,NA
8,K_9,Germany x Tajikistan,Dormant,Litter,8-BS_D_F,3.17,NA,NA,NA,NA
8,K_9,Germany x Tajikistan,Dormant,Litter,8-BS_D_F,3.18,NA,NA,NA,NA
8,K_9,Germany x Tajikistan,Dormant,Litter,8-BS_D_F,3.19,NA,NA,NA,NA
8,K_9,Germany x Tajikistan,Dormant,Litter,8-BS_D_F,3.2,NA,NA,NA,NA
8,K_9,Germany x Tajikistan,Dormant,Litter,8-BS_D_F,3.21,NA,NA,NA,NA
8,K_9,Germany x Tajikistan,Dormant,Litter,8-BS_D_F,3.22,NA,NA,NA,NA
8,K_9,Germany x Tajikistan,Dormant,Litter,8-BS_D_F,3.23,NA,NA,NA,NA
8,K_10,Italy x Sweden,Non-Dormant,Litter,8-IS_ND_F,1.01,3,1,2019-06-12,163
8,K_10,Italy x Sweden,Non-Dormant,Litter,8-IS_ND_F,1.02,0,1,2019-06-16,167
8,K_10,Italy x Sweden,Non-Dormant,Litter,8-IS_ND_F,1.03,0,1,2019-06-26,177
8,K_10,Italy x Sweden,Non-Dormant,Litter,8-IS_ND_F,1.04,0,1,2019-07-03,184
8,K_10,Italy x Sweden,Non-Dormant,Litter,8-IS_ND_F,1.05,NA,1,2019-07-10,191
8,K_10,Italy x Sweden,Non-Dormant,Litter,8-IS_ND_F,1.06,NA,1,2019-07-17,198
8,K_10,Italy x Sweden,Non-Dormant,Litter,8-IS_ND_F,1.07,0,1,2019-07-24,205
8,K_10,Italy x Sweden,Non-Dormant,Litter,8-IS_ND_F,1.08,0,1,2019-07-31,212
8,K_10,Italy x Sweden,Non-Dormant,Litter,8-IS_ND_F,1.09,0,1,2019-08-07,219
8,K_10,Italy x Sweden,Non-Dormant,Litter,8-IS_ND_F,1.1,0,1,2019-08-15,227
8,K_10,Italy x Sweden,Non-Dormant,Litter,8-IS_ND_F,1.11,0,1,2019-08-20,232
8,K_10,Italy x Sweden,Non-Dormant,Litter,8-IS_ND_F,1.12,0,1,2019-08-28,240
8,K_10,Italy x Sweden,Non-Dormant,Litter,8-IS_ND_F,1.13,0,1,2019-09-04,247
8,K_10,Italy x Sweden,Non-Dormant,Litter,8-IS_ND_F,1.14,0,1,2019-09-11,254
8,K_10,Italy x Sweden,Non-Dormant,Litter,8-IS_ND_F,1.15,0,1,2019-09-18,261
8,K_10,Italy x Sweden,Non-Dormant,Litter,8-IS_ND_F,1.16,0,1,2019-09-25,268
8,K_10,Italy x Sweden,Non-Dormant,Litter,8-IS_ND_F,1.17,0,1,2019-10-02,275
8,K_10,Italy x Sweden,Non-Dormant,Litter,8-IS_ND_F,1.18,0,1,2019-10-09,282
8,K_10,Italy x Sweden,Non-Dormant,Litter,8-IS_ND_F,1.19,0,1,2019-10-18,291
8,K_10,Italy x Sweden,Non-Dormant,Litter,8-IS_ND_F,1.2,1,1,2019-10-23,296
8,K_10,Italy x Sweden,Non-Dormant,Litter,8-IS_ND_F,1.22,0,1,2019-11-06,310
8,K_10,Italy x Sweden,Non-Dormant,Litter,8-IS_ND_F,1.23,0,1,2019-11-20,324
8,K_10,Italy x Sweden,Non-Dormant,Litter,8-IS_ND_F,1.24,0,1,2019-12-04,338
8,K_10,Italy x Sweden,Non-Dormant,Litter,8-IS_ND_F,1.25,0,1,2019-12-20,354
8,K_10,Italy x Sweden,Non-Dormant,Litter,8-IS_ND_F,1.26,0,1,2020-02-10,41
8,K_10,Italy x Sweden,Non-Dormant,Litter,8-IS_ND_F,1.27,0,1,2020-03-02,62
8,K_10,Italy x Sweden,Non-Dormant,Litter,8-IS_ND_F,1.29,0,1,2020-05-05,126
8,K_10,Italy x Sweden,Non-Dormant,Litter,8-IS_ND_F,2.01,0,2,2020-05-27,148
8,K_10,Italy x Sweden,Non-Dormant,Litter,8-IS_ND_F,2.02,0,2,2020-06-04,156
8,K_10,Italy x Sweden,Non-Dormant,Litter,8-IS_ND_F,2.03,0,2,2020-07-23,205
8,K_10,Italy x Sweden,Non-Dormant,Litter,8-IS_ND_F,2.04,0,2,2020-08-07,220
8,K_10,Italy x Sweden,Non-Dormant,Litter,8-IS_ND_F,2.05,0,2,2020-08-13,226
8,K_10,Italy x Sweden,Non-Dormant,Litter,8-IS_ND_F,2.06,0,2,2020-08-18,231
8,K_10,Italy x Sweden,Non-Dormant,Litter,8-IS_ND_F,2.07,0,2,2020-08-25,238
8,K_10,Italy x Sweden,Non-Dormant,Litter,8-IS_ND_F,2.08,0,2,2020-09-10,254
8,K_10,Italy x Sweden,Non-Dormant,Litter,8-IS_ND_F,2.09,0,2,2020-09-18,262
8,K_10,Italy x Sweden,Non-Dormant,Litter,8-IS_ND_F,2.1,15,2,2020-10-02,276
8,K_10,Italy x Sweden,Non-Dormant,Litter,8-IS_ND_F,2.11,0,2,2020-10-19,293
8,K_10,Italy x Sweden,Non-Dormant,Litter,8-IS_ND_F,2.12,0,2,2020-10-30,304
8,K_10,Italy x Sweden,Non-Dormant,Litter,8-IS_ND_F,2.13,0,2,2020-11-13,318
8,K_10,Italy x Sweden,Non-Dormant,Litter,8-IS_ND_F,2.14,0,2,2020-12-01,336
8,K_10,Italy x Sweden,Non-Dormant,Litter,8-IS_ND_F,2.15,0,2,2020-12-15,350
8,K_10,Italy x Sweden,Non-Dormant,Litter,8-IS_ND_F,2.16,0,2,2021-01-12,12
8,K_10,Italy x Sweden,Non-Dormant,Litter,8-IS_ND_F,2.17,0,2,2021-02-01,32
8,K_10,Italy x Sweden,Non-Dormant,Litter,8-IS_ND_F,2.18,0,2,2021-02-25,56
8,K_10,Italy x Sweden,Non-Dormant,Litter,8-IS_ND_F,2.19,0,2,2021-03-08,67
8,K_10,Italy x Sweden,Non-Dormant,Litter,8-IS_ND_F,2.2,0,2,2021-03-26,85
8,K_10,Italy x Sweden,Non-Dormant,Litter,8-IS_ND_F,2.21,0,2,2021-04-08,98
8,K_10,Italy x Sweden,Non-Dormant,Litter,8-IS_ND_F,3.14,0,3,2021-08-17,229
8,K_10,Italy x Sweden,Non-Dormant,Litter,8-IS_ND_F,3.15,0,3,2021-08-25,237
8,K_10,Italy x Sweden,Non-Dormant,Litter,8-IS_ND_F,3.16,0,3,2021-09-02,245
8,K_10,Italy x Sweden,Non-Dormant,Litter,8-IS_ND_F,3.17,0,3,2021-09-08,251
8,K_10,Italy x Sweden,Non-Dormant,Litter,8-IS_ND_F,3.18,0,3,2021-09-15,258
8,K_10,Italy x Sweden,Non-Dormant,Litter,8-IS_ND_F,3.19,0,3,2021-09-22,265
8,K_10,Italy x Sweden,Non-Dormant,Litter,8-IS_ND_F,3.2,2,3,2021-10-04,277
8,K_10,Italy x Sweden,Non-Dormant,Litter,8-IS_ND_F,3.21,1,3,2021-10-16,289
8,K_10,Italy x Sweden,Non-Dormant,Litter,8-IS_ND_F,3.22,0,3,2021-11-17,321
8,K_10,Italy x Sweden,Non-Dormant,Litter,8-IS_ND_F,3.23,1,3,2021-12-09,343
8,K_11,Italy x Sweden,Mixed,High Humidity,8-IS_M_D,1.01,14,1,2019-06-12,163
8,K_11,Italy x Sweden,Mixed,High Humidity,8-IS_M_D,1.02,0,1,2019-06-16,167
8,K_11,Italy x Sweden,Mixed,High Humidity,8-IS_M_D,1.03,0,1,2019-06-26,177
8,K_11,Italy x Sweden,Mixed,High Humidity,8-IS_M_D,1.04,0,1,2019-07-03,184
8,K_11,Italy x Sweden,Mixed,High Humidity,8-IS_M_D,1.05,NA,1,2019-07-10,191
8,K_11,Italy x Sweden,Mixed,High Humidity,8-IS_M_D,1.06,NA,1,2019-07-17,198
8,K_11,Italy x Sweden,Mixed,High Humidity,8-IS_M_D,1.07,0,1,2019-07-24,205
8,K_11,Italy x Sweden,Mixed,High Humidity,8-IS_M_D,1.08,0,1,2019-07-31,212
8,K_11,Italy x Sweden,Mixed,High Humidity,8-IS_M_D,1.09,0,1,2019-08-07,219
8,K_11,Italy x Sweden,Mixed,High Humidity,8-IS_M_D,1.1,0,1,2019-08-15,227
8,K_11,Italy x Sweden,Mixed,High Humidity,8-IS_M_D,1.11,0,1,2019-08-20,232
8,K_11,Italy x Sweden,Mixed,High Humidity,8-IS_M_D,1.12,0,1,2019-08-28,240
8,K_11,Italy x Sweden,Mixed,High Humidity,8-IS_M_D,1.13,0,1,2019-09-04,247
8,K_11,Italy x Sweden,Mixed,High Humidity,8-IS_M_D,1.14,0,1,2019-09-11,254
8,K_11,Italy x Sweden,Mixed,High Humidity,8-IS_M_D,1.15,0,1,2019-09-18,261
8,K_11,Italy x Sweden,Mixed,High Humidity,8-IS_M_D,1.16,0,1,2019-09-25,268
8,K_11,Italy x Sweden,Mixed,High Humidity,8-IS_M_D,1.17,0,1,2019-10-02,275
8,K_11,Italy x Sweden,Mixed,High Humidity,8-IS_M_D,1.18,0,1,2019-10-09,282
8,K_11,Italy x Sweden,Mixed,High Humidity,8-IS_M_D,1.19,0,1,2019-10-18,291
8,K_11,Italy x Sweden,Mixed,High Humidity,8-IS_M_D,1.2,14,1,2019-10-23,296
8,K_11,Italy x Sweden,Mixed,High Humidity,8-IS_M_D,1.22,0,1,2019-11-06,310
8,K_11,Italy x Sweden,Mixed,High Humidity,8-IS_M_D,1.23,0,1,2019-11-20,324
8,K_11,Italy x Sweden,Mixed,High Humidity,8-IS_M_D,1.24,0,1,2019-12-04,338
8,K_11,Italy x Sweden,Mixed,High Humidity,8-IS_M_D,1.25,0,1,2019-12-20,354
8,K_11,Italy x Sweden,Mixed,High Humidity,8-IS_M_D,1.26,0,1,2020-02-10,41
8,K_11,Italy x Sweden,Mixed,High Humidity,8-IS_M_D,1.27,0,1,2020-03-02,62
8,K_11,Italy x Sweden,Mixed,High Humidity,8-IS_M_D,1.29,0,1,2020-05-05,126
8,K_11,Italy x Sweden,Mixed,High Humidity,8-IS_M_D,2.01,0,2,2020-05-27,148
8,K_11,Italy x Sweden,Mixed,High Humidity,8-IS_M_D,2.02,0,2,2020-06-04,156
8,K_11,Italy x Sweden,Mixed,High Humidity,8-IS_M_D,2.03,0,2,2020-07-23,205
8,K_11,Italy x Sweden,Mixed,High Humidity,8-IS_M_D,2.04,0,2,2020-08-07,220
8,K_11,Italy x Sweden,Mixed,High Humidity,8-IS_M_D,2.05,0,2,2020-08-13,226
8,K_11,Italy x Sweden,Mixed,High Humidity,8-IS_M_D,2.06,0,2,2020-08-18,231
8,K_11,Italy x Sweden,Mixed,High Humidity,8-IS_M_D,2.07,0,2,2020-08-25,238
8,K_11,Italy x Sweden,Mixed,High Humidity,8-IS_M_D,2.08,0,2,2020-09-10,254
8,K_11,Italy x Sweden,Mixed,High Humidity,8-IS_M_D,2.09,0,2,2020-09-18,262
8,K_11,Italy x Sweden,Mixed,High Humidity,8-IS_M_D,2.1,5,2,2020-10-02,276
8,K_11,Italy x Sweden,Mixed,High Humidity,8-IS_M_D,2.11,0,2,2020-10-19,293
8,K_11,Italy x Sweden,Mixed,High Humidity,8-IS_M_D,2.12,0,2,2020-10-30,304
8,K_11,Italy x Sweden,Mixed,High Humidity,8-IS_M_D,2.13,0,2,2020-11-13,318
8,K_11,Italy x Sweden,Mixed,High Humidity,8-IS_M_D,2.14,0,2,2020-12-01,336
8,K_11,Italy x Sweden,Mixed,High Humidity,8-IS_M_D,2.15,0,2,2020-12-15,350
8,K_11,Italy x Sweden,Mixed,High Humidity,8-IS_M_D,2.16,0,2,2021-01-12,12
8,K_11,Italy x Sweden,Mixed,High Humidity,8-IS_M_D,2.17,0,2,2021-02-01,32
8,K_11,Italy x Sweden,Mixed,High Humidity,8-IS_M_D,2.18,0,2,2021-02-25,56
8,K_11,Italy x Sweden,Mixed,High Humidity,8-IS_M_D,2.19,0,2,2021-03-08,67
8,K_11,Italy x Sweden,Mixed,High Humidity,8-IS_M_D,2.2,0,2,2021-03-26,85
8,K_11,Italy x Sweden,Mixed,High Humidity,8-IS_M_D,2.21,0,2,2021-04-08,98
8,K_11,Italy x Sweden,Mixed,High Humidity,8-IS_M_D,3.14,0,3,2021-08-17,229
8,K_11,Italy x Sweden,Mixed,High Humidity,8-IS_M_D,3.15,0,3,2021-08-25,237
8,K_11,Italy x Sweden,Mixed,High Humidity,8-IS_M_D,3.16,0,3,2021-09-02,245
8,K_11,Italy x Sweden,Mixed,High Humidity,8-IS_M_D,3.17,0,3,2021-09-08,251
8,K_11,Italy x Sweden,Mixed,High Humidity,8-IS_M_D,3.18,0,3,2021-09-15,258
8,K_11,Italy x Sweden,Mixed,High Humidity,8-IS_M_D,3.19,0,3,2021-09-22,265
8,K_11,Italy x Sweden,Mixed,High Humidity,8-IS_M_D,3.2,0,3,2021-10-04,277
8,K_11,Italy x Sweden,Mixed,High Humidity,8-IS_M_D,3.21,1,3,2021-10-16,289
8,K_11,Italy x Sweden,Mixed,High Humidity,8-IS_M_D,3.22,1,3,2021-11-17,321
8,K_11,Italy x Sweden,Mixed,High Humidity,8-IS_M_D,3.23,0,3,2021-12-09,343
8,K_12,Italy x Sweden,Dormant,Litter,8-IS_D_F,1.01,1,1,2019-06-12,163
8,K_12,Italy x Sweden,Dormant,Litter,8-IS_D_F,1.02,0,1,2019-06-16,167
8,K_12,Italy x Sweden,Dormant,Litter,8-IS_D_F,1.03,0,1,2019-06-26,177
8,K_12,Italy x Sweden,Dormant,Litter,8-IS_D_F,1.04,0,1,2019-07-03,184
8,K_12,Italy x Sweden,Dormant,Litter,8-IS_D_F,1.05,NA,1,2019-07-10,191
8,K_12,Italy x Sweden,Dormant,Litter,8-IS_D_F,1.06,NA,1,2019-07-17,198
8,K_12,Italy x Sweden,Dormant,Litter,8-IS_D_F,1.07,0,1,2019-07-24,205
8,K_12,Italy x Sweden,Dormant,Litter,8-IS_D_F,1.08,0,1,2019-07-31,212
8,K_12,Italy x Sweden,Dormant,Litter,8-IS_D_F,1.09,0,1,2019-08-07,219
8,K_12,Italy x Sweden,Dormant,Litter,8-IS_D_F,1.1,0,1,2019-08-15,227
8,K_12,Italy x Sweden,Dormant,Litter,8-IS_D_F,1.11,0,1,2019-08-20,232
8,K_12,Italy x Sweden,Dormant,Litter,8-IS_D_F,1.12,0,1,2019-08-28,240
8,K_12,Italy x Sweden,Dormant,Litter,8-IS_D_F,1.13,0,1,2019-09-04,247
8,K_12,Italy x Sweden,Dormant,Litter,8-IS_D_F,1.14,0,1,2019-09-11,254
8,K_12,Italy x Sweden,Dormant,Litter,8-IS_D_F,1.15,0,1,2019-09-18,261
8,K_12,Italy x Sweden,Dormant,Litter,8-IS_D_F,1.16,0,1,2019-09-25,268
8,K_12,Italy x Sweden,Dormant,Litter,8-IS_D_F,1.17,0,1,2019-10-02,275
8,K_12,Italy x Sweden,Dormant,Litter,8-IS_D_F,1.18,0,1,2019-10-09,282
8,K_12,Italy x Sweden,Dormant,Litter,8-IS_D_F,1.19,0,1,2019-10-18,291
8,K_12,Italy x Sweden,Dormant,Litter,8-IS_D_F,1.2,0,1,2019-10-23,296
8,K_12,Italy x Sweden,Dormant,Litter,8-IS_D_F,1.22,0,1,2019-11-06,310
8,K_12,Italy x Sweden,Dormant,Litter,8-IS_D_F,1.23,0,1,2019-11-20,324
8,K_12,Italy x Sweden,Dormant,Litter,8-IS_D_F,1.24,0,1,2019-12-04,338
8,K_12,Italy x Sweden,Dormant,Litter,8-IS_D_F,1.25,0,1,2019-12-20,354
8,K_12,Italy x Sweden,Dormant,Litter,8-IS_D_F,1.26,0,1,2020-02-10,41
8,K_12,Italy x Sweden,Dormant,Litter,8-IS_D_F,1.27,0,1,2020-03-02,62
8,K_12,Italy x Sweden,Dormant,Litter,8-IS_D_F,1.29,0,1,2020-05-05,126
8,K_12,Italy x Sweden,Dormant,Litter,8-IS_D_F,2.01,0,2,2020-05-27,148
8,K_12,Italy x Sweden,Dormant,Litter,8-IS_D_F,2.02,0,2,2020-06-04,156
8,K_12,Italy x Sweden,Dormant,Litter,8-IS_D_F,2.03,0,2,2020-07-23,205
8,K_12,Italy x Sweden,Dormant,Litter,8-IS_D_F,2.04,0,2,2020-08-07,220
8,K_12,Italy x Sweden,Dormant,Litter,8-IS_D_F,2.05,0,2,2020-08-13,226
8,K_12,Italy x Sweden,Dormant,Litter,8-IS_D_F,2.06,0,2,2020-08-18,231
8,K_12,Italy x Sweden,Dormant,Litter,8-IS_D_F,2.07,0,2,2020-08-25,238
8,K_12,Italy x Sweden,Dormant,Litter,8-IS_D_F,2.08,0,2,2020-09-10,254
8,K_12,Italy x Sweden,Dormant,Litter,8-IS_D_F,2.09,0,2,2020-09-18,262
8,K_12,Italy x Sweden,Dormant,Litter,8-IS_D_F,2.1,13,2,2020-10-02,276
8,K_12,Italy x Sweden,Dormant,Litter,8-IS_D_F,2.11,0,2,2020-10-19,293
8,K_12,Italy x Sweden,Dormant,Litter,8-IS_D_F,2.12,0,2,2020-10-30,304
8,K_12,Italy x Sweden,Dormant,Litter,8-IS_D_F,2.13,0,2,2020-11-13,318
8,K_12,Italy x Sweden,Dormant,Litter,8-IS_D_F,2.14,0,2,2020-12-01,336
8,K_12,Italy x Sweden,Dormant,Litter,8-IS_D_F,2.15,0,2,2020-12-15,350
8,K_12,Italy x Sweden,Dormant,Litter,8-IS_D_F,2.16,0,2,2021-01-12,12
8,K_12,Italy x Sweden,Dormant,Litter,8-IS_D_F,2.17,0,2,2021-02-01,32
8,K_12,Italy x Sweden,Dormant,Litter,8-IS_D_F,2.18,0,2,2021-02-25,56
8,K_12,Italy x Sweden,Dormant,Litter,8-IS_D_F,2.19,0,2,2021-03-08,67
8,K_12,Italy x Sweden,Dormant,Litter,8-IS_D_F,2.2,0,2,2021-03-26,85
8,K_12,Italy x Sweden,Dormant,Litter,8-IS_D_F,2.21,0,2,2021-04-08,98
8,K_12,Italy x Sweden,Dormant,Litter,8-IS_D_F,3.14,0,3,2021-08-17,229
8,K_12,Italy x Sweden,Dormant,Litter,8-IS_D_F,3.15,0,3,2021-08-25,237
8,K_12,Italy x Sweden,Dormant,Litter,8-IS_D_F,3.16,0,3,2021-09-02,245
8,K_12,Italy x Sweden,Dormant,Litter,8-IS_D_F,3.17,0,3,2021-09-08,251
8,K_12,Italy x Sweden,Dormant,Litter,8-IS_D_F,3.18,0,3,2021-09-15,258
8,K_12,Italy x Sweden,Dormant,Litter,8-IS_D_F,3.19,0,3,2021-09-22,265
8,K_12,Italy x Sweden,Dormant,Litter,8-IS_D_F,3.2,3,3,2021-10-04,277
8,K_12,Italy x Sweden,Dormant,Litter,8-IS_D_F,3.21,4,3,2021-10-16,289
8,K_12,Italy x Sweden,Dormant,Litter,8-IS_D_F,3.22,0,3,2021-11-17,321
8,K_12,Italy x Sweden,Dormant,Litter,8-IS_D_F,3.23,0,3,2021-12-09,343
8,K_13,Germany x Tajikistan,Mixed,Control,8-BS_M_C,1.01,NA,1,2019-06-12,163
8,K_13,Germany x Tajikistan,Mixed,Control,8-BS_M_C,1.02,NA,1,2019-06-16,167
8,K_13,Germany x Tajikistan,Mixed,Control,8-BS_M_C,1.03,NA,1,2019-06-26,177
8,K_13,Germany x Tajikistan,Mixed,Control,8-BS_M_C,1.04,NA,1,2019-07-03,184
8,K_13,Germany x Tajikistan,Mixed,Control,8-BS_M_C,1.05,NA,1,2019-07-10,191
8,K_13,Germany x Tajikistan,Mixed,Control,8-BS_M_C,1.06,NA,1,2019-07-17,198
8,K_13,Germany x Tajikistan,Mixed,Control,8-BS_M_C,1.07,0,1,2019-07-24,205
8,K_13,Germany x Tajikistan,Mixed,Control,8-BS_M_C,1.08,0,1,2019-07-31,212
8,K_13,Germany x Tajikistan,Mixed,Control,8-BS_M_C,1.09,0,1,2019-08-07,219
8,K_13,Germany x Tajikistan,Mixed,Control,8-BS_M_C,1.1,0,1,2019-08-15,227
8,K_13,Germany x Tajikistan,Mixed,Control,8-BS_M_C,1.11,0,1,2019-08-20,232
8,K_13,Germany x Tajikistan,Mixed,Control,8-BS_M_C,1.12,0,1,2019-08-28,240
8,K_13,Germany x Tajikistan,Mixed,Control,8-BS_M_C,1.13,0,1,2019-09-04,247
8,K_13,Germany x Tajikistan,Mixed,Control,8-BS_M_C,1.14,0,1,2019-09-11,254
8,K_13,Germany x Tajikistan,Mixed,Control,8-BS_M_C,1.15,0,1,2019-09-18,261
8,K_13,Germany x Tajikistan,Mixed,Control,8-BS_M_C,1.16,0,1,2019-09-25,268
8,K_13,Germany x Tajikistan,Mixed,Control,8-BS_M_C,1.17,0,1,2019-10-02,275
8,K_13,Germany x Tajikistan,Mixed,Control,8-BS_M_C,1.18,0,1,2019-10-09,282
8,K_13,Germany x Tajikistan,Mixed,Control,8-BS_M_C,1.19,0,1,2019-10-18,291
8,K_13,Germany x Tajikistan,Mixed,Control,8-BS_M_C,1.2,3,1,2019-10-23,296
8,K_13,Germany x Tajikistan,Mixed,Control,8-BS_M_C,1.22,0,1,2019-11-06,310
8,K_13,Germany x Tajikistan,Mixed,Control,8-BS_M_C,1.23,0,1,2019-11-20,324
8,K_13,Germany x Tajikistan,Mixed,Control,8-BS_M_C,1.24,0,1,2019-12-04,338
8,K_13,Germany x Tajikistan,Mixed,Control,8-BS_M_C,1.25,0,1,2019-12-20,354
8,K_13,Germany x Tajikistan,Mixed,Control,8-BS_M_C,1.26,0,1,2020-02-10,41
8,K_13,Germany x Tajikistan,Mixed,Control,8-BS_M_C,1.27,0,1,2020-03-02,62
8,K_13,Germany x Tajikistan,Mixed,Control,8-BS_M_C,1.29,0,1,2020-05-05,126
8,K_13,Germany x Tajikistan,Mixed,Control,8-BS_M_C,2.01,0,2,2020-05-27,148
8,K_13,Germany x Tajikistan,Mixed,Control,8-BS_M_C,2.02,0,2,2020-06-04,156
8,K_13,Germany x Tajikistan,Mixed,Control,8-BS_M_C,2.03,0,2,2020-07-23,205
8,K_13,Germany x Tajikistan,Mixed,Control,8-BS_M_C,2.04,0,2,2020-08-07,220
8,K_13,Germany x Tajikistan,Mixed,Control,8-BS_M_C,2.05,0,2,2020-08-13,226
8,K_13,Germany x Tajikistan,Mixed,Control,8-BS_M_C,2.06,0,2,2020-08-18,231
8,K_13,Germany x Tajikistan,Mixed,Control,8-BS_M_C,2.07,0,2,2020-08-25,238
8,K_13,Germany x Tajikistan,Mixed,Control,8-BS_M_C,2.08,0,2,2020-09-10,254
8,K_13,Germany x Tajikistan,Mixed,Control,8-BS_M_C,2.09,0,2,2020-09-18,262
8,K_13,Germany x Tajikistan,Mixed,Control,8-BS_M_C,2.1,0,2,2020-10-02,276
8,K_13,Germany x Tajikistan,Mixed,Control,8-BS_M_C,2.11,0,2,2020-10-19,293
8,K_13,Germany x Tajikistan,Mixed,Control,8-BS_M_C,2.12,2,2,2020-10-30,304
8,K_13,Germany x Tajikistan,Mixed,Control,8-BS_M_C,2.13,0,2,2020-11-13,318
8,K_13,Germany x Tajikistan,Mixed,Control,8-BS_M_C,2.14,0,2,2020-12-01,336
8,K_13,Germany x Tajikistan,Mixed,Control,8-BS_M_C,2.15,0,2,2020-12-15,350
8,K_13,Germany x Tajikistan,Mixed,Control,8-BS_M_C,2.16,0,2,2021-01-12,12
8,K_13,Germany x Tajikistan,Mixed,Control,8-BS_M_C,2.17,0,2,2021-02-01,32
8,K_13,Germany x Tajikistan,Mixed,Control,8-BS_M_C,2.18,0,2,2021-02-25,56
8,K_13,Germany x Tajikistan,Mixed,Control,8-BS_M_C,2.19,0,2,2021-03-08,67
8,K_13,Germany x Tajikistan,Mixed,Control,8-BS_M_C,2.2,0,2,2021-03-26,85
8,K_13,Germany x Tajikistan,Mixed,Control,8-BS_M_C,2.21,0,2,2021-04-08,98
8,K_13,Germany x Tajikistan,Mixed,Control,8-BS_M_C,3.14,0,3,2021-08-17,229
8,K_13,Germany x Tajikistan,Mixed,Control,8-BS_M_C,3.15,0,3,2021-08-25,237
8,K_13,Germany x Tajikistan,Mixed,Control,8-BS_M_C,3.16,0,3,2021-09-02,245
8,K_13,Germany x Tajikistan,Mixed,Control,8-BS_M_C,3.17,0,3,2021-09-08,251
8,K_13,Germany x Tajikistan,Mixed,Control,8-BS_M_C,3.18,0,3,2021-09-15,258
8,K_13,Germany x Tajikistan,Mixed,Control,8-BS_M_C,3.19,0,3,2021-09-22,265
8,K_13,Germany x Tajikistan,Mixed,Control,8-BS_M_C,3.2,0,3,2021-10-04,277
8,K_13,Germany x Tajikistan,Mixed,Control,8-BS_M_C,3.21,0,3,2021-10-16,289
8,K_13,Germany x Tajikistan,Mixed,Control,8-BS_M_C,3.22,0,3,2021-11-17,321
8,K_13,Germany x Tajikistan,Mixed,Control,8-BS_M_C,3.23,0,3,2021-12-09,343
7,L_1,Italy x Sweden,Dormant,High Humidity,7-IS_D_D,1.01,1,1,2019-06-12,163
7,L_1,Italy x Sweden,Dormant,High Humidity,7-IS_D_D,1.02,0,1,2019-06-16,167
7,L_1,Italy x Sweden,Dormant,High Humidity,7-IS_D_D,1.03,1,1,2019-06-26,177
7,L_1,Italy x Sweden,Dormant,High Humidity,7-IS_D_D,1.04,0,1,2019-07-03,184
7,L_1,Italy x Sweden,Dormant,High Humidity,7-IS_D_D,1.05,NA,1,2019-07-10,191
7,L_1,Italy x Sweden,Dormant,High Humidity,7-IS_D_D,1.06,NA,1,2019-07-17,198
7,L_1,Italy x Sweden,Dormant,High Humidity,7-IS_D_D,1.07,0,1,2019-07-24,205
7,L_1,Italy x Sweden,Dormant,High Humidity,7-IS_D_D,1.08,0,1,2019-07-31,212
7,L_1,Italy x Sweden,Dormant,High Humidity,7-IS_D_D,1.09,0,1,2019-08-07,219
7,L_1,Italy x Sweden,Dormant,High Humidity,7-IS_D_D,1.1,0,1,2019-08-15,227
7,L_1,Italy x Sweden,Dormant,High Humidity,7-IS_D_D,1.11,0,1,2019-08-20,232
7,L_1,Italy x Sweden,Dormant,High Humidity,7-IS_D_D,1.12,0,1,2019-08-28,240
7,L_1,Italy x Sweden,Dormant,High Humidity,7-IS_D_D,1.13,0,1,2019-09-04,247
7,L_1,Italy x Sweden,Dormant,High Humidity,7-IS_D_D,1.14,0,1,2019-09-11,254
7,L_1,Italy x Sweden,Dormant,High Humidity,7-IS_D_D,1.15,0,1,2019-09-18,261
7,L_1,Italy x Sweden,Dormant,High Humidity,7-IS_D_D,1.16,0,1,2019-09-25,268
7,L_1,Italy x Sweden,Dormant,High Humidity,7-IS_D_D,1.17,0,1,2019-10-02,275
7,L_1,Italy x Sweden,Dormant,High Humidity,7-IS_D_D,1.18,0,1,2019-10-09,282
7,L_1,Italy x Sweden,Dormant,High Humidity,7-IS_D_D,1.19,0,1,2019-10-18,291
7,L_1,Italy x Sweden,Dormant,High Humidity,7-IS_D_D,1.2,3,1,2019-10-23,296
7,L_1,Italy x Sweden,Dormant,High Humidity,7-IS_D_D,1.22,0,1,2019-11-06,310
7,L_1,Italy x Sweden,Dormant,High Humidity,7-IS_D_D,1.23,0,1,2019-11-20,324
7,L_1,Italy x Sweden,Dormant,High Humidity,7-IS_D_D,1.24,0,1,2019-12-04,338
7,L_1,Italy x Sweden,Dormant,High Humidity,7-IS_D_D,1.25,0,1,2019-12-20,354
7,L_1,Italy x Sweden,Dormant,High Humidity,7-IS_D_D,1.26,0,1,2020-02-10,41
7,L_1,Italy x Sweden,Dormant,High Humidity,7-IS_D_D,1.27,0,1,2020-03-02,62
7,L_1,Italy x Sweden,Dormant,High Humidity,7-IS_D_D,1.29,0,1,2020-05-05,126
7,L_1,Italy x Sweden,Dormant,High Humidity,7-IS_D_D,2.01,80,2,2020-05-27,148
7,L_1,Italy x Sweden,Dormant,High Humidity,7-IS_D_D,2.02,117,2,2020-06-04,156
7,L_1,Italy x Sweden,Dormant,High Humidity,7-IS_D_D,2.03,0,2,2020-07-23,205
7,L_1,Italy x Sweden,Dormant,High Humidity,7-IS_D_D,2.04,0,2,2020-08-07,220
7,L_1,Italy x Sweden,Dormant,High Humidity,7-IS_D_D,2.05,0,2,2020-08-13,226
7,L_1,Italy x Sweden,Dormant,High Humidity,7-IS_D_D,2.06,0,2,2020-08-18,231
7,L_1,Italy x Sweden,Dormant,High Humidity,7-IS_D_D,2.07,0,2,2020-08-25,238
7,L_1,Italy x Sweden,Dormant,High Humidity,7-IS_D_D,2.08,0,2,2020-09-10,254
7,L_1,Italy x Sweden,Dormant,High Humidity,7-IS_D_D,2.09,0,2,2020-09-18,262
7,L_1,Italy x Sweden,Dormant,High Humidity,7-IS_D_D,2.1,2,2,2020-10-02,276
7,L_1,Italy x Sweden,Dormant,High Humidity,7-IS_D_D,2.11,13,2,2020-10-19,293
7,L_1,Italy x Sweden,Dormant,High Humidity,7-IS_D_D,2.12,0,2,2020-10-30,304
7,L_1,Italy x Sweden,Dormant,High Humidity,7-IS_D_D,2.13,0,2,2020-11-13,318
7,L_1,Italy x Sweden,Dormant,High Humidity,7-IS_D_D,2.14,0,2,2020-12-01,336
7,L_1,Italy x Sweden,Dormant,High Humidity,7-IS_D_D,2.15,0,2,2020-12-15,350
7,L_1,Italy x Sweden,Dormant,High Humidity,7-IS_D_D,2.16,0,2,2021-01-12,12
7,L_1,Italy x Sweden,Dormant,High Humidity,7-IS_D_D,2.17,0,2,2021-02-01,32
7,L_1,Italy x Sweden,Dormant,High Humidity,7-IS_D_D,2.18,0,2,2021-02-25,56
7,L_1,Italy x Sweden,Dormant,High Humidity,7-IS_D_D,2.19,0,2,2021-03-08,67
7,L_1,Italy x Sweden,Dormant,High Humidity,7-IS_D_D,2.2,0,2,2021-03-26,85
7,L_1,Italy x Sweden,Dormant,High Humidity,7-IS_D_D,2.21,0,2,2021-04-08,98
7,L_1,Italy x Sweden,Dormant,High Humidity,7-IS_D_D,3.14,0,3,2021-08-17,229
7,L_1,Italy x Sweden,Dormant,High Humidity,7-IS_D_D,3.15,0,3,2021-08-25,237
7,L_1,Italy x Sweden,Dormant,High Humidity,7-IS_D_D,3.16,0,3,2021-09-02,245
7,L_1,Italy x Sweden,Dormant,High Humidity,7-IS_D_D,3.17,0,3,2021-09-08,251
7,L_1,Italy x Sweden,Dormant,High Humidity,7-IS_D_D,3.18,0,3,2021-09-15,258
7,L_1,Italy x Sweden,Dormant,High Humidity,7-IS_D_D,3.19,0,3,2021-09-22,265
7,L_1,Italy x Sweden,Dormant,High Humidity,7-IS_D_D,3.2,0,3,2021-10-05,278
7,L_1,Italy x Sweden,Dormant,High Humidity,7-IS_D_D,3.21,4,3,2021-10-20,293
7,L_1,Italy x Sweden,Dormant,High Humidity,7-IS_D_D,3.22,0,3,2021-11-17,321
7,L_1,Italy x Sweden,Dormant,High Humidity,7-IS_D_D,3.23,0,3,2021-12-15,349
7,L_2,Italy x Sweden,Dormant,Litter,7-IS_D_F,1.01,1,1,2019-06-12,163
7,L_2,Italy x Sweden,Dormant,Litter,7-IS_D_F,1.02,0,1,2019-06-16,167
7,L_2,Italy x Sweden,Dormant,Litter,7-IS_D_F,1.03,0,1,2019-06-26,177
7,L_2,Italy x Sweden,Dormant,Litter,7-IS_D_F,1.04,0,1,2019-07-03,184
7,L_2,Italy x Sweden,Dormant,Litter,7-IS_D_F,1.05,NA,1,2019-07-10,191
7,L_2,Italy x Sweden,Dormant,Litter,7-IS_D_F,1.06,NA,1,2019-07-17,198
7,L_2,Italy x Sweden,Dormant,Litter,7-IS_D_F,1.07,0,1,2019-07-24,205
7,L_2,Italy x Sweden,Dormant,Litter,7-IS_D_F,1.08,0,1,2019-07-31,212
7,L_2,Italy x Sweden,Dormant,Litter,7-IS_D_F,1.09,0,1,2019-08-07,219
7,L_2,Italy x Sweden,Dormant,Litter,7-IS_D_F,1.1,0,1,2019-08-15,227
7,L_2,Italy x Sweden,Dormant,Litter,7-IS_D_F,1.11,0,1,2019-08-20,232
7,L_2,Italy x Sweden,Dormant,Litter,7-IS_D_F,1.12,0,1,2019-08-28,240
7,L_2,Italy x Sweden,Dormant,Litter,7-IS_D_F,1.13,0,1,2019-09-04,247
7,L_2,Italy x Sweden,Dormant,Litter,7-IS_D_F,1.14,0,1,2019-09-11,254
7,L_2,Italy x Sweden,Dormant,Litter,7-IS_D_F,1.15,0,1,2019-09-18,261
7,L_2,Italy x Sweden,Dormant,Litter,7-IS_D_F,1.16,0,1,2019-09-25,268
7,L_2,Italy x Sweden,Dormant,Litter,7-IS_D_F,1.17,0,1,2019-10-02,275
7,L_2,Italy x Sweden,Dormant,Litter,7-IS_D_F,1.18,0,1,2019-10-09,282
7,L_2,Italy x Sweden,Dormant,Litter,7-IS_D_F,1.19,0,1,2019-10-18,291
7,L_2,Italy x Sweden,Dormant,Litter,7-IS_D_F,1.2,3,1,2019-10-23,296
7,L_2,Italy x Sweden,Dormant,Litter,7-IS_D_F,1.22,0,1,2019-11-06,310
7,L_2,Italy x Sweden,Dormant,Litter,7-IS_D_F,1.23,0,1,2019-11-20,324
7,L_2,Italy x Sweden,Dormant,Litter,7-IS_D_F,1.24,0,1,2019-12-04,338
7,L_2,Italy x Sweden,Dormant,Litter,7-IS_D_F,1.25,0,1,2019-12-20,354
7,L_2,Italy x Sweden,Dormant,Litter,7-IS_D_F,1.26,0,1,2020-02-10,41
7,L_2,Italy x Sweden,Dormant,Litter,7-IS_D_F,1.27,0,1,2020-03-02,62
7,L_2,Italy x Sweden,Dormant,Litter,7-IS_D_F,1.29,0,1,2020-05-05,126
7,L_2,Italy x Sweden,Dormant,Litter,7-IS_D_F,2.01,0,2,2020-05-27,148
7,L_2,Italy x Sweden,Dormant,Litter,7-IS_D_F,2.02,0,2,2020-06-04,156
7,L_2,Italy x Sweden,Dormant,Litter,7-IS_D_F,2.03,0,2,2020-07-23,205
7,L_2,Italy x Sweden,Dormant,Litter,7-IS_D_F,2.04,0,2,2020-08-07,220
7,L_2,Italy x Sweden,Dormant,Litter,7-IS_D_F,2.05,0,2,2020-08-13,226
7,L_2,Italy x Sweden,Dormant,Litter,7-IS_D_F,2.06,0,2,2020-08-18,231
7,L_2,Italy x Sweden,Dormant,Litter,7-IS_D_F,2.07,0,2,2020-08-25,238
7,L_2,Italy x Sweden,Dormant,Litter,7-IS_D_F,2.08,0,2,2020-09-10,254
7,L_2,Italy x Sweden,Dormant,Litter,7-IS_D_F,2.09,0,2,2020-09-18,262
7,L_2,Italy x Sweden,Dormant,Litter,7-IS_D_F,2.1,28,2,2020-10-02,276
7,L_2,Italy x Sweden,Dormant,Litter,7-IS_D_F,2.11,0,2,2020-10-19,293
7,L_2,Italy x Sweden,Dormant,Litter,7-IS_D_F,2.12,0,2,2020-10-30,304
7,L_2,Italy x Sweden,Dormant,Litter,7-IS_D_F,2.13,0,2,2020-11-13,318
7,L_2,Italy x Sweden,Dormant,Litter,7-IS_D_F,2.14,0,2,2020-12-01,336
7,L_2,Italy x Sweden,Dormant,Litter,7-IS_D_F,2.15,0,2,2020-12-15,350
7,L_2,Italy x Sweden,Dormant,Litter,7-IS_D_F,2.16,0,2,2021-01-12,12
7,L_2,Italy x Sweden,Dormant,Litter,7-IS_D_F,2.17,0,2,2021-02-01,32
7,L_2,Italy x Sweden,Dormant,Litter,7-IS_D_F,2.18,0,2,2021-02-25,56
7,L_2,Italy x Sweden,Dormant,Litter,7-IS_D_F,2.19,0,2,2021-03-08,67
7,L_2,Italy x Sweden,Dormant,Litter,7-IS_D_F,2.2,0,2,2021-03-26,85
7,L_2,Italy x Sweden,Dormant,Litter,7-IS_D_F,2.21,0,2,2021-04-08,98
7,L_2,Italy x Sweden,Dormant,Litter,7-IS_D_F,3.14,0,3,2021-08-17,229
7,L_2,Italy x Sweden,Dormant,Litter,7-IS_D_F,3.15,0,3,2021-08-25,237
7,L_2,Italy x Sweden,Dormant,Litter,7-IS_D_F,3.16,0,3,2021-09-02,245
7,L_2,Italy x Sweden,Dormant,Litter,7-IS_D_F,3.17,0,3,2021-09-08,251
7,L_2,Italy x Sweden,Dormant,Litter,7-IS_D_F,3.18,0,3,2021-09-15,258
7,L_2,Italy x Sweden,Dormant,Litter,7-IS_D_F,3.19,0,3,2021-09-22,265
7,L_2,Italy x Sweden,Dormant,Litter,7-IS_D_F,3.2,7,3,2021-10-05,278
7,L_2,Italy x Sweden,Dormant,Litter,7-IS_D_F,3.21,0,3,2021-10-20,293
7,L_2,Italy x Sweden,Dormant,Litter,7-IS_D_F,3.22,0,3,2021-11-17,321
7,L_2,Italy x Sweden,Dormant,Litter,7-IS_D_F,3.23,0,3,2021-12-15,349
7,L_3,Italy x Sweden,Dormant,Native Soil,7-IS-D-Soil,1.01,0,1,2019-06-12,163
7,L_3,Italy x Sweden,Dormant,Native Soil,7-IS-D-Soil,1.02,0,1,2019-06-16,167
7,L_3,Italy x Sweden,Dormant,Native Soil,7-IS-D-Soil,1.03,0,1,2019-06-26,177
7,L_3,Italy x Sweden,Dormant,Native Soil,7-IS-D-Soil,1.04,0,1,2019-07-03,184
7,L_3,Italy x Sweden,Dormant,Native Soil,7-IS-D-Soil,1.05,NA,1,2019-07-10,191
7,L_3,Italy x Sweden,Dormant,Native Soil,7-IS-D-Soil,1.06,NA,1,2019-07-17,198
7,L_3,Italy x Sweden,Dormant,Native Soil,7-IS-D-Soil,1.07,0,1,2019-07-24,205
7,L_3,Italy x Sweden,Dormant,Native Soil,7-IS-D-Soil,1.08,0,1,2019-07-31,212
7,L_3,Italy x Sweden,Dormant,Native Soil,7-IS-D-Soil,1.09,0,1,2019-08-07,219
7,L_3,Italy x Sweden,Dormant,Native Soil,7-IS-D-Soil,1.1,0,1,2019-08-15,227
7,L_3,Italy x Sweden,Dormant,Native Soil,7-IS-D-Soil,1.11,0,1,2019-08-20,232
7,L_3,Italy x Sweden,Dormant,Native Soil,7-IS-D-Soil,1.12,0,1,2019-08-28,240
7,L_3,Italy x Sweden,Dormant,Native Soil,7-IS-D-Soil,1.13,0,1,2019-09-04,247
7,L_3,Italy x Sweden,Dormant,Native Soil,7-IS-D-Soil,1.14,0,1,2019-09-11,254
7,L_3,Italy x Sweden,Dormant,Native Soil,7-IS-D-Soil,1.15,0,1,2019-09-18,261
7,L_3,Italy x Sweden,Dormant,Native Soil,7-IS-D-Soil,1.16,0,1,2019-09-25,268
7,L_3,Italy x Sweden,Dormant,Native Soil,7-IS-D-Soil,1.17,0,1,2019-10-02,275
7,L_3,Italy x Sweden,Dormant,Native Soil,7-IS-D-Soil,1.18,0,1,2019-10-09,282
7,L_3,Italy x Sweden,Dormant,Native Soil,7-IS-D-Soil,1.19,0,1,2019-10-18,291
7,L_3,Italy x Sweden,Dormant,Native Soil,7-IS-D-Soil,1.2,2,1,2019-10-23,296
7,L_3,Italy x Sweden,Dormant,Native Soil,7-IS-D-Soil,1.22,0,1,2019-11-06,310
7,L_3,Italy x Sweden,Dormant,Native Soil,7-IS-D-Soil,1.23,0,1,2019-11-20,324
7,L_3,Italy x Sweden,Dormant,Native Soil,7-IS-D-Soil,1.24,0,1,2019-12-04,338
7,L_3,Italy x Sweden,Dormant,Native Soil,7-IS-D-Soil,1.25,0,1,2019-12-20,354
7,L_3,Italy x Sweden,Dormant,Native Soil,7-IS-D-Soil,1.26,0,1,2020-02-10,41
7,L_3,Italy x Sweden,Dormant,Native Soil,7-IS-D-Soil,1.27,0,1,2020-03-02,62
7,L_3,Italy x Sweden,Dormant,Native Soil,7-IS-D-Soil,1.29,0,1,2020-05-05,126
7,L_3,Italy x Sweden,Dormant,Native Soil,7-IS-D-Soil,2.01,1,2,2020-05-27,148
7,L_3,Italy x Sweden,Dormant,Native Soil,7-IS-D-Soil,2.02,0,2,2020-06-04,156
7,L_3,Italy x Sweden,Dormant,Native Soil,7-IS-D-Soil,2.03,0,2,2020-07-23,205
7,L_3,Italy x Sweden,Dormant,Native Soil,7-IS-D-Soil,2.04,0,2,2020-08-07,220
7,L_3,Italy x Sweden,Dormant,Native Soil,7-IS-D-Soil,2.05,0,2,2020-08-13,226
7,L_3,Italy x Sweden,Dormant,Native Soil,7-IS-D-Soil,2.06,0,2,2020-08-18,231
7,L_3,Italy x Sweden,Dormant,Native Soil,7-IS-D-Soil,2.07,0,2,2020-08-25,238
7,L_3,Italy x Sweden,Dormant,Native Soil,7-IS-D-Soil,2.08,0,2,2020-09-10,254
7,L_3,Italy x Sweden,Dormant,Native Soil,7-IS-D-Soil,2.09,1,2,2020-09-18,262
7,L_3,Italy x Sweden,Dormant,Native Soil,7-IS-D-Soil,2.1,0,2,2020-10-02,276
7,L_3,Italy x Sweden,Dormant,Native Soil,7-IS-D-Soil,2.11,0,2,2020-10-19,293
7,L_3,Italy x Sweden,Dormant,Native Soil,7-IS-D-Soil,2.12,0,2,2020-10-30,304
7,L_3,Italy x Sweden,Dormant,Native Soil,7-IS-D-Soil,2.13,0,2,2020-11-13,318
7,L_3,Italy x Sweden,Dormant,Native Soil,7-IS-D-Soil,2.14,0,2,2020-12-01,336
7,L_3,Italy x Sweden,Dormant,Native Soil,7-IS-D-Soil,2.15,0,2,2020-12-15,350
7,L_3,Italy x Sweden,Dormant,Native Soil,7-IS-D-Soil,2.16,0,2,2021-01-12,12
7,L_3,Italy x Sweden,Dormant,Native Soil,7-IS-D-Soil,2.17,0,2,2021-02-01,32
7,L_3,Italy x Sweden,Dormant,Native Soil,7-IS-D-Soil,2.18,0,2,2021-02-25,56
7,L_3,Italy x Sweden,Dormant,Native Soil,7-IS-D-Soil,2.19,0,2,2021-03-08,67
7,L_3,Italy x Sweden,Dormant,Native Soil,7-IS-D-Soil,2.2,0,2,2021-03-26,85
7,L_3,Italy x Sweden,Dormant,Native Soil,7-IS-D-Soil,2.21,0,2,2021-04-08,98
7,L_3,Italy x Sweden,Dormant,Native Soil,7-IS-D-Soil,3.14,0,3,2021-08-17,229
7,L_3,Italy x Sweden,Dormant,Native Soil,7-IS-D-Soil,3.15,0,3,2021-08-25,237
7,L_3,Italy x Sweden,Dormant,Native Soil,7-IS-D-Soil,3.16,0,3,2021-09-02,245
7,L_3,Italy x Sweden,Dormant,Native Soil,7-IS-D-Soil,3.17,0,3,2021-09-08,251
7,L_3,Italy x Sweden,Dormant,Native Soil,7-IS-D-Soil,3.18,0,3,2021-09-15,258
7,L_3,Italy x Sweden,Dormant,Native Soil,7-IS-D-Soil,3.19,0,3,2021-09-22,265
7,L_3,Italy x Sweden,Dormant,Native Soil,7-IS-D-Soil,3.2,6,3,2021-10-05,278
7,L_3,Italy x Sweden,Dormant,Native Soil,7-IS-D-Soil,3.21,14,3,2021-10-20,293
7,L_3,Italy x Sweden,Dormant,Native Soil,7-IS-D-Soil,3.22,0,3,2021-11-17,321
7,L_3,Italy x Sweden,Dormant,Native Soil,7-IS-D-Soil,3.23,5,3,2021-12-15,349
7,L_4,UK x USA,Non-Dormant,Control,7-TC_ND_C,1.01,NA,1,2019-06-12,163
7,L_4,UK x USA,Non-Dormant,Control,7-TC_ND_C,1.02,NA,1,2019-06-16,167
7,L_4,UK x USA,Non-Dormant,Control,7-TC_ND_C,1.03,NA,1,2019-06-26,177
7,L_4,UK x USA,Non-Dormant,Control,7-TC_ND_C,1.04,NA,1,2019-07-03,184
7,L_4,UK x USA,Non-Dormant,Control,7-TC_ND_C,1.05,NA,1,2019-07-10,191
7,L_4,UK x USA,Non-Dormant,Control,7-TC_ND_C,1.06,NA,1,2019-07-17,198
7,L_4,UK x USA,Non-Dormant,Control,7-TC_ND_C,1.07,0,1,2019-07-24,205
7,L_4,UK x USA,Non-Dormant,Control,7-TC_ND_C,1.08,0,1,2019-07-31,212
7,L_4,UK x USA,Non-Dormant,Control,7-TC_ND_C,1.09,0,1,2019-08-07,219
7,L_4,UK x USA,Non-Dormant,Control,7-TC_ND_C,1.1,0,1,2019-08-15,227
7,L_4,UK x USA,Non-Dormant,Control,7-TC_ND_C,1.11,0,1,2019-08-20,232
7,L_4,UK x USA,Non-Dormant,Control,7-TC_ND_C,1.12,0,1,2019-08-28,240
7,L_4,UK x USA,Non-Dormant,Control,7-TC_ND_C,1.13,0,1,2019-09-04,247
7,L_4,UK x USA,Non-Dormant,Control,7-TC_ND_C,1.14,0,1,2019-09-11,254
7,L_4,UK x USA,Non-Dormant,Control,7-TC_ND_C,1.15,0,1,2019-09-18,261
7,L_4,UK x USA,Non-Dormant,Control,7-TC_ND_C,1.16,0,1,2019-09-25,268
7,L_4,UK x USA,Non-Dormant,Control,7-TC_ND_C,1.17,0,1,2019-10-02,275
7,L_4,UK x USA,Non-Dormant,Control,7-TC_ND_C,1.18,0,1,2019-10-09,282
7,L_4,UK x USA,Non-Dormant,Control,7-TC_ND_C,1.19,0,1,2019-10-18,291
7,L_4,UK x USA,Non-Dormant,Control,7-TC_ND_C,1.2,1,1,2019-10-23,296
7,L_4,UK x USA,Non-Dormant,Control,7-TC_ND_C,1.22,0,1,2019-11-06,310
7,L_4,UK x USA,Non-Dormant,Control,7-TC_ND_C,1.23,0,1,2019-11-20,324
7,L_4,UK x USA,Non-Dormant,Control,7-TC_ND_C,1.24,0,1,2019-12-04,338
7,L_4,UK x USA,Non-Dormant,Control,7-TC_ND_C,1.25,0,1,2019-12-20,354
7,L_4,UK x USA,Non-Dormant,Control,7-TC_ND_C,1.26,0,1,2020-02-10,41
7,L_4,UK x USA,Non-Dormant,Control,7-TC_ND_C,1.27,0,1,2020-03-02,62
7,L_4,UK x USA,Non-Dormant,Control,7-TC_ND_C,1.29,0,1,2020-05-05,126
7,L_4,UK x USA,Non-Dormant,Control,7-TC_ND_C,2.01,0,2,2020-05-27,148
7,L_4,UK x USA,Non-Dormant,Control,7-TC_ND_C,2.02,0,2,2020-06-04,156
7,L_4,UK x USA,Non-Dormant,Control,7-TC_ND_C,2.03,0,2,2020-07-23,205
7,L_4,UK x USA,Non-Dormant,Control,7-TC_ND_C,2.04,0,2,2020-08-07,220
7,L_4,UK x USA,Non-Dormant,Control,7-TC_ND_C,2.05,0,2,2020-08-13,226
7,L_4,UK x USA,Non-Dormant,Control,7-TC_ND_C,2.06,0,2,2020-08-18,231
7,L_4,UK x USA,Non-Dormant,Control,7-TC_ND_C,2.07,0,2,2020-08-25,238
7,L_4,UK x USA,Non-Dormant,Control,7-TC_ND_C,2.08,0,2,2020-09-10,254
7,L_4,UK x USA,Non-Dormant,Control,7-TC_ND_C,2.09,0,2,2020-09-18,262
7,L_4,UK x USA,Non-Dormant,Control,7-TC_ND_C,2.1,1,2,2020-10-02,276
7,L_4,UK x USA,Non-Dormant,Control,7-TC_ND_C,2.11,1,2,2020-10-19,293
7,L_4,UK x USA,Non-Dormant,Control,7-TC_ND_C,2.12,0,2,2020-10-30,304
7,L_4,UK x USA,Non-Dormant,Control,7-TC_ND_C,2.13,0,2,2020-11-13,318
7,L_4,UK x USA,Non-Dormant,Control,7-TC_ND_C,2.14,0,2,2020-12-01,336
7,L_4,UK x USA,Non-Dormant,Control,7-TC_ND_C,2.15,0,2,2020-12-15,350
7,L_4,UK x USA,Non-Dormant,Control,7-TC_ND_C,2.16,0,2,2021-01-12,12
7,L_4,UK x USA,Non-Dormant,Control,7-TC_ND_C,2.17,0,2,2021-02-01,32
7,L_4,UK x USA,Non-Dormant,Control,7-TC_ND_C,2.18,0,2,2021-02-25,56
7,L_4,UK x USA,Non-Dormant,Control,7-TC_ND_C,2.19,0,2,2021-03-08,67
7,L_4,UK x USA,Non-Dormant,Control,7-TC_ND_C,2.2,0,2,2021-03-26,85
7,L_4,UK x USA,Non-Dormant,Control,7-TC_ND_C,2.21,0,2,2021-04-08,98
7,L_4,UK x USA,Non-Dormant,Control,7-TC_ND_C,3.14,0,3,2021-08-17,229
7,L_4,UK x USA,Non-Dormant,Control,7-TC_ND_C,3.15,0,3,2021-08-25,237
7,L_4,UK x USA,Non-Dormant,Control,7-TC_ND_C,3.16,0,3,2021-09-02,245
7,L_4,UK x USA,Non-Dormant,Control,7-TC_ND_C,3.17,0,3,2021-09-08,251
7,L_4,UK x USA,Non-Dormant,Control,7-TC_ND_C,3.18,0,3,2021-09-15,258
7,L_4,UK x USA,Non-Dormant,Control,7-TC_ND_C,3.19,0,3,2021-09-22,265
7,L_4,UK x USA,Non-Dormant,Control,7-TC_ND_C,3.2,0,3,2021-10-05,278
7,L_4,UK x USA,Non-Dormant,Control,7-TC_ND_C,3.21,0,3,2021-10-20,293
7,L_4,UK x USA,Non-Dormant,Control,7-TC_ND_C,3.22,0,3,2021-11-17,321
7,L_4,UK x USA,Non-Dormant,Control,7-TC_ND_C,3.23,0,3,2021-12-15,349
7,L_5,Germany x Tajikistan,Dormant,Litter,7-BS_D_F,1.01,NA,1,2019-06-12,163
7,L_5,Germany x Tajikistan,Dormant,Litter,7-BS_D_F,1.02,NA,1,2019-06-16,167
7,L_5,Germany x Tajikistan,Dormant,Litter,7-BS_D_F,1.03,NA,1,2019-06-26,177
7,L_5,Germany x Tajikistan,Dormant,Litter,7-BS_D_F,1.04,NA,1,2019-07-03,184
7,L_5,Germany x Tajikistan,Dormant,Litter,7-BS_D_F,1.05,NA,1,2019-07-10,191
7,L_5,Germany x Tajikistan,Dormant,Litter,7-BS_D_F,1.06,NA,1,2019-07-17,198
7,L_5,Germany x Tajikistan,Dormant,Litter,7-BS_D_F,1.07,0,1,2019-07-24,205
7,L_5,Germany x Tajikistan,Dormant,Litter,7-BS_D_F,1.08,0,1,2019-07-31,212
7,L_5,Germany x Tajikistan,Dormant,Litter,7-BS_D_F,1.09,0,1,2019-08-07,219
7,L_5,Germany x Tajikistan,Dormant,Litter,7-BS_D_F,1.1,0,1,2019-08-15,227
7,L_5,Germany x Tajikistan,Dormant,Litter,7-BS_D_F,1.11,0,1,2019-08-20,232
7,L_5,Germany x Tajikistan,Dormant,Litter,7-BS_D_F,1.12,0,1,2019-08-28,240
7,L_5,Germany x Tajikistan,Dormant,Litter,7-BS_D_F,1.13,9,1,2019-09-04,247
7,L_5,Germany x Tajikistan,Dormant,Litter,7-BS_D_F,1.14,29,1,2019-09-11,254
7,L_5,Germany x Tajikistan,Dormant,Litter,7-BS_D_F,1.15,0,1,2019-09-18,261
7,L_5,Germany x Tajikistan,Dormant,Litter,7-BS_D_F,1.16,0,1,2019-09-25,268
7,L_5,Germany x Tajikistan,Dormant,Litter,7-BS_D_F,1.17,9,1,2019-10-02,275
7,L_5,Germany x Tajikistan,Dormant,Litter,7-BS_D_F,1.18,0,1,2019-10-09,282
7,L_5,Germany x Tajikistan,Dormant,Litter,7-BS_D_F,1.19,1,1,2019-10-18,291
7,L_5,Germany x Tajikistan,Dormant,Litter,7-BS_D_F,1.2,5,1,2019-10-23,296
7,L_5,Germany x Tajikistan,Dormant,Litter,7-BS_D_F,1.22,7,1,2019-11-06,310
7,L_5,Germany x Tajikistan,Dormant,Litter,7-BS_D_F,1.23,0,1,2019-11-20,324
7,L_5,Germany x Tajikistan,Dormant,Litter,7-BS_D_F,1.24,0,1,2019-12-04,338
7,L_5,Germany x Tajikistan,Dormant,Litter,7-BS_D_F,1.25,0,1,2019-12-20,354
7,L_5,Germany x Tajikistan,Dormant,Litter,7-BS_D_F,1.26,0,1,2020-02-10,41
7,L_5,Germany x Tajikistan,Dormant,Litter,7-BS_D_F,1.27,0,1,2020-03-02,62
7,L_5,Germany x Tajikistan,Dormant,Litter,7-BS_D_F,1.29,0,1,2020-05-05,126
7,L_5,Germany x Tajikistan,Dormant,Litter,7-BS_D_F,2.01,0,2,2020-05-27,148
7,L_5,Germany x Tajikistan,Dormant,Litter,7-BS_D_F,2.02,0,2,2020-06-04,156
7,L_5,Germany x Tajikistan,Dormant,Litter,7-BS_D_F,2.03,NA,NA,NA,NA
7,L_5,Germany x Tajikistan,Dormant,Litter,7-BS_D_F,2.04,NA,NA,NA,NA
7,L_5,Germany x Tajikistan,Dormant,Litter,7-BS_D_F,2.05,NA,NA,NA,NA
7,L_5,Germany x Tajikistan,Dormant,Litter,7-BS_D_F,2.06,NA,NA,NA,NA
7,L_5,Germany x Tajikistan,Dormant,Litter,7-BS_D_F,2.07,NA,NA,NA,NA
7,L_5,Germany x Tajikistan,Dormant,Litter,7-BS_D_F,2.08,NA,2,2020-09-10,254
7,L_5,Germany x Tajikistan,Dormant,Litter,7-BS_D_F,2.09,6,2,2020-09-18,262
7,L_5,Germany x Tajikistan,Dormant,Litter,7-BS_D_F,2.1,2,2,2020-10-02,276
7,L_5,Germany x Tajikistan,Dormant,Litter,7-BS_D_F,2.11,0,2,2020-10-19,293
7,L_5,Germany x Tajikistan,Dormant,Litter,7-BS_D_F,2.12,2,2,2020-10-30,304
7,L_5,Germany x Tajikistan,Dormant,Litter,7-BS_D_F,2.13,0,2,2020-11-13,318
7,L_5,Germany x Tajikistan,Dormant,Litter,7-BS_D_F,2.14,0,2,2020-12-01,336
7,L_5,Germany x Tajikistan,Dormant,Litter,7-BS_D_F,2.15,0,2,2020-12-15,350
7,L_5,Germany x Tajikistan,Dormant,Litter,7-BS_D_F,2.16,0,2,2021-01-12,12
7,L_5,Germany x Tajikistan,Dormant,Litter,7-BS_D_F,2.17,0,2,2021-02-01,32
7,L_5,Germany x Tajikistan,Dormant,Litter,7-BS_D_F,2.18,0,2,2021-02-25,56
7,L_5,Germany x Tajikistan,Dormant,Litter,7-BS_D_F,2.19,0,2,2021-03-08,67
7,L_5,Germany x Tajikistan,Dormant,Litter,7-BS_D_F,2.2,0,2,2021-03-26,85
7,L_5,Germany x Tajikistan,Dormant,Litter,7-BS_D_F,2.21,0,2,2021-04-08,98
7,L_5,Germany x Tajikistan,Dormant,Litter,7-BS_D_F,3.14,NA,NA,NA,NA
7,L_5,Germany x Tajikistan,Dormant,Litter,7-BS_D_F,3.15,NA,NA,NA,NA
7,L_5,Germany x Tajikistan,Dormant,Litter,7-BS_D_F,3.16,NA,NA,NA,NA
7,L_5,Germany x Tajikistan,Dormant,Litter,7-BS_D_F,3.17,NA,NA,NA,NA
7,L_5,Germany x Tajikistan,Dormant,Litter,7-BS_D_F,3.18,NA,NA,NA,NA
7,L_5,Germany x Tajikistan,Dormant,Litter,7-BS_D_F,3.19,NA,NA,NA,NA
7,L_5,Germany x Tajikistan,Dormant,Litter,7-BS_D_F,3.2,NA,NA,NA,NA
7,L_5,Germany x Tajikistan,Dormant,Litter,7-BS_D_F,3.21,NA,NA,NA,NA
7,L_5,Germany x Tajikistan,Dormant,Litter,7-BS_D_F,3.22,NA,NA,NA,NA
7,L_5,Germany x Tajikistan,Dormant,Litter,7-BS_D_F,3.23,NA,NA,NA,NA
7,L_6,Italy x Sweden,Mixed,High Humidity,7-IS_M_D,1.01,7,1,2019-06-12,163
7,L_6,Italy x Sweden,Mixed,High Humidity,7-IS_M_D,1.02,0,1,2019-06-16,167
7,L_6,Italy x Sweden,Mixed,High Humidity,7-IS_M_D,1.03,0,1,2019-06-26,177
7,L_6,Italy x Sweden,Mixed,High Humidity,7-IS_M_D,1.04,0,1,2019-07-03,184
7,L_6,Italy x Sweden,Mixed,High Humidity,7-IS_M_D,1.05,NA,1,2019-07-10,191
7,L_6,Italy x Sweden,Mixed,High Humidity,7-IS_M_D,1.06,NA,1,2019-07-17,198
7,L_6,Italy x Sweden,Mixed,High Humidity,7-IS_M_D,1.07,0,1,2019-07-24,205
7,L_6,Italy x Sweden,Mixed,High Humidity,7-IS_M_D,1.08,0,1,2019-07-31,212
7,L_6,Italy x Sweden,Mixed,High Humidity,7-IS_M_D,1.09,0,1,2019-08-07,219
7,L_6,Italy x Sweden,Mixed,High Humidity,7-IS_M_D,1.1,0,1,2019-08-15,227
7,L_6,Italy x Sweden,Mixed,High Humidity,7-IS_M_D,1.11,0,1,2019-08-20,232
7,L_6,Italy x Sweden,Mixed,High Humidity,7-IS_M_D,1.12,0,1,2019-08-28,240
7,L_6,Italy x Sweden,Mixed,High Humidity,7-IS_M_D,1.13,0,1,2019-09-04,247
7,L_6,Italy x Sweden,Mixed,High Humidity,7-IS_M_D,1.14,0,1,2019-09-11,254
7,L_6,Italy x Sweden,Mixed,High Humidity,7-IS_M_D,1.15,0,1,2019-09-18,261
7,L_6,Italy x Sweden,Mixed,High Humidity,7-IS_M_D,1.16,0,1,2019-09-25,268
7,L_6,Italy x Sweden,Mixed,High Humidity,7-IS_M_D,1.17,0,1,2019-10-02,275
7,L_6,Italy x Sweden,Mixed,High Humidity,7-IS_M_D,1.18,0,1,2019-10-09,282
7,L_6,Italy x Sweden,Mixed,High Humidity,7-IS_M_D,1.19,0,1,2019-10-18,291
7,L_6,Italy x Sweden,Mixed,High Humidity,7-IS_M_D,1.2,0,1,2019-10-23,296
7,L_6,Italy x Sweden,Mixed,High Humidity,7-IS_M_D,1.22,0,1,2019-11-06,310
7,L_6,Italy x Sweden,Mixed,High Humidity,7-IS_M_D,1.23,0,1,2019-11-20,324
7,L_6,Italy x Sweden,Mixed,High Humidity,7-IS_M_D,1.24,0,1,2019-12-04,338
7,L_6,Italy x Sweden,Mixed,High Humidity,7-IS_M_D,1.25,0,1,2019-12-20,354
7,L_6,Italy x Sweden,Mixed,High Humidity,7-IS_M_D,1.26,0,1,2020-02-10,41
7,L_6,Italy x Sweden,Mixed,High Humidity,7-IS_M_D,1.27,0,1,2020-03-02,62
7,L_6,Italy x Sweden,Mixed,High Humidity,7-IS_M_D,1.29,0,1,2020-05-05,126
7,L_6,Italy x Sweden,Mixed,High Humidity,7-IS_M_D,2.01,0,2,2020-05-27,148
7,L_6,Italy x Sweden,Mixed,High Humidity,7-IS_M_D,2.02,0,2,2020-06-04,156
7,L_6,Italy x Sweden,Mixed,High Humidity,7-IS_M_D,2.03,0,2,2020-07-23,205
7,L_6,Italy x Sweden,Mixed,High Humidity,7-IS_M_D,2.04,0,2,2020-08-07,220
7,L_6,Italy x Sweden,Mixed,High Humidity,7-IS_M_D,2.05,0,2,2020-08-13,226
7,L_6,Italy x Sweden,Mixed,High Humidity,7-IS_M_D,2.06,0,2,2020-08-18,231
7,L_6,Italy x Sweden,Mixed,High Humidity,7-IS_M_D,2.07,0,2,2020-08-25,238
7,L_6,Italy x Sweden,Mixed,High Humidity,7-IS_M_D,2.08,7,2,2020-09-10,254
7,L_6,Italy x Sweden,Mixed,High Humidity,7-IS_M_D,2.09,9,2,2020-09-18,262
7,L_6,Italy x Sweden,Mixed,High Humidity,7-IS_M_D,2.1,0,2,2020-10-02,276
7,L_6,Italy x Sweden,Mixed,High Humidity,7-IS_M_D,2.11,0,2,2020-10-19,293
7,L_6,Italy x Sweden,Mixed,High Humidity,7-IS_M_D,2.12,0,2,2020-10-30,304
7,L_6,Italy x Sweden,Mixed,High Humidity,7-IS_M_D,2.13,0,2,2020-11-13,318
7,L_6,Italy x Sweden,Mixed,High Humidity,7-IS_M_D,2.14,0,2,2020-12-01,336
7,L_6,Italy x Sweden,Mixed,High Humidity,7-IS_M_D,2.15,0,2,2020-12-15,350
7,L_6,Italy x Sweden,Mixed,High Humidity,7-IS_M_D,2.16,0,2,2021-01-12,12
7,L_6,Italy x Sweden,Mixed,High Humidity,7-IS_M_D,2.17,0,2,2021-02-01,32
7,L_6,Italy x Sweden,Mixed,High Humidity,7-IS_M_D,2.18,0,2,2021-02-25,56
7,L_6,Italy x Sweden,Mixed,High Humidity,7-IS_M_D,2.19,0,2,2021-03-08,67
7,L_6,Italy x Sweden,Mixed,High Humidity,7-IS_M_D,2.2,0,2,2021-03-26,85
7,L_6,Italy x Sweden,Mixed,High Humidity,7-IS_M_D,2.21,0,2,2021-04-08,98
7,L_6,Italy x Sweden,Mixed,High Humidity,7-IS_M_D,3.14,0,3,2021-08-17,229
7,L_6,Italy x Sweden,Mixed,High Humidity,7-IS_M_D,3.15,0,3,2021-08-25,237
7,L_6,Italy x Sweden,Mixed,High Humidity,7-IS_M_D,3.16,0,3,2021-09-02,245
7,L_6,Italy x Sweden,Mixed,High Humidity,7-IS_M_D,3.17,0,3,2021-09-08,251
7,L_6,Italy x Sweden,Mixed,High Humidity,7-IS_M_D,3.18,0,3,2021-09-15,258
7,L_6,Italy x Sweden,Mixed,High Humidity,7-IS_M_D,3.19,0,3,2021-09-22,265
7,L_6,Italy x Sweden,Mixed,High Humidity,7-IS_M_D,3.2,96,3,2021-10-05,278
7,L_6,Italy x Sweden,Mixed,High Humidity,7-IS_M_D,3.21,0,3,2021-10-20,293
7,L_6,Italy x Sweden,Mixed,High Humidity,7-IS_M_D,3.22,0,3,2021-11-17,321
7,L_6,Italy x Sweden,Mixed,High Humidity,7-IS_M_D,3.23,0,3,2021-12-15,349
7,L_7,Italy x Sweden,Mixed,Native Soil,7-IS-M-Soil,1.01,4,1,2019-06-12,163
7,L_7,Italy x Sweden,Mixed,Native Soil,7-IS-M-Soil,1.02,0,1,2019-06-16,167
7,L_7,Italy x Sweden,Mixed,Native Soil,7-IS-M-Soil,1.03,0,1,2019-06-26,177
7,L_7,Italy x Sweden,Mixed,Native Soil,7-IS-M-Soil,1.04,0,1,2019-07-03,184
7,L_7,Italy x Sweden,Mixed,Native Soil,7-IS-M-Soil,1.05,NA,1,2019-07-10,191
7,L_7,Italy x Sweden,Mixed,Native Soil,7-IS-M-Soil,1.06,NA,1,2019-07-17,198
7,L_7,Italy x Sweden,Mixed,Native Soil,7-IS-M-Soil,1.07,0,1,2019-07-24,205
7,L_7,Italy x Sweden,Mixed,Native Soil,7-IS-M-Soil,1.08,0,1,2019-07-31,212
7,L_7,Italy x Sweden,Mixed,Native Soil,7-IS-M-Soil,1.09,0,1,2019-08-07,219
7,L_7,Italy x Sweden,Mixed,Native Soil,7-IS-M-Soil,1.1,0,1,2019-08-15,227
7,L_7,Italy x Sweden,Mixed,Native Soil,7-IS-M-Soil,1.11,0,1,2019-08-20,232
7,L_7,Italy x Sweden,Mixed,Native Soil,7-IS-M-Soil,1.12,0,1,2019-08-28,240
7,L_7,Italy x Sweden,Mixed,Native Soil,7-IS-M-Soil,1.13,0,1,2019-09-04,247
7,L_7,Italy x Sweden,Mixed,Native Soil,7-IS-M-Soil,1.14,0,1,2019-09-11,254
7,L_7,Italy x Sweden,Mixed,Native Soil,7-IS-M-Soil,1.15,0,1,2019-09-18,261
7,L_7,Italy x Sweden,Mixed,Native Soil,7-IS-M-Soil,1.16,0,1,2019-09-25,268
7,L_7,Italy x Sweden,Mixed,Native Soil,7-IS-M-Soil,1.17,0,1,2019-10-02,275
7,L_7,Italy x Sweden,Mixed,Native Soil,7-IS-M-Soil,1.18,0,1,2019-10-09,282
7,L_7,Italy x Sweden,Mixed,Native Soil,7-IS-M-Soil,1.19,0,1,2019-10-18,291
7,L_7,Italy x Sweden,Mixed,Native Soil,7-IS-M-Soil,1.2,1,1,2019-10-23,296
7,L_7,Italy x Sweden,Mixed,Native Soil,7-IS-M-Soil,1.22,0,1,2019-11-06,310
7,L_7,Italy x Sweden,Mixed,Native Soil,7-IS-M-Soil,1.23,0,1,2019-11-20,324
7,L_7,Italy x Sweden,Mixed,Native Soil,7-IS-M-Soil,1.24,3,1,2019-12-04,338
7,L_7,Italy x Sweden,Mixed,Native Soil,7-IS-M-Soil,1.25,7,1,2019-12-20,354
7,L_7,Italy x Sweden,Mixed,Native Soil,7-IS-M-Soil,1.26,0,1,2020-02-10,41
7,L_7,Italy x Sweden,Mixed,Native Soil,7-IS-M-Soil,1.27,0,1,2020-03-02,62
7,L_7,Italy x Sweden,Mixed,Native Soil,7-IS-M-Soil,1.29,0,1,2020-05-05,126
7,L_7,Italy x Sweden,Mixed,Native Soil,7-IS-M-Soil,2.01,10,2,2020-05-27,148
7,L_7,Italy x Sweden,Mixed,Native Soil,7-IS-M-Soil,2.02,0,2,2020-06-04,156
7,L_7,Italy x Sweden,Mixed,Native Soil,7-IS-M-Soil,2.03,0,2,2020-07-23,205
7,L_7,Italy x Sweden,Mixed,Native Soil,7-IS-M-Soil,2.04,0,2,2020-08-07,220
7,L_7,Italy x Sweden,Mixed,Native Soil,7-IS-M-Soil,2.05,0,2,2020-08-13,226
7,L_7,Italy x Sweden,Mixed,Native Soil,7-IS-M-Soil,2.06,0,2,2020-08-18,231
7,L_7,Italy x Sweden,Mixed,Native Soil,7-IS-M-Soil,2.07,0,2,2020-08-25,238
7,L_7,Italy x Sweden,Mixed,Native Soil,7-IS-M-Soil,2.08,0,2,2020-09-10,254
7,L_7,Italy x Sweden,Mixed,Native Soil,7-IS-M-Soil,2.09,61,2,2020-09-18,262
7,L_7,Italy x Sweden,Mixed,Native Soil,7-IS-M-Soil,2.1,0,2,2020-10-02,276
7,L_7,Italy x Sweden,Mixed,Native Soil,7-IS-M-Soil,2.11,0,2,2020-10-19,293
7,L_7,Italy x Sweden,Mixed,Native Soil,7-IS-M-Soil,2.12,0,2,2020-10-30,304
7,L_7,Italy x Sweden,Mixed,Native Soil,7-IS-M-Soil,2.13,0,2,2020-11-13,318
7,L_7,Italy x Sweden,Mixed,Native Soil,7-IS-M-Soil,2.14,34,2,2020-12-01,336
7,L_7,Italy x Sweden,Mixed,Native Soil,7-IS-M-Soil,2.15,0,2,2020-12-15,350
7,L_7,Italy x Sweden,Mixed,Native Soil,7-IS-M-Soil,2.16,8,2,2021-01-12,12
7,L_7,Italy x Sweden,Mixed,Native Soil,7-IS-M-Soil,2.17,0,2,2021-02-01,32
7,L_7,Italy x Sweden,Mixed,Native Soil,7-IS-M-Soil,2.18,3,2,2021-02-25,56
7,L_7,Italy x Sweden,Mixed,Native Soil,7-IS-M-Soil,2.19,0,2,2021-03-08,67
7,L_7,Italy x Sweden,Mixed,Native Soil,7-IS-M-Soil,2.2,0,2,2021-03-26,85
7,L_7,Italy x Sweden,Mixed,Native Soil,7-IS-M-Soil,2.21,0,2,2021-04-08,98
7,L_7,Italy x Sweden,Mixed,Native Soil,7-IS-M-Soil,3.14,0,3,2021-08-17,229
7,L_7,Italy x Sweden,Mixed,Native Soil,7-IS-M-Soil,3.15,0,3,2021-08-25,237
7,L_7,Italy x Sweden,Mixed,Native Soil,7-IS-M-Soil,3.16,0,3,2021-09-02,245
7,L_7,Italy x Sweden,Mixed,Native Soil,7-IS-M-Soil,3.17,0,3,2021-09-08,251
7,L_7,Italy x Sweden,Mixed,Native Soil,7-IS-M-Soil,3.18,0,3,2021-09-15,258
7,L_7,Italy x Sweden,Mixed,Native Soil,7-IS-M-Soil,3.19,0,3,2021-09-22,265
7,L_7,Italy x Sweden,Mixed,Native Soil,7-IS-M-Soil,3.2,15,3,2021-10-05,278
7,L_7,Italy x Sweden,Mixed,Native Soil,7-IS-M-Soil,3.21,17,3,2021-10-20,293
7,L_7,Italy x Sweden,Mixed,Native Soil,7-IS-M-Soil,3.22,0,3,2021-11-17,321
7,L_7,Italy x Sweden,Mixed,Native Soil,7-IS-M-Soil,3.23,0,3,2021-12-15,349
8,L_8,Germany x Tajikistan,Non-Dormant,Control,8-BS_ND_C,1.01,NA,1,2019-06-12,163
8,L_8,Germany x Tajikistan,Non-Dormant,Control,8-BS_ND_C,1.02,NA,1,2019-06-16,167
8,L_8,Germany x Tajikistan,Non-Dormant,Control,8-BS_ND_C,1.03,NA,1,2019-06-26,177
8,L_8,Germany x Tajikistan,Non-Dormant,Control,8-BS_ND_C,1.04,NA,1,2019-07-03,184
8,L_8,Germany x Tajikistan,Non-Dormant,Control,8-BS_ND_C,1.05,NA,1,2019-07-10,191
8,L_8,Germany x Tajikistan,Non-Dormant,Control,8-BS_ND_C,1.06,NA,1,2019-07-17,198
8,L_8,Germany x Tajikistan,Non-Dormant,Control,8-BS_ND_C,1.07,0,1,2019-07-24,205
8,L_8,Germany x Tajikistan,Non-Dormant,Control,8-BS_ND_C,1.08,0,1,2019-07-31,212
8,L_8,Germany x Tajikistan,Non-Dormant,Control,8-BS_ND_C,1.09,0,1,2019-08-07,219
8,L_8,Germany x Tajikistan,Non-Dormant,Control,8-BS_ND_C,1.1,0,1,2019-08-15,227
8,L_8,Germany x Tajikistan,Non-Dormant,Control,8-BS_ND_C,1.11,0,1,2019-08-20,232
8,L_8,Germany x Tajikistan,Non-Dormant,Control,8-BS_ND_C,1.12,0,1,2019-08-28,240
8,L_8,Germany x Tajikistan,Non-Dormant,Control,8-BS_ND_C,1.13,0,1,2019-09-04,247
8,L_8,Germany x Tajikistan,Non-Dormant,Control,8-BS_ND_C,1.14,0,1,2019-09-11,254
8,L_8,Germany x Tajikistan,Non-Dormant,Control,8-BS_ND_C,1.15,0,1,2019-09-18,261
8,L_8,Germany x Tajikistan,Non-Dormant,Control,8-BS_ND_C,1.16,0,1,2019-09-25,268
8,L_8,Germany x Tajikistan,Non-Dormant,Control,8-BS_ND_C,1.17,0,1,2019-10-02,275
8,L_8,Germany x Tajikistan,Non-Dormant,Control,8-BS_ND_C,1.18,0,1,2019-10-09,282
8,L_8,Germany x Tajikistan,Non-Dormant,Control,8-BS_ND_C,1.19,0,1,2019-10-18,291
8,L_8,Germany x Tajikistan,Non-Dormant,Control,8-BS_ND_C,1.2,1,1,2019-10-23,296
8,L_8,Germany x Tajikistan,Non-Dormant,Control,8-BS_ND_C,1.22,0,1,2019-11-06,310
8,L_8,Germany x Tajikistan,Non-Dormant,Control,8-BS_ND_C,1.23,0,1,2019-11-20,324
8,L_8,Germany x Tajikistan,Non-Dormant,Control,8-BS_ND_C,1.24,0,1,2019-12-04,338
8,L_8,Germany x Tajikistan,Non-Dormant,Control,8-BS_ND_C,1.25,0,1,2019-12-20,354
8,L_8,Germany x Tajikistan,Non-Dormant,Control,8-BS_ND_C,1.26,0,1,2020-02-10,41
8,L_8,Germany x Tajikistan,Non-Dormant,Control,8-BS_ND_C,1.27,0,1,2020-03-02,62
8,L_8,Germany x Tajikistan,Non-Dormant,Control,8-BS_ND_C,1.29,0,1,2020-05-05,126
8,L_8,Germany x Tajikistan,Non-Dormant,Control,8-BS_ND_C,2.01,0,2,2020-05-27,148
8,L_8,Germany x Tajikistan,Non-Dormant,Control,8-BS_ND_C,2.02,0,2,2020-06-04,156
8,L_8,Germany x Tajikistan,Non-Dormant,Control,8-BS_ND_C,2.03,0,2,2020-07-23,205
8,L_8,Germany x Tajikistan,Non-Dormant,Control,8-BS_ND_C,2.04,0,2,2020-08-07,220
8,L_8,Germany x Tajikistan,Non-Dormant,Control,8-BS_ND_C,2.05,0,2,2020-08-13,226
8,L_8,Germany x Tajikistan,Non-Dormant,Control,8-BS_ND_C,2.06,0,2,2020-08-18,231
8,L_8,Germany x Tajikistan,Non-Dormant,Control,8-BS_ND_C,2.07,0,2,2020-08-25,238
8,L_8,Germany x Tajikistan,Non-Dormant,Control,8-BS_ND_C,2.08,0,2,2020-09-10,254
8,L_8,Germany x Tajikistan,Non-Dormant,Control,8-BS_ND_C,2.09,0,2,2020-09-18,262
8,L_8,Germany x Tajikistan,Non-Dormant,Control,8-BS_ND_C,2.1,8,2,2020-10-02,276
8,L_8,Germany x Tajikistan,Non-Dormant,Control,8-BS_ND_C,2.11,0,2,2020-10-19,293
8,L_8,Germany x Tajikistan,Non-Dormant,Control,8-BS_ND_C,2.12,2,2,2020-10-30,304
8,L_8,Germany x Tajikistan,Non-Dormant,Control,8-BS_ND_C,2.13,0,2,2020-11-13,318
8,L_8,Germany x Tajikistan,Non-Dormant,Control,8-BS_ND_C,2.14,0,2,2020-12-01,336
8,L_8,Germany x Tajikistan,Non-Dormant,Control,8-BS_ND_C,2.15,0,2,2020-12-15,350
8,L_8,Germany x Tajikistan,Non-Dormant,Control,8-BS_ND_C,2.16,0,2,2021-01-12,12
8,L_8,Germany x Tajikistan,Non-Dormant,Control,8-BS_ND_C,2.17,0,2,2021-02-01,32
8,L_8,Germany x Tajikistan,Non-Dormant,Control,8-BS_ND_C,2.18,0,2,2021-02-25,56
8,L_8,Germany x Tajikistan,Non-Dormant,Control,8-BS_ND_C,2.19,0,2,2021-03-08,67
8,L_8,Germany x Tajikistan,Non-Dormant,Control,8-BS_ND_C,2.2,0,2,2021-03-26,85
8,L_8,Germany x Tajikistan,Non-Dormant,Control,8-BS_ND_C,2.21,0,2,2021-04-08,98
8,L_8,Germany x Tajikistan,Non-Dormant,Control,8-BS_ND_C,3.14,0,3,2021-08-17,229
8,L_8,Germany x Tajikistan,Non-Dormant,Control,8-BS_ND_C,3.15,0,3,2021-08-25,237
8,L_8,Germany x Tajikistan,Non-Dormant,Control,8-BS_ND_C,3.16,0,3,2021-09-02,245
8,L_8,Germany x Tajikistan,Non-Dormant,Control,8-BS_ND_C,3.17,0,3,2021-09-08,251
8,L_8,Germany x Tajikistan,Non-Dormant,Control,8-BS_ND_C,3.18,0,3,2021-09-15,258
8,L_8,Germany x Tajikistan,Non-Dormant,Control,8-BS_ND_C,3.19,0,3,2021-09-22,265
8,L_8,Germany x Tajikistan,Non-Dormant,Control,8-BS_ND_C,3.2,0,3,2021-10-04,277
8,L_8,Germany x Tajikistan,Non-Dormant,Control,8-BS_ND_C,3.21,0,3,2021-10-16,289
8,L_8,Germany x Tajikistan,Non-Dormant,Control,8-BS_ND_C,3.22,0,3,2021-11-17,321
8,L_8,Germany x Tajikistan,Non-Dormant,Control,8-BS_ND_C,3.23,0,3,2021-12-09,343
8,L_9,UK x USA,Non-Dormant,Control,8-TC_ND_C,1.01,NA,1,2019-06-12,163
8,L_9,UK x USA,Non-Dormant,Control,8-TC_ND_C,1.02,NA,1,2019-06-16,167
8,L_9,UK x USA,Non-Dormant,Control,8-TC_ND_C,1.03,NA,1,2019-06-26,177
8,L_9,UK x USA,Non-Dormant,Control,8-TC_ND_C,1.04,NA,1,2019-07-03,184
8,L_9,UK x USA,Non-Dormant,Control,8-TC_ND_C,1.05,NA,1,2019-07-10,191
8,L_9,UK x USA,Non-Dormant,Control,8-TC_ND_C,1.06,NA,1,2019-07-17,198
8,L_9,UK x USA,Non-Dormant,Control,8-TC_ND_C,1.07,0,1,2019-07-24,205
8,L_9,UK x USA,Non-Dormant,Control,8-TC_ND_C,1.08,0,1,2019-07-31,212
8,L_9,UK x USA,Non-Dormant,Control,8-TC_ND_C,1.09,0,1,2019-08-07,219
8,L_9,UK x USA,Non-Dormant,Control,8-TC_ND_C,1.1,0,1,2019-08-15,227
8,L_9,UK x USA,Non-Dormant,Control,8-TC_ND_C,1.11,0,1,2019-08-20,232
8,L_9,UK x USA,Non-Dormant,Control,8-TC_ND_C,1.12,0,1,2019-08-28,240
8,L_9,UK x USA,Non-Dormant,Control,8-TC_ND_C,1.13,0,1,2019-09-04,247
8,L_9,UK x USA,Non-Dormant,Control,8-TC_ND_C,1.14,0,1,2019-09-11,254
8,L_9,UK x USA,Non-Dormant,Control,8-TC_ND_C,1.15,0,1,2019-09-18,261
8,L_9,UK x USA,Non-Dormant,Control,8-TC_ND_C,1.16,0,1,2019-09-25,268
8,L_9,UK x USA,Non-Dormant,Control,8-TC_ND_C,1.17,0,1,2019-10-02,275
8,L_9,UK x USA,Non-Dormant,Control,8-TC_ND_C,1.18,0,1,2019-10-09,282
8,L_9,UK x USA,Non-Dormant,Control,8-TC_ND_C,1.19,0,1,2019-10-18,291
8,L_9,UK x USA,Non-Dormant,Control,8-TC_ND_C,1.2,0,1,2019-10-23,296
8,L_9,UK x USA,Non-Dormant,Control,8-TC_ND_C,1.22,1,1,2019-11-06,310
8,L_9,UK x USA,Non-Dormant,Control,8-TC_ND_C,1.23,0,1,2019-11-20,324
8,L_9,UK x USA,Non-Dormant,Control,8-TC_ND_C,1.24,0,1,2019-12-04,338
8,L_9,UK x USA,Non-Dormant,Control,8-TC_ND_C,1.25,0,1,2019-12-20,354
8,L_9,UK x USA,Non-Dormant,Control,8-TC_ND_C,1.26,0,1,2020-02-10,41
8,L_9,UK x USA,Non-Dormant,Control,8-TC_ND_C,1.27,0,1,2020-03-02,62
8,L_9,UK x USA,Non-Dormant,Control,8-TC_ND_C,1.29,0,1,2020-05-05,126
8,L_9,UK x USA,Non-Dormant,Control,8-TC_ND_C,2.01,0,2,2020-05-27,148
8,L_9,UK x USA,Non-Dormant,Control,8-TC_ND_C,2.02,1,2,2020-06-04,156
8,L_9,UK x USA,Non-Dormant,Control,8-TC_ND_C,2.03,0,2,2020-07-23,205
8,L_9,UK x USA,Non-Dormant,Control,8-TC_ND_C,2.04,0,2,2020-08-07,220
8,L_9,UK x USA,Non-Dormant,Control,8-TC_ND_C,2.05,0,2,2020-08-13,226
8,L_9,UK x USA,Non-Dormant,Control,8-TC_ND_C,2.06,0,2,2020-08-18,231
8,L_9,UK x USA,Non-Dormant,Control,8-TC_ND_C,2.07,0,2,2020-08-25,238
8,L_9,UK x USA,Non-Dormant,Control,8-TC_ND_C,2.08,0,2,2020-09-10,254
8,L_9,UK x USA,Non-Dormant,Control,8-TC_ND_C,2.09,0,2,2020-09-18,262
8,L_9,UK x USA,Non-Dormant,Control,8-TC_ND_C,2.1,13,2,2020-10-02,276
8,L_9,UK x USA,Non-Dormant,Control,8-TC_ND_C,2.11,0,2,2020-10-19,293
8,L_9,UK x USA,Non-Dormant,Control,8-TC_ND_C,2.12,0,2,2020-10-30,304
8,L_9,UK x USA,Non-Dormant,Control,8-TC_ND_C,2.13,0,2,2020-11-13,318
8,L_9,UK x USA,Non-Dormant,Control,8-TC_ND_C,2.14,0,2,2020-12-01,336
8,L_9,UK x USA,Non-Dormant,Control,8-TC_ND_C,2.15,0,2,2020-12-15,350
8,L_9,UK x USA,Non-Dormant,Control,8-TC_ND_C,2.16,0,2,2021-01-12,12
8,L_9,UK x USA,Non-Dormant,Control,8-TC_ND_C,2.17,0,2,2021-02-01,32
8,L_9,UK x USA,Non-Dormant,Control,8-TC_ND_C,2.18,1,2,2021-02-25,56
8,L_9,UK x USA,Non-Dormant,Control,8-TC_ND_C,2.19,0,2,2021-03-08,67
8,L_9,UK x USA,Non-Dormant,Control,8-TC_ND_C,2.2,0,2,2021-03-26,85
8,L_9,UK x USA,Non-Dormant,Control,8-TC_ND_C,2.21,0,2,2021-04-08,98
8,L_9,UK x USA,Non-Dormant,Control,8-TC_ND_C,3.14,0,3,2021-08-17,229
8,L_9,UK x USA,Non-Dormant,Control,8-TC_ND_C,3.15,0,3,2021-08-25,237
8,L_9,UK x USA,Non-Dormant,Control,8-TC_ND_C,3.16,0,3,2021-09-02,245
8,L_9,UK x USA,Non-Dormant,Control,8-TC_ND_C,3.17,0,3,2021-09-08,251
8,L_9,UK x USA,Non-Dormant,Control,8-TC_ND_C,3.18,0,3,2021-09-15,258
8,L_9,UK x USA,Non-Dormant,Control,8-TC_ND_C,3.19,0,3,2021-09-22,265
8,L_9,UK x USA,Non-Dormant,Control,8-TC_ND_C,3.2,0,3,2021-10-04,277
8,L_9,UK x USA,Non-Dormant,Control,8-TC_ND_C,3.21,0,3,2021-10-16,289
8,L_9,UK x USA,Non-Dormant,Control,8-TC_ND_C,3.22,0,3,2021-11-17,321
8,L_9,UK x USA,Non-Dormant,Control,8-TC_ND_C,3.23,0,3,2021-12-09,343
8,L_10,Italy x Sweden,Dormant,Native Soil,8-IS-D-Soil,1.01,0,1,2019-06-12,163
8,L_10,Italy x Sweden,Dormant,Native Soil,8-IS-D-Soil,1.02,0,1,2019-06-16,167
8,L_10,Italy x Sweden,Dormant,Native Soil,8-IS-D-Soil,1.03,0,1,2019-06-26,177
8,L_10,Italy x Sweden,Dormant,Native Soil,8-IS-D-Soil,1.04,0,1,2019-07-03,184
8,L_10,Italy x Sweden,Dormant,Native Soil,8-IS-D-Soil,1.05,NA,1,2019-07-10,191
8,L_10,Italy x Sweden,Dormant,Native Soil,8-IS-D-Soil,1.06,NA,1,2019-07-17,198
8,L_10,Italy x Sweden,Dormant,Native Soil,8-IS-D-Soil,1.07,0,1,2019-07-24,205
8,L_10,Italy x Sweden,Dormant,Native Soil,8-IS-D-Soil,1.08,0,1,2019-07-31,212
8,L_10,Italy x Sweden,Dormant,Native Soil,8-IS-D-Soil,1.09,0,1,2019-08-07,219
8,L_10,Italy x Sweden,Dormant,Native Soil,8-IS-D-Soil,1.1,0,1,2019-08-15,227
8,L_10,Italy x Sweden,Dormant,Native Soil,8-IS-D-Soil,1.11,0,1,2019-08-20,232
8,L_10,Italy x Sweden,Dormant,Native Soil,8-IS-D-Soil,1.12,0,1,2019-08-28,240
8,L_10,Italy x Sweden,Dormant,Native Soil,8-IS-D-Soil,1.13,0,1,2019-09-04,247
8,L_10,Italy x Sweden,Dormant,Native Soil,8-IS-D-Soil,1.14,0,1,2019-09-11,254
8,L_10,Italy x Sweden,Dormant,Native Soil,8-IS-D-Soil,1.15,0,1,2019-09-18,261
8,L_10,Italy x Sweden,Dormant,Native Soil,8-IS-D-Soil,1.16,0,1,2019-09-25,268
8,L_10,Italy x Sweden,Dormant,Native Soil,8-IS-D-Soil,1.17,0,1,2019-10-02,275
8,L_10,Italy x Sweden,Dormant,Native Soil,8-IS-D-Soil,1.18,0,1,2019-10-09,282
8,L_10,Italy x Sweden,Dormant,Native Soil,8-IS-D-Soil,1.19,0,1,2019-10-18,291
8,L_10,Italy x Sweden,Dormant,Native Soil,8-IS-D-Soil,1.2,1,1,2019-10-23,296
8,L_10,Italy x Sweden,Dormant,Native Soil,8-IS-D-Soil,1.22,0,1,2019-11-06,310
8,L_10,Italy x Sweden,Dormant,Native Soil,8-IS-D-Soil,1.23,1,1,2019-11-20,324
8,L_10,Italy x Sweden,Dormant,Native Soil,8-IS-D-Soil,1.24,0,1,2019-12-04,338
8,L_10,Italy x Sweden,Dormant,Native Soil,8-IS-D-Soil,1.25,2,1,2019-12-20,354
8,L_10,Italy x Sweden,Dormant,Native Soil,8-IS-D-Soil,1.26,1,1,2020-02-10,41
8,L_10,Italy x Sweden,Dormant,Native Soil,8-IS-D-Soil,1.27,0,1,2020-03-02,62
8,L_10,Italy x Sweden,Dormant,Native Soil,8-IS-D-Soil,1.29,0,1,2020-05-05,126
8,L_10,Italy x Sweden,Dormant,Native Soil,8-IS-D-Soil,2.01,0,2,2020-05-27,148
8,L_10,Italy x Sweden,Dormant,Native Soil,8-IS-D-Soil,2.02,0,2,2020-06-04,156
8,L_10,Italy x Sweden,Dormant,Native Soil,8-IS-D-Soil,2.03,0,2,2020-07-23,205
8,L_10,Italy x Sweden,Dormant,Native Soil,8-IS-D-Soil,2.04,0,2,2020-08-07,220
8,L_10,Italy x Sweden,Dormant,Native Soil,8-IS-D-Soil,2.05,0,2,2020-08-13,226
8,L_10,Italy x Sweden,Dormant,Native Soil,8-IS-D-Soil,2.06,0,2,2020-08-18,231
8,L_10,Italy x Sweden,Dormant,Native Soil,8-IS-D-Soil,2.07,0,2,2020-08-25,238
8,L_10,Italy x Sweden,Dormant,Native Soil,8-IS-D-Soil,2.08,0,2,2020-09-10,254
8,L_10,Italy x Sweden,Dormant,Native Soil,8-IS-D-Soil,2.09,0,2,2020-09-18,262
8,L_10,Italy x Sweden,Dormant,Native Soil,8-IS-D-Soil,2.1,4,2,2020-10-02,276
8,L_10,Italy x Sweden,Dormant,Native Soil,8-IS-D-Soil,2.11,0,2,2020-10-19,293
8,L_10,Italy x Sweden,Dormant,Native Soil,8-IS-D-Soil,2.12,1,2,2020-10-30,304
8,L_10,Italy x Sweden,Dormant,Native Soil,8-IS-D-Soil,2.13,0,2,2020-11-13,318
8,L_10,Italy x Sweden,Dormant,Native Soil,8-IS-D-Soil,2.14,0,2,2020-12-01,336
8,L_10,Italy x Sweden,Dormant,Native Soil,8-IS-D-Soil,2.15,0,2,2020-12-15,350
8,L_10,Italy x Sweden,Dormant,Native Soil,8-IS-D-Soil,2.16,0,2,2021-01-12,12
8,L_10,Italy x Sweden,Dormant,Native Soil,8-IS-D-Soil,2.17,0,2,2021-02-01,32
8,L_10,Italy x Sweden,Dormant,Native Soil,8-IS-D-Soil,2.18,0,2,2021-02-25,56
8,L_10,Italy x Sweden,Dormant,Native Soil,8-IS-D-Soil,2.19,0,2,2021-03-08,67
8,L_10,Italy x Sweden,Dormant,Native Soil,8-IS-D-Soil,2.2,0,2,2021-03-26,85
8,L_10,Italy x Sweden,Dormant,Native Soil,8-IS-D-Soil,2.21,0,2,2021-04-08,98
8,L_10,Italy x Sweden,Dormant,Native Soil,8-IS-D-Soil,3.14,0,3,2021-08-17,229
8,L_10,Italy x Sweden,Dormant,Native Soil,8-IS-D-Soil,3.15,0,3,2021-08-25,237
8,L_10,Italy x Sweden,Dormant,Native Soil,8-IS-D-Soil,3.16,0,3,2021-09-02,245
8,L_10,Italy x Sweden,Dormant,Native Soil,8-IS-D-Soil,3.17,0,3,2021-09-08,251
8,L_10,Italy x Sweden,Dormant,Native Soil,8-IS-D-Soil,3.18,0,3,2021-09-15,258
8,L_10,Italy x Sweden,Dormant,Native Soil,8-IS-D-Soil,3.19,0,3,2021-09-22,265
8,L_10,Italy x Sweden,Dormant,Native Soil,8-IS-D-Soil,3.2,0,3,2021-10-04,277
8,L_10,Italy x Sweden,Dormant,Native Soil,8-IS-D-Soil,3.21,0,3,2021-10-16,289
8,L_10,Italy x Sweden,Dormant,Native Soil,8-IS-D-Soil,3.22,5,3,2021-11-17,321
8,L_10,Italy x Sweden,Dormant,Native Soil,8-IS-D-Soil,3.23,0,3,2021-12-09,343
8,L_11,Italy x Sweden,Dormant,Control,8-IS_D_C,1.01,0,1,2019-06-12,163
8,L_11,Italy x Sweden,Dormant,Control,8-IS_D_C,1.02,0,1,2019-06-16,167
8,L_11,Italy x Sweden,Dormant,Control,8-IS_D_C,1.03,0,1,2019-06-26,177
8,L_11,Italy x Sweden,Dormant,Control,8-IS_D_C,1.04,0,1,2019-07-03,184
8,L_11,Italy x Sweden,Dormant,Control,8-IS_D_C,1.05,NA,1,2019-07-10,191
8,L_11,Italy x Sweden,Dormant,Control,8-IS_D_C,1.06,NA,1,2019-07-17,198
8,L_11,Italy x Sweden,Dormant,Control,8-IS_D_C,1.07,0,1,2019-07-24,205
8,L_11,Italy x Sweden,Dormant,Control,8-IS_D_C,1.08,0,1,2019-07-31,212
8,L_11,Italy x Sweden,Dormant,Control,8-IS_D_C,1.09,0,1,2019-08-07,219
8,L_11,Italy x Sweden,Dormant,Control,8-IS_D_C,1.1,0,1,2019-08-15,227
8,L_11,Italy x Sweden,Dormant,Control,8-IS_D_C,1.11,0,1,2019-08-20,232
8,L_11,Italy x Sweden,Dormant,Control,8-IS_D_C,1.12,0,1,2019-08-28,240
8,L_11,Italy x Sweden,Dormant,Control,8-IS_D_C,1.13,0,1,2019-09-04,247
8,L_11,Italy x Sweden,Dormant,Control,8-IS_D_C,1.14,0,1,2019-09-11,254
8,L_11,Italy x Sweden,Dormant,Control,8-IS_D_C,1.15,0,1,2019-09-18,261
8,L_11,Italy x Sweden,Dormant,Control,8-IS_D_C,1.16,0,1,2019-09-25,268
8,L_11,Italy x Sweden,Dormant,Control,8-IS_D_C,1.17,0,1,2019-10-02,275
8,L_11,Italy x Sweden,Dormant,Control,8-IS_D_C,1.18,0,1,2019-10-09,282
8,L_11,Italy x Sweden,Dormant,Control,8-IS_D_C,1.19,0,1,2019-10-18,291
8,L_11,Italy x Sweden,Dormant,Control,8-IS_D_C,1.2,1,1,2019-10-23,296
8,L_11,Italy x Sweden,Dormant,Control,8-IS_D_C,1.22,2,1,2019-11-06,310
8,L_11,Italy x Sweden,Dormant,Control,8-IS_D_C,1.23,0,1,2019-11-20,324
8,L_11,Italy x Sweden,Dormant,Control,8-IS_D_C,1.24,0,1,2019-12-04,338
8,L_11,Italy x Sweden,Dormant,Control,8-IS_D_C,1.25,4,1,2019-12-20,354
8,L_11,Italy x Sweden,Dormant,Control,8-IS_D_C,1.26,0,1,2020-02-10,41
8,L_11,Italy x Sweden,Dormant,Control,8-IS_D_C,1.27,0,1,2020-03-02,62
8,L_11,Italy x Sweden,Dormant,Control,8-IS_D_C,1.29,0,1,2020-05-05,126
8,L_11,Italy x Sweden,Dormant,Control,8-IS_D_C,2.01,7,2,2020-05-27,148
8,L_11,Italy x Sweden,Dormant,Control,8-IS_D_C,2.02,0,2,2020-06-04,156
8,L_11,Italy x Sweden,Dormant,Control,8-IS_D_C,2.03,0,2,2020-07-23,205
8,L_11,Italy x Sweden,Dormant,Control,8-IS_D_C,2.04,0,2,2020-08-07,220
8,L_11,Italy x Sweden,Dormant,Control,8-IS_D_C,2.05,0,2,2020-08-13,226
8,L_11,Italy x Sweden,Dormant,Control,8-IS_D_C,2.06,0,2,2020-08-18,231
8,L_11,Italy x Sweden,Dormant,Control,8-IS_D_C,2.07,0,2,2020-08-25,238
8,L_11,Italy x Sweden,Dormant,Control,8-IS_D_C,2.08,0,2,2020-09-10,254
8,L_11,Italy x Sweden,Dormant,Control,8-IS_D_C,2.09,0,2,2020-09-18,262
8,L_11,Italy x Sweden,Dormant,Control,8-IS_D_C,2.1,7,2,2020-10-02,276
8,L_11,Italy x Sweden,Dormant,Control,8-IS_D_C,2.11,0,2,2020-10-19,293
8,L_11,Italy x Sweden,Dormant,Control,8-IS_D_C,2.12,6,2,2020-10-30,304
8,L_11,Italy x Sweden,Dormant,Control,8-IS_D_C,2.13,0,2,2020-11-13,318
8,L_11,Italy x Sweden,Dormant,Control,8-IS_D_C,2.14,9,2,2020-12-01,336
8,L_11,Italy x Sweden,Dormant,Control,8-IS_D_C,2.15,0,2,2020-12-15,350
8,L_11,Italy x Sweden,Dormant,Control,8-IS_D_C,2.16,0,2,2021-01-12,12
8,L_11,Italy x Sweden,Dormant,Control,8-IS_D_C,2.17,0,2,2021-02-01,32
8,L_11,Italy x Sweden,Dormant,Control,8-IS_D_C,2.18,0,2,2021-02-25,56
8,L_11,Italy x Sweden,Dormant,Control,8-IS_D_C,2.19,0,2,2021-03-08,67
8,L_11,Italy x Sweden,Dormant,Control,8-IS_D_C,2.2,0,2,2021-03-26,85
8,L_11,Italy x Sweden,Dormant,Control,8-IS_D_C,2.21,0,2,2021-04-08,98
8,L_11,Italy x Sweden,Dormant,Control,8-IS_D_C,3.14,0,3,2021-08-17,229
8,L_11,Italy x Sweden,Dormant,Control,8-IS_D_C,3.15,0,3,2021-08-25,237
8,L_11,Italy x Sweden,Dormant,Control,8-IS_D_C,3.16,0,3,2021-09-02,245
8,L_11,Italy x Sweden,Dormant,Control,8-IS_D_C,3.17,0,3,2021-09-08,251
8,L_11,Italy x Sweden,Dormant,Control,8-IS_D_C,3.18,0,3,2021-09-15,258
8,L_11,Italy x Sweden,Dormant,Control,8-IS_D_C,3.19,0,3,2021-09-22,265
8,L_11,Italy x Sweden,Dormant,Control,8-IS_D_C,3.2,169,3,2021-10-04,277
8,L_11,Italy x Sweden,Dormant,Control,8-IS_D_C,3.21,0,3,2021-10-16,289
8,L_11,Italy x Sweden,Dormant,Control,8-IS_D_C,3.22,0,3,2021-11-17,321
8,L_11,Italy x Sweden,Dormant,Control,8-IS_D_C,3.23,0,3,2021-12-09,343
8,L_12,UK x USA,Dormant,Control,8-TC_D_C,1.01,NA,1,2019-06-12,163
8,L_12,UK x USA,Dormant,Control,8-TC_D_C,1.02,NA,1,2019-06-16,167
8,L_12,UK x USA,Dormant,Control,8-TC_D_C,1.03,NA,1,2019-06-26,177
8,L_12,UK x USA,Dormant,Control,8-TC_D_C,1.04,NA,1,2019-07-03,184
8,L_12,UK x USA,Dormant,Control,8-TC_D_C,1.05,NA,1,2019-07-10,191
8,L_12,UK x USA,Dormant,Control,8-TC_D_C,1.06,NA,1,2019-07-17,198
8,L_12,UK x USA,Dormant,Control,8-TC_D_C,1.07,0,1,2019-07-24,205
8,L_12,UK x USA,Dormant,Control,8-TC_D_C,1.08,0,1,2019-07-31,212
8,L_12,UK x USA,Dormant,Control,8-TC_D_C,1.09,0,1,2019-08-07,219
8,L_12,UK x USA,Dormant,Control,8-TC_D_C,1.1,0,1,2019-08-15,227
8,L_12,UK x USA,Dormant,Control,8-TC_D_C,1.11,0,1,2019-08-20,232
8,L_12,UK x USA,Dormant,Control,8-TC_D_C,1.12,0,1,2019-08-28,240
8,L_12,UK x USA,Dormant,Control,8-TC_D_C,1.13,0,1,2019-09-04,247
8,L_12,UK x USA,Dormant,Control,8-TC_D_C,1.14,0,1,2019-09-11,254
8,L_12,UK x USA,Dormant,Control,8-TC_D_C,1.15,0,1,2019-09-18,261
8,L_12,UK x USA,Dormant,Control,8-TC_D_C,1.16,0,1,2019-09-25,268
8,L_12,UK x USA,Dormant,Control,8-TC_D_C,1.17,0,1,2019-10-02,275
8,L_12,UK x USA,Dormant,Control,8-TC_D_C,1.18,0,1,2019-10-09,282
8,L_12,UK x USA,Dormant,Control,8-TC_D_C,1.19,0,1,2019-10-18,291
8,L_12,UK x USA,Dormant,Control,8-TC_D_C,1.2,7,1,2019-10-23,296
8,L_12,UK x USA,Dormant,Control,8-TC_D_C,1.22,0,1,2019-11-06,310
8,L_12,UK x USA,Dormant,Control,8-TC_D_C,1.23,0,1,2019-11-20,324
8,L_12,UK x USA,Dormant,Control,8-TC_D_C,1.24,0,1,2019-12-04,338
8,L_12,UK x USA,Dormant,Control,8-TC_D_C,1.25,0,1,2019-12-20,354
8,L_12,UK x USA,Dormant,Control,8-TC_D_C,1.26,0,1,2020-02-10,41
8,L_12,UK x USA,Dormant,Control,8-TC_D_C,1.27,0,1,2020-03-02,62
8,L_12,UK x USA,Dormant,Control,8-TC_D_C,1.29,0,1,2020-05-05,126
8,L_12,UK x USA,Dormant,Control,8-TC_D_C,2.01,35,2,2020-05-27,148
8,L_12,UK x USA,Dormant,Control,8-TC_D_C,2.02,82,2,2020-06-04,156
8,L_12,UK x USA,Dormant,Control,8-TC_D_C,2.03,0,2,2020-07-23,205
8,L_12,UK x USA,Dormant,Control,8-TC_D_C,2.04,0,2,2020-08-07,220
8,L_12,UK x USA,Dormant,Control,8-TC_D_C,2.05,0,2,2020-08-13,226
8,L_12,UK x USA,Dormant,Control,8-TC_D_C,2.06,0,2,2020-08-18,231
8,L_12,UK x USA,Dormant,Control,8-TC_D_C,2.07,0,2,2020-08-25,238
8,L_12,UK x USA,Dormant,Control,8-TC_D_C,2.08,0,2,2020-09-10,254
8,L_12,UK x USA,Dormant,Control,8-TC_D_C,2.09,0,2,2020-09-18,262
8,L_12,UK x USA,Dormant,Control,8-TC_D_C,2.1,31,2,2020-10-02,276
8,L_12,UK x USA,Dormant,Control,8-TC_D_C,2.11,0,2,2020-10-19,293
8,L_12,UK x USA,Dormant,Control,8-TC_D_C,2.12,6,2,2020-10-30,304
8,L_12,UK x USA,Dormant,Control,8-TC_D_C,2.13,0,2,2020-11-13,318
8,L_12,UK x USA,Dormant,Control,8-TC_D_C,2.14,0,2,2020-12-01,336
8,L_12,UK x USA,Dormant,Control,8-TC_D_C,2.15,0,2,2020-12-15,350
8,L_12,UK x USA,Dormant,Control,8-TC_D_C,2.16,0,2,2021-01-12,12
8,L_12,UK x USA,Dormant,Control,8-TC_D_C,2.17,0,2,2021-02-01,32
8,L_12,UK x USA,Dormant,Control,8-TC_D_C,2.18,0,2,2021-02-25,56
8,L_12,UK x USA,Dormant,Control,8-TC_D_C,2.19,0,2,2021-03-08,67
8,L_12,UK x USA,Dormant,Control,8-TC_D_C,2.2,0,2,2021-03-26,85
8,L_12,UK x USA,Dormant,Control,8-TC_D_C,2.21,0,2,2021-04-08,98
8,L_12,UK x USA,Dormant,Control,8-TC_D_C,3.14,0,3,2021-08-17,229
8,L_12,UK x USA,Dormant,Control,8-TC_D_C,3.15,0,3,2021-08-25,237
8,L_12,UK x USA,Dormant,Control,8-TC_D_C,3.16,0,3,2021-09-02,245
8,L_12,UK x USA,Dormant,Control,8-TC_D_C,3.17,0,3,2021-09-08,251
8,L_12,UK x USA,Dormant,Control,8-TC_D_C,3.18,0,3,2021-09-15,258
8,L_12,UK x USA,Dormant,Control,8-TC_D_C,3.19,0,3,2021-09-22,265
8,L_12,UK x USA,Dormant,Control,8-TC_D_C,3.2,9,3,2021-10-04,277
8,L_12,UK x USA,Dormant,Control,8-TC_D_C,3.21,0,3,2021-10-16,289
8,L_12,UK x USA,Dormant,Control,8-TC_D_C,3.22,0,3,2021-11-17,321
8,L_12,UK x USA,Dormant,Control,8-TC_D_C,3.23,0,3,2021-12-09,343
8,L_13,Germany x Tajikistan,Dormant,Control,8-BS_D_C,1.01,NA,1,2019-06-12,163
8,L_13,Germany x Tajikistan,Dormant,Control,8-BS_D_C,1.02,NA,1,2019-06-16,167
8,L_13,Germany x Tajikistan,Dormant,Control,8-BS_D_C,1.03,NA,1,2019-06-26,177
8,L_13,Germany x Tajikistan,Dormant,Control,8-BS_D_C,1.04,NA,1,2019-07-03,184
8,L_13,Germany x Tajikistan,Dormant,Control,8-BS_D_C,1.05,NA,1,2019-07-10,191
8,L_13,Germany x Tajikistan,Dormant,Control,8-BS_D_C,1.06,NA,1,2019-07-17,198
8,L_13,Germany x Tajikistan,Dormant,Control,8-BS_D_C,1.07,0,1,2019-07-24,205
8,L_13,Germany x Tajikistan,Dormant,Control,8-BS_D_C,1.08,0,1,2019-07-31,212
8,L_13,Germany x Tajikistan,Dormant,Control,8-BS_D_C,1.09,0,1,2019-08-07,219
8,L_13,Germany x Tajikistan,Dormant,Control,8-BS_D_C,1.1,0,1,2019-08-15,227
8,L_13,Germany x Tajikistan,Dormant,Control,8-BS_D_C,1.11,0,1,2019-08-20,232
8,L_13,Germany x Tajikistan,Dormant,Control,8-BS_D_C,1.12,0,1,2019-08-28,240
8,L_13,Germany x Tajikistan,Dormant,Control,8-BS_D_C,1.13,0,1,2019-09-04,247
8,L_13,Germany x Tajikistan,Dormant,Control,8-BS_D_C,1.14,0,1,2019-09-11,254
8,L_13,Germany x Tajikistan,Dormant,Control,8-BS_D_C,1.15,0,1,2019-09-18,261
8,L_13,Germany x Tajikistan,Dormant,Control,8-BS_D_C,1.16,0,1,2019-09-25,268
8,L_13,Germany x Tajikistan,Dormant,Control,8-BS_D_C,1.17,0,1,2019-10-02,275
8,L_13,Germany x Tajikistan,Dormant,Control,8-BS_D_C,1.18,0,1,2019-10-09,282
8,L_13,Germany x Tajikistan,Dormant,Control,8-BS_D_C,1.19,0,1,2019-10-18,291
8,L_13,Germany x Tajikistan,Dormant,Control,8-BS_D_C,1.2,22,1,2019-10-23,296
8,L_13,Germany x Tajikistan,Dormant,Control,8-BS_D_C,1.22,1,1,2019-11-06,310
8,L_13,Germany x Tajikistan,Dormant,Control,8-BS_D_C,1.23,0,1,2019-11-20,324
8,L_13,Germany x Tajikistan,Dormant,Control,8-BS_D_C,1.24,0,1,2019-12-04,338
8,L_13,Germany x Tajikistan,Dormant,Control,8-BS_D_C,1.25,1,1,2019-12-20,354
8,L_13,Germany x Tajikistan,Dormant,Control,8-BS_D_C,1.26,0,1,2020-02-10,41
8,L_13,Germany x Tajikistan,Dormant,Control,8-BS_D_C,1.27,0,1,2020-03-02,62
8,L_13,Germany x Tajikistan,Dormant,Control,8-BS_D_C,1.29,0,1,2020-05-05,126
8,L_13,Germany x Tajikistan,Dormant,Control,8-BS_D_C,2.01,0,2,2020-05-27,148
8,L_13,Germany x Tajikistan,Dormant,Control,8-BS_D_C,2.02,0,2,2020-06-04,156
8,L_13,Germany x Tajikistan,Dormant,Control,8-BS_D_C,2.03,0,2,2020-07-23,205
8,L_13,Germany x Tajikistan,Dormant,Control,8-BS_D_C,2.04,0,2,2020-08-07,220
8,L_13,Germany x Tajikistan,Dormant,Control,8-BS_D_C,2.05,0,2,2020-08-13,226
8,L_13,Germany x Tajikistan,Dormant,Control,8-BS_D_C,2.06,0,2,2020-08-18,231
8,L_13,Germany x Tajikistan,Dormant,Control,8-BS_D_C,2.07,0,2,2020-08-25,238
8,L_13,Germany x Tajikistan,Dormant,Control,8-BS_D_C,2.08,0,2,2020-09-10,254
8,L_13,Germany x Tajikistan,Dormant,Control,8-BS_D_C,2.09,0,2,2020-09-18,262
8,L_13,Germany x Tajikistan,Dormant,Control,8-BS_D_C,2.1,17,2,2020-10-02,276
8,L_13,Germany x Tajikistan,Dormant,Control,8-BS_D_C,2.11,0,2,2020-10-19,293
8,L_13,Germany x Tajikistan,Dormant,Control,8-BS_D_C,2.12,0,2,2020-10-30,304
8,L_13,Germany x Tajikistan,Dormant,Control,8-BS_D_C,2.13,0,2,2020-11-13,318
8,L_13,Germany x Tajikistan,Dormant,Control,8-BS_D_C,2.14,0,2,2020-12-01,336
8,L_13,Germany x Tajikistan,Dormant,Control,8-BS_D_C,2.15,0,2,2020-12-15,350
8,L_13,Germany x Tajikistan,Dormant,Control,8-BS_D_C,2.16,0,2,2021-01-12,12
8,L_13,Germany x Tajikistan,Dormant,Control,8-BS_D_C,2.17,1,2,2021-02-01,32
8,L_13,Germany x Tajikistan,Dormant,Control,8-BS_D_C,2.18,0,2,2021-02-25,56
8,L_13,Germany x Tajikistan,Dormant,Control,8-BS_D_C,2.19,0,2,2021-03-08,67
8,L_13,Germany x Tajikistan,Dormant,Control,8-BS_D_C,2.2,0,2,2021-03-26,85
8,L_13,Germany x Tajikistan,Dormant,Control,8-BS_D_C,2.21,0,2,2021-04-08,98
8,L_13,Germany x Tajikistan,Dormant,Control,8-BS_D_C,3.14,0,3,2021-08-17,229
8,L_13,Germany x Tajikistan,Dormant,Control,8-BS_D_C,3.15,0,3,2021-08-25,237
8,L_13,Germany x Tajikistan,Dormant,Control,8-BS_D_C,3.16,0,3,2021-09-02,245
8,L_13,Germany x Tajikistan,Dormant,Control,8-BS_D_C,3.17,0,3,2021-09-08,251
8,L_13,Germany x Tajikistan,Dormant,Control,8-BS_D_C,3.18,0,3,2021-09-15,258
8,L_13,Germany x Tajikistan,Dormant,Control,8-BS_D_C,3.19,0,3,2021-09-22,265
8,L_13,Germany x Tajikistan,Dormant,Control,8-BS_D_C,3.2,12,3,2021-10-04,277
8,L_13,Germany x Tajikistan,Dormant,Control,8-BS_D_C,3.21,32,3,2021-10-16,289
8,L_13,Germany x Tajikistan,Dormant,Control,8-BS_D_C,3.22,0,3,2021-11-17,321
8,L_13,Germany x Tajikistan,Dormant,Control,8-BS_D_C,3.23,0,3,2021-12-09,343
7,M_1,Italy x Sweden,Non-Dormant,Native Soil,7-IS-ND-Soil,1.01,0,1,2019-06-12,163
7,M_1,Italy x Sweden,Non-Dormant,Native Soil,7-IS-ND-Soil,1.02,0,1,2019-06-16,167
7,M_1,Italy x Sweden,Non-Dormant,Native Soil,7-IS-ND-Soil,1.03,0,1,2019-06-26,177
7,M_1,Italy x Sweden,Non-Dormant,Native Soil,7-IS-ND-Soil,1.04,0,1,2019-07-03,184
7,M_1,Italy x Sweden,Non-Dormant,Native Soil,7-IS-ND-Soil,1.05,NA,1,2019-07-10,191
7,M_1,Italy x Sweden,Non-Dormant,Native Soil,7-IS-ND-Soil,1.06,NA,1,2019-07-17,198
7,M_1,Italy x Sweden,Non-Dormant,Native Soil,7-IS-ND-Soil,1.07,0,1,2019-07-24,205
7,M_1,Italy x Sweden,Non-Dormant,Native Soil,7-IS-ND-Soil,1.08,0,1,2019-07-31,212
7,M_1,Italy x Sweden,Non-Dormant,Native Soil,7-IS-ND-Soil,1.09,0,1,2019-08-07,219
7,M_1,Italy x Sweden,Non-Dormant,Native Soil,7-IS-ND-Soil,1.1,0,1,2019-08-15,227
7,M_1,Italy x Sweden,Non-Dormant,Native Soil,7-IS-ND-Soil,1.11,0,1,2019-08-20,232
7,M_1,Italy x Sweden,Non-Dormant,Native Soil,7-IS-ND-Soil,1.12,0,1,2019-08-28,240
7,M_1,Italy x Sweden,Non-Dormant,Native Soil,7-IS-ND-Soil,1.13,0,1,2019-09-04,247
7,M_1,Italy x Sweden,Non-Dormant,Native Soil,7-IS-ND-Soil,1.14,0,1,2019-09-11,254
7,M_1,Italy x Sweden,Non-Dormant,Native Soil,7-IS-ND-Soil,1.15,0,1,2019-09-18,261
7,M_1,Italy x Sweden,Non-Dormant,Native Soil,7-IS-ND-Soil,1.16,0,1,2019-09-25,268
7,M_1,Italy x Sweden,Non-Dormant,Native Soil,7-IS-ND-Soil,1.17,0,1,2019-10-02,275
7,M_1,Italy x Sweden,Non-Dormant,Native Soil,7-IS-ND-Soil,1.18,0,1,2019-10-09,282
7,M_1,Italy x Sweden,Non-Dormant,Native Soil,7-IS-ND-Soil,1.19,0,1,2019-10-18,291
7,M_1,Italy x Sweden,Non-Dormant,Native Soil,7-IS-ND-Soil,1.2,0,1,2019-10-23,296
7,M_1,Italy x Sweden,Non-Dormant,Native Soil,7-IS-ND-Soil,1.22,3,1,2019-11-06,310
7,M_1,Italy x Sweden,Non-Dormant,Native Soil,7-IS-ND-Soil,1.23,1,1,2019-11-20,324
7,M_1,Italy x Sweden,Non-Dormant,Native Soil,7-IS-ND-Soil,1.24,0,1,2019-12-04,338
7,M_1,Italy x Sweden,Non-Dormant,Native Soil,7-IS-ND-Soil,1.25,3,1,2019-12-20,354
7,M_1,Italy x Sweden,Non-Dormant,Native Soil,7-IS-ND-Soil,1.26,1,1,2020-02-10,41
7,M_1,Italy x Sweden,Non-Dormant,Native Soil,7-IS-ND-Soil,1.27,0,1,2020-03-02,62
7,M_1,Italy x Sweden,Non-Dormant,Native Soil,7-IS-ND-Soil,1.29,0,1,2020-05-05,126
7,M_1,Italy x Sweden,Non-Dormant,Native Soil,7-IS-ND-Soil,2.01,3,2,2020-05-27,148
7,M_1,Italy x Sweden,Non-Dormant,Native Soil,7-IS-ND-Soil,2.02,0,2,2020-06-04,156
7,M_1,Italy x Sweden,Non-Dormant,Native Soil,7-IS-ND-Soil,2.03,0,2,2020-07-23,205
7,M_1,Italy x Sweden,Non-Dormant,Native Soil,7-IS-ND-Soil,2.04,0,2,2020-08-07,220
7,M_1,Italy x Sweden,Non-Dormant,Native Soil,7-IS-ND-Soil,2.05,0,2,2020-08-13,226
7,M_1,Italy x Sweden,Non-Dormant,Native Soil,7-IS-ND-Soil,2.06,0,2,2020-08-18,231
7,M_1,Italy x Sweden,Non-Dormant,Native Soil,7-IS-ND-Soil,2.07,0,2,2020-08-25,238
7,M_1,Italy x Sweden,Non-Dormant,Native Soil,7-IS-ND-Soil,2.08,0,2,2020-09-10,254
7,M_1,Italy x Sweden,Non-Dormant,Native Soil,7-IS-ND-Soil,2.09,64,2,2020-09-18,262
7,M_1,Italy x Sweden,Non-Dormant,Native Soil,7-IS-ND-Soil,2.1,0,2,2020-10-02,276
7,M_1,Italy x Sweden,Non-Dormant,Native Soil,7-IS-ND-Soil,2.11,0,2,2020-10-19,293
7,M_1,Italy x Sweden,Non-Dormant,Native Soil,7-IS-ND-Soil,2.12,1,2,2020-10-30,304
7,M_1,Italy x Sweden,Non-Dormant,Native Soil,7-IS-ND-Soil,2.13,0,2,2020-11-13,318
7,M_1,Italy x Sweden,Non-Dormant,Native Soil,7-IS-ND-Soil,2.14,0,2,2020-12-01,336
7,M_1,Italy x Sweden,Non-Dormant,Native Soil,7-IS-ND-Soil,2.15,0,2,2020-12-15,350
7,M_1,Italy x Sweden,Non-Dormant,Native Soil,7-IS-ND-Soil,2.16,0,2,2021-01-12,12
7,M_1,Italy x Sweden,Non-Dormant,Native Soil,7-IS-ND-Soil,2.17,0,2,2021-02-01,32
7,M_1,Italy x Sweden,Non-Dormant,Native Soil,7-IS-ND-Soil,2.18,0,2,2021-02-25,56
7,M_1,Italy x Sweden,Non-Dormant,Native Soil,7-IS-ND-Soil,2.19,0,2,2021-03-08,67
7,M_1,Italy x Sweden,Non-Dormant,Native Soil,7-IS-ND-Soil,2.2,0,2,2021-03-26,85
7,M_1,Italy x Sweden,Non-Dormant,Native Soil,7-IS-ND-Soil,2.21,0,2,2021-04-08,98
7,M_1,Italy x Sweden,Non-Dormant,Native Soil,7-IS-ND-Soil,3.14,0,3,2021-08-17,229
7,M_1,Italy x Sweden,Non-Dormant,Native Soil,7-IS-ND-Soil,3.15,0,3,2021-08-25,237
7,M_1,Italy x Sweden,Non-Dormant,Native Soil,7-IS-ND-Soil,3.16,0,3,2021-09-02,245
7,M_1,Italy x Sweden,Non-Dormant,Native Soil,7-IS-ND-Soil,3.17,0,3,2021-09-08,251
7,M_1,Italy x Sweden,Non-Dormant,Native Soil,7-IS-ND-Soil,3.18,0,3,2021-09-15,258
7,M_1,Italy x Sweden,Non-Dormant,Native Soil,7-IS-ND-Soil,3.19,0,3,2021-09-22,265
7,M_1,Italy x Sweden,Non-Dormant,Native Soil,7-IS-ND-Soil,3.2,2,3,2021-10-05,278
7,M_1,Italy x Sweden,Non-Dormant,Native Soil,7-IS-ND-Soil,3.21,8,3,2021-10-20,293
7,M_1,Italy x Sweden,Non-Dormant,Native Soil,7-IS-ND-Soil,3.22,0,3,2021-11-17,321
7,M_1,Italy x Sweden,Non-Dormant,Native Soil,7-IS-ND-Soil,3.23,0,3,2021-12-15,349
7,M_2,Germany x Tajikistan,Dormant,Control,7-BS_D_C,1.01,NA,1,2019-06-12,163
7,M_2,Germany x Tajikistan,Dormant,Control,7-BS_D_C,1.02,NA,1,2019-06-16,167
7,M_2,Germany x Tajikistan,Dormant,Control,7-BS_D_C,1.03,NA,1,2019-06-26,177
7,M_2,Germany x Tajikistan,Dormant,Control,7-BS_D_C,1.04,NA,1,2019-07-03,184
7,M_2,Germany x Tajikistan,Dormant,Control,7-BS_D_C,1.05,NA,1,2019-07-10,191
7,M_2,Germany x Tajikistan,Dormant,Control,7-BS_D_C,1.06,NA,1,2019-07-17,198
7,M_2,Germany x Tajikistan,Dormant,Control,7-BS_D_C,1.07,0,1,2019-07-24,205
7,M_2,Germany x Tajikistan,Dormant,Control,7-BS_D_C,1.08,0,1,2019-07-31,212
7,M_2,Germany x Tajikistan,Dormant,Control,7-BS_D_C,1.09,0,1,2019-08-07,219
7,M_2,Germany x Tajikistan,Dormant,Control,7-BS_D_C,1.1,0,1,2019-08-15,227
7,M_2,Germany x Tajikistan,Dormant,Control,7-BS_D_C,1.11,0,1,2019-08-20,232
7,M_2,Germany x Tajikistan,Dormant,Control,7-BS_D_C,1.12,0,1,2019-08-28,240
7,M_2,Germany x Tajikistan,Dormant,Control,7-BS_D_C,1.13,0,1,2019-09-04,247
7,M_2,Germany x Tajikistan,Dormant,Control,7-BS_D_C,1.14,0,1,2019-09-11,254
7,M_2,Germany x Tajikistan,Dormant,Control,7-BS_D_C,1.15,0,1,2019-09-18,261
7,M_2,Germany x Tajikistan,Dormant,Control,7-BS_D_C,1.16,0,1,2019-09-25,268
7,M_2,Germany x Tajikistan,Dormant,Control,7-BS_D_C,1.17,0,1,2019-10-02,275
7,M_2,Germany x Tajikistan,Dormant,Control,7-BS_D_C,1.18,0,1,2019-10-09,282
7,M_2,Germany x Tajikistan,Dormant,Control,7-BS_D_C,1.19,0,1,2019-10-18,291
7,M_2,Germany x Tajikistan,Dormant,Control,7-BS_D_C,1.2,2,1,2019-10-23,296
7,M_2,Germany x Tajikistan,Dormant,Control,7-BS_D_C,1.22,0,1,2019-11-06,310
7,M_2,Germany x Tajikistan,Dormant,Control,7-BS_D_C,1.23,0,1,2019-11-20,324
7,M_2,Germany x Tajikistan,Dormant,Control,7-BS_D_C,1.24,0,1,2019-12-04,338
7,M_2,Germany x Tajikistan,Dormant,Control,7-BS_D_C,1.25,0,1,2019-12-20,354
7,M_2,Germany x Tajikistan,Dormant,Control,7-BS_D_C,1.26,0,1,2020-02-10,41
7,M_2,Germany x Tajikistan,Dormant,Control,7-BS_D_C,1.27,0,1,2020-03-02,62
7,M_2,Germany x Tajikistan,Dormant,Control,7-BS_D_C,1.29,0,1,2020-05-05,126
7,M_2,Germany x Tajikistan,Dormant,Control,7-BS_D_C,2.01,0,2,2020-05-27,148
7,M_2,Germany x Tajikistan,Dormant,Control,7-BS_D_C,2.02,0,2,2020-06-04,156
7,M_2,Germany x Tajikistan,Dormant,Control,7-BS_D_C,2.03,0,2,2020-07-23,205
7,M_2,Germany x Tajikistan,Dormant,Control,7-BS_D_C,2.04,0,2,2020-08-07,220
7,M_2,Germany x Tajikistan,Dormant,Control,7-BS_D_C,2.05,0,2,2020-08-13,226
7,M_2,Germany x Tajikistan,Dormant,Control,7-BS_D_C,2.06,0,2,2020-08-18,231
7,M_2,Germany x Tajikistan,Dormant,Control,7-BS_D_C,2.07,0,2,2020-08-25,238
7,M_2,Germany x Tajikistan,Dormant,Control,7-BS_D_C,2.08,0,2,2020-09-10,254
7,M_2,Germany x Tajikistan,Dormant,Control,7-BS_D_C,2.09,0,2,2020-09-18,262
7,M_2,Germany x Tajikistan,Dormant,Control,7-BS_D_C,2.1,10,2,2020-10-02,276
7,M_2,Germany x Tajikistan,Dormant,Control,7-BS_D_C,2.11,0,2,2020-10-19,293
7,M_2,Germany x Tajikistan,Dormant,Control,7-BS_D_C,2.12,1,2,2020-10-30,304
7,M_2,Germany x Tajikistan,Dormant,Control,7-BS_D_C,2.13,0,2,2020-11-13,318
7,M_2,Germany x Tajikistan,Dormant,Control,7-BS_D_C,2.14,0,2,2020-12-01,336
7,M_2,Germany x Tajikistan,Dormant,Control,7-BS_D_C,2.15,0,2,2020-12-15,350
7,M_2,Germany x Tajikistan,Dormant,Control,7-BS_D_C,2.16,0,2,2021-01-12,12
7,M_2,Germany x Tajikistan,Dormant,Control,7-BS_D_C,2.17,0,2,2021-02-01,32
7,M_2,Germany x Tajikistan,Dormant,Control,7-BS_D_C,2.18,0,2,2021-02-25,56
7,M_2,Germany x Tajikistan,Dormant,Control,7-BS_D_C,2.19,0,2,2021-03-08,67
7,M_2,Germany x Tajikistan,Dormant,Control,7-BS_D_C,2.2,0,2,2021-03-26,85
7,M_2,Germany x Tajikistan,Dormant,Control,7-BS_D_C,2.21,0,2,2021-04-08,98
7,M_2,Germany x Tajikistan,Dormant,Control,7-BS_D_C,3.14,0,3,2021-08-17,229
7,M_2,Germany x Tajikistan,Dormant,Control,7-BS_D_C,3.15,0,3,2021-08-25,237
7,M_2,Germany x Tajikistan,Dormant,Control,7-BS_D_C,3.16,0,3,2021-09-02,245
7,M_2,Germany x Tajikistan,Dormant,Control,7-BS_D_C,3.17,0,3,2021-09-08,251
7,M_2,Germany x Tajikistan,Dormant,Control,7-BS_D_C,3.18,0,3,2021-09-15,258
7,M_2,Germany x Tajikistan,Dormant,Control,7-BS_D_C,3.19,0,3,2021-09-22,265
7,M_2,Germany x Tajikistan,Dormant,Control,7-BS_D_C,3.2,0,3,2021-10-05,278
7,M_2,Germany x Tajikistan,Dormant,Control,7-BS_D_C,3.21,0,3,2021-10-20,293
7,M_2,Germany x Tajikistan,Dormant,Control,7-BS_D_C,3.22,0,3,2021-11-17,321
7,M_2,Germany x Tajikistan,Dormant,Control,7-BS_D_C,3.23,0,3,2021-12-15,349
7,M_3,Germany x Tajikistan,Non-Dormant,Litter,7-BS_ND_F,1.01,NA,1,2019-06-12,163
7,M_3,Germany x Tajikistan,Non-Dormant,Litter,7-BS_ND_F,1.02,NA,1,2019-06-16,167
7,M_3,Germany x Tajikistan,Non-Dormant,Litter,7-BS_ND_F,1.03,NA,1,2019-06-26,177
7,M_3,Germany x Tajikistan,Non-Dormant,Litter,7-BS_ND_F,1.04,NA,1,2019-07-03,184
7,M_3,Germany x Tajikistan,Non-Dormant,Litter,7-BS_ND_F,1.05,NA,1,2019-07-10,191
7,M_3,Germany x Tajikistan,Non-Dormant,Litter,7-BS_ND_F,1.06,NA,1,2019-07-17,198
7,M_3,Germany x Tajikistan,Non-Dormant,Litter,7-BS_ND_F,1.07,0,1,2019-07-24,205
7,M_3,Germany x Tajikistan,Non-Dormant,Litter,7-BS_ND_F,1.08,0,1,2019-07-31,212
7,M_3,Germany x Tajikistan,Non-Dormant,Litter,7-BS_ND_F,1.09,0,1,2019-08-07,219
7,M_3,Germany x Tajikistan,Non-Dormant,Litter,7-BS_ND_F,1.1,0,1,2019-08-15,227
7,M_3,Germany x Tajikistan,Non-Dormant,Litter,7-BS_ND_F,1.11,0,1,2019-08-20,232
7,M_3,Germany x Tajikistan,Non-Dormant,Litter,7-BS_ND_F,1.12,0,1,2019-08-28,240
7,M_3,Germany x Tajikistan,Non-Dormant,Litter,7-BS_ND_F,1.13,0,1,2019-09-04,247
7,M_3,Germany x Tajikistan,Non-Dormant,Litter,7-BS_ND_F,1.14,0,1,2019-09-11,254
7,M_3,Germany x Tajikistan,Non-Dormant,Litter,7-BS_ND_F,1.15,0,1,2019-09-18,261
7,M_3,Germany x Tajikistan,Non-Dormant,Litter,7-BS_ND_F,1.16,0,1,2019-09-25,268
7,M_3,Germany x Tajikistan,Non-Dormant,Litter,7-BS_ND_F,1.17,0,1,2019-10-02,275
7,M_3,Germany x Tajikistan,Non-Dormant,Litter,7-BS_ND_F,1.18,0,1,2019-10-09,282
7,M_3,Germany x Tajikistan,Non-Dormant,Litter,7-BS_ND_F,1.19,0,1,2019-10-18,291
7,M_3,Germany x Tajikistan,Non-Dormant,Litter,7-BS_ND_F,1.2,0,1,2019-10-23,296
7,M_3,Germany x Tajikistan,Non-Dormant,Litter,7-BS_ND_F,1.22,0,1,2019-11-06,310
7,M_3,Germany x Tajikistan,Non-Dormant,Litter,7-BS_ND_F,1.23,0,1,2019-11-20,324
7,M_3,Germany x Tajikistan,Non-Dormant,Litter,7-BS_ND_F,1.24,0,1,2019-12-04,338
7,M_3,Germany x Tajikistan,Non-Dormant,Litter,7-BS_ND_F,1.25,0,1,2019-12-20,354
7,M_3,Germany x Tajikistan,Non-Dormant,Litter,7-BS_ND_F,1.26,0,1,2020-02-10,41
7,M_3,Germany x Tajikistan,Non-Dormant,Litter,7-BS_ND_F,1.27,0,1,2020-03-02,62
7,M_3,Germany x Tajikistan,Non-Dormant,Litter,7-BS_ND_F,1.29,0,1,2020-05-05,126
7,M_3,Germany x Tajikistan,Non-Dormant,Litter,7-BS_ND_F,2.01,0,2,2020-05-27,148
7,M_3,Germany x Tajikistan,Non-Dormant,Litter,7-BS_ND_F,2.02,0,2,2020-06-04,156
7,M_3,Germany x Tajikistan,Non-Dormant,Litter,7-BS_ND_F,2.03,NA,NA,NA,NA
7,M_3,Germany x Tajikistan,Non-Dormant,Litter,7-BS_ND_F,2.04,NA,NA,NA,NA
7,M_3,Germany x Tajikistan,Non-Dormant,Litter,7-BS_ND_F,2.05,NA,NA,NA,NA
7,M_3,Germany x Tajikistan,Non-Dormant,Litter,7-BS_ND_F,2.06,NA,NA,NA,NA
7,M_3,Germany x Tajikistan,Non-Dormant,Litter,7-BS_ND_F,2.07,NA,NA,NA,NA
7,M_3,Germany x Tajikistan,Non-Dormant,Litter,7-BS_ND_F,2.08,NA,2,2020-09-10,254
7,M_3,Germany x Tajikistan,Non-Dormant,Litter,7-BS_ND_F,2.09,0,2,2020-09-18,262
7,M_3,Germany x Tajikistan,Non-Dormant,Litter,7-BS_ND_F,2.1,23,2,2020-10-02,276
7,M_3,Germany x Tajikistan,Non-Dormant,Litter,7-BS_ND_F,2.11,0,2,2020-10-19,293
7,M_3,Germany x Tajikistan,Non-Dormant,Litter,7-BS_ND_F,2.12,0,2,2020-10-30,304
7,M_3,Germany x Tajikistan,Non-Dormant,Litter,7-BS_ND_F,2.13,0,2,2020-11-13,318
7,M_3,Germany x Tajikistan,Non-Dormant,Litter,7-BS_ND_F,2.14,0,2,2020-12-01,336
7,M_3,Germany x Tajikistan,Non-Dormant,Litter,7-BS_ND_F,2.15,0,2,2020-12-15,350
7,M_3,Germany x Tajikistan,Non-Dormant,Litter,7-BS_ND_F,2.16,0,2,2021-01-12,12
7,M_3,Germany x Tajikistan,Non-Dormant,Litter,7-BS_ND_F,2.17,0,2,2021-02-01,32
7,M_3,Germany x Tajikistan,Non-Dormant,Litter,7-BS_ND_F,2.18,0,2,2021-02-25,56
7,M_3,Germany x Tajikistan,Non-Dormant,Litter,7-BS_ND_F,2.19,0,2,2021-03-08,67
7,M_3,Germany x Tajikistan,Non-Dormant,Litter,7-BS_ND_F,2.2,0,2,2021-03-26,85
7,M_3,Germany x Tajikistan,Non-Dormant,Litter,7-BS_ND_F,2.21,0,2,2021-04-08,98
7,M_3,Germany x Tajikistan,Non-Dormant,Litter,7-BS_ND_F,3.14,NA,NA,NA,NA
7,M_3,Germany x Tajikistan,Non-Dormant,Litter,7-BS_ND_F,3.15,NA,NA,NA,NA
7,M_3,Germany x Tajikistan,Non-Dormant,Litter,7-BS_ND_F,3.16,NA,NA,NA,NA
7,M_3,Germany x Tajikistan,Non-Dormant,Litter,7-BS_ND_F,3.17,NA,NA,NA,NA
7,M_3,Germany x Tajikistan,Non-Dormant,Litter,7-BS_ND_F,3.18,NA,NA,NA,NA
7,M_3,Germany x Tajikistan,Non-Dormant,Litter,7-BS_ND_F,3.19,NA,NA,NA,NA
7,M_3,Germany x Tajikistan,Non-Dormant,Litter,7-BS_ND_F,3.2,NA,NA,NA,NA
7,M_3,Germany x Tajikistan,Non-Dormant,Litter,7-BS_ND_F,3.21,NA,NA,NA,NA
7,M_3,Germany x Tajikistan,Non-Dormant,Litter,7-BS_ND_F,3.22,NA,NA,NA,NA
7,M_3,Germany x Tajikistan,Non-Dormant,Litter,7-BS_ND_F,3.23,NA,NA,NA,NA
7,M_4,Germany x Tajikistan,Non-Dormant,Control,7-BS_ND_C,1.01,NA,1,2019-06-12,163
7,M_4,Germany x Tajikistan,Non-Dormant,Control,7-BS_ND_C,1.02,NA,1,2019-06-16,167
7,M_4,Germany x Tajikistan,Non-Dormant,Control,7-BS_ND_C,1.03,NA,1,2019-06-26,177
7,M_4,Germany x Tajikistan,Non-Dormant,Control,7-BS_ND_C,1.04,NA,1,2019-07-03,184
7,M_4,Germany x Tajikistan,Non-Dormant,Control,7-BS_ND_C,1.05,NA,1,2019-07-10,191
7,M_4,Germany x Tajikistan,Non-Dormant,Control,7-BS_ND_C,1.06,NA,1,2019-07-17,198
7,M_4,Germany x Tajikistan,Non-Dormant,Control,7-BS_ND_C,1.07,0,1,2019-07-24,205
7,M_4,Germany x Tajikistan,Non-Dormant,Control,7-BS_ND_C,1.08,0,1,2019-07-31,212
7,M_4,Germany x Tajikistan,Non-Dormant,Control,7-BS_ND_C,1.09,0,1,2019-08-07,219
7,M_4,Germany x Tajikistan,Non-Dormant,Control,7-BS_ND_C,1.1,0,1,2019-08-15,227
7,M_4,Germany x Tajikistan,Non-Dormant,Control,7-BS_ND_C,1.11,0,1,2019-08-20,232
7,M_4,Germany x Tajikistan,Non-Dormant,Control,7-BS_ND_C,1.12,0,1,2019-08-28,240
7,M_4,Germany x Tajikistan,Non-Dormant,Control,7-BS_ND_C,1.13,0,1,2019-09-04,247
7,M_4,Germany x Tajikistan,Non-Dormant,Control,7-BS_ND_C,1.14,0,1,2019-09-11,254
7,M_4,Germany x Tajikistan,Non-Dormant,Control,7-BS_ND_C,1.15,0,1,2019-09-18,261
7,M_4,Germany x Tajikistan,Non-Dormant,Control,7-BS_ND_C,1.16,0,1,2019-09-25,268
7,M_4,Germany x Tajikistan,Non-Dormant,Control,7-BS_ND_C,1.17,0,1,2019-10-02,275
7,M_4,Germany x Tajikistan,Non-Dormant,Control,7-BS_ND_C,1.18,0,1,2019-10-09,282
7,M_4,Germany x Tajikistan,Non-Dormant,Control,7-BS_ND_C,1.19,0,1,2019-10-18,291
7,M_4,Germany x Tajikistan,Non-Dormant,Control,7-BS_ND_C,1.2,0,1,2019-10-23,296
7,M_4,Germany x Tajikistan,Non-Dormant,Control,7-BS_ND_C,1.22,0,1,2019-11-06,310
7,M_4,Germany x Tajikistan,Non-Dormant,Control,7-BS_ND_C,1.23,0,1,2019-11-20,324
7,M_4,Germany x Tajikistan,Non-Dormant,Control,7-BS_ND_C,1.24,0,1,2019-12-04,338
7,M_4,Germany x Tajikistan,Non-Dormant,Control,7-BS_ND_C,1.25,0,1,2019-12-20,354
7,M_4,Germany x Tajikistan,Non-Dormant,Control,7-BS_ND_C,1.26,0,1,2020-02-10,41
7,M_4,Germany x Tajikistan,Non-Dormant,Control,7-BS_ND_C,1.27,0,1,2020-03-02,62
7,M_4,Germany x Tajikistan,Non-Dormant,Control,7-BS_ND_C,1.29,0,1,2020-05-05,126
7,M_4,Germany x Tajikistan,Non-Dormant,Control,7-BS_ND_C,2.01,3,2,2020-05-27,148
7,M_4,Germany x Tajikistan,Non-Dormant,Control,7-BS_ND_C,2.02,0,2,2020-06-04,156
7,M_4,Germany x Tajikistan,Non-Dormant,Control,7-BS_ND_C,2.03,0,2,2020-07-23,205
7,M_4,Germany x Tajikistan,Non-Dormant,Control,7-BS_ND_C,2.04,0,2,2020-08-07,220
7,M_4,Germany x Tajikistan,Non-Dormant,Control,7-BS_ND_C,2.05,0,2,2020-08-13,226
7,M_4,Germany x Tajikistan,Non-Dormant,Control,7-BS_ND_C,2.06,0,2,2020-08-18,231
7,M_4,Germany x Tajikistan,Non-Dormant,Control,7-BS_ND_C,2.07,0,2,2020-08-25,238
7,M_4,Germany x Tajikistan,Non-Dormant,Control,7-BS_ND_C,2.08,0,2,2020-09-10,254
7,M_4,Germany x Tajikistan,Non-Dormant,Control,7-BS_ND_C,2.09,0,2,2020-09-18,262
7,M_4,Germany x Tajikistan,Non-Dormant,Control,7-BS_ND_C,2.1,7,2,2020-10-02,276
7,M_4,Germany x Tajikistan,Non-Dormant,Control,7-BS_ND_C,2.11,0,2,2020-10-19,293
7,M_4,Germany x Tajikistan,Non-Dormant,Control,7-BS_ND_C,2.12,0,2,2020-10-30,304
7,M_4,Germany x Tajikistan,Non-Dormant,Control,7-BS_ND_C,2.13,0,2,2020-11-13,318
7,M_4,Germany x Tajikistan,Non-Dormant,Control,7-BS_ND_C,2.14,0,2,2020-12-01,336
7,M_4,Germany x Tajikistan,Non-Dormant,Control,7-BS_ND_C,2.15,0,2,2020-12-15,350
7,M_4,Germany x Tajikistan,Non-Dormant,Control,7-BS_ND_C,2.16,0,2,2021-01-12,12
7,M_4,Germany x Tajikistan,Non-Dormant,Control,7-BS_ND_C,2.17,0,2,2021-02-01,32
7,M_4,Germany x Tajikistan,Non-Dormant,Control,7-BS_ND_C,2.18,0,2,2021-02-25,56
7,M_4,Germany x Tajikistan,Non-Dormant,Control,7-BS_ND_C,2.19,0,2,2021-03-08,67
7,M_4,Germany x Tajikistan,Non-Dormant,Control,7-BS_ND_C,2.2,0,2,2021-03-26,85
7,M_4,Germany x Tajikistan,Non-Dormant,Control,7-BS_ND_C,2.21,0,2,2021-04-08,98
7,M_4,Germany x Tajikistan,Non-Dormant,Control,7-BS_ND_C,3.14,0,3,2021-08-17,229
7,M_4,Germany x Tajikistan,Non-Dormant,Control,7-BS_ND_C,3.15,0,3,2021-08-25,237
7,M_4,Germany x Tajikistan,Non-Dormant,Control,7-BS_ND_C,3.16,0,3,2021-09-02,245
7,M_4,Germany x Tajikistan,Non-Dormant,Control,7-BS_ND_C,3.17,0,3,2021-09-08,251
7,M_4,Germany x Tajikistan,Non-Dormant,Control,7-BS_ND_C,3.18,0,3,2021-09-15,258
7,M_4,Germany x Tajikistan,Non-Dormant,Control,7-BS_ND_C,3.19,0,3,2021-09-22,265
7,M_4,Germany x Tajikistan,Non-Dormant,Control,7-BS_ND_C,3.2,0,3,2021-10-05,278
7,M_4,Germany x Tajikistan,Non-Dormant,Control,7-BS_ND_C,3.21,0,3,2021-10-20,293
7,M_4,Germany x Tajikistan,Non-Dormant,Control,7-BS_ND_C,3.22,0,3,2021-11-17,321
7,M_4,Germany x Tajikistan,Non-Dormant,Control,7-BS_ND_C,3.23,0,3,2021-12-15,349
7,M_5,Italy x Sweden,Non-Dormant,Control,7-IS_ND_C,1.01,0,1,2019-06-12,163
7,M_5,Italy x Sweden,Non-Dormant,Control,7-IS_ND_C,1.02,0,1,2019-06-16,167
7,M_5,Italy x Sweden,Non-Dormant,Control,7-IS_ND_C,1.03,0,1,2019-06-26,177
7,M_5,Italy x Sweden,Non-Dormant,Control,7-IS_ND_C,1.04,0,1,2019-07-03,184
7,M_5,Italy x Sweden,Non-Dormant,Control,7-IS_ND_C,1.05,NA,1,2019-07-10,191
7,M_5,Italy x Sweden,Non-Dormant,Control,7-IS_ND_C,1.06,NA,1,2019-07-17,198
7,M_5,Italy x Sweden,Non-Dormant,Control,7-IS_ND_C,1.07,0,1,2019-07-24,205
7,M_5,Italy x Sweden,Non-Dormant,Control,7-IS_ND_C,1.08,0,1,2019-07-31,212
7,M_5,Italy x Sweden,Non-Dormant,Control,7-IS_ND_C,1.09,0,1,2019-08-07,219
7,M_5,Italy x Sweden,Non-Dormant,Control,7-IS_ND_C,1.1,0,1,2019-08-15,227
7,M_5,Italy x Sweden,Non-Dormant,Control,7-IS_ND_C,1.11,0,1,2019-08-20,232
7,M_5,Italy x Sweden,Non-Dormant,Control,7-IS_ND_C,1.12,0,1,2019-08-28,240
7,M_5,Italy x Sweden,Non-Dormant,Control,7-IS_ND_C,1.13,0,1,2019-09-04,247
7,M_5,Italy x Sweden,Non-Dormant,Control,7-IS_ND_C,1.14,0,1,2019-09-11,254
7,M_5,Italy x Sweden,Non-Dormant,Control,7-IS_ND_C,1.15,0,1,2019-09-18,261
7,M_5,Italy x Sweden,Non-Dormant,Control,7-IS_ND_C,1.16,0,1,2019-09-25,268
7,M_5,Italy x Sweden,Non-Dormant,Control,7-IS_ND_C,1.17,0,1,2019-10-02,275
7,M_5,Italy x Sweden,Non-Dormant,Control,7-IS_ND_C,1.18,0,1,2019-10-09,282
7,M_5,Italy x Sweden,Non-Dormant,Control,7-IS_ND_C,1.19,0,1,2019-10-18,291
7,M_5,Italy x Sweden,Non-Dormant,Control,7-IS_ND_C,1.2,0,1,2019-10-23,296
7,M_5,Italy x Sweden,Non-Dormant,Control,7-IS_ND_C,1.22,0,1,2019-11-06,310
7,M_5,Italy x Sweden,Non-Dormant,Control,7-IS_ND_C,1.23,0,1,2019-11-20,324
7,M_5,Italy x Sweden,Non-Dormant,Control,7-IS_ND_C,1.24,0,1,2019-12-04,338
7,M_5,Italy x Sweden,Non-Dormant,Control,7-IS_ND_C,1.25,0,1,2019-12-20,354
7,M_5,Italy x Sweden,Non-Dormant,Control,7-IS_ND_C,1.26,0,1,2020-02-10,41
7,M_5,Italy x Sweden,Non-Dormant,Control,7-IS_ND_C,1.27,0,1,2020-03-02,62
7,M_5,Italy x Sweden,Non-Dormant,Control,7-IS_ND_C,1.29,0,1,2020-05-05,126
7,M_5,Italy x Sweden,Non-Dormant,Control,7-IS_ND_C,2.01,10,2,2020-05-27,148
7,M_5,Italy x Sweden,Non-Dormant,Control,7-IS_ND_C,2.02,0,2,2020-06-04,156
7,M_5,Italy x Sweden,Non-Dormant,Control,7-IS_ND_C,2.03,0,2,2020-07-23,205
7,M_5,Italy x Sweden,Non-Dormant,Control,7-IS_ND_C,2.04,0,2,2020-08-07,220
7,M_5,Italy x Sweden,Non-Dormant,Control,7-IS_ND_C,2.05,0,2,2020-08-13,226
7,M_5,Italy x Sweden,Non-Dormant,Control,7-IS_ND_C,2.06,0,2,2020-08-18,231
7,M_5,Italy x Sweden,Non-Dormant,Control,7-IS_ND_C,2.07,0,2,2020-08-25,238
7,M_5,Italy x Sweden,Non-Dormant,Control,7-IS_ND_C,2.08,0,2,2020-09-10,254
7,M_5,Italy x Sweden,Non-Dormant,Control,7-IS_ND_C,2.09,0,2,2020-09-18,262
7,M_5,Italy x Sweden,Non-Dormant,Control,7-IS_ND_C,2.1,12,2,2020-10-02,276
7,M_5,Italy x Sweden,Non-Dormant,Control,7-IS_ND_C,2.11,0,2,2020-10-19,293
7,M_5,Italy x Sweden,Non-Dormant,Control,7-IS_ND_C,2.12,4,2,2020-10-30,304
7,M_5,Italy x Sweden,Non-Dormant,Control,7-IS_ND_C,2.13,0,2,2020-11-13,318
7,M_5,Italy x Sweden,Non-Dormant,Control,7-IS_ND_C,2.14,0,2,2020-12-01,336
7,M_5,Italy x Sweden,Non-Dormant,Control,7-IS_ND_C,2.15,0,2,2020-12-15,350
7,M_5,Italy x Sweden,Non-Dormant,Control,7-IS_ND_C,2.16,0,2,2021-01-12,12
7,M_5,Italy x Sweden,Non-Dormant,Control,7-IS_ND_C,2.17,0,2,2021-02-01,32
7,M_5,Italy x Sweden,Non-Dormant,Control,7-IS_ND_C,2.18,0,2,2021-02-25,56
7,M_5,Italy x Sweden,Non-Dormant,Control,7-IS_ND_C,2.19,0,2,2021-03-08,67
7,M_5,Italy x Sweden,Non-Dormant,Control,7-IS_ND_C,2.2,0,2,2021-03-26,85
7,M_5,Italy x Sweden,Non-Dormant,Control,7-IS_ND_C,2.21,0,2,2021-04-08,98
7,M_5,Italy x Sweden,Non-Dormant,Control,7-IS_ND_C,3.14,0,3,2021-08-17,229
7,M_5,Italy x Sweden,Non-Dormant,Control,7-IS_ND_C,3.15,0,3,2021-08-25,237
7,M_5,Italy x Sweden,Non-Dormant,Control,7-IS_ND_C,3.16,0,3,2021-09-02,245
7,M_5,Italy x Sweden,Non-Dormant,Control,7-IS_ND_C,3.17,0,3,2021-09-08,251
7,M_5,Italy x Sweden,Non-Dormant,Control,7-IS_ND_C,3.18,0,3,2021-09-15,258
7,M_5,Italy x Sweden,Non-Dormant,Control,7-IS_ND_C,3.19,0,3,2021-09-22,265
7,M_5,Italy x Sweden,Non-Dormant,Control,7-IS_ND_C,3.2,0,3,2021-10-05,278
7,M_5,Italy x Sweden,Non-Dormant,Control,7-IS_ND_C,3.21,0,3,2021-10-20,293
7,M_5,Italy x Sweden,Non-Dormant,Control,7-IS_ND_C,3.22,0,3,2021-11-17,321
7,M_5,Italy x Sweden,Non-Dormant,Control,7-IS_ND_C,3.23,0,3,2021-12-15,349
7,M_6,Italy x Sweden,Mixed,Control,7-IS_M_C,1.01,7,1,2019-06-12,163
7,M_6,Italy x Sweden,Mixed,Control,7-IS_M_C,1.02,0,1,2019-06-16,167
7,M_6,Italy x Sweden,Mixed,Control,7-IS_M_C,1.03,0,1,2019-06-26,177
7,M_6,Italy x Sweden,Mixed,Control,7-IS_M_C,1.04,0,1,2019-07-03,184
7,M_6,Italy x Sweden,Mixed,Control,7-IS_M_C,1.05,NA,1,2019-07-10,191
7,M_6,Italy x Sweden,Mixed,Control,7-IS_M_C,1.06,NA,1,2019-07-17,198
7,M_6,Italy x Sweden,Mixed,Control,7-IS_M_C,1.07,0,1,2019-07-24,205
7,M_6,Italy x Sweden,Mixed,Control,7-IS_M_C,1.08,0,1,2019-07-31,212
7,M_6,Italy x Sweden,Mixed,Control,7-IS_M_C,1.09,0,1,2019-08-07,219
7,M_6,Italy x Sweden,Mixed,Control,7-IS_M_C,1.1,0,1,2019-08-15,227
7,M_6,Italy x Sweden,Mixed,Control,7-IS_M_C,1.11,0,1,2019-08-20,232
7,M_6,Italy x Sweden,Mixed,Control,7-IS_M_C,1.12,0,1,2019-08-28,240
7,M_6,Italy x Sweden,Mixed,Control,7-IS_M_C,1.13,0,1,2019-09-04,247
7,M_6,Italy x Sweden,Mixed,Control,7-IS_M_C,1.14,0,1,2019-09-11,254
7,M_6,Italy x Sweden,Mixed,Control,7-IS_M_C,1.15,0,1,2019-09-18,261
7,M_6,Italy x Sweden,Mixed,Control,7-IS_M_C,1.16,0,1,2019-09-25,268
7,M_6,Italy x Sweden,Mixed,Control,7-IS_M_C,1.17,0,1,2019-10-02,275
7,M_6,Italy x Sweden,Mixed,Control,7-IS_M_C,1.18,0,1,2019-10-09,282
7,M_6,Italy x Sweden,Mixed,Control,7-IS_M_C,1.19,0,1,2019-10-18,291
7,M_6,Italy x Sweden,Mixed,Control,7-IS_M_C,1.2,12,1,2019-10-23,296
7,M_6,Italy x Sweden,Mixed,Control,7-IS_M_C,1.22,0,1,2019-11-06,310
7,M_6,Italy x Sweden,Mixed,Control,7-IS_M_C,1.23,0,1,2019-11-20,324
7,M_6,Italy x Sweden,Mixed,Control,7-IS_M_C,1.24,3,1,2019-12-04,338
7,M_6,Italy x Sweden,Mixed,Control,7-IS_M_C,1.25,7,1,2019-12-20,354
7,M_6,Italy x Sweden,Mixed,Control,7-IS_M_C,1.26,2,1,2020-02-10,41
7,M_6,Italy x Sweden,Mixed,Control,7-IS_M_C,1.27,0,1,2020-03-02,62
7,M_6,Italy x Sweden,Mixed,Control,7-IS_M_C,1.29,0,1,2020-05-05,126
7,M_6,Italy x Sweden,Mixed,Control,7-IS_M_C,2.01,0,2,2020-05-27,148
7,M_6,Italy x Sweden,Mixed,Control,7-IS_M_C,2.02,0,2,2020-06-04,156
7,M_6,Italy x Sweden,Mixed,Control,7-IS_M_C,2.03,0,2,2020-07-23,205
7,M_6,Italy x Sweden,Mixed,Control,7-IS_M_C,2.04,0,2,2020-08-07,220
7,M_6,Italy x Sweden,Mixed,Control,7-IS_M_C,2.05,0,2,2020-08-13,226
7,M_6,Italy x Sweden,Mixed,Control,7-IS_M_C,2.06,0,2,2020-08-18,231
7,M_6,Italy x Sweden,Mixed,Control,7-IS_M_C,2.07,0,2,2020-08-25,238
7,M_6,Italy x Sweden,Mixed,Control,7-IS_M_C,2.08,0,2,2020-09-10,254
7,M_6,Italy x Sweden,Mixed,Control,7-IS_M_C,2.09,0,2,2020-09-18,262
7,M_6,Italy x Sweden,Mixed,Control,7-IS_M_C,2.1,6,2,2020-10-02,276
7,M_6,Italy x Sweden,Mixed,Control,7-IS_M_C,2.11,0,2,2020-10-19,293
7,M_6,Italy x Sweden,Mixed,Control,7-IS_M_C,2.12,0,2,2020-10-30,304
7,M_6,Italy x Sweden,Mixed,Control,7-IS_M_C,2.13,0,2,2020-11-13,318
7,M_6,Italy x Sweden,Mixed,Control,7-IS_M_C,2.14,0,2,2020-12-01,336
7,M_6,Italy x Sweden,Mixed,Control,7-IS_M_C,2.15,0,2,2020-12-15,350
7,M_6,Italy x Sweden,Mixed,Control,7-IS_M_C,2.16,0,2,2021-01-12,12
7,M_6,Italy x Sweden,Mixed,Control,7-IS_M_C,2.17,0,2,2021-02-01,32
7,M_6,Italy x Sweden,Mixed,Control,7-IS_M_C,2.18,0,2,2021-02-25,56
7,M_6,Italy x Sweden,Mixed,Control,7-IS_M_C,2.19,0,2,2021-03-08,67
7,M_6,Italy x Sweden,Mixed,Control,7-IS_M_C,2.2,0,2,2021-03-26,85
7,M_6,Italy x Sweden,Mixed,Control,7-IS_M_C,2.21,0,2,2021-04-08,98
7,M_6,Italy x Sweden,Mixed,Control,7-IS_M_C,3.14,0,3,2021-08-17,229
7,M_6,Italy x Sweden,Mixed,Control,7-IS_M_C,3.15,0,3,2021-08-25,237
7,M_6,Italy x Sweden,Mixed,Control,7-IS_M_C,3.16,0,3,2021-09-02,245
7,M_6,Italy x Sweden,Mixed,Control,7-IS_M_C,3.17,0,3,2021-09-08,251
7,M_6,Italy x Sweden,Mixed,Control,7-IS_M_C,3.18,0,3,2021-09-15,258
7,M_6,Italy x Sweden,Mixed,Control,7-IS_M_C,3.19,0,3,2021-09-22,265
7,M_6,Italy x Sweden,Mixed,Control,7-IS_M_C,3.2,15,3,2021-10-05,278
7,M_6,Italy x Sweden,Mixed,Control,7-IS_M_C,3.21,11,3,2021-10-20,293
7,M_6,Italy x Sweden,Mixed,Control,7-IS_M_C,3.22,0,3,2021-11-17,321
7,M_6,Italy x Sweden,Mixed,Control,7-IS_M_C,3.23,0,3,2021-12-15,349
8,M_8,UK x USA,Mixed,Control,8-TC_M_C,1.01,NA,1,2019-06-12,163
8,M_8,UK x USA,Mixed,Control,8-TC_M_C,1.02,NA,1,2019-06-16,167
8,M_8,UK x USA,Mixed,Control,8-TC_M_C,1.03,NA,1,2019-06-26,177
8,M_8,UK x USA,Mixed,Control,8-TC_M_C,1.04,NA,1,2019-07-03,184
8,M_8,UK x USA,Mixed,Control,8-TC_M_C,1.05,NA,1,2019-07-10,191
8,M_8,UK x USA,Mixed,Control,8-TC_M_C,1.06,NA,1,2019-07-17,198
8,M_8,UK x USA,Mixed,Control,8-TC_M_C,1.07,0,1,2019-07-24,205
8,M_8,UK x USA,Mixed,Control,8-TC_M_C,1.08,0,1,2019-07-31,212
8,M_8,UK x USA,Mixed,Control,8-TC_M_C,1.09,0,1,2019-08-07,219
8,M_8,UK x USA,Mixed,Control,8-TC_M_C,1.1,0,1,2019-08-15,227
8,M_8,UK x USA,Mixed,Control,8-TC_M_C,1.11,0,1,2019-08-20,232
8,M_8,UK x USA,Mixed,Control,8-TC_M_C,1.12,0,1,2019-08-28,240
8,M_8,UK x USA,Mixed,Control,8-TC_M_C,1.13,0,1,2019-09-04,247
8,M_8,UK x USA,Mixed,Control,8-TC_M_C,1.14,0,1,2019-09-11,254
8,M_8,UK x USA,Mixed,Control,8-TC_M_C,1.15,0,1,2019-09-18,261
8,M_8,UK x USA,Mixed,Control,8-TC_M_C,1.16,0,1,2019-09-25,268
8,M_8,UK x USA,Mixed,Control,8-TC_M_C,1.17,0,1,2019-10-02,275
8,M_8,UK x USA,Mixed,Control,8-TC_M_C,1.18,0,1,2019-10-09,282
8,M_8,UK x USA,Mixed,Control,8-TC_M_C,1.19,0,1,2019-10-18,291
8,M_8,UK x USA,Mixed,Control,8-TC_M_C,1.2,8,1,2019-10-23,296
8,M_8,UK x USA,Mixed,Control,8-TC_M_C,1.22,0,1,2019-11-06,310
8,M_8,UK x USA,Mixed,Control,8-TC_M_C,1.23,0,1,2019-11-20,324
8,M_8,UK x USA,Mixed,Control,8-TC_M_C,1.24,3,1,2019-12-04,338
8,M_8,UK x USA,Mixed,Control,8-TC_M_C,1.25,7,1,2019-12-20,354
8,M_8,UK x USA,Mixed,Control,8-TC_M_C,1.26,0,1,2020-02-10,41
8,M_8,UK x USA,Mixed,Control,8-TC_M_C,1.27,0,1,2020-03-02,62
8,M_8,UK x USA,Mixed,Control,8-TC_M_C,1.29,0,1,2020-05-05,126
8,M_8,UK x USA,Mixed,Control,8-TC_M_C,2.01,4,2,2020-05-27,148
8,M_8,UK x USA,Mixed,Control,8-TC_M_C,2.02,0,2,2020-06-04,156
8,M_8,UK x USA,Mixed,Control,8-TC_M_C,2.03,0,2,2020-07-23,205
8,M_8,UK x USA,Mixed,Control,8-TC_M_C,2.04,0,2,2020-08-07,220
8,M_8,UK x USA,Mixed,Control,8-TC_M_C,2.05,0,2,2020-08-13,226
8,M_8,UK x USA,Mixed,Control,8-TC_M_C,2.06,0,2,2020-08-18,231
8,M_8,UK x USA,Mixed,Control,8-TC_M_C,2.07,0,2,2020-08-25,238
8,M_8,UK x USA,Mixed,Control,8-TC_M_C,2.08,50,2,2020-09-10,254
8,M_8,UK x USA,Mixed,Control,8-TC_M_C,2.09,4,2,2020-09-18,262
8,M_8,UK x USA,Mixed,Control,8-TC_M_C,2.1,0,2,2020-10-02,276
8,M_8,UK x USA,Mixed,Control,8-TC_M_C,2.11,0,2,2020-10-19,293
8,M_8,UK x USA,Mixed,Control,8-TC_M_C,2.12,2,2,2020-10-30,304
8,M_8,UK x USA,Mixed,Control,8-TC_M_C,2.13,0,2,2020-11-13,318
8,M_8,UK x USA,Mixed,Control,8-TC_M_C,2.14,0,2,2020-12-01,336
8,M_8,UK x USA,Mixed,Control,8-TC_M_C,2.15,0,2,2020-12-15,350
8,M_8,UK x USA,Mixed,Control,8-TC_M_C,2.16,0,2,2021-01-12,12
8,M_8,UK x USA,Mixed,Control,8-TC_M_C,2.17,0,2,2021-02-01,32
8,M_8,UK x USA,Mixed,Control,8-TC_M_C,2.18,0,2,2021-02-25,56
8,M_8,UK x USA,Mixed,Control,8-TC_M_C,2.19,0,2,2021-03-08,67
8,M_8,UK x USA,Mixed,Control,8-TC_M_C,2.2,0,2,2021-03-26,85
8,M_8,UK x USA,Mixed,Control,8-TC_M_C,2.21,0,2,2021-04-08,98
8,M_8,UK x USA,Mixed,Control,8-TC_M_C,3.14,0,3,2021-08-17,229
8,M_8,UK x USA,Mixed,Control,8-TC_M_C,3.15,0,3,2021-08-25,237
8,M_8,UK x USA,Mixed,Control,8-TC_M_C,3.16,0,3,2021-09-02,245
8,M_8,UK x USA,Mixed,Control,8-TC_M_C,3.17,0,3,2021-09-08,251
8,M_8,UK x USA,Mixed,Control,8-TC_M_C,3.18,0,3,2021-09-15,258
8,M_8,UK x USA,Mixed,Control,8-TC_M_C,3.19,0,3,2021-09-22,265
8,M_8,UK x USA,Mixed,Control,8-TC_M_C,3.2,7,3,2021-10-04,277
8,M_8,UK x USA,Mixed,Control,8-TC_M_C,3.21,176,3,2021-10-16,289
8,M_8,UK x USA,Mixed,Control,8-TC_M_C,3.22,0,3,2021-11-17,321
8,M_8,UK x USA,Mixed,Control,8-TC_M_C,3.23,0,3,2021-12-09,343
8,M_9,Italy x Sweden,Mixed,Control,8-IS_M_C,1.01,3,1,2019-06-12,163
8,M_9,Italy x Sweden,Mixed,Control,8-IS_M_C,1.02,0,1,2019-06-16,167
8,M_9,Italy x Sweden,Mixed,Control,8-IS_M_C,1.03,0,1,2019-06-26,177
8,M_9,Italy x Sweden,Mixed,Control,8-IS_M_C,1.04,0,1,2019-07-03,184
8,M_9,Italy x Sweden,Mixed,Control,8-IS_M_C,1.05,NA,1,2019-07-10,191
8,M_9,Italy x Sweden,Mixed,Control,8-IS_M_C,1.06,NA,1,2019-07-17,198
8,M_9,Italy x Sweden,Mixed,Control,8-IS_M_C,1.07,0,1,2019-07-24,205
8,M_9,Italy x Sweden,Mixed,Control,8-IS_M_C,1.08,0,1,2019-07-31,212
8,M_9,Italy x Sweden,Mixed,Control,8-IS_M_C,1.09,0,1,2019-08-07,219
8,M_9,Italy x Sweden,Mixed,Control,8-IS_M_C,1.1,0,1,2019-08-15,227
8,M_9,Italy x Sweden,Mixed,Control,8-IS_M_C,1.11,0,1,2019-08-20,232
8,M_9,Italy x Sweden,Mixed,Control,8-IS_M_C,1.12,0,1,2019-08-28,240
8,M_9,Italy x Sweden,Mixed,Control,8-IS_M_C,1.13,0,1,2019-09-04,247
8,M_9,Italy x Sweden,Mixed,Control,8-IS_M_C,1.14,0,1,2019-09-11,254
8,M_9,Italy x Sweden,Mixed,Control,8-IS_M_C,1.15,0,1,2019-09-18,261
8,M_9,Italy x Sweden,Mixed,Control,8-IS_M_C,1.16,0,1,2019-09-25,268
8,M_9,Italy x Sweden,Mixed,Control,8-IS_M_C,1.17,0,1,2019-10-02,275
8,M_9,Italy x Sweden,Mixed,Control,8-IS_M_C,1.18,0,1,2019-10-09,282
8,M_9,Italy x Sweden,Mixed,Control,8-IS_M_C,1.19,0,1,2019-10-18,291
8,M_9,Italy x Sweden,Mixed,Control,8-IS_M_C,1.2,11,1,2019-10-23,296
8,M_9,Italy x Sweden,Mixed,Control,8-IS_M_C,1.22,6,1,2019-11-06,310
8,M_9,Italy x Sweden,Mixed,Control,8-IS_M_C,1.23,0,1,2019-11-20,324
8,M_9,Italy x Sweden,Mixed,Control,8-IS_M_C,1.24,16,1,2019-12-04,338
8,M_9,Italy x Sweden,Mixed,Control,8-IS_M_C,1.25,0,1,2019-12-20,354
8,M_9,Italy x Sweden,Mixed,Control,8-IS_M_C,1.26,0,1,2020-02-10,41
8,M_9,Italy x Sweden,Mixed,Control,8-IS_M_C,1.27,0,1,2020-03-02,62
8,M_9,Italy x Sweden,Mixed,Control,8-IS_M_C,1.29,0,1,2020-05-05,126
8,M_9,Italy x Sweden,Mixed,Control,8-IS_M_C,2.01,1,2,2020-05-27,148
8,M_9,Italy x Sweden,Mixed,Control,8-IS_M_C,2.02,0,2,2020-06-04,156
8,M_9,Italy x Sweden,Mixed,Control,8-IS_M_C,2.03,0,2,2020-07-23,205
8,M_9,Italy x Sweden,Mixed,Control,8-IS_M_C,2.04,0,2,2020-08-07,220
8,M_9,Italy x Sweden,Mixed,Control,8-IS_M_C,2.05,0,2,2020-08-13,226
8,M_9,Italy x Sweden,Mixed,Control,8-IS_M_C,2.06,0,2,2020-08-18,231
8,M_9,Italy x Sweden,Mixed,Control,8-IS_M_C,2.07,0,2,2020-08-25,238
8,M_9,Italy x Sweden,Mixed,Control,8-IS_M_C,2.08,0,2,2020-09-10,254
8,M_9,Italy x Sweden,Mixed,Control,8-IS_M_C,2.09,0,2,2020-09-18,262
8,M_9,Italy x Sweden,Mixed,Control,8-IS_M_C,2.1,1,2,2020-10-02,276
8,M_9,Italy x Sweden,Mixed,Control,8-IS_M_C,2.11,11,2,2020-10-19,293
8,M_9,Italy x Sweden,Mixed,Control,8-IS_M_C,2.12,0,2,2020-10-30,304
8,M_9,Italy x Sweden,Mixed,Control,8-IS_M_C,2.13,0,2,2020-11-13,318
8,M_9,Italy x Sweden,Mixed,Control,8-IS_M_C,2.14,0,2,2020-12-01,336
8,M_9,Italy x Sweden,Mixed,Control,8-IS_M_C,2.15,0,2,2020-12-15,350
8,M_9,Italy x Sweden,Mixed,Control,8-IS_M_C,2.16,0,2,2021-01-12,12
8,M_9,Italy x Sweden,Mixed,Control,8-IS_M_C,2.17,0,2,2021-02-01,32
8,M_9,Italy x Sweden,Mixed,Control,8-IS_M_C,2.18,0,2,2021-02-25,56
8,M_9,Italy x Sweden,Mixed,Control,8-IS_M_C,2.19,0,2,2021-03-08,67
8,M_9,Italy x Sweden,Mixed,Control,8-IS_M_C,2.2,0,2,2021-03-26,85
8,M_9,Italy x Sweden,Mixed,Control,8-IS_M_C,2.21,0,2,2021-04-08,98
8,M_9,Italy x Sweden,Mixed,Control,8-IS_M_C,3.14,0,3,2021-08-17,229
8,M_9,Italy x Sweden,Mixed,Control,8-IS_M_C,3.15,0,3,2021-08-25,237
8,M_9,Italy x Sweden,Mixed,Control,8-IS_M_C,3.16,0,3,2021-09-02,245
8,M_9,Italy x Sweden,Mixed,Control,8-IS_M_C,3.17,0,3,2021-09-08,251
8,M_9,Italy x Sweden,Mixed,Control,8-IS_M_C,3.18,0,3,2021-09-15,258
8,M_9,Italy x Sweden,Mixed,Control,8-IS_M_C,3.19,0,3,2021-09-22,265
8,M_9,Italy x Sweden,Mixed,Control,8-IS_M_C,3.2,52,3,2021-10-04,277
8,M_9,Italy x Sweden,Mixed,Control,8-IS_M_C,3.21,81,3,2021-10-16,289
8,M_9,Italy x Sweden,Mixed,Control,8-IS_M_C,3.22,0,3,2021-11-17,321
8,M_9,Italy x Sweden,Mixed,Control,8-IS_M_C,3.23,28,3,2021-12-09,343
8,M_10,Germany x Tajikistan,Non-Dormant,Litter,8-BS_ND_F,1.01,NA,1,2019-06-12,163
8,M_10,Germany x Tajikistan,Non-Dormant,Litter,8-BS_ND_F,1.02,NA,1,2019-06-16,167
8,M_10,Germany x Tajikistan,Non-Dormant,Litter,8-BS_ND_F,1.03,NA,1,2019-06-26,177
8,M_10,Germany x Tajikistan,Non-Dormant,Litter,8-BS_ND_F,1.04,NA,1,2019-07-03,184
8,M_10,Germany x Tajikistan,Non-Dormant,Litter,8-BS_ND_F,1.05,NA,1,2019-07-10,191
8,M_10,Germany x Tajikistan,Non-Dormant,Litter,8-BS_ND_F,1.06,NA,1,2019-07-17,198
8,M_10,Germany x Tajikistan,Non-Dormant,Litter,8-BS_ND_F,1.07,0,1,2019-07-24,205
8,M_10,Germany x Tajikistan,Non-Dormant,Litter,8-BS_ND_F,1.08,0,1,2019-07-31,212
8,M_10,Germany x Tajikistan,Non-Dormant,Litter,8-BS_ND_F,1.09,0,1,2019-08-07,219
8,M_10,Germany x Tajikistan,Non-Dormant,Litter,8-BS_ND_F,1.1,0,1,2019-08-15,227
8,M_10,Germany x Tajikistan,Non-Dormant,Litter,8-BS_ND_F,1.11,0,1,2019-08-20,232
8,M_10,Germany x Tajikistan,Non-Dormant,Litter,8-BS_ND_F,1.12,0,1,2019-08-28,240
8,M_10,Germany x Tajikistan,Non-Dormant,Litter,8-BS_ND_F,1.13,0,1,2019-09-04,247
8,M_10,Germany x Tajikistan,Non-Dormant,Litter,8-BS_ND_F,1.14,0,1,2019-09-11,254
8,M_10,Germany x Tajikistan,Non-Dormant,Litter,8-BS_ND_F,1.15,0,1,2019-09-18,261
8,M_10,Germany x Tajikistan,Non-Dormant,Litter,8-BS_ND_F,1.16,0,1,2019-09-25,268
8,M_10,Germany x Tajikistan,Non-Dormant,Litter,8-BS_ND_F,1.17,0,1,2019-10-02,275
8,M_10,Germany x Tajikistan,Non-Dormant,Litter,8-BS_ND_F,1.18,0,1,2019-10-09,282
8,M_10,Germany x Tajikistan,Non-Dormant,Litter,8-BS_ND_F,1.19,0,1,2019-10-18,291
8,M_10,Germany x Tajikistan,Non-Dormant,Litter,8-BS_ND_F,1.2,3,1,2019-10-23,296
8,M_10,Germany x Tajikistan,Non-Dormant,Litter,8-BS_ND_F,1.22,0,1,2019-11-06,310
8,M_10,Germany x Tajikistan,Non-Dormant,Litter,8-BS_ND_F,1.23,0,1,2019-11-20,324
8,M_10,Germany x Tajikistan,Non-Dormant,Litter,8-BS_ND_F,1.24,0,1,2019-12-04,338
8,M_10,Germany x Tajikistan,Non-Dormant,Litter,8-BS_ND_F,1.25,0,1,2019-12-20,354
8,M_10,Germany x Tajikistan,Non-Dormant,Litter,8-BS_ND_F,1.26,0,1,2020-02-10,41
8,M_10,Germany x Tajikistan,Non-Dormant,Litter,8-BS_ND_F,1.27,0,1,2020-03-02,62
8,M_10,Germany x Tajikistan,Non-Dormant,Litter,8-BS_ND_F,1.29,0,1,2020-05-05,126
8,M_10,Germany x Tajikistan,Non-Dormant,Litter,8-BS_ND_F,2.01,0,2,2020-05-27,148
8,M_10,Germany x Tajikistan,Non-Dormant,Litter,8-BS_ND_F,2.02,0,2,2020-06-04,156
8,M_10,Germany x Tajikistan,Non-Dormant,Litter,8-BS_ND_F,2.03,NA,NA,NA,NA
8,M_10,Germany x Tajikistan,Non-Dormant,Litter,8-BS_ND_F,2.04,NA,NA,NA,NA
8,M_10,Germany x Tajikistan,Non-Dormant,Litter,8-BS_ND_F,2.05,NA,NA,NA,NA
8,M_10,Germany x Tajikistan,Non-Dormant,Litter,8-BS_ND_F,2.06,NA,NA,NA,NA
8,M_10,Germany x Tajikistan,Non-Dormant,Litter,8-BS_ND_F,2.07,NA,NA,NA,NA
8,M_10,Germany x Tajikistan,Non-Dormant,Litter,8-BS_ND_F,2.08,NA,2,2020-09-10,254
8,M_10,Germany x Tajikistan,Non-Dormant,Litter,8-BS_ND_F,2.09,0,2,2020-09-18,262
8,M_10,Germany x Tajikistan,Non-Dormant,Litter,8-BS_ND_F,2.1,2,2,2020-10-02,276
8,M_10,Germany x Tajikistan,Non-Dormant,Litter,8-BS_ND_F,2.11,0,2,2020-10-19,293
8,M_10,Germany x Tajikistan,Non-Dormant,Litter,8-BS_ND_F,2.12,2,2,2020-10-30,304
8,M_10,Germany x Tajikistan,Non-Dormant,Litter,8-BS_ND_F,2.13,0,2,2020-11-13,318
8,M_10,Germany x Tajikistan,Non-Dormant,Litter,8-BS_ND_F,2.14,0,2,2020-12-01,336
8,M_10,Germany x Tajikistan,Non-Dormant,Litter,8-BS_ND_F,2.15,0,2,2020-12-15,350
8,M_10,Germany x Tajikistan,Non-Dormant,Litter,8-BS_ND_F,2.16,0,2,2021-01-12,12
8,M_10,Germany x Tajikistan,Non-Dormant,Litter,8-BS_ND_F,2.17,0,2,2021-02-01,32
8,M_10,Germany x Tajikistan,Non-Dormant,Litter,8-BS_ND_F,2.18,0,2,2021-02-25,56
8,M_10,Germany x Tajikistan,Non-Dormant,Litter,8-BS_ND_F,2.19,0,2,2021-03-08,67
8,M_10,Germany x Tajikistan,Non-Dormant,Litter,8-BS_ND_F,2.2,0,2,2021-03-26,85
8,M_10,Germany x Tajikistan,Non-Dormant,Litter,8-BS_ND_F,2.21,0,2,2021-04-08,98
8,M_10,Germany x Tajikistan,Non-Dormant,Litter,8-BS_ND_F,3.14,NA,NA,NA,NA
8,M_10,Germany x Tajikistan,Non-Dormant,Litter,8-BS_ND_F,3.15,NA,NA,NA,NA
8,M_10,Germany x Tajikistan,Non-Dormant,Litter,8-BS_ND_F,3.16,NA,NA,NA,NA
8,M_10,Germany x Tajikistan,Non-Dormant,Litter,8-BS_ND_F,3.17,NA,NA,NA,NA
8,M_10,Germany x Tajikistan,Non-Dormant,Litter,8-BS_ND_F,3.18,NA,NA,NA,NA
8,M_10,Germany x Tajikistan,Non-Dormant,Litter,8-BS_ND_F,3.19,NA,NA,NA,NA
8,M_10,Germany x Tajikistan,Non-Dormant,Litter,8-BS_ND_F,3.2,NA,NA,NA,NA
8,M_10,Germany x Tajikistan,Non-Dormant,Litter,8-BS_ND_F,3.21,NA,NA,NA,NA
8,M_10,Germany x Tajikistan,Non-Dormant,Litter,8-BS_ND_F,3.22,NA,NA,NA,NA
8,M_10,Germany x Tajikistan,Non-Dormant,Litter,8-BS_ND_F,3.23,NA,NA,NA,NA
8,M_11,Italy x Sweden,Mixed,Litter,8-IS_M_F,1.01,4,1,2019-06-12,163
8,M_11,Italy x Sweden,Mixed,Litter,8-IS_M_F,1.02,0,1,2019-06-16,167
8,M_11,Italy x Sweden,Mixed,Litter,8-IS_M_F,1.03,0,1,2019-06-26,177
8,M_11,Italy x Sweden,Mixed,Litter,8-IS_M_F,1.04,0,1,2019-07-03,184
8,M_11,Italy x Sweden,Mixed,Litter,8-IS_M_F,1.05,NA,1,2019-07-10,191
8,M_11,Italy x Sweden,Mixed,Litter,8-IS_M_F,1.06,NA,1,2019-07-17,198
8,M_11,Italy x Sweden,Mixed,Litter,8-IS_M_F,1.07,0,1,2019-07-24,205
8,M_11,Italy x Sweden,Mixed,Litter,8-IS_M_F,1.08,0,1,2019-07-31,212
8,M_11,Italy x Sweden,Mixed,Litter,8-IS_M_F,1.09,0,1,2019-08-07,219
8,M_11,Italy x Sweden,Mixed,Litter,8-IS_M_F,1.1,0,1,2019-08-15,227
8,M_11,Italy x Sweden,Mixed,Litter,8-IS_M_F,1.11,0,1,2019-08-20,232
8,M_11,Italy x Sweden,Mixed,Litter,8-IS_M_F,1.12,0,1,2019-08-28,240
8,M_11,Italy x Sweden,Mixed,Litter,8-IS_M_F,1.13,0,1,2019-09-04,247
8,M_11,Italy x Sweden,Mixed,Litter,8-IS_M_F,1.14,0,1,2019-09-11,254
8,M_11,Italy x Sweden,Mixed,Litter,8-IS_M_F,1.15,0,1,2019-09-18,261
8,M_11,Italy x Sweden,Mixed,Litter,8-IS_M_F,1.16,0,1,2019-09-25,268
8,M_11,Italy x Sweden,Mixed,Litter,8-IS_M_F,1.17,0,1,2019-10-02,275
8,M_11,Italy x Sweden,Mixed,Litter,8-IS_M_F,1.18,0,1,2019-10-09,282
8,M_11,Italy x Sweden,Mixed,Litter,8-IS_M_F,1.19,0,1,2019-10-18,291
8,M_11,Italy x Sweden,Mixed,Litter,8-IS_M_F,1.2,2,1,2019-10-23,296
8,M_11,Italy x Sweden,Mixed,Litter,8-IS_M_F,1.22,0,1,2019-11-06,310
8,M_11,Italy x Sweden,Mixed,Litter,8-IS_M_F,1.23,0,1,2019-11-20,324
8,M_11,Italy x Sweden,Mixed,Litter,8-IS_M_F,1.24,4,1,2019-12-04,338
8,M_11,Italy x Sweden,Mixed,Litter,8-IS_M_F,1.25,0,1,2019-12-20,354
8,M_11,Italy x Sweden,Mixed,Litter,8-IS_M_F,1.26,0,1,2020-02-10,41
8,M_11,Italy x Sweden,Mixed,Litter,8-IS_M_F,1.27,0,1,2020-03-02,62
8,M_11,Italy x Sweden,Mixed,Litter,8-IS_M_F,1.29,0,1,2020-05-05,126
8,M_11,Italy x Sweden,Mixed,Litter,8-IS_M_F,2.01,0,2,2020-05-27,148
8,M_11,Italy x Sweden,Mixed,Litter,8-IS_M_F,2.02,0,2,2020-06-04,156
8,M_11,Italy x Sweden,Mixed,Litter,8-IS_M_F,2.03,0,2,2020-07-23,205
8,M_11,Italy x Sweden,Mixed,Litter,8-IS_M_F,2.04,0,2,2020-08-07,220
8,M_11,Italy x Sweden,Mixed,Litter,8-IS_M_F,2.05,0,2,2020-08-13,226
8,M_11,Italy x Sweden,Mixed,Litter,8-IS_M_F,2.06,0,2,2020-08-18,231
8,M_11,Italy x Sweden,Mixed,Litter,8-IS_M_F,2.07,0,2,2020-08-25,238
8,M_11,Italy x Sweden,Mixed,Litter,8-IS_M_F,2.08,0,2,2020-09-10,254
8,M_11,Italy x Sweden,Mixed,Litter,8-IS_M_F,2.09,0,2,2020-09-18,262
8,M_11,Italy x Sweden,Mixed,Litter,8-IS_M_F,2.1,4,2,2020-10-02,276
8,M_11,Italy x Sweden,Mixed,Litter,8-IS_M_F,2.11,13,2,2020-10-19,293
8,M_11,Italy x Sweden,Mixed,Litter,8-IS_M_F,2.12,0,2,2020-10-30,304
8,M_11,Italy x Sweden,Mixed,Litter,8-IS_M_F,2.13,2,2,2020-11-13,318
8,M_11,Italy x Sweden,Mixed,Litter,8-IS_M_F,2.14,0,2,2020-12-01,336
8,M_11,Italy x Sweden,Mixed,Litter,8-IS_M_F,2.15,0,2,2020-12-15,350
8,M_11,Italy x Sweden,Mixed,Litter,8-IS_M_F,2.16,0,2,2021-01-12,12
8,M_11,Italy x Sweden,Mixed,Litter,8-IS_M_F,2.17,2,2,2021-02-01,32
8,M_11,Italy x Sweden,Mixed,Litter,8-IS_M_F,2.18,0,2,2021-02-25,56
8,M_11,Italy x Sweden,Mixed,Litter,8-IS_M_F,2.19,0,2,2021-03-08,67
8,M_11,Italy x Sweden,Mixed,Litter,8-IS_M_F,2.2,0,2,2021-03-26,85
8,M_11,Italy x Sweden,Mixed,Litter,8-IS_M_F,2.21,0,2,2021-04-08,98
8,M_11,Italy x Sweden,Mixed,Litter,8-IS_M_F,3.14,0,3,2021-08-17,229
8,M_11,Italy x Sweden,Mixed,Litter,8-IS_M_F,3.15,0,3,2021-08-25,237
8,M_11,Italy x Sweden,Mixed,Litter,8-IS_M_F,3.16,0,3,2021-09-02,245
8,M_11,Italy x Sweden,Mixed,Litter,8-IS_M_F,3.17,0,3,2021-09-08,251
8,M_11,Italy x Sweden,Mixed,Litter,8-IS_M_F,3.18,0,3,2021-09-15,258
8,M_11,Italy x Sweden,Mixed,Litter,8-IS_M_F,3.19,0,3,2021-09-22,265
8,M_11,Italy x Sweden,Mixed,Litter,8-IS_M_F,3.2,39,3,2021-10-04,277
8,M_11,Italy x Sweden,Mixed,Litter,8-IS_M_F,3.21,7,3,2021-10-16,289
8,M_11,Italy x Sweden,Mixed,Litter,8-IS_M_F,3.22,19,3,2021-11-17,321
8,M_11,Italy x Sweden,Mixed,Litter,8-IS_M_F,3.23,0,3,2021-12-09,343
8,M_12,Italy x Sweden,Non-Dormant,Native Soil,8-IS-ND-Soil,1.01,1,1,2019-06-12,163
8,M_12,Italy x Sweden,Non-Dormant,Native Soil,8-IS-ND-Soil,1.02,0,1,2019-06-16,167
8,M_12,Italy x Sweden,Non-Dormant,Native Soil,8-IS-ND-Soil,1.03,0,1,2019-06-26,177
8,M_12,Italy x Sweden,Non-Dormant,Native Soil,8-IS-ND-Soil,1.04,0,1,2019-07-03,184
8,M_12,Italy x Sweden,Non-Dormant,Native Soil,8-IS-ND-Soil,1.05,NA,1,2019-07-10,191
8,M_12,Italy x Sweden,Non-Dormant,Native Soil,8-IS-ND-Soil,1.06,NA,1,2019-07-17,198
8,M_12,Italy x Sweden,Non-Dormant,Native Soil,8-IS-ND-Soil,1.07,0,1,2019-07-24,205
8,M_12,Italy x Sweden,Non-Dormant,Native Soil,8-IS-ND-Soil,1.08,0,1,2019-07-31,212
8,M_12,Italy x Sweden,Non-Dormant,Native Soil,8-IS-ND-Soil,1.09,0,1,2019-08-07,219
8,M_12,Italy x Sweden,Non-Dormant,Native Soil,8-IS-ND-Soil,1.1,0,1,2019-08-15,227
8,M_12,Italy x Sweden,Non-Dormant,Native Soil,8-IS-ND-Soil,1.11,0,1,2019-08-20,232
8,M_12,Italy x Sweden,Non-Dormant,Native Soil,8-IS-ND-Soil,1.12,0,1,2019-08-28,240
8,M_12,Italy x Sweden,Non-Dormant,Native Soil,8-IS-ND-Soil,1.13,0,1,2019-09-04,247
8,M_12,Italy x Sweden,Non-Dormant,Native Soil,8-IS-ND-Soil,1.14,0,1,2019-09-11,254
8,M_12,Italy x Sweden,Non-Dormant,Native Soil,8-IS-ND-Soil,1.15,0,1,2019-09-18,261
8,M_12,Italy x Sweden,Non-Dormant,Native Soil,8-IS-ND-Soil,1.16,0,1,2019-09-25,268
8,M_12,Italy x Sweden,Non-Dormant,Native Soil,8-IS-ND-Soil,1.17,0,1,2019-10-02,275
8,M_12,Italy x Sweden,Non-Dormant,Native Soil,8-IS-ND-Soil,1.18,0,1,2019-10-09,282
8,M_12,Italy x Sweden,Non-Dormant,Native Soil,8-IS-ND-Soil,1.19,0,1,2019-10-18,291
8,M_12,Italy x Sweden,Non-Dormant,Native Soil,8-IS-ND-Soil,1.2,2,1,2019-10-23,296
8,M_12,Italy x Sweden,Non-Dormant,Native Soil,8-IS-ND-Soil,1.22,1,1,2019-11-06,310
8,M_12,Italy x Sweden,Non-Dormant,Native Soil,8-IS-ND-Soil,1.23,0,1,2019-11-20,324
8,M_12,Italy x Sweden,Non-Dormant,Native Soil,8-IS-ND-Soil,1.24,0,1,2019-12-04,338
8,M_12,Italy x Sweden,Non-Dormant,Native Soil,8-IS-ND-Soil,1.25,2,1,2019-12-20,354
8,M_12,Italy x Sweden,Non-Dormant,Native Soil,8-IS-ND-Soil,1.26,0,1,2020-02-10,41
8,M_12,Italy x Sweden,Non-Dormant,Native Soil,8-IS-ND-Soil,1.27,0,1,2020-03-02,62
8,M_12,Italy x Sweden,Non-Dormant,Native Soil,8-IS-ND-Soil,1.29,0,1,2020-05-05,126
8,M_12,Italy x Sweden,Non-Dormant,Native Soil,8-IS-ND-Soil,2.01,21,2,2020-05-27,148
8,M_12,Italy x Sweden,Non-Dormant,Native Soil,8-IS-ND-Soil,2.02,0,2,2020-06-04,156
8,M_12,Italy x Sweden,Non-Dormant,Native Soil,8-IS-ND-Soil,2.03,0,2,2020-07-23,205
8,M_12,Italy x Sweden,Non-Dormant,Native Soil,8-IS-ND-Soil,2.04,0,2,2020-08-07,220
8,M_12,Italy x Sweden,Non-Dormant,Native Soil,8-IS-ND-Soil,2.05,0,2,2020-08-13,226
8,M_12,Italy x Sweden,Non-Dormant,Native Soil,8-IS-ND-Soil,2.06,0,2,2020-08-18,231
8,M_12,Italy x Sweden,Non-Dormant,Native Soil,8-IS-ND-Soil,2.07,0,2,2020-08-25,238
8,M_12,Italy x Sweden,Non-Dormant,Native Soil,8-IS-ND-Soil,2.08,0,2,2020-09-10,254
8,M_12,Italy x Sweden,Non-Dormant,Native Soil,8-IS-ND-Soil,2.09,0,2,2020-09-18,262
8,M_12,Italy x Sweden,Non-Dormant,Native Soil,8-IS-ND-Soil,2.1,4,2,2020-10-02,276
8,M_12,Italy x Sweden,Non-Dormant,Native Soil,8-IS-ND-Soil,2.11,0,2,2020-10-19,293
8,M_12,Italy x Sweden,Non-Dormant,Native Soil,8-IS-ND-Soil,2.12,0,2,2020-10-30,304
8,M_12,Italy x Sweden,Non-Dormant,Native Soil,8-IS-ND-Soil,2.13,1,2,2020-11-13,318
8,M_12,Italy x Sweden,Non-Dormant,Native Soil,8-IS-ND-Soil,2.14,0,2,2020-12-01,336
8,M_12,Italy x Sweden,Non-Dormant,Native Soil,8-IS-ND-Soil,2.15,0,2,2020-12-15,350
8,M_12,Italy x Sweden,Non-Dormant,Native Soil,8-IS-ND-Soil,2.16,0,2,2021-01-12,12
8,M_12,Italy x Sweden,Non-Dormant,Native Soil,8-IS-ND-Soil,2.17,0,2,2021-02-01,32
8,M_12,Italy x Sweden,Non-Dormant,Native Soil,8-IS-ND-Soil,2.18,0,2,2021-02-25,56
8,M_12,Italy x Sweden,Non-Dormant,Native Soil,8-IS-ND-Soil,2.19,0,2,2021-03-08,67
8,M_12,Italy x Sweden,Non-Dormant,Native Soil,8-IS-ND-Soil,2.2,0,2,2021-03-26,85
8,M_12,Italy x Sweden,Non-Dormant,Native Soil,8-IS-ND-Soil,2.21,0,2,2021-04-08,98
8,M_12,Italy x Sweden,Non-Dormant,Native Soil,8-IS-ND-Soil,3.14,0,3,2021-08-17,229
8,M_12,Italy x Sweden,Non-Dormant,Native Soil,8-IS-ND-Soil,3.15,0,3,2021-08-25,237
8,M_12,Italy x Sweden,Non-Dormant,Native Soil,8-IS-ND-Soil,3.16,0,3,2021-09-02,245
8,M_12,Italy x Sweden,Non-Dormant,Native Soil,8-IS-ND-Soil,3.17,0,3,2021-09-08,251
8,M_12,Italy x Sweden,Non-Dormant,Native Soil,8-IS-ND-Soil,3.18,0,3,2021-09-15,258
8,M_12,Italy x Sweden,Non-Dormant,Native Soil,8-IS-ND-Soil,3.19,0,3,2021-09-22,265
8,M_12,Italy x Sweden,Non-Dormant,Native Soil,8-IS-ND-Soil,3.2,0,3,2021-10-04,277
8,M_12,Italy x Sweden,Non-Dormant,Native Soil,8-IS-ND-Soil,3.21,0,3,2021-10-16,289
8,M_12,Italy x Sweden,Non-Dormant,Native Soil,8-IS-ND-Soil,3.22,0,3,2021-11-17,321
8,M_12,Italy x Sweden,Non-Dormant,Native Soil,8-IS-ND-Soil,3.23,0,3,2021-12-09,343
8,M_13,Italy x Sweden,Mixed,Native Soil,8-IS-M-Soil,1.01,1,1,2019-06-12,163
8,M_13,Italy x Sweden,Mixed,Native Soil,8-IS-M-Soil,1.02,0,1,2019-06-16,167
8,M_13,Italy x Sweden,Mixed,Native Soil,8-IS-M-Soil,1.03,0,1,2019-06-26,177
8,M_13,Italy x Sweden,Mixed,Native Soil,8-IS-M-Soil,1.04,0,1,2019-07-03,184
8,M_13,Italy x Sweden,Mixed,Native Soil,8-IS-M-Soil,1.05,NA,1,2019-07-10,191
8,M_13,Italy x Sweden,Mixed,Native Soil,8-IS-M-Soil,1.06,NA,1,2019-07-17,198
8,M_13,Italy x Sweden,Mixed,Native Soil,8-IS-M-Soil,1.07,0,1,2019-07-24,205
8,M_13,Italy x Sweden,Mixed,Native Soil,8-IS-M-Soil,1.08,0,1,2019-07-31,212
8,M_13,Italy x Sweden,Mixed,Native Soil,8-IS-M-Soil,1.09,0,1,2019-08-07,219
8,M_13,Italy x Sweden,Mixed,Native Soil,8-IS-M-Soil,1.1,0,1,2019-08-15,227
8,M_13,Italy x Sweden,Mixed,Native Soil,8-IS-M-Soil,1.11,0,1,2019-08-20,232
8,M_13,Italy x Sweden,Mixed,Native Soil,8-IS-M-Soil,1.12,0,1,2019-08-28,240
8,M_13,Italy x Sweden,Mixed,Native Soil,8-IS-M-Soil,1.13,0,1,2019-09-04,247
8,M_13,Italy x Sweden,Mixed,Native Soil,8-IS-M-Soil,1.14,0,1,2019-09-11,254
8,M_13,Italy x Sweden,Mixed,Native Soil,8-IS-M-Soil,1.15,0,1,2019-09-18,261
8,M_13,Italy x Sweden,Mixed,Native Soil,8-IS-M-Soil,1.16,0,1,2019-09-25,268
8,M_13,Italy x Sweden,Mixed,Native Soil,8-IS-M-Soil,1.17,0,1,2019-10-02,275
8,M_13,Italy x Sweden,Mixed,Native Soil,8-IS-M-Soil,1.18,0,1,2019-10-09,282
8,M_13,Italy x Sweden,Mixed,Native Soil,8-IS-M-Soil,1.19,0,1,2019-10-18,291
8,M_13,Italy x Sweden,Mixed,Native Soil,8-IS-M-Soil,1.2,4,1,2019-10-23,296
8,M_13,Italy x Sweden,Mixed,Native Soil,8-IS-M-Soil,1.22,4,1,2019-11-06,310
8,M_13,Italy x Sweden,Mixed,Native Soil,8-IS-M-Soil,1.23,0,1,2019-11-20,324
8,M_13,Italy x Sweden,Mixed,Native Soil,8-IS-M-Soil,1.24,4,1,2019-12-04,338
8,M_13,Italy x Sweden,Mixed,Native Soil,8-IS-M-Soil,1.25,15,1,2019-12-20,354
8,M_13,Italy x Sweden,Mixed,Native Soil,8-IS-M-Soil,1.26,0,1,2020-02-10,41
8,M_13,Italy x Sweden,Mixed,Native Soil,8-IS-M-Soil,1.27,0,1,2020-03-02,62
8,M_13,Italy x Sweden,Mixed,Native Soil,8-IS-M-Soil,1.29,0,1,2020-05-05,126
8,M_13,Italy x Sweden,Mixed,Native Soil,8-IS-M-Soil,2.01,10,2,2020-05-27,148
8,M_13,Italy x Sweden,Mixed,Native Soil,8-IS-M-Soil,2.02,0,2,2020-06-04,156
8,M_13,Italy x Sweden,Mixed,Native Soil,8-IS-M-Soil,2.03,0,2,2020-07-23,205
8,M_13,Italy x Sweden,Mixed,Native Soil,8-IS-M-Soil,2.04,0,2,2020-08-07,220
8,M_13,Italy x Sweden,Mixed,Native Soil,8-IS-M-Soil,2.05,0,2,2020-08-13,226
8,M_13,Italy x Sweden,Mixed,Native Soil,8-IS-M-Soil,2.06,0,2,2020-08-18,231
8,M_13,Italy x Sweden,Mixed,Native Soil,8-IS-M-Soil,2.07,0,2,2020-08-25,238
8,M_13,Italy x Sweden,Mixed,Native Soil,8-IS-M-Soil,2.08,0,2,2020-09-10,254
8,M_13,Italy x Sweden,Mixed,Native Soil,8-IS-M-Soil,2.09,0,2,2020-09-18,262
8,M_13,Italy x Sweden,Mixed,Native Soil,8-IS-M-Soil,2.1,7,2,2020-10-02,276
8,M_13,Italy x Sweden,Mixed,Native Soil,8-IS-M-Soil,2.11,0,2,2020-10-19,293
8,M_13,Italy x Sweden,Mixed,Native Soil,8-IS-M-Soil,2.12,0,2,2020-10-30,304
8,M_13,Italy x Sweden,Mixed,Native Soil,8-IS-M-Soil,2.13,0,2,2020-11-13,318
8,M_13,Italy x Sweden,Mixed,Native Soil,8-IS-M-Soil,2.14,0,2,2020-12-01,336
8,M_13,Italy x Sweden,Mixed,Native Soil,8-IS-M-Soil,2.15,0,2,2020-12-15,350
8,M_13,Italy x Sweden,Mixed,Native Soil,8-IS-M-Soil,2.16,0,2,2021-01-12,12
8,M_13,Italy x Sweden,Mixed,Native Soil,8-IS-M-Soil,2.17,0,2,2021-02-01,32
8,M_13,Italy x Sweden,Mixed,Native Soil,8-IS-M-Soil,2.18,0,2,2021-02-25,56
8,M_13,Italy x Sweden,Mixed,Native Soil,8-IS-M-Soil,2.19,0,2,2021-03-08,67
8,M_13,Italy x Sweden,Mixed,Native Soil,8-IS-M-Soil,2.2,0,2,2021-03-26,85
8,M_13,Italy x Sweden,Mixed,Native Soil,8-IS-M-Soil,2.21,0,2,2021-04-08,98
8,M_13,Italy x Sweden,Mixed,Native Soil,8-IS-M-Soil,3.14,0,3,2021-08-17,229
8,M_13,Italy x Sweden,Mixed,Native Soil,8-IS-M-Soil,3.15,0,3,2021-08-25,237
8,M_13,Italy x Sweden,Mixed,Native Soil,8-IS-M-Soil,3.16,0,3,2021-09-02,245
8,M_13,Italy x Sweden,Mixed,Native Soil,8-IS-M-Soil,3.17,0,3,2021-09-08,251
8,M_13,Italy x Sweden,Mixed,Native Soil,8-IS-M-Soil,3.18,0,3,2021-09-15,258
8,M_13,Italy x Sweden,Mixed,Native Soil,8-IS-M-Soil,3.19,0,3,2021-09-22,265
8,M_13,Italy x Sweden,Mixed,Native Soil,8-IS-M-Soil,3.2,0,3,2021-10-04,277
8,M_13,Italy x Sweden,Mixed,Native Soil,8-IS-M-Soil,3.21,1,3,2021-10-16,289
8,M_13,Italy x Sweden,Mixed,Native Soil,8-IS-M-Soil,3.22,0,3,2021-11-17,321
8,M_13,Italy x Sweden,Mixed,Native Soil,8-IS-M-Soil,3.23,2,3,2021-12-09,343
