Col,Row,Year,Date,CensusN
A,0,1,6/12/19,1.01
A,1,1,6/12/19,1.01
A,2,1,6/12/19,1.01
A,3,1,6/12/19,1.01
A,4,1,6/12/19,1.01
A,5,1,6/12/19,1.01
A,6,1,6/12/19,1.01
A,7,1,6/12/19,1.01
A,8,1,6/12/19,1.01
A,9,1,6/12/19,1.01
A,10,1,6/12/19,1.01
A,11,1,6/12/19,1.01
A,12,1,6/12/19,1.01
B,0,1,6/12/19,1.01
B,1,1,6/12/19,1.01
B,2,1,6/12/19,1.01
B,3,1,6/12/19,1.01
B,4,1,6/12/19,1.01
B,5,1,6/12/19,1.01
B,6,1,6/12/19,1.01
B,7,1,6/12/19,1.01
B,8,1,6/12/19,1.01
B,9,1,6/12/19,1.01
B,10,1,6/12/19,1.01
B,11,1,6/12/19,1.01
B,12,1,6/12/19,1.01
B,13,1,6/12/19,1.01
C,0,1,6/12/19,1.01
C,1,1,6/12/19,1.01
C,2,1,6/12/19,1.01
C,3,1,6/12/19,1.01
C,4,1,6/12/19,1.01
C,5,1,6/12/19,1.01
C,6,1,6/12/19,1.01
C,7,1,6/12/19,1.01
C,9,1,6/12/19,1.01
C,10,1,6/12/19,1.01
C,11,1,6/12/19,1.01
C,12,1,6/12/19,1.01
C,13,1,6/12/19,1.01
D,0,1,6/12/19,1.01
D,1,1,6/12/19,1.01
D,2,1,6/12/19,1.01
D,3,1,6/12/19,1.01
D,4,1,6/12/19,1.01
D,5,1,6/12/19,1.01
D,6,1,6/12/19,1.01
D,8,1,6/12/19,1.01
D,9,1,6/12/19,1.01
D,10,1,6/12/19,1.01
D,11,1,6/12/19,1.01
D,12,1,6/12/19,1.01
D,13,1,6/12/19,1.01
E,1,1,6/12/19,1.01
E,2,1,6/12/19,1.01
E,3,1,6/12/19,1.01
E,4,1,6/12/19,1.01
E,5,1,6/12/19,1.01
E,7,1,6/12/19,1.01
E,8,1,6/12/19,1.01
E,9,1,6/12/19,1.01
E,10,1,6/12/19,1.01
E,11,1,6/12/19,1.01
E,12,1,6/12/19,1.01
E,13,1,6/12/19,1.01
F,1,1,6/12/19,1.01
F,2,1,6/12/19,1.01
F,3,1,6/12/19,1.01
F,4,1,6/12/19,1.01
F,6,1,6/12/19,1.01
F,7,1,6/12/19,1.01
F,8,1,6/12/19,1.01
F,9,1,6/12/19,1.01
F,10,1,6/12/19,1.01
F,11,1,6/12/19,1.01
F,12,1,6/12/19,1.01
F,13,1,6/12/19,1.01
G,1,1,6/12/19,1.01
G,2,1,6/12/19,1.01
G,3,1,6/12/19,1.01
G,5,1,6/12/19,1.01
G,6,1,6/12/19,1.01
G,7,1,6/12/19,1.01
G,8,1,6/12/19,1.01
G,9,1,6/12/19,1.01
G,10,1,6/12/19,1.01
G,11,1,6/12/19,1.01
G,12,1,6/12/19,1.01
G,13,1,6/12/19,1.01
H,1,1,6/12/19,1.01
H,2,1,6/12/19,1.01
H,4,1,6/12/19,1.01
H,5,1,6/12/19,1.01
H,6,1,6/12/19,1.01
H,7,1,6/12/19,1.01
H,8,1,6/12/19,1.01
H,9,1,6/12/19,1.01
H,10,1,6/12/19,1.01
H,11,1,6/12/19,1.01
H,12,1,6/12/19,1.01
I,1,1,6/12/19,1.01
I,3,1,6/12/19,1.01
I,4,1,6/12/19,1.01
I,5,1,6/12/19,1.01
I,6,1,6/12/19,1.01
I,7,1,6/12/19,1.01
I,8,1,6/12/19,1.01
I,9,1,6/12/19,1.01
I,10,1,6/12/19,1.01
I,11,1,6/12/19,1.01
I,12,1,6/12/19,1.01
J,2,1,6/12/19,1.01
J,3,1,6/12/19,1.01
J,4,1,6/12/19,1.01
J,5,1,6/12/19,1.01
J,6,1,6/12/19,1.01
J,7,1,6/12/19,1.01
J,8,1,6/12/19,1.01
J,9,1,6/12/19,1.01
J,10,1,6/12/19,1.01
J,11,1,6/12/19,1.01
J,12,1,6/12/19,1.01
K,1,1,6/12/19,1.01
K,2,1,6/12/19,1.01
K,3,1,6/12/19,1.01
K,4,1,6/12/19,1.01
K,5,1,6/12/19,1.01
K,6,1,6/12/19,1.01
K,7,1,6/12/19,1.01
K,8,1,6/12/19,1.01
K,9,1,6/12/19,1.01
K,10,1,6/12/19,1.01
K,11,1,6/12/19,1.01
K,12,1,6/12/19,1.01
K,13,1,6/12/19,1.01
L,1,1,6/12/19,1.01
L,2,1,6/12/19,1.01
L,3,1,6/12/19,1.01
L,4,1,6/12/19,1.01
L,5,1,6/12/19,1.01
L,6,1,6/12/19,1.01
L,7,1,6/12/19,1.01
L,8,1,6/12/19,1.01
L,9,1,6/12/19,1.01
L,10,1,6/12/19,1.01
L,11,1,6/12/19,1.01
L,12,1,6/12/19,1.01
L,13,1,6/12/19,1.01
M,1,1,6/12/19,1.01
M,2,1,6/12/19,1.01
M,3,1,6/12/19,1.01
M,4,1,6/12/19,1.01
M,5,1,6/12/19,1.01
M,6,1,6/12/19,1.01
M,8,1,6/12/19,1.01
M,9,1,6/12/19,1.01
M,10,1,6/12/19,1.01
M,11,1,6/12/19,1.01
M,12,1,6/12/19,1.01
M,13,1,6/12/19,1.01
A,0,1,6/16/19,1.02
A,1,1,6/16/19,1.02
A,2,1,6/16/19,1.02
A,3,1,6/16/19,1.02
A,4,1,6/16/19,1.02
A,5,1,6/16/19,1.02
A,6,1,6/16/19,1.02
A,7,1,6/16/19,1.02
A,8,1,6/16/19,1.02
A,9,1,6/16/19,1.02
A,10,1,6/16/19,1.02
A,11,1,6/16/19,1.02
A,12,1,6/16/19,1.02
B,0,1,6/16/19,1.02
B,1,1,6/16/19,1.02
B,2,1,6/16/19,1.02
B,3,1,6/16/19,1.02
B,4,1,6/16/19,1.02
B,5,1,6/16/19,1.02
B,6,1,6/16/19,1.02
B,7,1,6/16/19,1.02
B,8,1,6/16/19,1.02
B,9,1,6/16/19,1.02
B,10,1,6/16/19,1.02
B,11,1,6/16/19,1.02
B,12,1,6/16/19,1.02
B,13,1,6/16/19,1.02
C,0,1,6/16/19,1.02
C,1,1,6/16/19,1.02
C,2,1,6/16/19,1.02
C,3,1,6/16/19,1.02
C,4,1,6/16/19,1.02
C,5,1,6/16/19,1.02
C,6,1,6/16/19,1.02
C,7,1,6/16/19,1.02
C,9,1,6/16/19,1.02
C,10,1,6/16/19,1.02
C,11,1,6/16/19,1.02
C,12,1,6/16/19,1.02
C,13,1,6/16/19,1.02
D,0,1,6/16/19,1.02
D,1,1,6/16/19,1.02
D,2,1,6/16/19,1.02
D,3,1,6/16/19,1.02
D,4,1,6/16/19,1.02
D,5,1,6/16/19,1.02
D,6,1,6/16/19,1.02
D,8,1,6/16/19,1.02
D,9,1,6/16/19,1.02
D,10,1,6/16/19,1.02
D,11,1,6/16/19,1.02
D,12,1,6/16/19,1.02
D,13,1,6/16/19,1.02
E,1,1,6/16/19,1.02
E,2,1,6/16/19,1.02
E,3,1,6/16/19,1.02
E,4,1,6/16/19,1.02
E,5,1,6/16/19,1.02
E,7,1,6/16/19,1.02
E,8,1,6/16/19,1.02
E,9,1,6/16/19,1.02
E,10,1,6/16/19,1.02
E,11,1,6/16/19,1.02
E,12,1,6/16/19,1.02
E,13,1,6/16/19,1.02
F,1,1,6/16/19,1.02
F,2,1,6/16/19,1.02
F,3,1,6/16/19,1.02
F,4,1,6/16/19,1.02
F,6,1,6/16/19,1.02
F,7,1,6/16/19,1.02
F,8,1,6/16/19,1.02
F,9,1,6/16/19,1.02
F,10,1,6/16/19,1.02
F,11,1,6/16/19,1.02
F,12,1,6/16/19,1.02
F,13,1,6/16/19,1.02
G,1,1,6/16/19,1.02
G,2,1,6/16/19,1.02
G,3,1,6/16/19,1.02
G,5,1,6/16/19,1.02
G,6,1,6/16/19,1.02
G,7,1,6/16/19,1.02
G,8,1,6/16/19,1.02
G,9,1,6/16/19,1.02
G,10,1,6/16/19,1.02
G,11,1,6/16/19,1.02
G,12,1,6/16/19,1.02
G,13,1,6/16/19,1.02
H,1,1,6/16/19,1.02
H,2,1,6/16/19,1.02
H,4,1,6/16/19,1.02
H,5,1,6/16/19,1.02
H,6,1,6/16/19,1.02
H,7,1,6/16/19,1.02
H,8,1,6/16/19,1.02
H,9,1,6/16/19,1.02
H,10,1,6/16/19,1.02
H,11,1,6/16/19,1.02
H,12,1,6/16/19,1.02
I,1,1,6/16/19,1.02
I,3,1,6/16/19,1.02
I,4,1,6/16/19,1.02
I,5,1,6/16/19,1.02
I,6,1,6/16/19,1.02
I,7,1,6/16/19,1.02
I,8,1,6/16/19,1.02
I,9,1,6/16/19,1.02
I,10,1,6/16/19,1.02
I,11,1,6/16/19,1.02
I,12,1,6/16/19,1.02
J,2,1,6/16/19,1.02
J,3,1,6/16/19,1.02
J,4,1,6/16/19,1.02
J,5,1,6/16/19,1.02
J,6,1,6/16/19,1.02
J,7,1,6/16/19,1.02
J,8,1,6/16/19,1.02
J,9,1,6/16/19,1.02
J,10,1,6/16/19,1.02
J,11,1,6/16/19,1.02
J,12,1,6/16/19,1.02
K,1,1,6/16/19,1.02
K,2,1,6/16/19,1.02
K,3,1,6/16/19,1.02
K,4,1,6/16/19,1.02
K,5,1,6/16/19,1.02
K,6,1,6/16/19,1.02
K,7,1,6/16/19,1.02
K,8,1,6/16/19,1.02
K,9,1,6/16/19,1.02
K,10,1,6/16/19,1.02
K,11,1,6/16/19,1.02
K,12,1,6/16/19,1.02
K,13,1,6/16/19,1.02
L,1,1,6/16/19,1.02
L,2,1,6/16/19,1.02
L,3,1,6/16/19,1.02
L,4,1,6/16/19,1.02
L,5,1,6/16/19,1.02
L,6,1,6/16/19,1.02
L,7,1,6/16/19,1.02
L,8,1,6/16/19,1.02
L,9,1,6/16/19,1.02
L,10,1,6/16/19,1.02
L,11,1,6/16/19,1.02
L,12,1,6/16/19,1.02
L,13,1,6/16/19,1.02
M,1,1,6/16/19,1.02
M,2,1,6/16/19,1.02
M,3,1,6/16/19,1.02
M,4,1,6/16/19,1.02
M,5,1,6/16/19,1.02
M,6,1,6/16/19,1.02
M,8,1,6/16/19,1.02
M,9,1,6/16/19,1.02
M,10,1,6/16/19,1.02
M,11,1,6/16/19,1.02
M,12,1,6/16/19,1.02
M,13,1,6/16/19,1.02
A,0,1,6/26/19,1.03
A,1,1,6/26/19,1.03
A,2,1,6/26/19,1.03
A,3,1,6/26/19,1.03
A,4,1,6/26/19,1.03
A,5,1,6/26/19,1.03
A,6,1,6/26/19,1.03
A,7,1,6/26/19,1.03
A,8,1,6/26/19,1.03
A,9,1,6/26/19,1.03
A,10,1,6/26/19,1.03
A,11,1,6/26/19,1.03
A,12,1,6/26/19,1.03
B,0,1,6/26/19,1.03
B,1,1,6/26/19,1.03
B,2,1,6/26/19,1.03
B,3,1,6/26/19,1.03
B,4,1,6/26/19,1.03
B,5,1,6/26/19,1.03
B,6,1,6/26/19,1.03
B,7,1,6/26/19,1.03
B,8,1,6/26/19,1.03
B,9,1,6/26/19,1.03
B,10,1,6/26/19,1.03
B,11,1,6/26/19,1.03
B,12,1,6/26/19,1.03
B,13,1,6/26/19,1.03
C,0,1,6/26/19,1.03
C,1,1,6/26/19,1.03
C,2,1,6/26/19,1.03
C,3,1,6/26/19,1.03
C,4,1,6/26/19,1.03
C,5,1,6/26/19,1.03
C,6,1,6/26/19,1.03
C,7,1,6/26/19,1.03
C,9,1,6/26/19,1.03
C,10,1,6/26/19,1.03
C,11,1,6/26/19,1.03
C,12,1,6/26/19,1.03
C,13,1,6/26/19,1.03
D,0,1,6/26/19,1.03
D,1,1,6/26/19,1.03
D,2,1,6/26/19,1.03
D,3,1,6/26/19,1.03
D,4,1,6/26/19,1.03
D,5,1,6/26/19,1.03
D,6,1,6/26/19,1.03
D,8,1,6/26/19,1.03
D,9,1,6/26/19,1.03
D,10,1,6/26/19,1.03
D,11,1,6/26/19,1.03
D,12,1,6/26/19,1.03
D,13,1,6/26/19,1.03
E,1,1,6/26/19,1.03
E,2,1,6/26/19,1.03
E,3,1,6/26/19,1.03
E,4,1,6/26/19,1.03
E,5,1,6/26/19,1.03
E,7,1,6/26/19,1.03
E,8,1,6/26/19,1.03
E,9,1,6/26/19,1.03
E,10,1,6/26/19,1.03
E,11,1,6/26/19,1.03
E,12,1,6/26/19,1.03
E,13,1,6/26/19,1.03
F,1,1,6/26/19,1.03
F,2,1,6/26/19,1.03
F,3,1,6/26/19,1.03
F,4,1,6/26/19,1.03
F,6,1,6/26/19,1.03
F,7,1,6/26/19,1.03
F,8,1,6/26/19,1.03
F,9,1,6/26/19,1.03
F,10,1,6/26/19,1.03
F,11,1,6/26/19,1.03
F,12,1,6/26/19,1.03
F,13,1,6/26/19,1.03
G,1,1,6/26/19,1.03
G,2,1,6/26/19,1.03
G,3,1,6/26/19,1.03
G,5,1,6/26/19,1.03
G,6,1,6/26/19,1.03
G,7,1,6/26/19,1.03
G,8,1,6/26/19,1.03
G,9,1,6/26/19,1.03
G,10,1,6/26/19,1.03
G,11,1,6/26/19,1.03
G,12,1,6/26/19,1.03
G,13,1,6/26/19,1.03
H,1,1,6/26/19,1.03
H,2,1,6/26/19,1.03
H,4,1,6/26/19,1.03
H,5,1,6/26/19,1.03
H,6,1,6/26/19,1.03
H,7,1,6/26/19,1.03
H,8,1,6/26/19,1.03
H,9,1,6/26/19,1.03
H,10,1,6/26/19,1.03
H,11,1,6/26/19,1.03
H,12,1,6/26/19,1.03
I,1,1,6/26/19,1.03
I,3,1,6/26/19,1.03
I,4,1,6/26/19,1.03
I,5,1,6/26/19,1.03
I,6,1,6/26/19,1.03
I,7,1,6/26/19,1.03
I,8,1,6/26/19,1.03
I,9,1,6/26/19,1.03
I,10,1,6/26/19,1.03
I,11,1,6/26/19,1.03
I,12,1,6/26/19,1.03
J,2,1,6/26/19,1.03
J,3,1,6/26/19,1.03
J,4,1,6/26/19,1.03
J,5,1,6/26/19,1.03
J,6,1,6/26/19,1.03
J,7,1,6/26/19,1.03
J,8,1,6/26/19,1.03
J,9,1,6/26/19,1.03
J,10,1,6/26/19,1.03
J,11,1,6/26/19,1.03
J,12,1,6/26/19,1.03
K,1,1,6/26/19,1.03
K,2,1,6/26/19,1.03
K,3,1,6/26/19,1.03
K,4,1,6/26/19,1.03
K,5,1,6/26/19,1.03
K,6,1,6/26/19,1.03
K,7,1,6/26/19,1.03
K,8,1,6/26/19,1.03
K,9,1,6/26/19,1.03
K,10,1,6/26/19,1.03
K,11,1,6/26/19,1.03
K,12,1,6/26/19,1.03
K,13,1,6/26/19,1.03
L,1,1,6/26/19,1.03
L,2,1,6/26/19,1.03
L,3,1,6/26/19,1.03
L,4,1,6/26/19,1.03
L,5,1,6/26/19,1.03
L,6,1,6/26/19,1.03
L,7,1,6/26/19,1.03
L,8,1,6/26/19,1.03
L,9,1,6/26/19,1.03
L,10,1,6/26/19,1.03
L,11,1,6/26/19,1.03
L,12,1,6/26/19,1.03
L,13,1,6/26/19,1.03
M,1,1,6/26/19,1.03
M,2,1,6/26/19,1.03
M,3,1,6/26/19,1.03
M,4,1,6/26/19,1.03
M,5,1,6/26/19,1.03
M,6,1,6/26/19,1.03
M,8,1,6/26/19,1.03
M,9,1,6/26/19,1.03
M,10,1,6/26/19,1.03
M,11,1,6/26/19,1.03
M,12,1,6/26/19,1.03
M,13,1,6/26/19,1.03
A,0,1,7/3/19,1.04
A,1,1,7/3/19,1.04
A,2,1,7/3/19,1.04
A,3,1,7/3/19,1.04
A,4,1,7/3/19,1.04
A,5,1,7/3/19,1.04
A,6,1,7/3/19,1.04
A,7,1,7/3/19,1.04
A,8,1,7/3/19,1.04
A,9,1,7/3/19,1.04
A,10,1,7/3/19,1.04
A,11,1,7/3/19,1.04
A,12,1,7/3/19,1.04
B,0,1,7/3/19,1.04
B,1,1,7/3/19,1.04
B,2,1,7/3/19,1.04
B,3,1,7/3/19,1.04
B,4,1,7/3/19,1.04
B,5,1,7/3/19,1.04
B,6,1,7/3/19,1.04
B,7,1,7/3/19,1.04
B,8,1,7/3/19,1.04
B,9,1,7/3/19,1.04
B,10,1,7/3/19,1.04
B,11,1,7/3/19,1.04
B,12,1,7/3/19,1.04
B,13,1,7/3/19,1.04
C,0,1,7/3/19,1.04
C,1,1,7/3/19,1.04
C,2,1,7/3/19,1.04
C,3,1,7/3/19,1.04
C,4,1,7/3/19,1.04
C,5,1,7/3/19,1.04
C,6,1,7/3/19,1.04
C,7,1,7/3/19,1.04
C,9,1,7/3/19,1.04
C,10,1,7/3/19,1.04
C,11,1,7/3/19,1.04
C,12,1,7/3/19,1.04
C,13,1,7/3/19,1.04
D,0,1,7/3/19,1.04
D,1,1,7/3/19,1.04
D,2,1,7/3/19,1.04
D,3,1,7/3/19,1.04
D,4,1,7/3/19,1.04
D,5,1,7/3/19,1.04
D,6,1,7/3/19,1.04
D,8,1,7/3/19,1.04
D,9,1,7/3/19,1.04
D,10,1,7/3/19,1.04
D,11,1,7/3/19,1.04
D,12,1,7/3/19,1.04
D,13,1,7/3/19,1.04
E,1,1,7/3/19,1.04
E,2,1,7/3/19,1.04
E,3,1,7/3/19,1.04
E,4,1,7/3/19,1.04
E,5,1,7/3/19,1.04
E,7,1,7/3/19,1.04
E,8,1,7/3/19,1.04
E,9,1,7/3/19,1.04
E,10,1,7/3/19,1.04
E,11,1,7/3/19,1.04
E,12,1,7/3/19,1.04
E,13,1,7/3/19,1.04
F,1,1,7/3/19,1.04
F,2,1,7/3/19,1.04
F,3,1,7/3/19,1.04
F,4,1,7/3/19,1.04
F,6,1,7/3/19,1.04
F,7,1,7/3/19,1.04
F,8,1,7/3/19,1.04
F,9,1,7/3/19,1.04
F,10,1,7/3/19,1.04
F,11,1,7/3/19,1.04
F,12,1,7/3/19,1.04
F,13,1,7/3/19,1.04
G,1,1,7/3/19,1.04
G,2,1,7/3/19,1.04
G,3,1,7/3/19,1.04
G,5,1,7/3/19,1.04
G,6,1,7/3/19,1.04
G,7,1,7/3/19,1.04
G,8,1,7/3/19,1.04
G,9,1,7/3/19,1.04
G,10,1,7/3/19,1.04
G,11,1,7/3/19,1.04
G,12,1,7/3/19,1.04
G,13,1,7/3/19,1.04
H,1,1,7/3/19,1.04
H,2,1,7/3/19,1.04
H,4,1,7/3/19,1.04
H,5,1,7/3/19,1.04
H,6,1,7/3/19,1.04
H,7,1,7/3/19,1.04
H,8,1,7/3/19,1.04
H,9,1,7/3/19,1.04
H,10,1,7/3/19,1.04
H,11,1,7/3/19,1.04
H,12,1,7/3/19,1.04
I,1,1,7/3/19,1.04
I,3,1,7/3/19,1.04
I,4,1,7/3/19,1.04
I,5,1,7/3/19,1.04
I,6,1,7/3/19,1.04
I,7,1,7/3/19,1.04
I,8,1,7/3/19,1.04
I,9,1,7/3/19,1.04
I,10,1,7/3/19,1.04
I,11,1,7/3/19,1.04
I,12,1,7/3/19,1.04
J,2,1,7/3/19,1.04
J,3,1,7/3/19,1.04
J,4,1,7/3/19,1.04
J,5,1,7/3/19,1.04
J,6,1,7/3/19,1.04
J,7,1,7/3/19,1.04
J,8,1,7/3/19,1.04
J,9,1,7/3/19,1.04
J,10,1,7/3/19,1.04
J,11,1,7/3/19,1.04
J,12,1,7/3/19,1.04
K,1,1,7/3/19,1.04
K,2,1,7/3/19,1.04
K,3,1,7/3/19,1.04
K,4,1,7/3/19,1.04
K,5,1,7/3/19,1.04
K,6,1,7/3/19,1.04
K,7,1,7/3/19,1.04
K,8,1,7/3/19,1.04
K,9,1,7/3/19,1.04
K,10,1,7/3/19,1.04
K,11,1,7/3/19,1.04
K,12,1,7/3/19,1.04
K,13,1,7/3/19,1.04
L,1,1,7/3/19,1.04
L,2,1,7/3/19,1.04
L,3,1,7/3/19,1.04
L,4,1,7/3/19,1.04
L,5,1,7/3/19,1.04
L,6,1,7/3/19,1.04
L,7,1,7/3/19,1.04
L,8,1,7/3/19,1.04
L,9,1,7/3/19,1.04
L,10,1,7/3/19,1.04
L,11,1,7/3/19,1.04
L,12,1,7/3/19,1.04
L,13,1,7/3/19,1.04
M,1,1,7/3/19,1.04
M,2,1,7/3/19,1.04
M,3,1,7/3/19,1.04
M,4,1,7/3/19,1.04
M,5,1,7/3/19,1.04
M,6,1,7/3/19,1.04
M,8,1,7/3/19,1.04
M,9,1,7/3/19,1.04
M,10,1,7/3/19,1.04
M,11,1,7/3/19,1.04
M,12,1,7/3/19,1.04
M,13,1,7/3/19,1.04
A,0,1,7/10/19,1.05
A,1,1,7/10/19,1.05
A,2,1,7/10/19,1.05
A,3,1,7/10/19,1.05
A,4,1,7/10/19,1.05
A,5,1,7/10/19,1.05
A,6,1,7/10/19,1.05
A,7,1,7/10/19,1.05
A,8,1,7/10/19,1.05
A,9,1,7/10/19,1.05
A,10,1,7/10/19,1.05
A,11,1,7/10/19,1.05
A,12,1,7/10/19,1.05
B,0,1,7/10/19,1.05
B,1,1,7/10/19,1.05
B,2,1,7/10/19,1.05
B,3,1,7/10/19,1.05
B,4,1,7/10/19,1.05
B,5,1,7/10/19,1.05
B,6,1,7/10/19,1.05
B,7,1,7/10/19,1.05
B,8,1,7/10/19,1.05
B,9,1,7/10/19,1.05
B,10,1,7/10/19,1.05
B,11,1,7/10/19,1.05
B,12,1,7/10/19,1.05
B,13,1,7/10/19,1.05
C,0,1,7/10/19,1.05
C,1,1,7/10/19,1.05
C,2,1,7/10/19,1.05
C,3,1,7/10/19,1.05
C,4,1,7/10/19,1.05
C,5,1,7/10/19,1.05
C,6,1,7/10/19,1.05
C,7,1,7/10/19,1.05
C,9,1,7/10/19,1.05
C,10,1,7/10/19,1.05
C,11,1,7/10/19,1.05
C,12,1,7/10/19,1.05
C,13,1,7/10/19,1.05
D,0,1,7/10/19,1.05
D,1,1,7/10/19,1.05
D,2,1,7/10/19,1.05
D,3,1,7/10/19,1.05
D,4,1,7/10/19,1.05
D,5,1,7/10/19,1.05
D,6,1,7/10/19,1.05
D,8,1,7/10/19,1.05
D,9,1,7/10/19,1.05
D,10,1,7/10/19,1.05
D,11,1,7/10/19,1.05
D,12,1,7/10/19,1.05
D,13,1,7/10/19,1.05
E,1,1,7/10/19,1.05
E,2,1,7/10/19,1.05
E,3,1,7/10/19,1.05
E,4,1,7/10/19,1.05
E,5,1,7/10/19,1.05
E,7,1,7/10/19,1.05
E,8,1,7/10/19,1.05
E,9,1,7/10/19,1.05
E,10,1,7/10/19,1.05
E,11,1,7/10/19,1.05
E,12,1,7/10/19,1.05
E,13,1,7/10/19,1.05
F,1,1,7/10/19,1.05
F,2,1,7/10/19,1.05
F,3,1,7/10/19,1.05
F,4,1,7/10/19,1.05
F,6,1,7/10/19,1.05
F,7,1,7/10/19,1.05
F,8,1,7/10/19,1.05
F,9,1,7/10/19,1.05
F,10,1,7/10/19,1.05
F,11,1,7/10/19,1.05
F,12,1,7/10/19,1.05
F,13,1,7/10/19,1.05
G,1,1,7/10/19,1.05
G,2,1,7/10/19,1.05
G,3,1,7/10/19,1.05
G,5,1,7/10/19,1.05
G,6,1,7/10/19,1.05
G,7,1,7/10/19,1.05
G,8,1,7/10/19,1.05
G,9,1,7/10/19,1.05
G,10,1,7/10/19,1.05
G,11,1,7/10/19,1.05
G,12,1,7/10/19,1.05
G,13,1,7/10/19,1.05
H,1,1,7/10/19,1.05
H,2,1,7/10/19,1.05
H,4,1,7/10/19,1.05
H,5,1,7/10/19,1.05
H,6,1,7/10/19,1.05
H,7,1,7/10/19,1.05
H,8,1,7/10/19,1.05
H,9,1,7/10/19,1.05
H,10,1,7/10/19,1.05
H,11,1,7/10/19,1.05
H,12,1,7/10/19,1.05
I,1,1,7/10/19,1.05
I,3,1,7/10/19,1.05
I,4,1,7/10/19,1.05
I,5,1,7/10/19,1.05
I,6,1,7/10/19,1.05
I,7,1,7/10/19,1.05
I,8,1,7/10/19,1.05
I,9,1,7/10/19,1.05
I,10,1,7/10/19,1.05
I,11,1,7/10/19,1.05
I,12,1,7/10/19,1.05
J,2,1,7/10/19,1.05
J,3,1,7/10/19,1.05
J,4,1,7/10/19,1.05
J,5,1,7/10/19,1.05
J,6,1,7/10/19,1.05
J,7,1,7/10/19,1.05
J,8,1,7/10/19,1.05
J,9,1,7/10/19,1.05
J,10,1,7/10/19,1.05
J,11,1,7/10/19,1.05
J,12,1,7/10/19,1.05
K,1,1,7/10/19,1.05
K,2,1,7/10/19,1.05
K,3,1,7/10/19,1.05
K,4,1,7/10/19,1.05
K,5,1,7/10/19,1.05
K,6,1,7/10/19,1.05
K,7,1,7/10/19,1.05
K,8,1,7/10/19,1.05
K,9,1,7/10/19,1.05
K,10,1,7/10/19,1.05
K,11,1,7/10/19,1.05
K,12,1,7/10/19,1.05
K,13,1,7/10/19,1.05
L,1,1,7/10/19,1.05
L,2,1,7/10/19,1.05
L,3,1,7/10/19,1.05
L,4,1,7/10/19,1.05
L,5,1,7/10/19,1.05
L,6,1,7/10/19,1.05
L,7,1,7/10/19,1.05
L,8,1,7/10/19,1.05
L,9,1,7/10/19,1.05
L,10,1,7/10/19,1.05
L,11,1,7/10/19,1.05
L,12,1,7/10/19,1.05
L,13,1,7/10/19,1.05
M,1,1,7/10/19,1.05
M,2,1,7/10/19,1.05
M,3,1,7/10/19,1.05
M,4,1,7/10/19,1.05
M,5,1,7/10/19,1.05
M,6,1,7/10/19,1.05
M,8,1,7/10/19,1.05
M,9,1,7/10/19,1.05
M,10,1,7/10/19,1.05
M,11,1,7/10/19,1.05
M,12,1,7/10/19,1.05
M,13,1,7/10/19,1.05
A,0,1,7/17/19,1.06
A,1,1,7/17/19,1.06
A,2,1,7/17/19,1.06
A,3,1,7/17/19,1.06
A,4,1,7/17/19,1.06
A,5,1,7/17/19,1.06
A,6,1,7/17/19,1.06
A,7,1,7/17/19,1.06
A,8,1,7/17/19,1.06
A,9,1,7/17/19,1.06
A,10,1,7/17/19,1.06
A,11,1,7/17/19,1.06
A,12,1,7/17/19,1.06
B,0,1,7/17/19,1.06
B,1,1,7/17/19,1.06
B,2,1,7/17/19,1.06
B,3,1,7/17/19,1.06
B,4,1,7/17/19,1.06
B,5,1,7/17/19,1.06
B,6,1,7/17/19,1.06
B,7,1,7/17/19,1.06
B,8,1,7/17/19,1.06
B,9,1,7/17/19,1.06
B,10,1,7/17/19,1.06
B,11,1,7/17/19,1.06
B,12,1,7/17/19,1.06
B,13,1,7/17/19,1.06
C,0,1,7/17/19,1.06
C,1,1,7/17/19,1.06
C,2,1,7/17/19,1.06
C,3,1,7/17/19,1.06
C,4,1,7/17/19,1.06
C,5,1,7/17/19,1.06
C,6,1,7/17/19,1.06
C,7,1,7/17/19,1.06
C,9,1,7/17/19,1.06
C,10,1,7/17/19,1.06
C,11,1,7/17/19,1.06
C,12,1,7/17/19,1.06
C,13,1,7/17/19,1.06
D,0,1,7/17/19,1.06
D,1,1,7/17/19,1.06
D,2,1,7/17/19,1.06
D,3,1,7/17/19,1.06
D,4,1,7/17/19,1.06
D,5,1,7/17/19,1.06
D,6,1,7/17/19,1.06
D,8,1,7/17/19,1.06
D,9,1,7/17/19,1.06
D,10,1,7/17/19,1.06
D,11,1,7/17/19,1.06
D,12,1,7/17/19,1.06
D,13,1,7/17/19,1.06
E,1,1,7/17/19,1.06
E,2,1,7/17/19,1.06
E,3,1,7/17/19,1.06
E,4,1,7/17/19,1.06
E,5,1,7/17/19,1.06
E,7,1,7/17/19,1.06
E,8,1,7/17/19,1.06
E,9,1,7/17/19,1.06
E,10,1,7/17/19,1.06
E,11,1,7/17/19,1.06
E,12,1,7/17/19,1.06
E,13,1,7/17/19,1.06
F,1,1,7/17/19,1.06
F,2,1,7/17/19,1.06
F,3,1,7/17/19,1.06
F,4,1,7/17/19,1.06
F,6,1,7/17/19,1.06
F,7,1,7/17/19,1.06
F,8,1,7/17/19,1.06
F,9,1,7/17/19,1.06
F,10,1,7/17/19,1.06
F,11,1,7/17/19,1.06
F,12,1,7/17/19,1.06
F,13,1,7/17/19,1.06
G,1,1,7/17/19,1.06
G,2,1,7/17/19,1.06
G,3,1,7/17/19,1.06
G,5,1,7/17/19,1.06
G,6,1,7/17/19,1.06
G,7,1,7/17/19,1.06
G,8,1,7/17/19,1.06
G,9,1,7/17/19,1.06
G,10,1,7/17/19,1.06
G,11,1,7/17/19,1.06
G,12,1,7/17/19,1.06
G,13,1,7/17/19,1.06
H,1,1,7/17/19,1.06
H,2,1,7/17/19,1.06
H,4,1,7/17/19,1.06
H,5,1,7/17/19,1.06
H,6,1,7/17/19,1.06
H,7,1,7/17/19,1.06
H,8,1,7/17/19,1.06
H,9,1,7/17/19,1.06
H,10,1,7/17/19,1.06
H,11,1,7/17/19,1.06
H,12,1,7/17/19,1.06
I,1,1,7/17/19,1.06
I,3,1,7/17/19,1.06
I,4,1,7/17/19,1.06
I,5,1,7/17/19,1.06
I,6,1,7/17/19,1.06
I,7,1,7/17/19,1.06
I,8,1,7/17/19,1.06
I,9,1,7/17/19,1.06
I,10,1,7/17/19,1.06
I,11,1,7/17/19,1.06
I,12,1,7/17/19,1.06
J,2,1,7/17/19,1.06
J,3,1,7/17/19,1.06
J,4,1,7/17/19,1.06
J,5,1,7/17/19,1.06
J,6,1,7/17/19,1.06
J,7,1,7/17/19,1.06
J,8,1,7/17/19,1.06
J,9,1,7/17/19,1.06
J,10,1,7/17/19,1.06
J,11,1,7/17/19,1.06
J,12,1,7/17/19,1.06
K,1,1,7/17/19,1.06
K,2,1,7/17/19,1.06
K,3,1,7/17/19,1.06
K,4,1,7/17/19,1.06
K,5,1,7/17/19,1.06
K,6,1,7/17/19,1.06
K,7,1,7/17/19,1.06
K,8,1,7/17/19,1.06
K,9,1,7/17/19,1.06
K,10,1,7/17/19,1.06
K,11,1,7/17/19,1.06
K,12,1,7/17/19,1.06
K,13,1,7/17/19,1.06
L,1,1,7/17/19,1.06
L,2,1,7/17/19,1.06
L,3,1,7/17/19,1.06
L,4,1,7/17/19,1.06
L,5,1,7/17/19,1.06
L,6,1,7/17/19,1.06
L,7,1,7/17/19,1.06
L,8,1,7/17/19,1.06
L,9,1,7/17/19,1.06
L,10,1,7/17/19,1.06
L,11,1,7/17/19,1.06
L,12,1,7/17/19,1.06
L,13,1,7/17/19,1.06
M,1,1,7/17/19,1.06
M,2,1,7/17/19,1.06
M,3,1,7/17/19,1.06
M,4,1,7/17/19,1.06
M,5,1,7/17/19,1.06
M,6,1,7/17/19,1.06
M,8,1,7/17/19,1.06
M,9,1,7/17/19,1.06
M,10,1,7/17/19,1.06
M,11,1,7/17/19,1.06
M,12,1,7/17/19,1.06
M,13,1,7/17/19,1.06
A,0,1,7/24/19,1.07
A,1,1,7/24/19,1.07
A,2,1,7/24/19,1.07
A,3,1,7/24/19,1.07
A,4,1,7/24/19,1.07
A,5,1,7/24/19,1.07
A,6,1,7/24/19,1.07
A,7,1,7/24/19,1.07
A,8,1,7/24/19,1.07
A,9,1,7/24/19,1.07
A,10,1,7/24/19,1.07
A,11,1,7/24/19,1.07
A,12,1,7/24/19,1.07
B,0,1,7/24/19,1.07
B,1,1,7/24/19,1.07
B,2,1,7/24/19,1.07
B,3,1,7/24/19,1.07
B,4,1,7/24/19,1.07
B,5,1,7/24/19,1.07
B,6,1,7/24/19,1.07
B,7,1,7/24/19,1.07
B,8,1,7/24/19,1.07
B,9,1,7/24/19,1.07
B,10,1,7/24/19,1.07
B,11,1,7/24/19,1.07
B,12,1,7/24/19,1.07
B,13,1,7/24/19,1.07
C,0,1,7/24/19,1.07
C,1,1,7/24/19,1.07
C,2,1,7/24/19,1.07
C,3,1,7/24/19,1.07
C,4,1,7/24/19,1.07
C,5,1,7/24/19,1.07
C,6,1,7/24/19,1.07
C,7,1,7/24/19,1.07
C,9,1,7/24/19,1.07
C,10,1,7/24/19,1.07
C,11,1,7/24/19,1.07
C,12,1,7/24/19,1.07
C,13,1,7/24/19,1.07
D,0,1,7/24/19,1.07
D,1,1,7/24/19,1.07
D,2,1,7/24/19,1.07
D,3,1,7/24/19,1.07
D,4,1,7/24/19,1.07
D,5,1,7/24/19,1.07
D,6,1,7/24/19,1.07
D,8,1,7/24/19,1.07
D,9,1,7/24/19,1.07
D,10,1,7/24/19,1.07
D,11,1,7/24/19,1.07
D,12,1,7/24/19,1.07
D,13,1,7/24/19,1.07
E,1,1,7/24/19,1.07
E,2,1,7/24/19,1.07
E,3,1,7/24/19,1.07
E,4,1,7/24/19,1.07
E,5,1,7/24/19,1.07
E,7,1,7/24/19,1.07
E,8,1,7/24/19,1.07
E,9,1,7/24/19,1.07
E,10,1,7/24/19,1.07
E,11,1,7/24/19,1.07
E,12,1,7/24/19,1.07
E,13,1,7/24/19,1.07
F,1,1,7/24/19,1.07
F,2,1,7/24/19,1.07
F,3,1,7/24/19,1.07
F,4,1,7/24/19,1.07
F,6,1,7/24/19,1.07
F,7,1,7/24/19,1.07
F,8,1,7/24/19,1.07
F,9,1,7/24/19,1.07
F,10,1,7/24/19,1.07
F,11,1,7/24/19,1.07
F,12,1,7/24/19,1.07
F,13,1,7/24/19,1.07
G,1,1,7/24/19,1.07
G,2,1,7/24/19,1.07
G,3,1,7/24/19,1.07
G,5,1,7/24/19,1.07
G,6,1,7/24/19,1.07
G,7,1,7/24/19,1.07
G,8,1,7/24/19,1.07
G,9,1,7/24/19,1.07
G,10,1,7/24/19,1.07
G,11,1,7/24/19,1.07
G,12,1,7/24/19,1.07
G,13,1,7/24/19,1.07
H,1,1,7/24/19,1.07
H,2,1,7/24/19,1.07
H,4,1,7/24/19,1.07
H,5,1,7/24/19,1.07
H,6,1,7/24/19,1.07
H,7,1,7/24/19,1.07
H,8,1,7/24/19,1.07
H,9,1,7/24/19,1.07
H,10,1,7/24/19,1.07
H,11,1,7/24/19,1.07
H,12,1,7/24/19,1.07
I,1,1,7/24/19,1.07
I,3,1,7/24/19,1.07
I,4,1,7/24/19,1.07
I,5,1,7/24/19,1.07
I,6,1,7/24/19,1.07
I,7,1,7/24/19,1.07
I,8,1,7/24/19,1.07
I,9,1,7/24/19,1.07
I,10,1,7/24/19,1.07
I,11,1,7/24/19,1.07
I,12,1,7/24/19,1.07
J,2,1,7/24/19,1.07
J,3,1,7/24/19,1.07
J,4,1,7/24/19,1.07
J,5,1,7/24/19,1.07
J,6,1,7/24/19,1.07
J,7,1,7/24/19,1.07
J,8,1,7/24/19,1.07
J,9,1,7/24/19,1.07
J,10,1,7/24/19,1.07
J,11,1,7/24/19,1.07
J,12,1,7/24/19,1.07
K,1,1,7/24/19,1.07
K,2,1,7/24/19,1.07
K,3,1,7/24/19,1.07
K,4,1,7/24/19,1.07
K,5,1,7/24/19,1.07
K,6,1,7/24/19,1.07
K,7,1,7/24/19,1.07
K,8,1,7/24/19,1.07
K,9,1,7/24/19,1.07
K,10,1,7/24/19,1.07
K,11,1,7/24/19,1.07
K,12,1,7/24/19,1.07
K,13,1,7/24/19,1.07
L,1,1,7/24/19,1.07
L,2,1,7/24/19,1.07
L,3,1,7/24/19,1.07
L,4,1,7/24/19,1.07
L,5,1,7/24/19,1.07
L,6,1,7/24/19,1.07
L,7,1,7/24/19,1.07
L,8,1,7/24/19,1.07
L,9,1,7/24/19,1.07
L,10,1,7/24/19,1.07
L,11,1,7/24/19,1.07
L,12,1,7/24/19,1.07
L,13,1,7/24/19,1.07
M,1,1,7/24/19,1.07
M,2,1,7/24/19,1.07
M,3,1,7/24/19,1.07
M,4,1,7/24/19,1.07
M,5,1,7/24/19,1.07
M,6,1,7/24/19,1.07
M,8,1,7/24/19,1.07
M,9,1,7/24/19,1.07
M,10,1,7/24/19,1.07
M,11,1,7/24/19,1.07
M,12,1,7/24/19,1.07
M,13,1,7/24/19,1.07
A,0,1,7/31/19,1.08
A,1,1,7/31/19,1.08
A,2,1,7/31/19,1.08
A,3,1,7/31/19,1.08
A,4,1,7/31/19,1.08
A,5,1,7/31/19,1.08
A,6,1,7/31/19,1.08
A,7,1,7/31/19,1.08
A,8,1,7/31/19,1.08
A,9,1,7/31/19,1.08
A,10,1,7/31/19,1.08
A,11,1,7/31/19,1.08
A,12,1,7/31/19,1.08
B,0,1,7/31/19,1.08
B,1,1,7/31/19,1.08
B,2,1,7/31/19,1.08
B,3,1,7/31/19,1.08
B,4,1,7/31/19,1.08
B,5,1,7/31/19,1.08
B,6,1,7/31/19,1.08
B,7,1,7/31/19,1.08
B,8,1,7/31/19,1.08
B,9,1,7/31/19,1.08
B,10,1,7/31/19,1.08
B,11,1,7/31/19,1.08
B,12,1,7/31/19,1.08
B,13,1,7/31/19,1.08
C,0,1,7/31/19,1.08
C,1,1,7/31/19,1.08
C,2,1,7/31/19,1.08
C,3,1,7/31/19,1.08
C,4,1,7/31/19,1.08
C,5,1,7/31/19,1.08
C,6,1,7/31/19,1.08
C,7,1,7/31/19,1.08
C,9,1,7/31/19,1.08
C,10,1,7/31/19,1.08
C,11,1,7/31/19,1.08
C,12,1,7/31/19,1.08
C,13,1,7/31/19,1.08
D,0,1,7/31/19,1.08
D,1,1,7/31/19,1.08
D,2,1,7/31/19,1.08
D,3,1,7/31/19,1.08
D,4,1,7/31/19,1.08
D,5,1,7/31/19,1.08
D,6,1,7/31/19,1.08
D,8,1,7/31/19,1.08
D,9,1,7/31/19,1.08
D,10,1,7/31/19,1.08
D,11,1,7/31/19,1.08
D,12,1,7/31/19,1.08
D,13,1,7/31/19,1.08
E,1,1,7/31/19,1.08
E,2,1,7/31/19,1.08
E,3,1,7/31/19,1.08
E,4,1,7/31/19,1.08
E,5,1,7/31/19,1.08
E,7,1,7/31/19,1.08
E,8,1,7/31/19,1.08
E,9,1,7/31/19,1.08
E,10,1,7/31/19,1.08
E,11,1,7/31/19,1.08
E,12,1,7/31/19,1.08
E,13,1,7/31/19,1.08
F,1,1,7/31/19,1.08
F,2,1,7/31/19,1.08
F,3,1,7/31/19,1.08
F,4,1,7/31/19,1.08
F,6,1,7/31/19,1.08
F,7,1,7/31/19,1.08
F,8,1,7/31/19,1.08
F,9,1,7/31/19,1.08
F,10,1,7/31/19,1.08
F,11,1,7/31/19,1.08
F,12,1,7/31/19,1.08
F,13,1,7/31/19,1.08
G,1,1,7/31/19,1.08
G,2,1,7/31/19,1.08
G,3,1,7/31/19,1.08
G,5,1,7/31/19,1.08
G,6,1,7/31/19,1.08
G,7,1,7/31/19,1.08
G,8,1,7/31/19,1.08
G,9,1,7/31/19,1.08
G,10,1,7/31/19,1.08
G,11,1,7/31/19,1.08
G,12,1,7/31/19,1.08
G,13,1,7/31/19,1.08
H,1,1,7/31/19,1.08
H,2,1,7/31/19,1.08
H,4,1,7/31/19,1.08
H,5,1,7/31/19,1.08
H,6,1,7/31/19,1.08
H,7,1,7/31/19,1.08
H,8,1,7/31/19,1.08
H,9,1,7/31/19,1.08
H,10,1,7/31/19,1.08
H,11,1,7/31/19,1.08
H,12,1,7/31/19,1.08
I,1,1,7/31/19,1.08
I,3,1,7/31/19,1.08
I,4,1,7/31/19,1.08
I,5,1,7/31/19,1.08
I,6,1,7/31/19,1.08
I,7,1,7/31/19,1.08
I,8,1,7/31/19,1.08
I,9,1,7/31/19,1.08
I,10,1,7/31/19,1.08
I,11,1,7/31/19,1.08
I,12,1,7/31/19,1.08
J,2,1,7/31/19,1.08
J,3,1,7/31/19,1.08
J,4,1,7/31/19,1.08
J,5,1,7/31/19,1.08
J,6,1,7/31/19,1.08
J,7,1,7/31/19,1.08
J,8,1,7/31/19,1.08
J,9,1,7/31/19,1.08
J,10,1,7/31/19,1.08
J,11,1,7/31/19,1.08
J,12,1,7/31/19,1.08
K,1,1,7/31/19,1.08
K,2,1,7/31/19,1.08
K,3,1,7/31/19,1.08
K,4,1,7/31/19,1.08
K,5,1,7/31/19,1.08
K,6,1,7/31/19,1.08
K,7,1,7/31/19,1.08
K,8,1,7/31/19,1.08
K,9,1,7/31/19,1.08
K,10,1,7/31/19,1.08
K,11,1,7/31/19,1.08
K,12,1,7/31/19,1.08
K,13,1,7/31/19,1.08
L,1,1,7/31/19,1.08
L,2,1,7/31/19,1.08
L,3,1,7/31/19,1.08
L,4,1,7/31/19,1.08
L,5,1,7/31/19,1.08
L,6,1,7/31/19,1.08
L,7,1,7/31/19,1.08
L,8,1,7/31/19,1.08
L,9,1,7/31/19,1.08
L,10,1,7/31/19,1.08
L,11,1,7/31/19,1.08
L,12,1,7/31/19,1.08
L,13,1,7/31/19,1.08
M,1,1,7/31/19,1.08
M,2,1,7/31/19,1.08
M,3,1,7/31/19,1.08
M,4,1,7/31/19,1.08
M,5,1,7/31/19,1.08
M,6,1,7/31/19,1.08
M,8,1,7/31/19,1.08
M,9,1,7/31/19,1.08
M,10,1,7/31/19,1.08
M,11,1,7/31/19,1.08
M,12,1,7/31/19,1.08
M,13,1,7/31/19,1.08
A,0,1,8/7/19,1.09
A,1,1,8/7/19,1.09
A,2,1,8/7/19,1.09
A,3,1,8/7/19,1.09
A,4,1,8/7/19,1.09
A,5,1,8/7/19,1.09
A,6,1,8/7/19,1.09
A,7,1,8/7/19,1.09
A,8,1,8/7/19,1.09
A,9,1,8/7/19,1.09
A,10,1,8/7/19,1.09
A,11,1,8/7/19,1.09
A,12,1,8/7/19,1.09
B,0,1,8/7/19,1.09
B,1,1,8/7/19,1.09
B,2,1,8/7/19,1.09
B,3,1,8/7/19,1.09
B,4,1,8/7/19,1.09
B,5,1,8/7/19,1.09
B,6,1,8/7/19,1.09
B,7,1,8/7/19,1.09
B,8,1,8/7/19,1.09
B,9,1,8/7/19,1.09
B,10,1,8/7/19,1.09
B,11,1,8/7/19,1.09
B,12,1,8/7/19,1.09
B,13,1,8/7/19,1.09
C,0,1,8/7/19,1.09
C,1,1,8/7/19,1.09
C,2,1,8/7/19,1.09
C,3,1,8/7/19,1.09
C,4,1,8/7/19,1.09
C,5,1,8/7/19,1.09
C,6,1,8/7/19,1.09
C,7,1,8/7/19,1.09
C,9,1,8/7/19,1.09
C,10,1,8/7/19,1.09
C,11,1,8/7/19,1.09
C,12,1,8/7/19,1.09
C,13,1,8/7/19,1.09
D,0,1,8/7/19,1.09
D,1,1,8/7/19,1.09
D,2,1,8/7/19,1.09
D,3,1,8/7/19,1.09
D,4,1,8/7/19,1.09
D,5,1,8/7/19,1.09
D,6,1,8/7/19,1.09
D,8,1,8/7/19,1.09
D,9,1,8/7/19,1.09
D,10,1,8/7/19,1.09
D,11,1,8/7/19,1.09
D,12,1,8/7/19,1.09
D,13,1,8/7/19,1.09
E,1,1,8/7/19,1.09
E,2,1,8/7/19,1.09
E,3,1,8/7/19,1.09
E,4,1,8/7/19,1.09
E,5,1,8/7/19,1.09
E,7,1,8/7/19,1.09
E,8,1,8/7/19,1.09
E,9,1,8/7/19,1.09
E,10,1,8/7/19,1.09
E,11,1,8/7/19,1.09
E,12,1,8/7/19,1.09
E,13,1,8/7/19,1.09
F,1,1,8/7/19,1.09
F,2,1,8/7/19,1.09
F,3,1,8/7/19,1.09
F,4,1,8/7/19,1.09
F,6,1,8/7/19,1.09
F,7,1,8/7/19,1.09
F,8,1,8/7/19,1.09
F,9,1,8/7/19,1.09
F,10,1,8/7/19,1.09
F,11,1,8/7/19,1.09
F,12,1,8/7/19,1.09
F,13,1,8/7/19,1.09
G,1,1,8/7/19,1.09
G,2,1,8/7/19,1.09
G,3,1,8/7/19,1.09
G,5,1,8/7/19,1.09
G,6,1,8/7/19,1.09
G,7,1,8/7/19,1.09
G,8,1,8/7/19,1.09
G,9,1,8/7/19,1.09
G,10,1,8/7/19,1.09
G,11,1,8/7/19,1.09
G,12,1,8/7/19,1.09
G,13,1,8/7/19,1.09
H,1,1,8/7/19,1.09
H,2,1,8/7/19,1.09
H,4,1,8/7/19,1.09
H,5,1,8/7/19,1.09
H,6,1,8/7/19,1.09
H,7,1,8/7/19,1.09
H,8,1,8/7/19,1.09
H,9,1,8/7/19,1.09
H,10,1,8/7/19,1.09
H,11,1,8/7/19,1.09
H,12,1,8/7/19,1.09
I,1,1,8/7/19,1.09
I,3,1,8/7/19,1.09
I,4,1,8/7/19,1.09
I,5,1,8/7/19,1.09
I,6,1,8/7/19,1.09
I,7,1,8/7/19,1.09
I,8,1,8/7/19,1.09
I,9,1,8/7/19,1.09
I,10,1,8/7/19,1.09
I,11,1,8/7/19,1.09
I,12,1,8/7/19,1.09
J,2,1,8/7/19,1.09
J,3,1,8/7/19,1.09
J,4,1,8/7/19,1.09
J,5,1,8/7/19,1.09
J,6,1,8/7/19,1.09
J,7,1,8/7/19,1.09
J,8,1,8/7/19,1.09
J,9,1,8/7/19,1.09
J,10,1,8/7/19,1.09
J,11,1,8/7/19,1.09
J,12,1,8/7/19,1.09
K,1,1,8/7/19,1.09
K,2,1,8/7/19,1.09
K,3,1,8/7/19,1.09
K,4,1,8/7/19,1.09
K,5,1,8/7/19,1.09
K,6,1,8/7/19,1.09
K,7,1,8/7/19,1.09
K,8,1,8/7/19,1.09
K,9,1,8/7/19,1.09
K,10,1,8/7/19,1.09
K,11,1,8/7/19,1.09
K,12,1,8/7/19,1.09
K,13,1,8/7/19,1.09
L,1,1,8/7/19,1.09
L,2,1,8/7/19,1.09
L,3,1,8/7/19,1.09
L,4,1,8/7/19,1.09
L,5,1,8/7/19,1.09
L,6,1,8/7/19,1.09
L,7,1,8/7/19,1.09
L,8,1,8/7/19,1.09
L,9,1,8/7/19,1.09
L,10,1,8/7/19,1.09
L,11,1,8/7/19,1.09
L,12,1,8/7/19,1.09
L,13,1,8/7/19,1.09
M,1,1,8/7/19,1.09
M,2,1,8/7/19,1.09
M,3,1,8/7/19,1.09
M,4,1,8/7/19,1.09
M,5,1,8/7/19,1.09
M,6,1,8/7/19,1.09
M,8,1,8/7/19,1.09
M,9,1,8/7/19,1.09
M,10,1,8/7/19,1.09
M,11,1,8/7/19,1.09
M,12,1,8/7/19,1.09
M,13,1,8/7/19,1.09
A,0,1,8/15/19,1.1
A,1,1,8/15/19,1.1
A,2,1,8/15/19,1.1
A,3,1,8/15/19,1.1
A,4,1,8/15/19,1.1
A,5,1,8/15/19,1.1
A,6,1,8/15/19,1.1
A,7,1,8/15/19,1.1
A,8,1,8/15/19,1.1
A,9,1,8/15/19,1.1
A,10,1,8/15/19,1.1
A,11,1,8/15/19,1.1
A,12,1,8/15/19,1.1
B,0,1,8/15/19,1.1
B,1,1,8/15/19,1.1
B,2,1,8/15/19,1.1
B,3,1,8/15/19,1.1
B,4,1,8/15/19,1.1
B,5,1,8/15/19,1.1
B,6,1,8/15/19,1.1
B,7,1,8/15/19,1.1
B,8,1,8/15/19,1.1
B,9,1,8/15/19,1.1
B,10,1,8/15/19,1.1
B,11,1,8/15/19,1.1
B,12,1,8/15/19,1.1
B,13,1,8/15/19,1.1
C,0,1,8/15/19,1.1
C,1,1,8/15/19,1.1
C,2,1,8/15/19,1.1
C,3,1,8/15/19,1.1
C,4,1,8/15/19,1.1
C,5,1,8/15/19,1.1
C,6,1,8/15/19,1.1
C,7,1,8/15/19,1.1
C,9,1,8/15/19,1.1
C,10,1,8/15/19,1.1
C,11,1,8/15/19,1.1
C,12,1,8/15/19,1.1
C,13,1,8/15/19,1.1
D,0,1,8/15/19,1.1
D,1,1,8/15/19,1.1
D,2,1,8/15/19,1.1
D,3,1,8/15/19,1.1
D,4,1,8/15/19,1.1
D,5,1,8/15/19,1.1
D,6,1,8/15/19,1.1
D,8,1,8/15/19,1.1
D,9,1,8/15/19,1.1
D,10,1,8/15/19,1.1
D,11,1,8/15/19,1.1
D,12,1,8/15/19,1.1
D,13,1,8/15/19,1.1
E,1,1,8/15/19,1.1
E,2,1,8/15/19,1.1
E,3,1,8/15/19,1.1
E,4,1,8/15/19,1.1
E,5,1,8/15/19,1.1
E,7,1,8/15/19,1.1
E,8,1,8/15/19,1.1
E,9,1,8/15/19,1.1
E,10,1,8/15/19,1.1
E,11,1,8/15/19,1.1
E,12,1,8/15/19,1.1
E,13,1,8/15/19,1.1
F,1,1,8/15/19,1.1
F,2,1,8/15/19,1.1
F,3,1,8/15/19,1.1
F,4,1,8/15/19,1.1
F,6,1,8/15/19,1.1
F,7,1,8/15/19,1.1
F,8,1,8/15/19,1.1
F,9,1,8/15/19,1.1
F,10,1,8/15/19,1.1
F,11,1,8/15/19,1.1
F,12,1,8/15/19,1.1
F,13,1,8/15/19,1.1
G,1,1,8/15/19,1.1
G,2,1,8/15/19,1.1
G,3,1,8/15/19,1.1
G,5,1,8/15/19,1.1
G,6,1,8/15/19,1.1
G,7,1,8/15/19,1.1
G,8,1,8/15/19,1.1
G,9,1,8/15/19,1.1
G,10,1,8/15/19,1.1
G,11,1,8/15/19,1.1
G,12,1,8/15/19,1.1
G,13,1,8/15/19,1.1
H,1,1,8/15/19,1.1
H,2,1,8/15/19,1.1
H,4,1,8/15/19,1.1
H,5,1,8/15/19,1.1
H,6,1,8/15/19,1.1
H,7,1,8/15/19,1.1
H,8,1,8/15/19,1.1
H,9,1,8/15/19,1.1
H,10,1,8/15/19,1.1
H,11,1,8/15/19,1.1
H,12,1,8/15/19,1.1
I,1,1,8/15/19,1.1
I,3,1,8/15/19,1.1
I,4,1,8/15/19,1.1
I,5,1,8/15/19,1.1
I,6,1,8/15/19,1.1
I,7,1,8/15/19,1.1
I,8,1,8/15/19,1.1
I,9,1,8/15/19,1.1
I,10,1,8/15/19,1.1
I,11,1,8/15/19,1.1
I,12,1,8/15/19,1.1
J,2,1,8/15/19,1.1
J,3,1,8/15/19,1.1
J,4,1,8/15/19,1.1
J,5,1,8/15/19,1.1
J,6,1,8/15/19,1.1
J,7,1,8/15/19,1.1
J,8,1,8/15/19,1.1
J,9,1,8/15/19,1.1
J,10,1,8/15/19,1.1
J,11,1,8/15/19,1.1
J,12,1,8/15/19,1.1
K,1,1,8/15/19,1.1
K,2,1,8/15/19,1.1
K,3,1,8/15/19,1.1
K,4,1,8/15/19,1.1
K,5,1,8/15/19,1.1
K,6,1,8/15/19,1.1
K,7,1,8/15/19,1.1
K,8,1,8/15/19,1.1
K,9,1,8/15/19,1.1
K,10,1,8/15/19,1.1
K,11,1,8/15/19,1.1
K,12,1,8/15/19,1.1
K,13,1,8/15/19,1.1
L,1,1,8/15/19,1.1
L,2,1,8/15/19,1.1
L,3,1,8/15/19,1.1
L,4,1,8/15/19,1.1
L,5,1,8/15/19,1.1
L,6,1,8/15/19,1.1
L,7,1,8/15/19,1.1
L,8,1,8/15/19,1.1
L,9,1,8/15/19,1.1
L,10,1,8/15/19,1.1
L,11,1,8/15/19,1.1
L,12,1,8/15/19,1.1
L,13,1,8/15/19,1.1
M,1,1,8/15/19,1.1
M,2,1,8/15/19,1.1
M,3,1,8/15/19,1.1
M,4,1,8/15/19,1.1
M,5,1,8/15/19,1.1
M,6,1,8/15/19,1.1
M,8,1,8/15/19,1.1
M,9,1,8/15/19,1.1
M,10,1,8/15/19,1.1
M,11,1,8/15/19,1.1
M,12,1,8/15/19,1.1
M,13,1,8/15/19,1.1
A,0,1,8/20/19,1.11
A,1,1,8/20/19,1.11
A,2,1,8/20/19,1.11
A,3,1,8/20/19,1.11
A,4,1,8/20/19,1.11
A,5,1,8/20/19,1.11
A,6,1,8/20/19,1.11
A,7,1,8/20/19,1.11
A,8,1,8/20/19,1.11
A,9,1,8/20/19,1.11
A,10,1,8/20/19,1.11
A,11,1,8/20/19,1.11
A,12,1,8/20/19,1.11
B,0,1,8/20/19,1.11
B,1,1,8/20/19,1.11
B,2,1,8/20/19,1.11
B,3,1,8/20/19,1.11
B,4,1,8/20/19,1.11
B,5,1,8/20/19,1.11
B,6,1,8/20/19,1.11
B,7,1,8/20/19,1.11
B,8,1,8/20/19,1.11
B,9,1,8/20/19,1.11
B,10,1,8/20/19,1.11
B,11,1,8/20/19,1.11
B,12,1,8/20/19,1.11
B,13,1,8/20/19,1.11
C,0,1,8/20/19,1.11
C,1,1,8/20/19,1.11
C,2,1,8/20/19,1.11
C,3,1,8/20/19,1.11
C,4,1,8/20/19,1.11
C,5,1,8/20/19,1.11
C,6,1,8/20/19,1.11
C,7,1,8/20/19,1.11
C,9,1,8/20/19,1.11
C,10,1,8/20/19,1.11
C,11,1,8/20/19,1.11
C,12,1,8/20/19,1.11
C,13,1,8/20/19,1.11
D,0,1,8/20/19,1.11
D,1,1,8/20/19,1.11
D,2,1,8/20/19,1.11
D,3,1,8/20/19,1.11
D,4,1,8/20/19,1.11
D,5,1,8/20/19,1.11
D,6,1,8/20/19,1.11
D,8,1,8/20/19,1.11
D,9,1,8/20/19,1.11
D,10,1,8/20/19,1.11
D,11,1,8/20/19,1.11
D,12,1,8/20/19,1.11
D,13,1,8/20/19,1.11
E,1,1,8/20/19,1.11
E,2,1,8/20/19,1.11
E,3,1,8/20/19,1.11
E,4,1,8/20/19,1.11
E,5,1,8/20/19,1.11
E,7,1,8/20/19,1.11
E,8,1,8/20/19,1.11
E,9,1,8/20/19,1.11
E,10,1,8/20/19,1.11
E,11,1,8/20/19,1.11
E,12,1,8/20/19,1.11
E,13,1,8/20/19,1.11
F,1,1,8/20/19,1.11
F,2,1,8/20/19,1.11
F,3,1,8/20/19,1.11
F,4,1,8/20/19,1.11
F,6,1,8/20/19,1.11
F,7,1,8/20/19,1.11
F,8,1,8/20/19,1.11
F,9,1,8/20/19,1.11
F,10,1,8/20/19,1.11
F,11,1,8/20/19,1.11
F,12,1,8/20/19,1.11
F,13,1,8/20/19,1.11
G,1,1,8/20/19,1.11
G,2,1,8/20/19,1.11
G,3,1,8/20/19,1.11
G,5,1,8/20/19,1.11
G,6,1,8/20/19,1.11
G,7,1,8/20/19,1.11
G,8,1,8/20/19,1.11
G,9,1,8/20/19,1.11
G,10,1,8/20/19,1.11
G,11,1,8/20/19,1.11
G,12,1,8/20/19,1.11
G,13,1,8/20/19,1.11
H,1,1,8/20/19,1.11
H,2,1,8/20/19,1.11
H,4,1,8/20/19,1.11
H,5,1,8/20/19,1.11
H,6,1,8/20/19,1.11
H,7,1,8/20/19,1.11
H,8,1,8/20/19,1.11
H,9,1,8/20/19,1.11
H,10,1,8/20/19,1.11
H,11,1,8/20/19,1.11
H,12,1,8/20/19,1.11
I,1,1,8/20/19,1.11
I,3,1,8/20/19,1.11
I,4,1,8/20/19,1.11
I,5,1,8/20/19,1.11
I,6,1,8/20/19,1.11
I,7,1,8/20/19,1.11
I,8,1,8/20/19,1.11
I,9,1,8/20/19,1.11
I,10,1,8/20/19,1.11
I,11,1,8/20/19,1.11
I,12,1,8/20/19,1.11
J,2,1,8/20/19,1.11
J,3,1,8/20/19,1.11
J,4,1,8/20/19,1.11
J,5,1,8/20/19,1.11
J,6,1,8/20/19,1.11
J,7,1,8/20/19,1.11
J,8,1,8/20/19,1.11
J,9,1,8/20/19,1.11
J,10,1,8/20/19,1.11
J,11,1,8/20/19,1.11
J,12,1,8/20/19,1.11
K,1,1,8/20/19,1.11
K,2,1,8/20/19,1.11
K,3,1,8/20/19,1.11
K,4,1,8/20/19,1.11
K,5,1,8/20/19,1.11
K,6,1,8/20/19,1.11
K,7,1,8/20/19,1.11
K,8,1,8/20/19,1.11
K,9,1,8/20/19,1.11
K,10,1,8/20/19,1.11
K,11,1,8/20/19,1.11
K,12,1,8/20/19,1.11
K,13,1,8/20/19,1.11
L,1,1,8/20/19,1.11
L,2,1,8/20/19,1.11
L,3,1,8/20/19,1.11
L,4,1,8/20/19,1.11
L,5,1,8/20/19,1.11
L,6,1,8/20/19,1.11
L,7,1,8/20/19,1.11
L,8,1,8/20/19,1.11
L,9,1,8/20/19,1.11
L,10,1,8/20/19,1.11
L,11,1,8/20/19,1.11
L,12,1,8/20/19,1.11
L,13,1,8/20/19,1.11
M,1,1,8/20/19,1.11
M,2,1,8/20/19,1.11
M,3,1,8/20/19,1.11
M,4,1,8/20/19,1.11
M,5,1,8/20/19,1.11
M,6,1,8/20/19,1.11
M,8,1,8/20/19,1.11
M,9,1,8/20/19,1.11
M,10,1,8/20/19,1.11
M,11,1,8/20/19,1.11
M,12,1,8/20/19,1.11
M,13,1,8/20/19,1.11
A,0,1,8/28/19,1.12
A,1,1,8/28/19,1.12
A,2,1,8/28/19,1.12
A,3,1,8/28/19,1.12
A,4,1,8/28/19,1.12
A,5,1,8/28/19,1.12
A,6,1,8/28/19,1.12
A,7,1,8/28/19,1.12
A,8,1,8/28/19,1.12
A,9,1,8/28/19,1.12
A,10,1,8/28/19,1.12
A,11,1,8/28/19,1.12
A,12,1,8/28/19,1.12
B,0,1,8/28/19,1.12
B,1,1,8/28/19,1.12
B,2,1,8/28/19,1.12
B,3,1,8/28/19,1.12
B,4,1,8/28/19,1.12
B,5,1,8/28/19,1.12
B,6,1,8/28/19,1.12
B,7,1,8/28/19,1.12
B,8,1,8/28/19,1.12
B,9,1,8/28/19,1.12
B,10,1,8/28/19,1.12
B,11,1,8/28/19,1.12
B,12,1,8/28/19,1.12
B,13,1,8/28/19,1.12
C,0,1,8/28/19,1.12
C,1,1,8/28/19,1.12
C,2,1,8/28/19,1.12
C,3,1,8/28/19,1.12
C,4,1,8/28/19,1.12
C,5,1,8/28/19,1.12
C,6,1,8/28/19,1.12
C,7,1,8/28/19,1.12
C,9,1,8/28/19,1.12
C,10,1,8/28/19,1.12
C,11,1,8/28/19,1.12
C,12,1,8/28/19,1.12
C,13,1,8/28/19,1.12
D,0,1,8/28/19,1.12
D,1,1,8/28/19,1.12
D,2,1,8/28/19,1.12
D,3,1,8/28/19,1.12
D,4,1,8/28/19,1.12
D,5,1,8/28/19,1.12
D,6,1,8/28/19,1.12
D,8,1,8/28/19,1.12
D,9,1,8/28/19,1.12
D,10,1,8/28/19,1.12
D,11,1,8/28/19,1.12
D,12,1,8/28/19,1.12
D,13,1,8/28/19,1.12
E,1,1,8/28/19,1.12
E,2,1,8/28/19,1.12
E,3,1,8/28/19,1.12
E,4,1,8/28/19,1.12
E,5,1,8/28/19,1.12
E,7,1,8/28/19,1.12
E,8,1,8/28/19,1.12
E,9,1,8/28/19,1.12
E,10,1,8/28/19,1.12
E,11,1,8/28/19,1.12
E,12,1,8/28/19,1.12
E,13,1,8/28/19,1.12
F,1,1,8/28/19,1.12
F,2,1,8/28/19,1.12
F,3,1,8/28/19,1.12
F,4,1,8/28/19,1.12
F,6,1,8/28/19,1.12
F,7,1,8/28/19,1.12
F,8,1,8/28/19,1.12
F,9,1,8/28/19,1.12
F,10,1,8/28/19,1.12
F,11,1,8/28/19,1.12
F,12,1,8/28/19,1.12
F,13,1,8/28/19,1.12
G,1,1,8/28/19,1.12
G,2,1,8/28/19,1.12
G,3,1,8/28/19,1.12
G,5,1,8/28/19,1.12
G,6,1,8/28/19,1.12
G,7,1,8/28/19,1.12
G,8,1,8/28/19,1.12
G,9,1,8/28/19,1.12
G,10,1,8/28/19,1.12
G,11,1,8/28/19,1.12
G,12,1,8/28/19,1.12
G,13,1,8/28/19,1.12
H,1,1,8/28/19,1.12
H,2,1,8/28/19,1.12
H,4,1,8/28/19,1.12
H,5,1,8/28/19,1.12
H,6,1,8/28/19,1.12
H,7,1,8/28/19,1.12
H,8,1,8/28/19,1.12
H,9,1,8/28/19,1.12
H,10,1,8/28/19,1.12
H,11,1,8/28/19,1.12
H,12,1,8/28/19,1.12
I,1,1,8/28/19,1.12
I,3,1,8/28/19,1.12
I,4,1,8/28/19,1.12
I,5,1,8/28/19,1.12
I,6,1,8/28/19,1.12
I,7,1,8/28/19,1.12
I,8,1,8/28/19,1.12
I,9,1,8/28/19,1.12
I,10,1,8/28/19,1.12
I,11,1,8/28/19,1.12
I,12,1,8/28/19,1.12
J,2,1,8/28/19,1.12
J,3,1,8/28/19,1.12
J,4,1,8/28/19,1.12
J,5,1,8/28/19,1.12
J,6,1,8/28/19,1.12
J,7,1,8/28/19,1.12
J,8,1,8/28/19,1.12
J,9,1,8/28/19,1.12
J,10,1,8/28/19,1.12
J,11,1,8/28/19,1.12
J,12,1,8/28/19,1.12
K,1,1,8/28/19,1.12
K,2,1,8/28/19,1.12
K,3,1,8/28/19,1.12
K,4,1,8/28/19,1.12
K,5,1,8/28/19,1.12
K,6,1,8/28/19,1.12
K,7,1,8/28/19,1.12
K,8,1,8/28/19,1.12
K,9,1,8/28/19,1.12
K,10,1,8/28/19,1.12
K,11,1,8/28/19,1.12
K,12,1,8/28/19,1.12
K,13,1,8/28/19,1.12
L,1,1,8/28/19,1.12
L,2,1,8/28/19,1.12
L,3,1,8/28/19,1.12
L,4,1,8/28/19,1.12
L,5,1,8/28/19,1.12
L,6,1,8/28/19,1.12
L,7,1,8/28/19,1.12
L,8,1,8/28/19,1.12
L,9,1,8/28/19,1.12
L,10,1,8/28/19,1.12
L,11,1,8/28/19,1.12
L,12,1,8/28/19,1.12
L,13,1,8/28/19,1.12
M,1,1,8/28/19,1.12
M,2,1,8/28/19,1.12
M,3,1,8/28/19,1.12
M,4,1,8/28/19,1.12
M,5,1,8/28/19,1.12
M,6,1,8/28/19,1.12
M,8,1,8/28/19,1.12
M,9,1,8/28/19,1.12
M,10,1,8/28/19,1.12
M,11,1,8/28/19,1.12
M,12,1,8/28/19,1.12
M,13,1,8/28/19,1.12
A,0,1,9/4/19,1.13
A,1,1,9/4/19,1.13
A,2,1,9/4/19,1.13
A,3,1,9/4/19,1.13
A,4,1,9/4/19,1.13
A,5,1,9/4/19,1.13
A,6,1,9/4/19,1.13
A,7,1,9/4/19,1.13
A,8,1,9/4/19,1.13
A,9,1,9/4/19,1.13
A,10,1,9/4/19,1.13
A,11,1,9/4/19,1.13
A,12,1,9/4/19,1.13
B,0,1,9/4/19,1.13
B,1,1,9/4/19,1.13
B,2,1,9/4/19,1.13
B,3,1,9/4/19,1.13
B,4,1,9/4/19,1.13
B,5,1,9/4/19,1.13
B,6,1,9/4/19,1.13
B,7,1,9/4/19,1.13
B,8,1,9/4/19,1.13
B,9,1,9/4/19,1.13
B,10,1,9/4/19,1.13
B,11,1,9/4/19,1.13
B,12,1,9/4/19,1.13
B,13,1,9/4/19,1.13
C,0,1,9/4/19,1.13
C,1,1,9/4/19,1.13
C,2,1,9/4/19,1.13
C,3,1,9/4/19,1.13
C,4,1,9/4/19,1.13
C,5,1,9/4/19,1.13
C,6,1,9/4/19,1.13
C,7,1,9/4/19,1.13
C,9,1,9/4/19,1.13
C,10,1,9/4/19,1.13
C,11,1,9/4/19,1.13
C,12,1,9/4/19,1.13
C,13,1,9/4/19,1.13
D,0,1,9/4/19,1.13
D,1,1,9/4/19,1.13
D,2,1,9/4/19,1.13
D,3,1,9/4/19,1.13
D,4,1,9/4/19,1.13
D,5,1,9/4/19,1.13
D,6,1,9/4/19,1.13
D,8,1,9/4/19,1.13
D,9,1,9/4/19,1.13
D,10,1,9/4/19,1.13
D,11,1,9/4/19,1.13
D,12,1,9/4/19,1.13
D,13,1,9/4/19,1.13
E,1,1,9/4/19,1.13
E,2,1,9/4/19,1.13
E,3,1,9/4/19,1.13
E,4,1,9/4/19,1.13
E,5,1,9/4/19,1.13
E,7,1,9/4/19,1.13
E,8,1,9/4/19,1.13
E,9,1,9/4/19,1.13
E,10,1,9/4/19,1.13
E,11,1,9/4/19,1.13
E,12,1,9/4/19,1.13
E,13,1,9/4/19,1.13
F,1,1,9/4/19,1.13
F,2,1,9/4/19,1.13
F,3,1,9/4/19,1.13
F,4,1,9/4/19,1.13
F,6,1,9/4/19,1.13
F,7,1,9/4/19,1.13
F,8,1,9/4/19,1.13
F,9,1,9/4/19,1.13
F,10,1,9/4/19,1.13
F,11,1,9/4/19,1.13
F,12,1,9/4/19,1.13
F,13,1,9/4/19,1.13
G,1,1,9/4/19,1.13
G,2,1,9/4/19,1.13
G,3,1,9/4/19,1.13
G,5,1,9/4/19,1.13
G,6,1,9/4/19,1.13
G,7,1,9/4/19,1.13
G,8,1,9/4/19,1.13
G,9,1,9/4/19,1.13
G,10,1,9/4/19,1.13
G,11,1,9/4/19,1.13
G,12,1,9/4/19,1.13
G,13,1,9/4/19,1.13
H,1,1,9/4/19,1.13
H,2,1,9/4/19,1.13
H,4,1,9/4/19,1.13
H,5,1,9/4/19,1.13
H,6,1,9/4/19,1.13
H,7,1,9/4/19,1.13
H,8,1,9/4/19,1.13
H,9,1,9/4/19,1.13
H,10,1,9/4/19,1.13
H,11,1,9/4/19,1.13
H,12,1,9/4/19,1.13
I,1,1,9/4/19,1.13
I,3,1,9/4/19,1.13
I,4,1,9/4/19,1.13
I,5,1,9/4/19,1.13
I,6,1,9/4/19,1.13
I,7,1,9/4/19,1.13
I,8,1,9/4/19,1.13
I,9,1,9/4/19,1.13
I,10,1,9/4/19,1.13
I,11,1,9/4/19,1.13
I,12,1,9/4/19,1.13
J,2,1,9/4/19,1.13
J,3,1,9/4/19,1.13
J,4,1,9/4/19,1.13
J,5,1,9/4/19,1.13
J,6,1,9/4/19,1.13
J,7,1,9/4/19,1.13
J,8,1,9/4/19,1.13
J,9,1,9/4/19,1.13
J,10,1,9/4/19,1.13
J,11,1,9/4/19,1.13
J,12,1,9/4/19,1.13
K,1,1,9/4/19,1.13
K,2,1,9/4/19,1.13
K,3,1,9/4/19,1.13
K,4,1,9/4/19,1.13
K,5,1,9/4/19,1.13
K,6,1,9/4/19,1.13
K,7,1,9/4/19,1.13
K,8,1,9/4/19,1.13
K,9,1,9/4/19,1.13
K,10,1,9/4/19,1.13
K,11,1,9/4/19,1.13
K,12,1,9/4/19,1.13
K,13,1,9/4/19,1.13
L,1,1,9/4/19,1.13
L,2,1,9/4/19,1.13
L,3,1,9/4/19,1.13
L,4,1,9/4/19,1.13
L,5,1,9/4/19,1.13
L,6,1,9/4/19,1.13
L,7,1,9/4/19,1.13
L,8,1,9/4/19,1.13
L,9,1,9/4/19,1.13
L,10,1,9/4/19,1.13
L,11,1,9/4/19,1.13
L,12,1,9/4/19,1.13
L,13,1,9/4/19,1.13
M,1,1,9/4/19,1.13
M,2,1,9/4/19,1.13
M,3,1,9/4/19,1.13
M,4,1,9/4/19,1.13
M,5,1,9/4/19,1.13
M,6,1,9/4/19,1.13
M,8,1,9/4/19,1.13
M,9,1,9/4/19,1.13
M,10,1,9/4/19,1.13
M,11,1,9/4/19,1.13
M,12,1,9/4/19,1.13
M,13,1,9/4/19,1.13
A,0,1,9/11/19,1.14
A,1,1,9/11/19,1.14
A,2,1,9/11/19,1.14
A,3,1,9/11/19,1.14
A,4,1,9/11/19,1.14
A,5,1,9/11/19,1.14
A,6,1,9/11/19,1.14
A,7,1,9/11/19,1.14
A,8,1,9/11/19,1.14
A,9,1,9/11/19,1.14
A,10,1,9/11/19,1.14
A,11,1,9/11/19,1.14
A,12,1,9/11/19,1.14
B,0,1,9/11/19,1.14
B,1,1,9/11/19,1.14
B,2,1,9/11/19,1.14
B,3,1,9/11/19,1.14
B,4,1,9/11/19,1.14
B,5,1,9/11/19,1.14
B,6,1,9/11/19,1.14
B,7,1,9/11/19,1.14
B,8,1,9/11/19,1.14
B,9,1,9/11/19,1.14
B,10,1,9/11/19,1.14
B,11,1,9/11/19,1.14
B,12,1,9/11/19,1.14
B,13,1,9/11/19,1.14
C,0,1,9/11/19,1.14
C,1,1,9/11/19,1.14
C,2,1,9/11/19,1.14
C,3,1,9/11/19,1.14
C,4,1,9/11/19,1.14
C,5,1,9/11/19,1.14
C,6,1,9/11/19,1.14
C,7,1,9/11/19,1.14
C,9,1,9/11/19,1.14
C,10,1,9/11/19,1.14
C,11,1,9/11/19,1.14
C,12,1,9/11/19,1.14
C,13,1,9/11/19,1.14
D,0,1,9/11/19,1.14
D,1,1,9/11/19,1.14
D,2,1,9/11/19,1.14
D,3,1,9/11/19,1.14
D,4,1,9/11/19,1.14
D,5,1,9/11/19,1.14
D,6,1,9/11/19,1.14
D,8,1,9/11/19,1.14
D,9,1,9/11/19,1.14
D,10,1,9/11/19,1.14
D,11,1,9/11/19,1.14
D,12,1,9/11/19,1.14
D,13,1,9/11/19,1.14
E,1,1,9/11/19,1.14
E,2,1,9/11/19,1.14
E,3,1,9/11/19,1.14
E,4,1,9/11/19,1.14
E,5,1,9/11/19,1.14
E,7,1,9/11/19,1.14
E,8,1,9/11/19,1.14
E,9,1,9/11/19,1.14
E,10,1,9/11/19,1.14
E,11,1,9/11/19,1.14
E,12,1,9/11/19,1.14
E,13,1,9/11/19,1.14
F,1,1,9/11/19,1.14
F,2,1,9/11/19,1.14
F,3,1,9/11/19,1.14
F,4,1,9/11/19,1.14
F,6,1,9/11/19,1.14
F,7,1,9/11/19,1.14
F,8,1,9/11/19,1.14
F,9,1,9/11/19,1.14
F,10,1,9/11/19,1.14
F,11,1,9/11/19,1.14
F,12,1,9/11/19,1.14
F,13,1,9/11/19,1.14
G,1,1,9/11/19,1.14
G,2,1,9/11/19,1.14
G,3,1,9/11/19,1.14
G,5,1,9/11/19,1.14
G,6,1,9/11/19,1.14
G,7,1,9/11/19,1.14
G,8,1,9/11/19,1.14
G,9,1,9/11/19,1.14
G,10,1,9/11/19,1.14
G,11,1,9/11/19,1.14
G,12,1,9/11/19,1.14
G,13,1,9/11/19,1.14
H,1,1,9/11/19,1.14
H,2,1,9/11/19,1.14
H,4,1,9/11/19,1.14
H,5,1,9/11/19,1.14
H,6,1,9/11/19,1.14
H,7,1,9/11/19,1.14
H,8,1,9/11/19,1.14
H,9,1,9/11/19,1.14
H,10,1,9/11/19,1.14
H,11,1,9/11/19,1.14
H,12,1,9/11/19,1.14
I,1,1,9/11/19,1.14
I,3,1,9/11/19,1.14
I,4,1,9/11/19,1.14
I,5,1,9/11/19,1.14
I,6,1,9/11/19,1.14
I,7,1,9/11/19,1.14
I,8,1,9/11/19,1.14
I,9,1,9/11/19,1.14
I,10,1,9/11/19,1.14
I,11,1,9/11/19,1.14
I,12,1,9/11/19,1.14
J,2,1,9/11/19,1.14
J,3,1,9/11/19,1.14
J,4,1,9/11/19,1.14
J,5,1,9/11/19,1.14
J,6,1,9/11/19,1.14
J,7,1,9/11/19,1.14
J,8,1,9/11/19,1.14
J,9,1,9/11/19,1.14
J,10,1,9/11/19,1.14
J,11,1,9/11/19,1.14
J,12,1,9/11/19,1.14
K,1,1,9/11/19,1.14
K,2,1,9/11/19,1.14
K,3,1,9/11/19,1.14
K,4,1,9/11/19,1.14
K,5,1,9/11/19,1.14
K,6,1,9/11/19,1.14
K,7,1,9/11/19,1.14
K,8,1,9/11/19,1.14
K,9,1,9/11/19,1.14
K,10,1,9/11/19,1.14
K,11,1,9/11/19,1.14
K,12,1,9/11/19,1.14
K,13,1,9/11/19,1.14
L,1,1,9/11/19,1.14
L,2,1,9/11/19,1.14
L,3,1,9/11/19,1.14
L,4,1,9/11/19,1.14
L,5,1,9/11/19,1.14
L,6,1,9/11/19,1.14
L,7,1,9/11/19,1.14
L,8,1,9/11/19,1.14
L,9,1,9/11/19,1.14
L,10,1,9/11/19,1.14
L,11,1,9/11/19,1.14
L,12,1,9/11/19,1.14
L,13,1,9/11/19,1.14
M,1,1,9/11/19,1.14
M,2,1,9/11/19,1.14
M,3,1,9/11/19,1.14
M,4,1,9/11/19,1.14
M,5,1,9/11/19,1.14
M,6,1,9/11/19,1.14
M,8,1,9/11/19,1.14
M,9,1,9/11/19,1.14
M,10,1,9/11/19,1.14
M,11,1,9/11/19,1.14
M,12,1,9/11/19,1.14
M,13,1,9/11/19,1.14
A,0,1,9/18/19,1.15
A,1,1,9/18/19,1.15
A,2,1,9/18/19,1.15
A,3,1,9/18/19,1.15
A,4,1,9/18/19,1.15
A,5,1,9/18/19,1.15
A,6,1,9/18/19,1.15
A,7,1,9/18/19,1.15
A,8,1,9/18/19,1.15
A,9,1,9/18/19,1.15
A,10,1,9/18/19,1.15
A,11,1,9/18/19,1.15
A,12,1,9/18/19,1.15
B,0,1,9/18/19,1.15
B,1,1,9/18/19,1.15
B,2,1,9/18/19,1.15
B,3,1,9/18/19,1.15
B,4,1,9/18/19,1.15
B,5,1,9/18/19,1.15
B,6,1,9/18/19,1.15
B,7,1,9/18/19,1.15
B,8,1,9/18/19,1.15
B,9,1,9/18/19,1.15
B,10,1,9/18/19,1.15
B,11,1,9/18/19,1.15
B,12,1,9/18/19,1.15
B,13,1,9/18/19,1.15
C,0,1,9/18/19,1.15
C,1,1,9/18/19,1.15
C,2,1,9/18/19,1.15
C,3,1,9/18/19,1.15
C,4,1,9/18/19,1.15
C,5,1,9/18/19,1.15
C,6,1,9/18/19,1.15
C,7,1,9/18/19,1.15
C,9,1,9/18/19,1.15
C,10,1,9/18/19,1.15
C,11,1,9/18/19,1.15
C,12,1,9/18/19,1.15
C,13,1,9/18/19,1.15
D,0,1,9/18/19,1.15
D,1,1,9/18/19,1.15
D,2,1,9/18/19,1.15
D,3,1,9/18/19,1.15
D,4,1,9/18/19,1.15
D,5,1,9/18/19,1.15
D,6,1,9/18/19,1.15
D,8,1,9/18/19,1.15
D,9,1,9/18/19,1.15
D,10,1,9/18/19,1.15
D,11,1,9/18/19,1.15
D,12,1,9/18/19,1.15
D,13,1,9/18/19,1.15
E,1,1,9/18/19,1.15
E,2,1,9/18/19,1.15
E,3,1,9/18/19,1.15
E,4,1,9/18/19,1.15
E,5,1,9/18/19,1.15
E,7,1,9/18/19,1.15
E,8,1,9/18/19,1.15
E,9,1,9/18/19,1.15
E,10,1,9/18/19,1.15
E,11,1,9/18/19,1.15
E,12,1,9/18/19,1.15
E,13,1,9/18/19,1.15
F,1,1,9/18/19,1.15
F,2,1,9/18/19,1.15
F,3,1,9/18/19,1.15
F,4,1,9/18/19,1.15
F,6,1,9/18/19,1.15
F,7,1,9/18/19,1.15
F,8,1,9/18/19,1.15
F,9,1,9/18/19,1.15
F,10,1,9/18/19,1.15
F,11,1,9/18/19,1.15
F,12,1,9/18/19,1.15
F,13,1,9/18/19,1.15
G,1,1,9/18/19,1.15
G,2,1,9/18/19,1.15
G,3,1,9/18/19,1.15
G,5,1,9/18/19,1.15
G,6,1,9/18/19,1.15
G,7,1,9/18/19,1.15
G,8,1,9/18/19,1.15
G,9,1,9/18/19,1.15
G,10,1,9/18/19,1.15
G,11,1,9/18/19,1.15
G,12,1,9/18/19,1.15
G,13,1,9/18/19,1.15
H,1,1,9/18/19,1.15
H,2,1,9/18/19,1.15
H,4,1,9/18/19,1.15
H,5,1,9/18/19,1.15
H,6,1,9/18/19,1.15
H,7,1,9/18/19,1.15
H,8,1,9/18/19,1.15
H,9,1,9/18/19,1.15
H,10,1,9/18/19,1.15
H,11,1,9/18/19,1.15
H,12,1,9/18/19,1.15
I,1,1,9/18/19,1.15
I,3,1,9/18/19,1.15
I,4,1,9/18/19,1.15
I,5,1,9/18/19,1.15
I,6,1,9/18/19,1.15
I,7,1,9/18/19,1.15
I,8,1,9/18/19,1.15
I,9,1,9/18/19,1.15
I,10,1,9/18/19,1.15
I,11,1,9/18/19,1.15
I,12,1,9/18/19,1.15
J,2,1,9/18/19,1.15
J,3,1,9/18/19,1.15
J,4,1,9/18/19,1.15
J,5,1,9/18/19,1.15
J,6,1,9/18/19,1.15
J,7,1,9/18/19,1.15
J,8,1,9/18/19,1.15
J,9,1,9/18/19,1.15
J,10,1,9/18/19,1.15
J,11,1,9/18/19,1.15
J,12,1,9/18/19,1.15
K,1,1,9/18/19,1.15
K,2,1,9/18/19,1.15
K,3,1,9/18/19,1.15
K,4,1,9/18/19,1.15
K,5,1,9/18/19,1.15
K,6,1,9/18/19,1.15
K,7,1,9/18/19,1.15
K,8,1,9/18/19,1.15
K,9,1,9/18/19,1.15
K,10,1,9/18/19,1.15
K,11,1,9/18/19,1.15
K,12,1,9/18/19,1.15
K,13,1,9/18/19,1.15
L,1,1,9/18/19,1.15
L,2,1,9/18/19,1.15
L,3,1,9/18/19,1.15
L,4,1,9/18/19,1.15
L,5,1,9/18/19,1.15
L,6,1,9/18/19,1.15
L,7,1,9/18/19,1.15
L,8,1,9/18/19,1.15
L,9,1,9/18/19,1.15
L,10,1,9/18/19,1.15
L,11,1,9/18/19,1.15
L,12,1,9/18/19,1.15
L,13,1,9/18/19,1.15
M,1,1,9/18/19,1.15
M,2,1,9/18/19,1.15
M,3,1,9/18/19,1.15
M,4,1,9/18/19,1.15
M,5,1,9/18/19,1.15
M,6,1,9/18/19,1.15
M,8,1,9/18/19,1.15
M,9,1,9/18/19,1.15
M,10,1,9/18/19,1.15
M,11,1,9/18/19,1.15
M,12,1,9/18/19,1.15
M,13,1,9/18/19,1.15
A,0,1,9/25/19,1.16
A,1,1,9/25/19,1.16
A,2,1,9/25/19,1.16
A,3,1,9/25/19,1.16
A,4,1,9/25/19,1.16
A,5,1,9/25/19,1.16
A,6,1,9/25/19,1.16
A,7,1,9/25/19,1.16
A,8,1,9/25/19,1.16
A,9,1,9/25/19,1.16
A,10,1,9/25/19,1.16
A,11,1,9/25/19,1.16
A,12,1,9/25/19,1.16
B,0,1,9/25/19,1.16
B,1,1,9/25/19,1.16
B,2,1,9/25/19,1.16
B,3,1,9/25/19,1.16
B,4,1,9/25/19,1.16
B,5,1,9/25/19,1.16
B,6,1,9/25/19,1.16
B,7,1,9/25/19,1.16
B,8,1,9/25/19,1.16
B,9,1,9/25/19,1.16
B,10,1,9/25/19,1.16
B,11,1,9/25/19,1.16
B,12,1,9/25/19,1.16
B,13,1,9/25/19,1.16
C,0,1,9/25/19,1.16
C,1,1,9/25/19,1.16
C,2,1,9/25/19,1.16
C,3,1,9/25/19,1.16
C,4,1,9/25/19,1.16
C,5,1,9/25/19,1.16
C,6,1,9/25/19,1.16
C,7,1,9/25/19,1.16
C,9,1,9/25/19,1.16
C,10,1,9/25/19,1.16
C,11,1,9/25/19,1.16
C,12,1,9/25/19,1.16
C,13,1,9/25/19,1.16
D,0,1,9/25/19,1.16
D,1,1,9/25/19,1.16
D,2,1,9/25/19,1.16
D,3,1,9/25/19,1.16
D,4,1,9/25/19,1.16
D,5,1,9/25/19,1.16
D,6,1,9/25/19,1.16
D,8,1,9/25/19,1.16
D,9,1,9/25/19,1.16
D,10,1,9/25/19,1.16
D,11,1,9/25/19,1.16
D,12,1,9/25/19,1.16
D,13,1,9/25/19,1.16
E,1,1,9/25/19,1.16
E,2,1,9/25/19,1.16
E,3,1,9/25/19,1.16
E,4,1,9/25/19,1.16
E,5,1,9/25/19,1.16
E,7,1,9/25/19,1.16
E,8,1,9/25/19,1.16
E,9,1,9/25/19,1.16
E,10,1,9/25/19,1.16
E,11,1,9/25/19,1.16
E,12,1,9/25/19,1.16
E,13,1,9/25/19,1.16
F,1,1,9/25/19,1.16
F,2,1,9/25/19,1.16
F,3,1,9/25/19,1.16
F,4,1,9/25/19,1.16
F,6,1,9/25/19,1.16
F,7,1,9/25/19,1.16
F,8,1,9/25/19,1.16
F,9,1,9/25/19,1.16
F,10,1,9/25/19,1.16
F,11,1,9/25/19,1.16
F,12,1,9/25/19,1.16
F,13,1,9/25/19,1.16
G,1,1,9/25/19,1.16
G,2,1,9/25/19,1.16
G,3,1,9/25/19,1.16
G,5,1,9/25/19,1.16
G,6,1,9/25/19,1.16
G,7,1,9/25/19,1.16
G,8,1,9/25/19,1.16
G,9,1,9/25/19,1.16
G,10,1,9/25/19,1.16
G,11,1,9/25/19,1.16
G,12,1,9/25/19,1.16
G,13,1,9/25/19,1.16
H,1,1,9/25/19,1.16
H,2,1,9/25/19,1.16
H,4,1,9/25/19,1.16
H,5,1,9/25/19,1.16
H,6,1,9/25/19,1.16
H,7,1,9/25/19,1.16
H,8,1,9/25/19,1.16
H,9,1,9/25/19,1.16
H,10,1,9/25/19,1.16
H,11,1,9/25/19,1.16
H,12,1,9/25/19,1.16
I,1,1,9/25/19,1.16
I,3,1,9/25/19,1.16
I,4,1,9/25/19,1.16
I,5,1,9/25/19,1.16
I,6,1,9/25/19,1.16
I,7,1,9/25/19,1.16
I,8,1,9/25/19,1.16
I,9,1,9/25/19,1.16
I,10,1,9/25/19,1.16
I,11,1,9/25/19,1.16
I,12,1,9/25/19,1.16
J,2,1,9/25/19,1.16
J,3,1,9/25/19,1.16
J,4,1,9/25/19,1.16
J,5,1,9/25/19,1.16
J,6,1,9/25/19,1.16
J,7,1,9/25/19,1.16
J,8,1,9/25/19,1.16
J,9,1,9/25/19,1.16
J,10,1,9/25/19,1.16
J,11,1,9/25/19,1.16
J,12,1,9/25/19,1.16
K,1,1,9/25/19,1.16
K,2,1,9/25/19,1.16
K,3,1,9/25/19,1.16
K,4,1,9/25/19,1.16
K,5,1,9/25/19,1.16
K,6,1,9/25/19,1.16
K,7,1,9/25/19,1.16
K,8,1,9/25/19,1.16
K,9,1,9/25/19,1.16
K,10,1,9/25/19,1.16
K,11,1,9/25/19,1.16
K,12,1,9/25/19,1.16
K,13,1,9/25/19,1.16
L,1,1,9/25/19,1.16
L,2,1,9/25/19,1.16
L,3,1,9/25/19,1.16
L,4,1,9/25/19,1.16
L,5,1,9/25/19,1.16
L,6,1,9/25/19,1.16
L,7,1,9/25/19,1.16
L,8,1,9/25/19,1.16
L,9,1,9/25/19,1.16
L,10,1,9/25/19,1.16
L,11,1,9/25/19,1.16
L,12,1,9/25/19,1.16
L,13,1,9/25/19,1.16
M,1,1,9/25/19,1.16
M,2,1,9/25/19,1.16
M,3,1,9/25/19,1.16
M,4,1,9/25/19,1.16
M,5,1,9/25/19,1.16
M,6,1,9/25/19,1.16
M,8,1,9/25/19,1.16
M,9,1,9/25/19,1.16
M,10,1,9/25/19,1.16
M,11,1,9/25/19,1.16
M,12,1,9/25/19,1.16
M,13,1,9/25/19,1.16
A,0,1,10/2/19,1.17
A,1,1,10/2/19,1.17
A,2,1,10/2/19,1.17
A,3,1,10/2/19,1.17
A,4,1,10/2/19,1.17
A,5,1,10/2/19,1.17
A,6,1,10/2/19,1.17
A,7,1,10/2/19,1.17
A,8,1,10/2/19,1.17
A,9,1,10/2/19,1.17
A,10,1,10/2/19,1.17
A,11,1,10/2/19,1.17
A,12,1,10/2/19,1.17
B,0,1,10/2/19,1.17
B,1,1,10/2/19,1.17
B,2,1,10/2/19,1.17
B,3,1,10/2/19,1.17
B,4,1,10/2/19,1.17
B,5,1,10/2/19,1.17
B,6,1,10/2/19,1.17
B,7,1,10/2/19,1.17
B,8,1,10/2/19,1.17
B,9,1,10/2/19,1.17
B,10,1,10/2/19,1.17
B,11,1,10/2/19,1.17
B,12,1,10/2/19,1.17
B,13,1,10/2/19,1.17
C,0,1,10/2/19,1.17
C,1,1,10/2/19,1.17
C,2,1,10/2/19,1.17
C,3,1,10/2/19,1.17
C,4,1,10/2/19,1.17
C,5,1,10/2/19,1.17
C,6,1,10/2/19,1.17
C,7,1,10/2/19,1.17
C,9,1,10/2/19,1.17
C,10,1,10/2/19,1.17
C,11,1,10/2/19,1.17
C,12,1,10/2/19,1.17
C,13,1,10/2/19,1.17
D,0,1,10/2/19,1.17
D,1,1,10/2/19,1.17
D,2,1,10/2/19,1.17
D,3,1,10/2/19,1.17
D,4,1,10/2/19,1.17
D,5,1,10/2/19,1.17
D,6,1,10/2/19,1.17
D,8,1,10/2/19,1.17
D,9,1,10/2/19,1.17
D,10,1,10/2/19,1.17
D,11,1,10/2/19,1.17
D,12,1,10/2/19,1.17
D,13,1,10/2/19,1.17
E,1,1,10/2/19,1.17
E,2,1,10/2/19,1.17
E,3,1,10/2/19,1.17
E,4,1,10/2/19,1.17
E,5,1,10/2/19,1.17
E,7,1,10/2/19,1.17
E,8,1,10/2/19,1.17
E,9,1,10/2/19,1.17
E,10,1,10/2/19,1.17
E,11,1,10/2/19,1.17
E,12,1,10/2/19,1.17
E,13,1,10/2/19,1.17
F,1,1,10/2/19,1.17
F,2,1,10/2/19,1.17
F,3,1,10/2/19,1.17
F,4,1,10/2/19,1.17
F,6,1,10/2/19,1.17
F,7,1,10/2/19,1.17
F,8,1,10/2/19,1.17
F,9,1,10/2/19,1.17
F,10,1,10/2/19,1.17
F,11,1,10/2/19,1.17
F,12,1,10/2/19,1.17
F,13,1,10/2/19,1.17
G,1,1,10/2/19,1.17
G,2,1,10/2/19,1.17
G,3,1,10/2/19,1.17
G,5,1,10/2/19,1.17
G,6,1,10/2/19,1.17
G,7,1,10/2/19,1.17
G,8,1,10/2/19,1.17
G,9,1,10/2/19,1.17
G,10,1,10/2/19,1.17
G,11,1,10/2/19,1.17
G,12,1,10/2/19,1.17
G,13,1,10/2/19,1.17
H,1,1,10/2/19,1.17
H,2,1,10/2/19,1.17
H,4,1,10/2/19,1.17
H,5,1,10/2/19,1.17
H,6,1,10/2/19,1.17
H,7,1,10/2/19,1.17
H,8,1,10/2/19,1.17
H,9,1,10/2/19,1.17
H,10,1,10/2/19,1.17
H,11,1,10/2/19,1.17
H,12,1,10/2/19,1.17
I,1,1,10/2/19,1.17
I,3,1,10/2/19,1.17
I,4,1,10/2/19,1.17
I,5,1,10/2/19,1.17
I,6,1,10/2/19,1.17
I,7,1,10/2/19,1.17
I,8,1,10/2/19,1.17
I,9,1,10/2/19,1.17
I,10,1,10/2/19,1.17
I,11,1,10/2/19,1.17
I,12,1,10/2/19,1.17
J,2,1,10/2/19,1.17
J,3,1,10/2/19,1.17
J,4,1,10/2/19,1.17
J,5,1,10/2/19,1.17
J,6,1,10/2/19,1.17
J,7,1,10/2/19,1.17
J,8,1,10/2/19,1.17
J,9,1,10/2/19,1.17
J,10,1,10/2/19,1.17
J,11,1,10/2/19,1.17
J,12,1,10/2/19,1.17
K,1,1,10/2/19,1.17
K,2,1,10/2/19,1.17
K,3,1,10/2/19,1.17
K,4,1,10/2/19,1.17
K,5,1,10/2/19,1.17
K,6,1,10/2/19,1.17
K,7,1,10/2/19,1.17
K,8,1,10/2/19,1.17
K,9,1,10/2/19,1.17
K,10,1,10/2/19,1.17
K,11,1,10/2/19,1.17
K,12,1,10/2/19,1.17
K,13,1,10/2/19,1.17
L,1,1,10/2/19,1.17
L,2,1,10/2/19,1.17
L,3,1,10/2/19,1.17
L,4,1,10/2/19,1.17
L,5,1,10/2/19,1.17
L,6,1,10/2/19,1.17
L,7,1,10/2/19,1.17
L,8,1,10/2/19,1.17
L,9,1,10/2/19,1.17
L,10,1,10/2/19,1.17
L,11,1,10/2/19,1.17
L,12,1,10/2/19,1.17
L,13,1,10/2/19,1.17
M,1,1,10/2/19,1.17
M,2,1,10/2/19,1.17
M,3,1,10/2/19,1.17
M,4,1,10/2/19,1.17
M,5,1,10/2/19,1.17
M,6,1,10/2/19,1.17
M,8,1,10/2/19,1.17
M,9,1,10/2/19,1.17
M,10,1,10/2/19,1.17
M,11,1,10/2/19,1.17
M,12,1,10/2/19,1.17
M,13,1,10/2/19,1.17
A,0,1,10/9/19,1.18
A,1,1,10/9/19,1.18
A,2,1,10/9/19,1.18
A,3,1,10/9/19,1.18
A,4,1,10/9/19,1.18
A,5,1,10/9/19,1.18
A,6,1,10/9/19,1.18
A,7,1,10/9/19,1.18
A,8,1,10/9/19,1.18
A,9,1,10/9/19,1.18
A,10,1,10/9/19,1.18
A,11,1,10/9/19,1.18
A,12,1,10/9/19,1.18
B,0,1,10/9/19,1.18
B,1,1,10/9/19,1.18
B,2,1,10/9/19,1.18
B,3,1,10/9/19,1.18
B,4,1,10/9/19,1.18
B,5,1,10/9/19,1.18
B,6,1,10/9/19,1.18
B,7,1,10/9/19,1.18
B,8,1,10/9/19,1.18
B,9,1,10/9/19,1.18
B,10,1,10/9/19,1.18
B,11,1,10/9/19,1.18
B,12,1,10/9/19,1.18
B,13,1,10/9/19,1.18
C,0,1,10/9/19,1.18
C,1,1,10/9/19,1.18
C,2,1,10/9/19,1.18
C,3,1,10/9/19,1.18
C,4,1,10/9/19,1.18
C,5,1,10/9/19,1.18
C,6,1,10/9/19,1.18
C,7,1,10/9/19,1.18
C,9,1,10/9/19,1.18
C,10,1,10/9/19,1.18
C,11,1,10/9/19,1.18
C,12,1,10/9/19,1.18
C,13,1,10/9/19,1.18
D,0,1,10/9/19,1.18
D,1,1,10/9/19,1.18
D,2,1,10/9/19,1.18
D,3,1,10/9/19,1.18
D,4,1,10/9/19,1.18
D,5,1,10/9/19,1.18
D,6,1,10/9/19,1.18
D,8,1,10/9/19,1.18
D,9,1,10/9/19,1.18
D,10,1,10/9/19,1.18
D,11,1,10/9/19,1.18
D,12,1,10/9/19,1.18
D,13,1,10/9/19,1.18
E,1,1,10/9/19,1.18
E,2,1,10/9/19,1.18
E,3,1,10/9/19,1.18
E,4,1,10/9/19,1.18
E,5,1,10/9/19,1.18
E,7,1,10/9/19,1.18
E,8,1,10/9/19,1.18
E,9,1,10/9/19,1.18
E,10,1,10/9/19,1.18
E,11,1,10/9/19,1.18
E,12,1,10/9/19,1.18
E,13,1,10/9/19,1.18
F,1,1,10/9/19,1.18
F,2,1,10/9/19,1.18
F,3,1,10/9/19,1.18
F,4,1,10/9/19,1.18
F,6,1,10/9/19,1.18
F,7,1,10/9/19,1.18
F,8,1,10/9/19,1.18
F,9,1,10/9/19,1.18
F,10,1,10/9/19,1.18
F,11,1,10/9/19,1.18
F,12,1,10/9/19,1.18
F,13,1,10/9/19,1.18
G,1,1,10/9/19,1.18
G,2,1,10/9/19,1.18
G,3,1,10/9/19,1.18
G,5,1,10/9/19,1.18
G,6,1,10/9/19,1.18
G,7,1,10/9/19,1.18
G,8,1,10/9/19,1.18
G,9,1,10/9/19,1.18
G,10,1,10/9/19,1.18
G,11,1,10/9/19,1.18
G,12,1,10/9/19,1.18
G,13,1,10/9/19,1.18
H,1,1,10/9/19,1.18
H,2,1,10/9/19,1.18
H,4,1,10/9/19,1.18
H,5,1,10/9/19,1.18
H,6,1,10/9/19,1.18
H,7,1,10/9/19,1.18
H,8,1,10/9/19,1.18
H,9,1,10/9/19,1.18
H,10,1,10/9/19,1.18
H,11,1,10/9/19,1.18
H,12,1,10/9/19,1.18
I,1,1,10/9/19,1.18
I,3,1,10/9/19,1.18
I,4,1,10/9/19,1.18
I,5,1,10/9/19,1.18
I,6,1,10/9/19,1.18
I,7,1,10/9/19,1.18
I,8,1,10/9/19,1.18
I,9,1,10/9/19,1.18
I,10,1,10/9/19,1.18
I,11,1,10/9/19,1.18
I,12,1,10/9/19,1.18
J,2,1,10/9/19,1.18
J,3,1,10/9/19,1.18
J,4,1,10/9/19,1.18
J,5,1,10/9/19,1.18
J,6,1,10/9/19,1.18
J,7,1,10/9/19,1.18
J,8,1,10/9/19,1.18
J,9,1,10/9/19,1.18
J,10,1,10/9/19,1.18
J,11,1,10/9/19,1.18
J,12,1,10/9/19,1.18
K,1,1,10/9/19,1.18
K,2,1,10/9/19,1.18
K,3,1,10/9/19,1.18
K,4,1,10/9/19,1.18
K,5,1,10/9/19,1.18
K,6,1,10/9/19,1.18
K,7,1,10/9/19,1.18
K,8,1,10/9/19,1.18
K,9,1,10/9/19,1.18
K,10,1,10/9/19,1.18
K,11,1,10/9/19,1.18
K,12,1,10/9/19,1.18
K,13,1,10/9/19,1.18
L,1,1,10/9/19,1.18
L,2,1,10/9/19,1.18
L,3,1,10/9/19,1.18
L,4,1,10/9/19,1.18
L,5,1,10/9/19,1.18
L,6,1,10/9/19,1.18
L,7,1,10/9/19,1.18
L,8,1,10/9/19,1.18
L,9,1,10/9/19,1.18
L,10,1,10/9/19,1.18
L,11,1,10/9/19,1.18
L,12,1,10/9/19,1.18
L,13,1,10/9/19,1.18
M,1,1,10/9/19,1.18
M,2,1,10/9/19,1.18
M,3,1,10/9/19,1.18
M,4,1,10/9/19,1.18
M,5,1,10/9/19,1.18
M,6,1,10/9/19,1.18
M,8,1,10/9/19,1.18
M,9,1,10/9/19,1.18
M,10,1,10/9/19,1.18
M,11,1,10/9/19,1.18
M,12,1,10/9/19,1.18
M,13,1,10/9/19,1.18
A,0,1,10/18/19,1.19
A,1,1,10/18/19,1.19
A,2,1,10/18/19,1.19
A,3,1,10/18/19,1.19
A,4,1,10/18/19,1.19
A,5,1,10/18/19,1.19
A,6,1,10/18/19,1.19
A,7,1,10/18/19,1.19
A,8,1,10/18/19,1.19
A,9,1,10/18/19,1.19
A,10,1,10/18/19,1.19
A,11,1,10/18/19,1.19
A,12,1,10/18/19,1.19
B,0,1,10/18/19,1.19
B,1,1,10/18/19,1.19
B,2,1,10/18/19,1.19
B,3,1,10/18/19,1.19
B,4,1,10/18/19,1.19
B,5,1,10/18/19,1.19
B,6,1,10/18/19,1.19
B,7,1,10/18/19,1.19
B,8,1,10/18/19,1.19
B,9,1,10/18/19,1.19
B,10,1,10/18/19,1.19
B,11,1,10/18/19,1.19
B,12,1,10/18/19,1.19
B,13,1,10/18/19,1.19
C,0,1,10/18/19,1.19
C,1,1,10/18/19,1.19
C,2,1,10/18/19,1.19
C,3,1,10/18/19,1.19
C,4,1,10/18/19,1.19
C,5,1,10/18/19,1.19
C,6,1,10/18/19,1.19
C,7,1,10/18/19,1.19
C,9,1,10/18/19,1.19
C,10,1,10/18/19,1.19
C,11,1,10/18/19,1.19
C,12,1,10/18/19,1.19
C,13,1,10/18/19,1.19
D,0,1,10/18/19,1.19
D,1,1,10/18/19,1.19
D,2,1,10/18/19,1.19
D,3,1,10/18/19,1.19
D,4,1,10/18/19,1.19
D,5,1,10/18/19,1.19
D,6,1,10/18/19,1.19
D,8,1,10/18/19,1.19
D,9,1,10/18/19,1.19
D,10,1,10/18/19,1.19
D,11,1,10/18/19,1.19
D,12,1,10/18/19,1.19
D,13,1,10/18/19,1.19
E,1,1,10/18/19,1.19
E,2,1,10/18/19,1.19
E,3,1,10/18/19,1.19
E,4,1,10/18/19,1.19
E,5,1,10/18/19,1.19
E,7,1,10/18/19,1.19
E,8,1,10/18/19,1.19
E,9,1,10/18/19,1.19
E,10,1,10/18/19,1.19
E,11,1,10/18/19,1.19
E,12,1,10/18/19,1.19
E,13,1,10/18/19,1.19
F,1,1,10/18/19,1.19
F,2,1,10/18/19,1.19
F,3,1,10/18/19,1.19
F,4,1,10/18/19,1.19
F,6,1,10/18/19,1.19
F,7,1,10/18/19,1.19
F,8,1,10/18/19,1.19
F,9,1,10/18/19,1.19
F,10,1,10/18/19,1.19
F,11,1,10/18/19,1.19
F,12,1,10/18/19,1.19
F,13,1,10/18/19,1.19
G,1,1,10/18/19,1.19
G,2,1,10/18/19,1.19
G,3,1,10/18/19,1.19
G,5,1,10/18/19,1.19
G,6,1,10/18/19,1.19
G,7,1,10/18/19,1.19
G,8,1,10/18/19,1.19
G,9,1,10/18/19,1.19
G,10,1,10/18/19,1.19
G,11,1,10/18/19,1.19
G,12,1,10/18/19,1.19
G,13,1,10/18/19,1.19
H,1,1,10/18/19,1.19
H,2,1,10/18/19,1.19
H,4,1,10/18/19,1.19
H,5,1,10/18/19,1.19
H,6,1,10/18/19,1.19
H,7,1,10/18/19,1.19
H,8,1,10/18/19,1.19
H,9,1,10/18/19,1.19
H,10,1,10/18/19,1.19
H,11,1,10/18/19,1.19
H,12,1,10/18/19,1.19
I,1,1,10/18/19,1.19
I,3,1,10/18/19,1.19
I,4,1,10/18/19,1.19
I,5,1,10/18/19,1.19
I,6,1,10/18/19,1.19
I,7,1,10/18/19,1.19
I,8,1,10/18/19,1.19
I,9,1,10/18/19,1.19
I,10,1,10/18/19,1.19
I,11,1,10/18/19,1.19
I,12,1,10/18/19,1.19
J,2,1,10/18/19,1.19
J,3,1,10/18/19,1.19
J,4,1,10/18/19,1.19
J,5,1,10/18/19,1.19
J,6,1,10/18/19,1.19
J,7,1,10/18/19,1.19
J,8,1,10/18/19,1.19
J,9,1,10/18/19,1.19
J,10,1,10/18/19,1.19
J,11,1,10/18/19,1.19
J,12,1,10/18/19,1.19
K,1,1,10/18/19,1.19
K,2,1,10/18/19,1.19
K,3,1,10/18/19,1.19
K,4,1,10/18/19,1.19
K,5,1,10/18/19,1.19
K,6,1,10/18/19,1.19
K,7,1,10/18/19,1.19
K,8,1,10/18/19,1.19
K,9,1,10/18/19,1.19
K,10,1,10/18/19,1.19
K,11,1,10/18/19,1.19
K,12,1,10/18/19,1.19
K,13,1,10/18/19,1.19
L,1,1,10/18/19,1.19
L,2,1,10/18/19,1.19
L,3,1,10/18/19,1.19
L,4,1,10/18/19,1.19
L,5,1,10/18/19,1.19
L,6,1,10/18/19,1.19
L,7,1,10/18/19,1.19
L,8,1,10/18/19,1.19
L,9,1,10/18/19,1.19
L,10,1,10/18/19,1.19
L,11,1,10/18/19,1.19
L,12,1,10/18/19,1.19
L,13,1,10/18/19,1.19
M,1,1,10/18/19,1.19
M,2,1,10/18/19,1.19
M,3,1,10/18/19,1.19
M,4,1,10/18/19,1.19
M,5,1,10/18/19,1.19
M,6,1,10/18/19,1.19
M,8,1,10/18/19,1.19
M,9,1,10/18/19,1.19
M,10,1,10/18/19,1.19
M,11,1,10/18/19,1.19
M,12,1,10/18/19,1.19
M,13,1,10/18/19,1.19
A,0,1,10/23/19,1.2
A,1,1,10/23/19,1.2
A,2,1,10/23/19,1.2
A,3,1,10/23/19,1.2
A,4,1,10/23/19,1.2
A,5,1,10/23/19,1.2
A,6,1,10/23/19,1.2
A,7,1,10/23/19,1.2
A,8,1,10/23/19,1.2
A,9,1,10/23/19,1.2
A,10,1,10/23/19,1.2
A,11,1,10/23/19,1.2
A,12,1,10/23/19,1.2
B,0,1,10/23/19,1.2
B,1,1,10/23/19,1.2
B,2,1,10/23/19,1.2
B,3,1,10/23/19,1.2
B,4,1,10/23/19,1.2
B,5,1,10/23/19,1.2
B,6,1,10/23/19,1.2
B,7,1,10/23/19,1.2
B,8,1,10/23/19,1.2
B,9,1,10/23/19,1.2
B,10,1,10/23/19,1.2
B,11,1,10/23/19,1.2
B,12,1,10/23/19,1.2
B,13,1,10/23/19,1.2
C,0,1,10/23/19,1.2
C,1,1,10/23/19,1.2
C,2,1,10/23/19,1.2
C,3,1,10/23/19,1.2
C,4,1,10/23/19,1.2
C,5,1,10/23/19,1.2
C,6,1,10/23/19,1.2
C,7,1,10/23/19,1.2
C,9,1,10/23/19,1.2
C,10,1,10/23/19,1.2
C,11,1,10/23/19,1.2
C,12,1,10/23/19,1.2
C,13,1,10/23/19,1.2
D,0,1,10/23/19,1.2
D,1,1,10/23/19,1.2
D,2,1,10/23/19,1.2
D,3,1,10/23/19,1.2
D,4,1,10/23/19,1.2
D,5,1,10/23/19,1.2
D,6,1,10/23/19,1.2
D,8,1,10/23/19,1.2
D,9,1,10/23/19,1.2
D,10,1,10/23/19,1.2
D,11,1,10/23/19,1.2
D,12,1,10/23/19,1.2
D,13,1,10/23/19,1.2
E,1,1,10/23/19,1.2
E,2,1,10/23/19,1.2
E,3,1,10/23/19,1.2
E,4,1,10/23/19,1.2
E,5,1,10/23/19,1.2
E,7,1,10/23/19,1.2
E,8,1,10/23/19,1.2
E,9,1,10/23/19,1.2
E,10,1,10/23/19,1.2
E,11,1,10/23/19,1.2
E,12,1,10/23/19,1.2
E,13,1,10/23/19,1.2
F,1,1,10/23/19,1.2
F,2,1,10/23/19,1.2
F,3,1,10/23/19,1.2
F,4,1,10/23/19,1.2
F,6,1,10/23/19,1.2
F,7,1,10/23/19,1.2
F,8,1,10/23/19,1.2
F,9,1,10/23/19,1.2
F,10,1,10/23/19,1.2
F,11,1,10/23/19,1.2
F,12,1,10/23/19,1.2
F,13,1,10/23/19,1.2
G,1,1,10/23/19,1.2
G,2,1,10/23/19,1.2
G,3,1,10/23/19,1.2
G,5,1,10/23/19,1.2
G,6,1,10/23/19,1.2
G,7,1,10/23/19,1.2
G,8,1,10/23/19,1.2
G,9,1,10/23/19,1.2
G,10,1,10/23/19,1.2
G,11,1,10/23/19,1.2
G,12,1,10/23/19,1.2
G,13,1,10/23/19,1.2
H,1,1,10/23/19,1.2
H,2,1,10/23/19,1.2
H,4,1,10/23/19,1.2
H,5,1,10/23/19,1.2
H,6,1,10/23/19,1.2
H,7,1,10/23/19,1.2
H,8,1,10/23/19,1.2
H,9,1,10/23/19,1.2
H,10,1,10/23/19,1.2
H,11,1,10/23/19,1.2
H,12,1,10/23/19,1.2
I,1,1,10/23/19,1.2
I,3,1,10/23/19,1.2
I,4,1,10/23/19,1.2
I,5,1,10/23/19,1.2
I,6,1,10/23/19,1.2
I,7,1,10/23/19,1.2
I,8,1,10/23/19,1.2
I,9,1,10/23/19,1.2
I,10,1,10/23/19,1.2
I,11,1,10/23/19,1.2
I,12,1,10/23/19,1.2
J,2,1,10/23/19,1.2
J,3,1,10/23/19,1.2
J,4,1,10/23/19,1.2
J,5,1,10/23/19,1.2
J,6,1,10/23/19,1.2
J,7,1,10/23/19,1.2
J,8,1,10/23/19,1.2
J,9,1,10/23/19,1.2
J,10,1,10/23/19,1.2
J,11,1,10/23/19,1.2
J,12,1,10/23/19,1.2
K,1,1,10/23/19,1.2
K,2,1,10/23/19,1.2
K,3,1,10/23/19,1.2
K,4,1,10/23/19,1.2
K,5,1,10/23/19,1.2
K,6,1,10/23/19,1.2
K,7,1,10/23/19,1.2
K,8,1,10/23/19,1.2
K,9,1,10/23/19,1.2
K,10,1,10/23/19,1.2
K,11,1,10/23/19,1.2
K,12,1,10/23/19,1.2
K,13,1,10/23/19,1.2
L,1,1,10/23/19,1.2
L,2,1,10/23/19,1.2
L,3,1,10/23/19,1.2
L,4,1,10/23/19,1.2
L,5,1,10/23/19,1.2
L,6,1,10/23/19,1.2
L,7,1,10/23/19,1.2
L,8,1,10/23/19,1.2
L,9,1,10/23/19,1.2
L,10,1,10/23/19,1.2
L,11,1,10/23/19,1.2
L,12,1,10/23/19,1.2
L,13,1,10/23/19,1.2
M,1,1,10/23/19,1.2
M,2,1,10/23/19,1.2
M,3,1,10/23/19,1.2
M,4,1,10/23/19,1.2
M,5,1,10/23/19,1.2
M,6,1,10/23/19,1.2
M,8,1,10/23/19,1.2
M,9,1,10/23/19,1.2
M,10,1,10/23/19,1.2
M,11,1,10/23/19,1.2
M,12,1,10/23/19,1.2
M,13,1,10/23/19,1.2
A,0,1,11/1/19,1.21
A,1,1,11/1/19,1.21
A,2,1,11/1/19,1.21
A,3,1,11/1/19,1.21
A,4,1,11/1/19,1.21
A,5,1,11/1/19,1.21
A,6,1,11/1/19,1.21
A,7,1,11/1/19,1.21
A,8,1,11/1/19,1.21
A,9,1,11/1/19,1.21
A,10,1,11/1/19,1.21
A,11,1,11/1/19,1.21
A,12,1,11/1/19,1.21
B,0,1,11/1/19,1.21
B,1,1,11/1/19,1.21
B,2,1,11/1/19,1.21
B,3,1,11/1/19,1.21
B,4,1,11/1/19,1.21
B,5,1,11/1/19,1.21
B,6,1,11/1/19,1.21
B,7,1,11/1/19,1.21
B,8,1,11/1/19,1.21
B,9,1,11/1/19,1.21
B,10,1,11/1/19,1.21
B,11,1,11/1/19,1.21
B,12,1,11/1/19,1.21
B,13,1,11/1/19,1.21
C,0,1,11/1/19,1.21
C,1,1,11/1/19,1.21
C,2,1,11/1/19,1.21
C,3,1,11/1/19,1.21
C,4,1,11/1/19,1.21
C,5,1,11/1/19,1.21
C,6,1,11/1/19,1.21
C,7,1,11/1/19,1.21
C,9,1,11/1/19,1.21
C,10,1,11/1/19,1.21
C,11,1,11/1/19,1.21
C,12,1,11/1/19,1.21
C,13,1,11/1/19,1.21
D,0,1,11/1/19,1.21
D,1,1,11/1/19,1.21
D,2,1,11/1/19,1.21
D,3,1,11/1/19,1.21
D,4,1,11/1/19,1.21
D,5,1,11/1/19,1.21
D,6,1,11/1/19,1.21
D,8,1,11/1/19,1.21
D,9,1,11/1/19,1.21
D,10,1,11/1/19,1.21
D,11,1,11/1/19,1.21
D,12,1,11/1/19,1.21
D,13,1,11/1/19,1.21
E,1,1,11/1/19,1.21
E,2,1,11/1/19,1.21
E,3,1,11/1/19,1.21
E,4,1,11/1/19,1.21
E,5,1,11/1/19,1.21
E,7,1,11/1/19,1.21
E,8,1,11/1/19,1.21
E,9,1,11/1/19,1.21
E,10,1,11/1/19,1.21
E,11,1,11/1/19,1.21
E,12,1,11/1/19,1.21
E,13,1,11/1/19,1.21
F,1,1,11/1/19,1.21
F,2,1,11/1/19,1.21
F,3,1,11/1/19,1.21
F,4,1,11/1/19,1.21
F,6,1,11/1/19,1.21
F,7,1,11/1/19,1.21
F,8,1,11/1/19,1.21
F,9,1,11/1/19,1.21
F,10,1,11/1/19,1.21
F,11,1,11/1/19,1.21
F,12,1,11/1/19,1.21
F,13,1,11/1/19,1.21
G,1,1,11/1/19,1.21
G,2,1,11/1/19,1.21
G,3,1,11/1/19,1.21
G,5,1,11/1/19,1.21
G,6,1,11/1/19,1.21
G,7,1,11/1/19,1.21
G,8,1,11/1/19,1.21
G,9,1,11/1/19,1.21
G,10,1,11/1/19,1.21
G,11,1,11/1/19,1.21
G,12,1,11/1/19,1.21
G,13,1,11/1/19,1.21
H,1,1,11/1/19,1.21
H,2,1,11/1/19,1.21
H,4,1,11/1/19,1.21
H,5,1,11/1/19,1.21
H,6,1,11/1/19,1.21
H,7,1,11/1/19,1.21
H,8,1,11/1/19,1.21
H,9,1,11/1/19,1.21
H,10,1,11/1/19,1.21
H,11,1,11/1/19,1.21
H,12,1,11/1/19,1.21
I,1,1,11/1/19,1.21
I,3,1,11/1/19,1.21
I,4,1,11/1/19,1.21
I,5,1,11/1/19,1.21
I,6,1,11/1/19,1.21
I,7,1,11/1/19,1.21
I,8,1,11/1/19,1.21
I,9,1,11/1/19,1.21
I,10,1,11/1/19,1.21
I,11,1,11/1/19,1.21
I,12,1,11/1/19,1.21
J,2,1,11/1/19,1.21
J,3,1,11/1/19,1.21
J,4,1,11/1/19,1.21
J,5,1,11/1/19,1.21
J,6,1,11/1/19,1.21
J,7,1,11/1/19,1.21
J,8,1,11/1/19,1.21
J,9,1,11/1/19,1.21
J,10,1,11/1/19,1.21
J,11,1,11/1/19,1.21
J,12,1,11/1/19,1.21
K,1,1,11/1/19,1.21
K,2,1,11/1/19,1.21
K,3,1,11/1/19,1.21
K,4,1,11/1/19,1.21
K,5,1,11/1/19,1.21
K,6,1,11/1/19,1.21
K,7,1,11/1/19,1.21
K,8,1,11/1/19,1.21
K,9,1,11/1/19,1.21
K,10,1,11/1/19,1.21
K,11,1,11/1/19,1.21
K,12,1,11/1/19,1.21
K,13,1,11/1/19,1.21
L,1,1,11/1/19,1.21
L,2,1,11/1/19,1.21
L,3,1,11/1/19,1.21
L,4,1,11/1/19,1.21
L,5,1,11/1/19,1.21
L,6,1,11/1/19,1.21
L,7,1,11/1/19,1.21
L,8,1,11/1/19,1.21
L,9,1,11/1/19,1.21
L,10,1,11/1/19,1.21
L,11,1,11/1/19,1.21
L,12,1,11/1/19,1.21
L,13,1,11/1/19,1.21
M,1,1,11/1/19,1.21
M,2,1,11/1/19,1.21
M,3,1,11/1/19,1.21
M,4,1,11/1/19,1.21
M,5,1,11/1/19,1.21
M,6,1,11/1/19,1.21
M,8,1,11/1/19,1.21
M,9,1,11/1/19,1.21
M,10,1,11/1/19,1.21
M,11,1,11/1/19,1.21
M,12,1,11/1/19,1.21
M,13,1,11/1/19,1.21
A,0,1,11/6/19,1.22
A,1,1,11/6/19,1.22
A,2,1,11/6/19,1.22
A,3,1,11/6/19,1.22
A,4,1,11/6/19,1.22
A,5,1,11/6/19,1.22
A,6,1,11/6/19,1.22
A,7,1,11/6/19,1.22
A,8,1,11/6/19,1.22
A,9,1,11/6/19,1.22
A,10,1,11/6/19,1.22
A,11,1,11/6/19,1.22
A,12,1,11/6/19,1.22
B,0,1,11/6/19,1.22
B,1,1,11/6/19,1.22
B,2,1,11/6/19,1.22
B,3,1,11/6/19,1.22
B,4,1,11/6/19,1.22
B,5,1,11/6/19,1.22
B,6,1,11/6/19,1.22
B,7,1,11/6/19,1.22
B,8,1,11/6/19,1.22
B,9,1,11/6/19,1.22
B,10,1,11/6/19,1.22
B,11,1,11/6/19,1.22
B,12,1,11/6/19,1.22
B,13,1,11/6/19,1.22
C,0,1,11/6/19,1.22
C,1,1,11/6/19,1.22
C,2,1,11/6/19,1.22
C,3,1,11/6/19,1.22
C,4,1,11/6/19,1.22
C,5,1,11/6/19,1.22
C,6,1,11/6/19,1.22
C,7,1,11/6/19,1.22
C,9,1,11/6/19,1.22
C,10,1,11/6/19,1.22
C,11,1,11/6/19,1.22
C,12,1,11/6/19,1.22
C,13,1,11/6/19,1.22
D,0,1,11/6/19,1.22
D,1,1,11/6/19,1.22
D,2,1,11/6/19,1.22
D,3,1,11/6/19,1.22
D,4,1,11/6/19,1.22
D,5,1,11/6/19,1.22
D,6,1,11/6/19,1.22
D,8,1,11/6/19,1.22
D,9,1,11/6/19,1.22
D,10,1,11/6/19,1.22
D,11,1,11/6/19,1.22
D,12,1,11/6/19,1.22
D,13,1,11/6/19,1.22
E,1,1,11/6/19,1.22
E,2,1,11/6/19,1.22
E,3,1,11/6/19,1.22
E,4,1,11/6/19,1.22
E,5,1,11/6/19,1.22
E,7,1,11/6/19,1.22
E,8,1,11/6/19,1.22
E,9,1,11/6/19,1.22
E,10,1,11/6/19,1.22
E,11,1,11/6/19,1.22
E,12,1,11/6/19,1.22
E,13,1,11/6/19,1.22
F,1,1,11/6/19,1.22
F,2,1,11/6/19,1.22
F,3,1,11/6/19,1.22
F,4,1,11/6/19,1.22
F,6,1,11/6/19,1.22
F,7,1,11/6/19,1.22
F,8,1,11/6/19,1.22
F,9,1,11/6/19,1.22
F,10,1,11/6/19,1.22
F,11,1,11/6/19,1.22
F,12,1,11/6/19,1.22
F,13,1,11/6/19,1.22
G,1,1,11/6/19,1.22
G,2,1,11/6/19,1.22
G,3,1,11/6/19,1.22
G,5,1,11/6/19,1.22
G,6,1,11/6/19,1.22
G,7,1,11/6/19,1.22
G,8,1,11/6/19,1.22
G,9,1,11/6/19,1.22
G,10,1,11/6/19,1.22
G,11,1,11/6/19,1.22
G,12,1,11/6/19,1.22
G,13,1,11/6/19,1.22
H,1,1,11/6/19,1.22
H,2,1,11/6/19,1.22
H,4,1,11/6/19,1.22
H,5,1,11/6/19,1.22
H,6,1,11/6/19,1.22
H,7,1,11/6/19,1.22
H,8,1,11/6/19,1.22
H,9,1,11/6/19,1.22
H,10,1,11/6/19,1.22
H,11,1,11/6/19,1.22
H,12,1,11/6/19,1.22
I,1,1,11/6/19,1.22
I,3,1,11/6/19,1.22
I,4,1,11/6/19,1.22
I,5,1,11/6/19,1.22
I,6,1,11/6/19,1.22
I,7,1,11/6/19,1.22
I,8,1,11/6/19,1.22
I,9,1,11/6/19,1.22
I,10,1,11/6/19,1.22
I,11,1,11/6/19,1.22
I,12,1,11/6/19,1.22
J,2,1,11/6/19,1.22
J,3,1,11/6/19,1.22
J,4,1,11/6/19,1.22
J,5,1,11/6/19,1.22
J,6,1,11/6/19,1.22
J,7,1,11/6/19,1.22
J,8,1,11/6/19,1.22
J,9,1,11/6/19,1.22
J,10,1,11/6/19,1.22
J,11,1,11/6/19,1.22
J,12,1,11/6/19,1.22
K,1,1,11/6/19,1.22
K,2,1,11/6/19,1.22
K,3,1,11/6/19,1.22
K,4,1,11/6/19,1.22
K,5,1,11/6/19,1.22
K,6,1,11/6/19,1.22
K,7,1,11/6/19,1.22
K,8,1,11/6/19,1.22
K,9,1,11/6/19,1.22
K,10,1,11/6/19,1.22
K,11,1,11/6/19,1.22
K,12,1,11/6/19,1.22
K,13,1,11/6/19,1.22
L,1,1,11/6/19,1.22
L,2,1,11/6/19,1.22
L,3,1,11/6/19,1.22
L,4,1,11/6/19,1.22
L,5,1,11/6/19,1.22
L,6,1,11/6/19,1.22
L,7,1,11/6/19,1.22
L,8,1,11/6/19,1.22
L,9,1,11/6/19,1.22
L,10,1,11/6/19,1.22
L,11,1,11/6/19,1.22
L,12,1,11/6/19,1.22
L,13,1,11/6/19,1.22
M,1,1,11/6/19,1.22
M,2,1,11/6/19,1.22
M,3,1,11/6/19,1.22
M,4,1,11/6/19,1.22
M,5,1,11/6/19,1.22
M,6,1,11/6/19,1.22
M,8,1,11/6/19,1.22
M,9,1,11/6/19,1.22
M,10,1,11/6/19,1.22
M,11,1,11/6/19,1.22
M,12,1,11/6/19,1.22
M,13,1,11/6/19,1.22
A,0,1,11/20/19,1.23
A,1,1,11/20/19,1.23
A,2,1,11/20/19,1.23
A,3,1,11/20/19,1.23
A,4,1,11/20/19,1.23
A,5,1,11/20/19,1.23
A,6,1,11/20/19,1.23
A,7,1,11/20/19,1.23
A,8,1,11/20/19,1.23
A,9,1,11/20/19,1.23
A,10,1,11/20/19,1.23
A,11,1,11/20/19,1.23
A,12,1,11/20/19,1.23
B,0,1,11/20/19,1.23
B,1,1,11/20/19,1.23
B,2,1,11/20/19,1.23
B,3,1,11/20/19,1.23
B,4,1,11/20/19,1.23
B,5,1,11/20/19,1.23
B,6,1,11/20/19,1.23
B,7,1,11/20/19,1.23
B,8,1,11/20/19,1.23
B,9,1,11/20/19,1.23
B,10,1,11/20/19,1.23
B,11,1,11/20/19,1.23
B,12,1,11/20/19,1.23
B,13,1,11/20/19,1.23
C,0,1,11/20/19,1.23
C,1,1,11/20/19,1.23
C,2,1,11/20/19,1.23
C,3,1,11/20/19,1.23
C,4,1,11/20/19,1.23
C,5,1,11/20/19,1.23
C,6,1,11/20/19,1.23
C,7,1,11/20/19,1.23
C,9,1,11/20/19,1.23
C,10,1,11/20/19,1.23
C,11,1,11/20/19,1.23
C,12,1,11/20/19,1.23
C,13,1,11/20/19,1.23
D,0,1,11/20/19,1.23
D,1,1,11/20/19,1.23
D,2,1,11/20/19,1.23
D,3,1,11/20/19,1.23
D,4,1,11/20/19,1.23
D,5,1,11/20/19,1.23
D,6,1,11/20/19,1.23
D,8,1,11/20/19,1.23
D,9,1,11/20/19,1.23
D,10,1,11/20/19,1.23
D,11,1,11/20/19,1.23
D,12,1,11/20/19,1.23
D,13,1,11/20/19,1.23
E,1,1,11/20/19,1.23
E,2,1,11/20/19,1.23
E,3,1,11/20/19,1.23
E,4,1,11/20/19,1.23
E,5,1,11/20/19,1.23
E,7,1,11/20/19,1.23
E,8,1,11/20/19,1.23
E,9,1,11/20/19,1.23
E,10,1,11/20/19,1.23
E,11,1,11/20/19,1.23
E,12,1,11/20/19,1.23
E,13,1,11/20/19,1.23
F,1,1,11/20/19,1.23
F,2,1,11/20/19,1.23
F,3,1,11/20/19,1.23
F,4,1,11/20/19,1.23
F,6,1,11/20/19,1.23
F,7,1,11/20/19,1.23
F,8,1,11/20/19,1.23
F,9,1,11/20/19,1.23
F,10,1,11/20/19,1.23
F,11,1,11/20/19,1.23
F,12,1,11/20/19,1.23
F,13,1,11/20/19,1.23
G,1,1,11/20/19,1.23
G,2,1,11/20/19,1.23
G,3,1,11/20/19,1.23
G,5,1,11/20/19,1.23
G,6,1,11/20/19,1.23
G,7,1,11/20/19,1.23
G,8,1,11/20/19,1.23
G,9,1,11/20/19,1.23
G,10,1,11/20/19,1.23
G,11,1,11/20/19,1.23
G,12,1,11/20/19,1.23
G,13,1,11/20/19,1.23
H,1,1,11/20/19,1.23
H,2,1,11/20/19,1.23
H,4,1,11/20/19,1.23
H,5,1,11/20/19,1.23
H,6,1,11/20/19,1.23
H,7,1,11/20/19,1.23
H,8,1,11/20/19,1.23
H,9,1,11/20/19,1.23
H,10,1,11/20/19,1.23
H,11,1,11/20/19,1.23
H,12,1,11/20/19,1.23
I,1,1,11/20/19,1.23
I,3,1,11/20/19,1.23
I,4,1,11/20/19,1.23
I,5,1,11/20/19,1.23
I,6,1,11/20/19,1.23
I,7,1,11/20/19,1.23
I,8,1,11/20/19,1.23
I,9,1,11/20/19,1.23
I,10,1,11/20/19,1.23
I,11,1,11/20/19,1.23
I,12,1,11/20/19,1.23
J,2,1,11/20/19,1.23
J,3,1,11/20/19,1.23
J,4,1,11/20/19,1.23
J,5,1,11/20/19,1.23
J,6,1,11/20/19,1.23
J,7,1,11/20/19,1.23
J,8,1,11/20/19,1.23
J,9,1,11/20/19,1.23
J,10,1,11/20/19,1.23
J,11,1,11/20/19,1.23
J,12,1,11/20/19,1.23
K,1,1,11/20/19,1.23
K,2,1,11/20/19,1.23
K,3,1,11/20/19,1.23
K,4,1,11/20/19,1.23
K,5,1,11/20/19,1.23
K,6,1,11/20/19,1.23
K,7,1,11/20/19,1.23
K,8,1,11/20/19,1.23
K,9,1,11/20/19,1.23
K,10,1,11/20/19,1.23
K,11,1,11/20/19,1.23
K,12,1,11/20/19,1.23
K,13,1,11/20/19,1.23
L,1,1,11/20/19,1.23
L,2,1,11/20/19,1.23
L,3,1,11/20/19,1.23
L,4,1,11/20/19,1.23
L,5,1,11/20/19,1.23
L,6,1,11/20/19,1.23
L,7,1,11/20/19,1.23
L,8,1,11/20/19,1.23
L,9,1,11/20/19,1.23
L,10,1,11/20/19,1.23
L,11,1,11/20/19,1.23
L,12,1,11/20/19,1.23
L,13,1,11/20/19,1.23
M,1,1,11/20/19,1.23
M,2,1,11/20/19,1.23
M,3,1,11/20/19,1.23
M,4,1,11/20/19,1.23
M,5,1,11/20/19,1.23
M,6,1,11/20/19,1.23
M,8,1,11/20/19,1.23
M,9,1,11/20/19,1.23
M,10,1,11/20/19,1.23
M,11,1,11/20/19,1.23
M,12,1,11/20/19,1.23
M,13,1,11/20/19,1.23
A,0,1,12/4/19,1.24
A,1,1,12/4/19,1.24
A,2,1,12/4/19,1.24
A,3,1,12/4/19,1.24
A,4,1,12/4/19,1.24
A,5,1,12/4/19,1.24
A,6,1,12/4/19,1.24
A,7,1,12/4/19,1.24
A,8,1,12/4/19,1.24
A,9,1,12/4/19,1.24
A,10,1,12/4/19,1.24
A,11,1,12/4/19,1.24
A,12,1,12/4/19,1.24
B,0,1,12/4/19,1.24
B,1,1,12/4/19,1.24
B,2,1,12/4/19,1.24
B,3,1,12/4/19,1.24
B,4,1,12/4/19,1.24
B,5,1,12/4/19,1.24
B,6,1,12/4/19,1.24
B,7,1,12/4/19,1.24
B,8,1,12/4/19,1.24
B,9,1,12/4/19,1.24
B,10,1,12/4/19,1.24
B,11,1,12/4/19,1.24
B,12,1,12/4/19,1.24
B,13,1,12/4/19,1.24
C,0,1,12/4/19,1.24
C,1,1,12/4/19,1.24
C,2,1,12/4/19,1.24
C,3,1,12/4/19,1.24
C,4,1,12/4/19,1.24
C,5,1,12/4/19,1.24
C,6,1,12/4/19,1.24
C,7,1,12/4/19,1.24
C,9,1,12/4/19,1.24
C,10,1,12/4/19,1.24
C,11,1,12/4/19,1.24
C,12,1,12/4/19,1.24
C,13,1,12/4/19,1.24
D,0,1,12/4/19,1.24
D,1,1,12/4/19,1.24
D,2,1,12/4/19,1.24
D,3,1,12/4/19,1.24
D,4,1,12/4/19,1.24
D,5,1,12/4/19,1.24
D,6,1,12/4/19,1.24
D,8,1,12/4/19,1.24
D,9,1,12/4/19,1.24
D,10,1,12/4/19,1.24
D,11,1,12/4/19,1.24
D,12,1,12/4/19,1.24
D,13,1,12/4/19,1.24
E,1,1,12/4/19,1.24
E,2,1,12/4/19,1.24
E,3,1,12/4/19,1.24
E,4,1,12/4/19,1.24
E,5,1,12/4/19,1.24
E,7,1,12/4/19,1.24
E,8,1,12/4/19,1.24
E,9,1,12/4/19,1.24
E,10,1,12/4/19,1.24
E,11,1,12/4/19,1.24
E,12,1,12/4/19,1.24
E,13,1,12/4/19,1.24
F,1,1,12/4/19,1.24
F,2,1,12/4/19,1.24
F,3,1,12/4/19,1.24
F,4,1,12/4/19,1.24
F,6,1,12/4/19,1.24
F,7,1,12/4/19,1.24
F,8,1,12/4/19,1.24
F,9,1,12/4/19,1.24
F,10,1,12/4/19,1.24
F,11,1,12/4/19,1.24
F,12,1,12/4/19,1.24
F,13,1,12/4/19,1.24
G,1,1,12/4/19,1.24
G,2,1,12/4/19,1.24
G,3,1,12/4/19,1.24
G,5,1,12/4/19,1.24
G,6,1,12/4/19,1.24
G,7,1,12/4/19,1.24
G,8,1,12/4/19,1.24
G,9,1,12/4/19,1.24
G,10,1,12/4/19,1.24
G,11,1,12/4/19,1.24
G,12,1,12/4/19,1.24
G,13,1,12/4/19,1.24
H,1,1,12/4/19,1.24
H,2,1,12/4/19,1.24
H,4,1,12/4/19,1.24
H,5,1,12/4/19,1.24
H,6,1,12/4/19,1.24
H,7,1,12/4/19,1.24
H,8,1,12/4/19,1.24
H,9,1,12/4/19,1.24
H,10,1,12/4/19,1.24
H,11,1,12/4/19,1.24
H,12,1,12/4/19,1.24
I,1,1,12/4/19,1.24
I,3,1,12/4/19,1.24
I,4,1,12/4/19,1.24
I,5,1,12/4/19,1.24
I,6,1,12/4/19,1.24
I,7,1,12/4/19,1.24
I,8,1,12/4/19,1.24
I,9,1,12/4/19,1.24
I,10,1,12/4/19,1.24
I,11,1,12/4/19,1.24
I,12,1,12/4/19,1.24
J,2,1,12/4/19,1.24
J,3,1,12/4/19,1.24
J,4,1,12/4/19,1.24
J,5,1,12/4/19,1.24
J,6,1,12/4/19,1.24
J,7,1,12/4/19,1.24
J,8,1,12/4/19,1.24
J,9,1,12/4/19,1.24
J,10,1,12/4/19,1.24
J,11,1,12/4/19,1.24
J,12,1,12/4/19,1.24
K,1,1,12/4/19,1.24
K,2,1,12/4/19,1.24
K,3,1,12/4/19,1.24
K,4,1,12/4/19,1.24
K,5,1,12/4/19,1.24
K,6,1,12/4/19,1.24
K,7,1,12/4/19,1.24
K,8,1,12/4/19,1.24
K,9,1,12/4/19,1.24
K,10,1,12/4/19,1.24
K,11,1,12/4/19,1.24
K,12,1,12/4/19,1.24
K,13,1,12/4/19,1.24
L,1,1,12/4/19,1.24
L,2,1,12/4/19,1.24
L,3,1,12/4/19,1.24
L,4,1,12/4/19,1.24
L,5,1,12/4/19,1.24
L,6,1,12/4/19,1.24
L,7,1,12/4/19,1.24
L,8,1,12/4/19,1.24
L,9,1,12/4/19,1.24
L,10,1,12/4/19,1.24
L,11,1,12/4/19,1.24
L,12,1,12/4/19,1.24
L,13,1,12/4/19,1.24
M,1,1,12/4/19,1.24
M,2,1,12/4/19,1.24
M,3,1,12/4/19,1.24
M,4,1,12/4/19,1.24
M,5,1,12/4/19,1.24
M,6,1,12/4/19,1.24
M,8,1,12/4/19,1.24
M,9,1,12/4/19,1.24
M,10,1,12/4/19,1.24
M,11,1,12/4/19,1.24
M,12,1,12/4/19,1.24
M,13,1,12/4/19,1.24
A,0,1,12/20/19,1.25
A,1,1,12/20/19,1.25
A,2,1,12/20/19,1.25
A,3,1,12/20/19,1.25
A,4,1,12/20/19,1.25
A,5,1,12/20/19,1.25
A,6,1,12/20/19,1.25
A,7,1,12/20/19,1.25
A,8,1,12/20/19,1.25
A,9,1,12/20/19,1.25
A,10,1,12/20/19,1.25
A,11,1,12/20/19,1.25
A,12,1,12/20/19,1.25
B,0,1,12/20/19,1.25
B,1,1,12/20/19,1.25
B,2,1,12/20/19,1.25
B,3,1,12/20/19,1.25
B,4,1,12/20/19,1.25
B,5,1,12/20/19,1.25
B,6,1,12/20/19,1.25
B,7,1,12/20/19,1.25
B,8,1,12/20/19,1.25
B,9,1,12/20/19,1.25
B,10,1,12/20/19,1.25
B,11,1,12/20/19,1.25
B,12,1,12/20/19,1.25
B,13,1,12/20/19,1.25
C,0,1,12/20/19,1.25
C,1,1,12/20/19,1.25
C,2,1,12/20/19,1.25
C,3,1,12/20/19,1.25
C,4,1,12/20/19,1.25
C,5,1,12/20/19,1.25
C,6,1,12/20/19,1.25
C,7,1,12/20/19,1.25
C,9,1,12/20/19,1.25
C,10,1,12/20/19,1.25
C,11,1,12/20/19,1.25
C,12,1,12/20/19,1.25
C,13,1,12/20/19,1.25
D,0,1,12/20/19,1.25
D,1,1,12/20/19,1.25
D,2,1,12/20/19,1.25
D,3,1,12/20/19,1.25
D,4,1,12/20/19,1.25
D,5,1,12/20/19,1.25
D,6,1,12/20/19,1.25
D,8,1,12/20/19,1.25
D,9,1,12/20/19,1.25
D,10,1,12/20/19,1.25
D,11,1,12/20/19,1.25
D,12,1,12/20/19,1.25
D,13,1,12/20/19,1.25
E,1,1,12/20/19,1.25
E,2,1,12/20/19,1.25
E,3,1,12/20/19,1.25
E,4,1,12/20/19,1.25
E,5,1,12/20/19,1.25
E,7,1,12/20/19,1.25
E,8,1,12/20/19,1.25
E,9,1,12/20/19,1.25
E,10,1,12/20/19,1.25
E,11,1,12/20/19,1.25
E,12,1,12/20/19,1.25
E,13,1,12/20/19,1.25
F,1,1,12/20/19,1.25
F,2,1,12/20/19,1.25
F,3,1,12/20/19,1.25
F,4,1,12/20/19,1.25
F,6,1,12/20/19,1.25
F,7,1,12/20/19,1.25
F,8,1,12/20/19,1.25
F,9,1,12/20/19,1.25
F,10,1,12/20/19,1.25
F,11,1,12/20/19,1.25
F,12,1,12/20/19,1.25
F,13,1,12/20/19,1.25
G,1,1,12/20/19,1.25
G,2,1,12/20/19,1.25
G,3,1,12/20/19,1.25
G,5,1,12/20/19,1.25
G,6,1,12/20/19,1.25
G,7,1,12/20/19,1.25
G,8,1,12/20/19,1.25
G,9,1,12/20/19,1.25
G,10,1,12/20/19,1.25
G,11,1,12/20/19,1.25
G,12,1,12/20/19,1.25
G,13,1,12/20/19,1.25
H,1,1,12/20/19,1.25
H,2,1,12/20/19,1.25
H,4,1,12/20/19,1.25
H,5,1,12/20/19,1.25
H,6,1,12/20/19,1.25
H,7,1,12/20/19,1.25
H,8,1,12/20/19,1.25
H,9,1,12/20/19,1.25
H,10,1,12/20/19,1.25
H,11,1,12/20/19,1.25
H,12,1,12/20/19,1.25
I,1,1,12/20/19,1.25
I,3,1,12/20/19,1.25
I,4,1,12/20/19,1.25
I,5,1,12/20/19,1.25
I,6,1,12/20/19,1.25
I,7,1,12/20/19,1.25
I,8,1,12/20/19,1.25
I,9,1,12/20/19,1.25
I,10,1,12/20/19,1.25
I,11,1,12/20/19,1.25
I,12,1,12/20/19,1.25
J,2,1,12/20/19,1.25
J,3,1,12/20/19,1.25
J,4,1,12/20/19,1.25
J,5,1,12/20/19,1.25
J,6,1,12/20/19,1.25
J,7,1,12/20/19,1.25
J,8,1,12/20/19,1.25
J,9,1,12/20/19,1.25
J,10,1,12/20/19,1.25
J,11,1,12/20/19,1.25
J,12,1,12/20/19,1.25
K,1,1,12/20/19,1.25
K,2,1,12/20/19,1.25
K,3,1,12/20/19,1.25
K,4,1,12/20/19,1.25
K,5,1,12/20/19,1.25
K,6,1,12/20/19,1.25
K,7,1,12/20/19,1.25
K,8,1,12/20/19,1.25
K,9,1,12/20/19,1.25
K,10,1,12/20/19,1.25
K,11,1,12/20/19,1.25
K,12,1,12/20/19,1.25
K,13,1,12/20/19,1.25
L,1,1,12/20/19,1.25
L,2,1,12/20/19,1.25
L,3,1,12/20/19,1.25
L,4,1,12/20/19,1.25
L,5,1,12/20/19,1.25
L,6,1,12/20/19,1.25
L,7,1,12/20/19,1.25
L,8,1,12/20/19,1.25
L,9,1,12/20/19,1.25
L,10,1,12/20/19,1.25
L,11,1,12/20/19,1.25
L,12,1,12/20/19,1.25
L,13,1,12/20/19,1.25
M,1,1,12/20/19,1.25
M,2,1,12/20/19,1.25
M,3,1,12/20/19,1.25
M,4,1,12/20/19,1.25
M,5,1,12/20/19,1.25
M,6,1,12/20/19,1.25
M,8,1,12/20/19,1.25
M,9,1,12/20/19,1.25
M,10,1,12/20/19,1.25
M,11,1,12/20/19,1.25
M,12,1,12/20/19,1.25
M,13,1,12/20/19,1.25
A,0,1,2/10/20,1.26
A,1,1,2/10/20,1.26
A,2,1,2/10/20,1.26
A,3,1,2/10/20,1.26
A,4,1,2/10/20,1.26
A,5,1,2/10/20,1.26
A,6,1,2/10/20,1.26
A,7,1,2/10/20,1.26
A,8,1,2/10/20,1.26
A,9,1,2/10/20,1.26
A,10,1,2/10/20,1.26
A,11,1,2/10/20,1.26
A,12,1,2/10/20,1.26
B,0,1,2/10/20,1.26
B,1,1,2/10/20,1.26
B,2,1,2/10/20,1.26
B,3,1,2/10/20,1.26
B,4,1,2/10/20,1.26
B,5,1,2/10/20,1.26
B,6,1,2/10/20,1.26
B,7,1,2/10/20,1.26
B,8,1,2/10/20,1.26
B,9,1,2/10/20,1.26
B,10,1,2/10/20,1.26
B,11,1,2/10/20,1.26
B,12,1,2/10/20,1.26
B,13,1,2/10/20,1.26
C,0,1,2/10/20,1.26
C,1,1,2/10/20,1.26
C,2,1,2/10/20,1.26
C,3,1,2/10/20,1.26
C,4,1,2/10/20,1.26
C,5,1,2/10/20,1.26
C,6,1,2/10/20,1.26
C,7,1,2/10/20,1.26
C,9,1,2/10/20,1.26
C,10,1,2/10/20,1.26
C,11,1,2/10/20,1.26
C,12,1,2/10/20,1.26
C,13,1,2/10/20,1.26
D,0,1,2/10/20,1.26
D,1,1,2/10/20,1.26
D,2,1,2/10/20,1.26
D,3,1,2/10/20,1.26
D,4,1,2/10/20,1.26
D,5,1,2/10/20,1.26
D,6,1,2/10/20,1.26
D,8,1,2/10/20,1.26
D,9,1,2/10/20,1.26
D,10,1,2/10/20,1.26
D,11,1,2/10/20,1.26
D,12,1,2/10/20,1.26
D,13,1,2/10/20,1.26
E,1,1,2/10/20,1.26
E,2,1,2/10/20,1.26
E,3,1,2/10/20,1.26
E,4,1,2/10/20,1.26
E,5,1,2/10/20,1.26
E,7,1,2/10/20,1.26
E,8,1,2/10/20,1.26
E,9,1,2/10/20,1.26
E,10,1,2/10/20,1.26
E,11,1,2/10/20,1.26
E,12,1,2/10/20,1.26
E,13,1,2/10/20,1.26
F,1,1,2/10/20,1.26
F,2,1,2/10/20,1.26
F,3,1,2/10/20,1.26
F,4,1,2/10/20,1.26
F,6,1,2/10/20,1.26
F,7,1,2/10/20,1.26
F,8,1,2/10/20,1.26
F,9,1,2/10/20,1.26
F,10,1,2/10/20,1.26
F,11,1,2/10/20,1.26
F,12,1,2/10/20,1.26
F,13,1,2/10/20,1.26
G,1,1,2/10/20,1.26
G,2,1,2/10/20,1.26
G,3,1,2/10/20,1.26
G,5,1,2/10/20,1.26
G,6,1,2/10/20,1.26
G,7,1,2/10/20,1.26
G,8,1,2/10/20,1.26
G,9,1,2/10/20,1.26
G,10,1,2/10/20,1.26
G,11,1,2/10/20,1.26
G,12,1,2/10/20,1.26
G,13,1,2/10/20,1.26
H,1,1,2/10/20,1.26
H,2,1,2/10/20,1.26
H,4,1,2/10/20,1.26
H,5,1,2/10/20,1.26
H,6,1,2/10/20,1.26
H,7,1,2/10/20,1.26
H,8,1,2/10/20,1.26
H,9,1,2/10/20,1.26
H,10,1,2/10/20,1.26
H,11,1,2/10/20,1.26
H,12,1,2/10/20,1.26
I,1,1,2/10/20,1.26
I,3,1,2/10/20,1.26
I,4,1,2/10/20,1.26
I,5,1,2/10/20,1.26
I,6,1,2/10/20,1.26
I,7,1,2/10/20,1.26
I,8,1,2/10/20,1.26
I,9,1,2/10/20,1.26
I,10,1,2/10/20,1.26
I,11,1,2/10/20,1.26
I,12,1,2/10/20,1.26
J,2,1,2/10/20,1.26
J,3,1,2/10/20,1.26
J,4,1,2/10/20,1.26
J,5,1,2/10/20,1.26
J,6,1,2/10/20,1.26
J,7,1,2/10/20,1.26
J,8,1,2/10/20,1.26
J,9,1,2/10/20,1.26
J,10,1,2/10/20,1.26
J,11,1,2/10/20,1.26
J,12,1,2/10/20,1.26
K,1,1,2/10/20,1.26
K,2,1,2/10/20,1.26
K,3,1,2/10/20,1.26
K,4,1,2/10/20,1.26
K,5,1,2/10/20,1.26
K,6,1,2/10/20,1.26
K,7,1,2/10/20,1.26
K,8,1,2/10/20,1.26
K,9,1,2/10/20,1.26
K,10,1,2/10/20,1.26
K,11,1,2/10/20,1.26
K,12,1,2/10/20,1.26
K,13,1,2/10/20,1.26
L,1,1,2/10/20,1.26
L,2,1,2/10/20,1.26
L,3,1,2/10/20,1.26
L,4,1,2/10/20,1.26
L,5,1,2/10/20,1.26
L,6,1,2/10/20,1.26
L,7,1,2/10/20,1.26
L,8,1,2/10/20,1.26
L,9,1,2/10/20,1.26
L,10,1,2/10/20,1.26
L,11,1,2/10/20,1.26
L,12,1,2/10/20,1.26
L,13,1,2/10/20,1.26
M,1,1,2/10/20,1.26
M,2,1,2/10/20,1.26
M,3,1,2/10/20,1.26
M,4,1,2/10/20,1.26
M,5,1,2/10/20,1.26
M,6,1,2/10/20,1.26
M,8,1,2/10/20,1.26
M,9,1,2/10/20,1.26
M,10,1,2/10/20,1.26
M,11,1,2/10/20,1.26
M,12,1,2/10/20,1.26
M,13,1,2/10/20,1.26
A,0,1,3/2/20,1.27
A,1,1,3/2/20,1.27
A,2,1,3/2/20,1.27
A,3,1,3/2/20,1.27
A,4,1,3/2/20,1.27
A,5,1,3/2/20,1.27
A,6,1,3/2/20,1.27
A,7,1,3/2/20,1.27
A,8,1,3/2/20,1.27
A,9,1,3/2/20,1.27
A,10,1,3/2/20,1.27
A,11,1,3/2/20,1.27
A,12,1,3/2/20,1.27
B,0,1,3/2/20,1.27
B,1,1,3/2/20,1.27
B,2,1,3/2/20,1.27
B,3,1,3/2/20,1.27
B,4,1,3/2/20,1.27
B,5,1,3/2/20,1.27
B,6,1,3/2/20,1.27
B,7,1,3/2/20,1.27
B,8,1,3/2/20,1.27
B,9,1,3/2/20,1.27
B,10,1,3/2/20,1.27
B,11,1,3/2/20,1.27
B,12,1,3/2/20,1.27
B,13,1,3/2/20,1.27
C,0,1,3/2/20,1.27
C,1,1,3/2/20,1.27
C,2,1,3/2/20,1.27
C,3,1,3/2/20,1.27
C,4,1,3/2/20,1.27
C,5,1,3/2/20,1.27
C,6,1,3/2/20,1.27
C,7,1,3/2/20,1.27
C,9,1,3/2/20,1.27
C,10,1,3/2/20,1.27
C,11,1,3/2/20,1.27
C,12,1,3/2/20,1.27
C,13,1,3/2/20,1.27
D,0,1,3/2/20,1.27
D,1,1,3/2/20,1.27
D,2,1,3/2/20,1.27
D,3,1,3/2/20,1.27
D,4,1,3/2/20,1.27
D,5,1,3/2/20,1.27
D,6,1,3/2/20,1.27
D,8,1,3/2/20,1.27
D,9,1,3/2/20,1.27
D,10,1,3/2/20,1.27
D,11,1,3/2/20,1.27
D,12,1,3/2/20,1.27
D,13,1,3/2/20,1.27
E,1,1,3/2/20,1.27
E,2,1,3/2/20,1.27
E,3,1,3/2/20,1.27
E,4,1,3/2/20,1.27
E,5,1,3/2/20,1.27
E,7,1,3/2/20,1.27
E,8,1,3/2/20,1.27
E,9,1,3/2/20,1.27
E,10,1,3/2/20,1.27
E,11,1,3/2/20,1.27
E,12,1,3/2/20,1.27
E,13,1,3/2/20,1.27
F,1,1,3/2/20,1.27
F,2,1,3/2/20,1.27
F,3,1,3/2/20,1.27
F,4,1,3/2/20,1.27
F,6,1,3/2/20,1.27
F,7,1,3/2/20,1.27
F,8,1,3/2/20,1.27
F,9,1,3/2/20,1.27
F,10,1,3/2/20,1.27
F,11,1,3/2/20,1.27
F,12,1,3/2/20,1.27
F,13,1,3/2/20,1.27
G,1,1,3/2/20,1.27
G,2,1,3/2/20,1.27
G,3,1,3/2/20,1.27
G,5,1,3/2/20,1.27
G,6,1,3/2/20,1.27
G,7,1,3/2/20,1.27
G,8,1,3/2/20,1.27
G,9,1,3/2/20,1.27
G,10,1,3/2/20,1.27
G,11,1,3/2/20,1.27
G,12,1,3/2/20,1.27
G,13,1,3/2/20,1.27
H,1,1,3/2/20,1.27
H,2,1,3/2/20,1.27
H,4,1,3/2/20,1.27
H,5,1,3/2/20,1.27
H,6,1,3/2/20,1.27
H,7,1,3/2/20,1.27
H,8,1,3/2/20,1.27
H,9,1,3/2/20,1.27
H,10,1,3/2/20,1.27
H,11,1,3/2/20,1.27
H,12,1,3/2/20,1.27
I,1,1,3/2/20,1.27
I,3,1,3/2/20,1.27
I,4,1,3/2/20,1.27
I,5,1,3/2/20,1.27
I,6,1,3/2/20,1.27
I,7,1,3/2/20,1.27
I,8,1,3/2/20,1.27
I,9,1,3/2/20,1.27
I,10,1,3/2/20,1.27
I,11,1,3/2/20,1.27
I,12,1,3/2/20,1.27
J,2,1,3/2/20,1.27
J,3,1,3/2/20,1.27
J,4,1,3/2/20,1.27
J,5,1,3/2/20,1.27
J,6,1,3/2/20,1.27
J,7,1,3/2/20,1.27
J,8,1,3/2/20,1.27
J,9,1,3/2/20,1.27
J,10,1,3/2/20,1.27
J,11,1,3/2/20,1.27
J,12,1,3/2/20,1.27
K,1,1,3/2/20,1.27
K,2,1,3/2/20,1.27
K,3,1,3/2/20,1.27
K,4,1,3/2/20,1.27
K,5,1,3/2/20,1.27
K,6,1,3/2/20,1.27
K,7,1,3/2/20,1.27
K,8,1,3/2/20,1.27
K,9,1,3/2/20,1.27
K,10,1,3/2/20,1.27
K,11,1,3/2/20,1.27
K,12,1,3/2/20,1.27
K,13,1,3/2/20,1.27
L,1,1,3/2/20,1.27
L,2,1,3/2/20,1.27
L,3,1,3/2/20,1.27
L,4,1,3/2/20,1.27
L,5,1,3/2/20,1.27
L,6,1,3/2/20,1.27
L,7,1,3/2/20,1.27
L,8,1,3/2/20,1.27
L,9,1,3/2/20,1.27
L,10,1,3/2/20,1.27
L,11,1,3/2/20,1.27
L,12,1,3/2/20,1.27
L,13,1,3/2/20,1.27
M,1,1,3/2/20,1.27
M,2,1,3/2/20,1.27
M,3,1,3/2/20,1.27
M,4,1,3/2/20,1.27
M,5,1,3/2/20,1.27
M,6,1,3/2/20,1.27
M,8,1,3/2/20,1.27
M,9,1,3/2/20,1.27
M,10,1,3/2/20,1.27
M,11,1,3/2/20,1.27
M,12,1,3/2/20,1.27
M,13,1,3/2/20,1.27
A,0,1,4/9/20,1.28
A,1,1,4/9/20,1.28
A,2,1,4/9/20,1.28
A,3,1,4/9/20,1.28
A,4,1,4/9/20,1.28
A,5,1,4/9/20,1.28
A,6,1,4/9/20,1.28
A,7,1,4/9/20,1.28
A,8,1,4/9/20,1.28
A,9,1,4/9/20,1.28
A,10,1,4/9/20,1.28
A,11,1,4/9/20,1.28
A,12,1,4/9/20,1.28
B,0,1,4/9/20,1.28
B,1,1,4/9/20,1.28
B,2,1,4/9/20,1.28
B,3,1,4/9/20,1.28
B,4,1,4/9/20,1.28
B,5,1,4/9/20,1.28
B,6,1,4/9/20,1.28
B,7,1,4/9/20,1.28
B,8,1,4/9/20,1.28
B,9,1,4/9/20,1.28
B,10,1,4/9/20,1.28
B,11,1,4/9/20,1.28
B,12,1,4/9/20,1.28
B,13,1,4/9/20,1.28
C,0,1,4/9/20,1.28
C,1,1,4/9/20,1.28
C,2,1,4/9/20,1.28
C,3,1,4/9/20,1.28
A,0,1,5/5/20,1.29
A,1,1,5/5/20,1.29
A,2,1,5/5/20,1.29
A,3,1,5/5/20,1.29
A,4,1,5/5/20,1.29
A,5,1,5/5/20,1.29
A,6,1,5/5/20,1.29
A,7,1,5/5/20,1.29
A,8,1,5/5/20,1.29
A,9,1,5/5/20,1.29
A,10,1,5/5/20,1.29
A,11,1,5/5/20,1.29
A,12,1,5/5/20,1.29
B,0,1,5/5/20,1.29
B,1,1,5/5/20,1.29
B,2,1,5/5/20,1.29
B,3,1,5/5/20,1.29
B,4,1,5/5/20,1.29
B,5,1,5/5/20,1.29
B,6,1,5/5/20,1.29
B,7,1,5/5/20,1.29
B,8,1,5/5/20,1.29
B,9,1,5/5/20,1.29
B,10,1,5/5/20,1.29
B,11,1,5/5/20,1.29
B,12,1,5/5/20,1.29
B,13,1,5/5/20,1.29
C,0,1,5/5/20,1.29
C,1,1,5/5/20,1.29
C,2,1,5/5/20,1.29
C,3,1,5/5/20,1.29
C,4,1,5/5/20,1.29
C,5,1,5/5/20,1.29
C,6,1,5/5/20,1.29
C,7,1,5/5/20,1.29
C,9,1,5/5/20,1.29
C,10,1,5/5/20,1.29
C,11,1,5/5/20,1.29
C,12,1,5/5/20,1.29
C,13,1,5/5/20,1.29
D,0,1,5/5/20,1.29
D,1,1,5/5/20,1.29
D,2,1,5/5/20,1.29
D,3,1,5/5/20,1.29
D,4,1,5/5/20,1.29
D,5,1,5/5/20,1.29
D,6,1,5/5/20,1.29
D,8,1,5/5/20,1.29
D,9,1,5/5/20,1.29
D,10,1,5/5/20,1.29
D,11,1,5/5/20,1.29
D,12,1,5/5/20,1.29
D,13,1,5/5/20,1.29
E,1,1,5/5/20,1.29
E,2,1,5/5/20,1.29
E,3,1,5/5/20,1.29
E,4,1,5/5/20,1.29
E,5,1,5/5/20,1.29
E,7,1,5/5/20,1.29
E,8,1,5/5/20,1.29
E,9,1,5/5/20,1.29
E,10,1,5/5/20,1.29
E,11,1,5/5/20,1.29
E,12,1,5/5/20,1.29
E,13,1,5/5/20,1.29
F,1,1,5/5/20,1.29
F,2,1,5/5/20,1.29
F,3,1,5/5/20,1.29
F,4,1,5/5/20,1.29
F,6,1,5/5/20,1.29
F,7,1,5/5/20,1.29
F,8,1,5/5/20,1.29
F,9,1,5/5/20,1.29
F,10,1,5/5/20,1.29
F,11,1,5/5/20,1.29
F,12,1,5/5/20,1.29
F,13,1,5/5/20,1.29
G,1,1,5/5/20,1.29
G,2,1,5/5/20,1.29
G,3,1,5/5/20,1.29
G,5,1,5/5/20,1.29
G,6,1,5/5/20,1.29
G,7,1,5/5/20,1.29
G,8,1,5/5/20,1.29
G,9,1,5/5/20,1.29
G,10,1,5/5/20,1.29
G,11,1,5/5/20,1.29
G,12,1,5/5/20,1.29
G,13,1,5/5/20,1.29
H,1,1,5/5/20,1.29
H,2,1,5/5/20,1.29
H,4,1,5/5/20,1.29
H,5,1,5/5/20,1.29
H,6,1,5/5/20,1.29
H,7,1,5/5/20,1.29
H,8,1,5/5/20,1.29
H,9,1,5/5/20,1.29
H,10,1,5/5/20,1.29
H,11,1,5/5/20,1.29
H,12,1,5/5/20,1.29
I,1,1,5/5/20,1.29
I,3,1,5/5/20,1.29
I,4,1,5/5/20,1.29
I,5,1,5/5/20,1.29
I,6,1,5/5/20,1.29
I,7,1,5/5/20,1.29
I,8,1,5/5/20,1.29
I,9,1,5/5/20,1.29
I,10,1,5/5/20,1.29
I,11,1,5/5/20,1.29
I,12,1,5/5/20,1.29
J,2,1,5/5/20,1.29
J,3,1,5/5/20,1.29
J,4,1,5/5/20,1.29
J,5,1,5/5/20,1.29
J,6,1,5/5/20,1.29
J,7,1,5/5/20,1.29
J,8,1,5/5/20,1.29
J,9,1,5/5/20,1.29
J,10,1,5/5/20,1.29
J,11,1,5/5/20,1.29
J,12,1,5/5/20,1.29
K,1,1,5/5/20,1.29
K,2,1,5/5/20,1.29
K,3,1,5/5/20,1.29
K,4,1,5/5/20,1.29
K,5,1,5/5/20,1.29
K,6,1,5/5/20,1.29
K,7,1,5/5/20,1.29
K,8,1,5/5/20,1.29
K,9,1,5/5/20,1.29
K,10,1,5/5/20,1.29
K,11,1,5/5/20,1.29
K,12,1,5/5/20,1.29
K,13,1,5/5/20,1.29
L,1,1,5/5/20,1.29
L,2,1,5/5/20,1.29
L,3,1,5/5/20,1.29
L,4,1,5/5/20,1.29
L,5,1,5/5/20,1.29
L,6,1,5/5/20,1.29
L,7,1,5/5/20,1.29
L,8,1,5/5/20,1.29
L,9,1,5/5/20,1.29
L,10,1,5/5/20,1.29
L,11,1,5/5/20,1.29
L,12,1,5/5/20,1.29
L,13,1,5/5/20,1.29
M,1,1,5/5/20,1.29
M,2,1,5/5/20,1.29
M,3,1,5/5/20,1.29
M,4,1,5/5/20,1.29
M,5,1,5/5/20,1.29
M,6,1,5/5/20,1.29
M,8,1,5/5/20,1.29
M,9,1,5/5/20,1.29
M,10,1,5/5/20,1.29
M,11,1,5/5/20,1.29
M,12,1,5/5/20,1.29
M,13,1,5/5/20,1.29
A,0,2,5/27/20,2.01
A,1,2,5/27/20,2.01
A,2,2,5/27/20,2.01
A,3,2,5/27/20,2.01
A,4,2,5/27/20,2.01
A,5,2,5/27/20,2.01
A,6,2,5/27/20,2.01
A,7,2,5/27/20,2.01
A,8,2,5/27/20,2.01
A,9,2,5/27/20,2.01
A,10,2,5/27/20,2.01
A,11,2,5/27/20,2.01
A,12,2,5/27/20,2.01
B,0,2,5/27/20,2.01
B,1,2,5/27/20,2.01
B,2,2,5/27/20,2.01
B,3,2,5/27/20,2.01
B,4,2,5/27/20,2.01
B,5,2,5/27/20,2.01
B,6,2,5/27/20,2.01
B,7,2,5/27/20,2.01
B,8,2,5/27/20,2.01
B,9,2,5/27/20,2.01
B,10,2,5/27/20,2.01
B,11,2,5/27/20,2.01
B,12,2,5/27/20,2.01
B,13,2,5/27/20,2.01
C,0,2,5/27/20,2.01
C,1,2,5/27/20,2.01
C,2,2,5/27/20,2.01
C,3,2,5/27/20,2.01
C,4,2,5/27/20,2.01
C,5,2,5/27/20,2.01
C,6,2,5/27/20,2.01
C,7,2,5/27/20,2.01
C,9,2,5/27/20,2.01
C,10,2,5/27/20,2.01
C,11,2,5/27/20,2.01
C,12,2,5/27/20,2.01
C,13,2,5/27/20,2.01
D,0,2,5/27/20,2.01
D,1,2,5/27/20,2.01
D,2,2,5/27/20,2.01
D,3,2,5/27/20,2.01
D,4,2,5/27/20,2.01
D,5,2,5/27/20,2.01
D,6,2,5/27/20,2.01
D,8,2,5/27/20,2.01
D,9,2,5/27/20,2.01
D,10,2,5/27/20,2.01
D,11,2,5/27/20,2.01
D,12,2,5/27/20,2.01
D,13,2,5/27/20,2.01
E,1,2,5/27/20,2.01
E,2,2,5/27/20,2.01
E,3,2,5/27/20,2.01
E,4,2,5/27/20,2.01
E,5,2,5/27/20,2.01
E,7,2,5/27/20,2.01
E,8,2,5/27/20,2.01
E,9,2,5/27/20,2.01
E,10,2,5/27/20,2.01
E,11,2,5/27/20,2.01
E,12,2,5/27/20,2.01
E,13,2,5/27/20,2.01
F,1,2,5/27/20,2.01
F,2,2,5/27/20,2.01
F,3,2,5/27/20,2.01
F,4,2,5/27/20,2.01
F,6,2,5/27/20,2.01
F,7,2,5/27/20,2.01
F,8,2,5/27/20,2.01
F,9,2,5/27/20,2.01
F,10,2,5/27/20,2.01
F,11,2,5/27/20,2.01
F,12,2,5/27/20,2.01
F,13,2,5/27/20,2.01
G,1,2,5/27/20,2.01
G,2,2,5/27/20,2.01
G,3,2,5/27/20,2.01
G,5,2,5/27/20,2.01
G,6,2,5/27/20,2.01
G,7,2,5/27/20,2.01
G,8,2,5/27/20,2.01
G,9,2,5/27/20,2.01
G,10,2,5/27/20,2.01
G,11,2,5/27/20,2.01
G,12,2,5/27/20,2.01
G,13,2,5/27/20,2.01
H,1,2,5/27/20,2.01
H,2,2,5/27/20,2.01
H,4,2,5/27/20,2.01
H,5,2,5/27/20,2.01
H,6,2,5/27/20,2.01
H,7,2,5/27/20,2.01
H,8,2,5/27/20,2.01
H,9,2,5/27/20,2.01
H,10,2,5/27/20,2.01
H,11,2,5/27/20,2.01
H,12,2,5/27/20,2.01
I,1,2,5/27/20,2.01
I,3,2,5/27/20,2.01
I,4,2,5/27/20,2.01
I,5,2,5/27/20,2.01
I,6,2,5/27/20,2.01
I,7,2,5/27/20,2.01
I,8,2,5/27/20,2.01
I,9,2,5/27/20,2.01
I,10,2,5/27/20,2.01
I,11,2,5/27/20,2.01
I,12,2,5/27/20,2.01
J,2,2,5/27/20,2.01
J,3,2,5/27/20,2.01
J,4,2,5/27/20,2.01
J,5,2,5/27/20,2.01
J,6,2,5/27/20,2.01
J,7,2,5/27/20,2.01
J,8,2,5/27/20,2.01
J,9,2,5/27/20,2.01
J,10,2,5/27/20,2.01
J,11,2,5/27/20,2.01
J,12,2,5/27/20,2.01
K,1,2,5/27/20,2.01
K,2,2,5/27/20,2.01
K,3,2,5/27/20,2.01
K,4,2,5/27/20,2.01
K,5,2,5/27/20,2.01
K,6,2,5/27/20,2.01
K,7,2,5/27/20,2.01
K,8,2,5/27/20,2.01
K,9,2,5/27/20,2.01
K,10,2,5/27/20,2.01
K,11,2,5/27/20,2.01
K,12,2,5/27/20,2.01
K,13,2,5/27/20,2.01
L,1,2,5/27/20,2.01
L,2,2,5/27/20,2.01
L,3,2,5/27/20,2.01
L,4,2,5/27/20,2.01
L,5,2,5/27/20,2.01
L,6,2,5/27/20,2.01
L,7,2,5/27/20,2.01
L,8,2,5/27/20,2.01
L,9,2,5/27/20,2.01
L,10,2,5/27/20,2.01
L,11,2,5/27/20,2.01
L,12,2,5/27/20,2.01
L,13,2,5/27/20,2.01
M,1,2,5/27/20,2.01
M,2,2,5/27/20,2.01
M,3,2,5/27/20,2.01
M,4,2,5/27/20,2.01
M,5,2,5/27/20,2.01
M,6,2,5/27/20,2.01
M,8,2,5/27/20,2.01
M,9,2,5/27/20,2.01
M,10,2,5/27/20,2.01
M,11,2,5/27/20,2.01
M,12,2,5/27/20,2.01
M,13,2,5/27/20,2.01
A,0,2,6/4/20,2.02
A,1,2,6/4/20,2.02
A,2,2,6/4/20,2.02
A,3,2,6/4/20,2.02
A,4,2,6/4/20,2.02
A,5,2,6/4/20,2.02
A,6,2,6/4/20,2.02
A,7,2,6/4/20,2.02
A,8,2,6/4/20,2.02
A,9,2,6/4/20,2.02
A,10,2,6/4/20,2.02
A,11,2,6/4/20,2.02
A,12,2,6/4/20,2.02
B,0,2,6/4/20,2.02
B,1,2,6/4/20,2.02
B,2,2,6/4/20,2.02
B,3,2,6/4/20,2.02
B,4,2,6/4/20,2.02
B,5,2,6/4/20,2.02
B,6,2,6/4/20,2.02
B,7,2,6/4/20,2.02
B,8,2,6/4/20,2.02
B,9,2,6/4/20,2.02
B,10,2,6/4/20,2.02
B,11,2,6/4/20,2.02
B,12,2,6/4/20,2.02
B,13,2,6/4/20,2.02
C,0,2,6/4/20,2.02
C,1,2,6/4/20,2.02
C,2,2,6/4/20,2.02
C,3,2,6/4/20,2.02
C,4,2,6/4/20,2.02
C,5,2,6/4/20,2.02
C,6,2,6/4/20,2.02
C,7,2,6/4/20,2.02
C,9,2,6/4/20,2.02
C,10,2,6/4/20,2.02
C,11,2,6/4/20,2.02
C,12,2,6/4/20,2.02
C,13,2,6/4/20,2.02
D,0,2,6/4/20,2.02
D,1,2,6/4/20,2.02
D,2,2,6/4/20,2.02
D,3,2,6/4/20,2.02
D,4,2,6/4/20,2.02
D,5,2,6/4/20,2.02
D,6,2,6/4/20,2.02
D,8,2,6/4/20,2.02
D,9,2,6/4/20,2.02
D,10,2,6/4/20,2.02
D,11,2,6/4/20,2.02
D,12,2,6/4/20,2.02
D,13,2,6/4/20,2.02
E,1,2,6/4/20,2.02
E,2,2,6/4/20,2.02
E,3,2,6/4/20,2.02
E,4,2,6/4/20,2.02
E,5,2,6/4/20,2.02
E,7,2,6/4/20,2.02
E,8,2,6/4/20,2.02
E,9,2,6/4/20,2.02
E,10,2,6/4/20,2.02
E,11,2,6/4/20,2.02
E,12,2,6/4/20,2.02
E,13,2,6/4/20,2.02
F,1,2,6/4/20,2.02
F,2,2,6/4/20,2.02
F,3,2,6/4/20,2.02
F,4,2,6/4/20,2.02
F,6,2,6/4/20,2.02
F,7,2,6/4/20,2.02
F,8,2,6/4/20,2.02
F,9,2,6/4/20,2.02
F,10,2,6/4/20,2.02
F,11,2,6/4/20,2.02
F,12,2,6/4/20,2.02
F,13,2,6/4/20,2.02
G,1,2,6/4/20,2.02
G,2,2,6/4/20,2.02
G,3,2,6/4/20,2.02
G,5,2,6/4/20,2.02
G,6,2,6/4/20,2.02
G,7,2,6/4/20,2.02
G,8,2,6/4/20,2.02
G,9,2,6/4/20,2.02
G,10,2,6/4/20,2.02
G,11,2,6/4/20,2.02
G,12,2,6/4/20,2.02
G,13,2,6/4/20,2.02
H,1,2,6/4/20,2.02
H,2,2,6/4/20,2.02
H,4,2,6/4/20,2.02
H,5,2,6/4/20,2.02
H,6,2,6/4/20,2.02
H,7,2,6/4/20,2.02
H,8,2,6/4/20,2.02
H,9,2,6/4/20,2.02
H,10,2,6/4/20,2.02
H,11,2,6/4/20,2.02
H,12,2,6/4/20,2.02
I,1,2,6/4/20,2.02
I,3,2,6/4/20,2.02
I,4,2,6/4/20,2.02
I,5,2,6/4/20,2.02
I,6,2,6/4/20,2.02
I,7,2,6/4/20,2.02
I,8,2,6/4/20,2.02
I,9,2,6/4/20,2.02
I,10,2,6/4/20,2.02
I,11,2,6/4/20,2.02
I,12,2,6/4/20,2.02
J,2,2,6/4/20,2.02
J,3,2,6/4/20,2.02
J,4,2,6/4/20,2.02
J,5,2,6/4/20,2.02
J,6,2,6/4/20,2.02
J,7,2,6/4/20,2.02
J,8,2,6/4/20,2.02
J,9,2,6/4/20,2.02
J,10,2,6/4/20,2.02
J,11,2,6/4/20,2.02
J,12,2,6/4/20,2.02
K,1,2,6/4/20,2.02
K,2,2,6/4/20,2.02
K,3,2,6/4/20,2.02
K,4,2,6/4/20,2.02
K,5,2,6/4/20,2.02
K,6,2,6/4/20,2.02
K,7,2,6/4/20,2.02
K,8,2,6/4/20,2.02
K,9,2,6/4/20,2.02
K,10,2,6/4/20,2.02
K,11,2,6/4/20,2.02
K,12,2,6/4/20,2.02
K,13,2,6/4/20,2.02
L,1,2,6/4/20,2.02
L,2,2,6/4/20,2.02
L,3,2,6/4/20,2.02
L,4,2,6/4/20,2.02
L,5,2,6/4/20,2.02
L,6,2,6/4/20,2.02
L,7,2,6/4/20,2.02
L,8,2,6/4/20,2.02
L,9,2,6/4/20,2.02
L,10,2,6/4/20,2.02
L,11,2,6/4/20,2.02
L,12,2,6/4/20,2.02
L,13,2,6/4/20,2.02
M,1,2,6/4/20,2.02
M,2,2,6/4/20,2.02
M,3,2,6/4/20,2.02
M,4,2,6/4/20,2.02
M,5,2,6/4/20,2.02
M,6,2,6/4/20,2.02
M,8,2,6/4/20,2.02
M,9,2,6/4/20,2.02
M,10,2,6/4/20,2.02
M,11,2,6/4/20,2.02
M,12,2,6/4/20,2.02
M,13,2,6/4/20,2.02
A,0,2,7/23/20,2.03
A,1,2,7/23/20,2.03
A,2,2,7/23/20,2.03
A,3,2,7/23/20,2.03
A,4,2,7/23/20,2.03
A,5,2,7/23/20,2.03
A,7,2,7/23/20,2.03
A,8,2,7/23/20,2.03
A,9,2,7/23/20,2.03
A,10,2,7/23/20,2.03
A,11,2,7/23/20,2.03
A,12,2,7/23/20,2.03
B,0,2,7/23/20,2.03
B,1,2,7/23/20,2.03
B,2,2,7/23/20,2.03
B,3,2,7/23/20,2.03
B,4,2,7/23/20,2.03
B,5,2,7/23/20,2.03
B,6,2,7/23/20,2.03
B,7,2,7/23/20,2.03
B,8,2,7/23/20,2.03
B,9,2,7/23/20,2.03
B,10,2,7/23/20,2.03
B,11,2,7/23/20,2.03
B,12,2,7/23/20,2.03
B,13,2,7/23/20,2.03
C,1,2,7/23/20,2.03
C,2,2,7/23/20,2.03
C,3,2,7/23/20,2.03
C,5,2,7/23/20,2.03
C,6,2,7/23/20,2.03
C,7,2,7/23/20,2.03
C,9,2,7/23/20,2.03
C,10,2,7/23/20,2.03
C,12,2,7/23/20,2.03
C,13,2,7/23/20,2.03
D,0,2,7/23/20,2.03
D,1,2,7/23/20,2.03
D,2,2,7/23/20,2.03
D,3,2,7/23/20,2.03
D,4,2,7/23/20,2.03
D,5,2,7/23/20,2.03
D,6,2,7/23/20,2.03
D,8,2,7/23/20,2.03
D,9,2,7/23/20,2.03
D,10,2,7/23/20,2.03
D,11,2,7/23/20,2.03
D,13,2,7/23/20,2.03
E,1,2,7/23/20,2.03
E,2,2,7/23/20,2.03
E,3,2,7/23/20,2.03
E,7,2,7/23/20,2.03
E,8,2,7/23/20,2.03
E,9,2,7/23/20,2.03
E,10,2,7/23/20,2.03
E,11,2,7/23/20,2.03
E,12,2,7/23/20,2.03
E,13,2,7/23/20,2.03
F,1,2,7/23/20,2.03
F,2,2,7/23/20,2.03
F,3,2,7/23/20,2.03
F,4,2,7/23/20,2.03
F,6,2,7/23/20,2.03
F,7,2,7/23/20,2.03
F,8,2,7/23/20,2.03
F,9,2,7/23/20,2.03
F,10,2,7/23/20,2.03
F,11,2,7/23/20,2.03
F,12,2,7/23/20,2.03
G,1,2,7/23/20,2.03
G,2,2,7/23/20,2.03
G,3,2,7/23/20,2.03
G,5,2,7/23/20,2.03
G,6,2,7/23/20,2.03
G,7,2,7/23/20,2.03
G,8,2,7/23/20,2.03
G,9,2,7/23/20,2.03
G,10,2,7/23/20,2.03
G,11,2,7/23/20,2.03
G,12,2,7/23/20,2.03
H,1,2,7/23/20,2.03
H,2,2,7/23/20,2.03
H,5,2,7/23/20,2.03
H,6,2,7/23/20,2.03
H,7,2,7/23/20,2.03
H,8,2,7/23/20,2.03
H,9,2,7/23/20,2.03
H,10,2,7/23/20,2.03
H,11,2,7/23/20,2.03
H,12,2,7/23/20,2.03
I,1,2,7/23/20,2.03
I,3,2,7/23/20,2.03
I,4,2,7/23/20,2.03
I,5,2,7/23/20,2.03
I,7,2,7/23/20,2.03
I,9,2,7/23/20,2.03
I,10,2,7/23/20,2.03
I,11,2,7/23/20,2.03
I,12,2,7/23/20,2.03
J,2,2,7/23/20,2.03
J,3,2,7/23/20,2.03
J,4,2,7/23/20,2.03
J,5,2,7/23/20,2.03
J,6,2,7/23/20,2.03
J,7,2,7/23/20,2.03
J,8,2,7/23/20,2.03
J,9,2,7/23/20,2.03
J,10,2,7/23/20,2.03
J,11,2,7/23/20,2.03
J,12,2,7/23/20,2.03
K,1,2,7/23/20,2.03
K,2,2,7/23/20,2.03
K,3,2,7/23/20,2.03
K,4,2,7/23/20,2.03
K,5,2,7/23/20,2.03
K,6,2,7/23/20,2.03
K,7,2,7/23/20,2.03
K,8,2,7/23/20,2.03
K,10,2,7/23/20,2.03
K,11,2,7/23/20,2.03
K,12,2,7/23/20,2.03
K,13,2,7/23/20,2.03
L,1,2,7/23/20,2.03
L,2,2,7/23/20,2.03
L,3,2,7/23/20,2.03
L,4,2,7/23/20,2.03
L,6,2,7/23/20,2.03
L,7,2,7/23/20,2.03
L,8,2,7/23/20,2.03
L,9,2,7/23/20,2.03
L,10,2,7/23/20,2.03
L,11,2,7/23/20,2.03
L,12,2,7/23/20,2.03
L,13,2,7/23/20,2.03
M,1,2,7/23/20,2.03
M,2,2,7/23/20,2.03
M,4,2,7/23/20,2.03
M,5,2,7/23/20,2.03
M,6,2,7/23/20,2.03
M,8,2,7/23/20,2.03
M,9,2,7/23/20,2.03
M,11,2,7/23/20,2.03
M,12,2,7/23/20,2.03
M,13,2,7/23/20,2.03
A,0,2,8/7/20,2.04
A,1,2,8/7/20,2.04
A,2,2,8/7/20,2.04
A,3,2,8/7/20,2.04
A,4,2,8/7/20,2.04
A,5,2,8/7/20,2.04
A,7,2,8/7/20,2.04
A,8,2,8/7/20,2.04
A,9,2,8/7/20,2.04
A,10,2,8/7/20,2.04
A,11,2,8/7/20,2.04
A,12,2,8/7/20,2.04
B,0,2,8/7/20,2.04
B,1,2,8/7/20,2.04
B,2,2,8/7/20,2.04
B,3,2,8/7/20,2.04
B,4,2,8/7/20,2.04
B,5,2,8/7/20,2.04
B,6,2,8/7/20,2.04
B,7,2,8/7/20,2.04
B,8,2,8/7/20,2.04
B,9,2,8/7/20,2.04
B,10,2,8/7/20,2.04
B,11,2,8/7/20,2.04
B,12,2,8/7/20,2.04
B,13,2,8/7/20,2.04
C,1,2,8/7/20,2.04
C,2,2,8/7/20,2.04
C,3,2,8/7/20,2.04
C,5,2,8/7/20,2.04
C,6,2,8/7/20,2.04
C,7,2,8/7/20,2.04
C,9,2,8/7/20,2.04
C,10,2,8/7/20,2.04
C,12,2,8/7/20,2.04
C,13,2,8/7/20,2.04
D,0,2,8/7/20,2.04
D,1,2,8/7/20,2.04
D,2,2,8/7/20,2.04
D,3,2,8/7/20,2.04
D,4,2,8/7/20,2.04
D,5,2,8/7/20,2.04
D,6,2,8/7/20,2.04
D,8,2,8/7/20,2.04
D,9,2,8/7/20,2.04
D,10,2,8/7/20,2.04
D,11,2,8/7/20,2.04
D,13,2,8/7/20,2.04
E,1,2,8/7/20,2.04
E,2,2,8/7/20,2.04
E,3,2,8/7/20,2.04
E,7,2,8/7/20,2.04
E,8,2,8/7/20,2.04
E,9,2,8/7/20,2.04
E,10,2,8/7/20,2.04
E,11,2,8/7/20,2.04
E,12,2,8/7/20,2.04
E,13,2,8/7/20,2.04
F,1,2,8/7/20,2.04
F,2,2,8/7/20,2.04
F,3,2,8/7/20,2.04
F,4,2,8/7/20,2.04
F,6,2,8/7/20,2.04
F,7,2,8/7/20,2.04
F,8,2,8/7/20,2.04
F,9,2,8/7/20,2.04
F,10,2,8/7/20,2.04
F,11,2,8/7/20,2.04
F,12,2,8/7/20,2.04
G,1,2,8/7/20,2.04
G,2,2,8/7/20,2.04
G,3,2,8/7/20,2.04
G,5,2,8/7/20,2.04
G,6,2,8/7/20,2.04
G,7,2,8/7/20,2.04
G,8,2,8/7/20,2.04
G,9,2,8/7/20,2.04
G,10,2,8/7/20,2.04
G,11,2,8/7/20,2.04
G,12,2,8/7/20,2.04
H,1,2,8/7/20,2.04
H,2,2,8/7/20,2.04
H,5,2,8/7/20,2.04
H,6,2,8/7/20,2.04
H,7,2,8/7/20,2.04
H,8,2,8/7/20,2.04
H,9,2,8/7/20,2.04
H,10,2,8/7/20,2.04
H,11,2,8/7/20,2.04
H,12,2,8/7/20,2.04
I,1,2,8/7/20,2.04
I,3,2,8/7/20,2.04
I,4,2,8/7/20,2.04
I,5,2,8/7/20,2.04
I,7,2,8/7/20,2.04
I,9,2,8/7/20,2.04
I,10,2,8/7/20,2.04
I,11,2,8/7/20,2.04
I,12,2,8/7/20,2.04
J,2,2,8/7/20,2.04
J,3,2,8/7/20,2.04
J,4,2,8/7/20,2.04
J,5,2,8/7/20,2.04
J,6,2,8/7/20,2.04
J,7,2,8/7/20,2.04
J,8,2,8/7/20,2.04
J,9,2,8/7/20,2.04
J,10,2,8/7/20,2.04
J,11,2,8/7/20,2.04
J,12,2,8/7/20,2.04
K,1,2,8/7/20,2.04
K,2,2,8/7/20,2.04
K,3,2,8/7/20,2.04
K,4,2,8/7/20,2.04
K,5,2,8/7/20,2.04
K,6,2,8/7/20,2.04
K,7,2,8/7/20,2.04
K,8,2,8/7/20,2.04
K,10,2,8/7/20,2.04
K,11,2,8/7/20,2.04
K,12,2,8/7/20,2.04
K,13,2,8/7/20,2.04
L,1,2,8/7/20,2.04
L,2,2,8/7/20,2.04
L,3,2,8/7/20,2.04
L,4,2,8/7/20,2.04
L,6,2,8/7/20,2.04
L,7,2,8/7/20,2.04
L,8,2,8/7/20,2.04
L,9,2,8/7/20,2.04
L,10,2,8/7/20,2.04
L,11,2,8/7/20,2.04
L,12,2,8/7/20,2.04
L,13,2,8/7/20,2.04
M,1,2,8/7/20,2.04
M,2,2,8/7/20,2.04
M,4,2,8/7/20,2.04
M,5,2,8/7/20,2.04
M,6,2,8/7/20,2.04
M,8,2,8/7/20,2.04
M,9,2,8/7/20,2.04
M,11,2,8/7/20,2.04
M,12,2,8/7/20,2.04
M,13,2,8/7/20,2.04
A,0,2,8/13/20,2.05
A,1,2,8/13/20,2.05
A,2,2,8/13/20,2.05
A,3,2,8/13/20,2.05
A,4,2,8/13/20,2.05
A,5,2,8/13/20,2.05
A,7,2,8/13/20,2.05
A,8,2,8/13/20,2.05
A,9,2,8/13/20,2.05
A,10,2,8/13/20,2.05
A,11,2,8/13/20,2.05
A,12,2,8/13/20,2.05
B,0,2,8/13/20,2.05
B,1,2,8/13/20,2.05
B,2,2,8/13/20,2.05
B,3,2,8/13/20,2.05
B,4,2,8/13/20,2.05
B,5,2,8/13/20,2.05
B,6,2,8/13/20,2.05
B,7,2,8/13/20,2.05
B,8,2,8/13/20,2.05
B,9,2,8/13/20,2.05
B,10,2,8/13/20,2.05
B,11,2,8/13/20,2.05
B,12,2,8/13/20,2.05
B,13,2,8/13/20,2.05
C,1,2,8/13/20,2.05
C,2,2,8/13/20,2.05
C,3,2,8/13/20,2.05
C,5,2,8/13/20,2.05
C,6,2,8/13/20,2.05
C,7,2,8/13/20,2.05
C,9,2,8/13/20,2.05
C,10,2,8/13/20,2.05
C,12,2,8/13/20,2.05
C,13,2,8/13/20,2.05
D,0,2,8/13/20,2.05
D,1,2,8/13/20,2.05
D,2,2,8/13/20,2.05
D,3,2,8/13/20,2.05
D,4,2,8/13/20,2.05
D,5,2,8/13/20,2.05
D,6,2,8/13/20,2.05
D,8,2,8/13/20,2.05
D,9,2,8/13/20,2.05
D,10,2,8/13/20,2.05
D,11,2,8/13/20,2.05
D,13,2,8/13/20,2.05
E,1,2,8/13/20,2.05
E,2,2,8/13/20,2.05
E,3,2,8/13/20,2.05
E,7,2,8/13/20,2.05
E,8,2,8/13/20,2.05
E,9,2,8/13/20,2.05
E,10,2,8/13/20,2.05
E,11,2,8/13/20,2.05
E,12,2,8/13/20,2.05
E,13,2,8/13/20,2.05
F,1,2,8/13/20,2.05
F,2,2,8/13/20,2.05
F,3,2,8/13/20,2.05
F,4,2,8/13/20,2.05
F,6,2,8/13/20,2.05
F,7,2,8/13/20,2.05
F,8,2,8/13/20,2.05
F,9,2,8/13/20,2.05
F,10,2,8/13/20,2.05
F,11,2,8/13/20,2.05
F,12,2,8/13/20,2.05
G,1,2,8/13/20,2.05
G,2,2,8/13/20,2.05
G,3,2,8/13/20,2.05
G,5,2,8/13/20,2.05
G,6,2,8/13/20,2.05
G,7,2,8/13/20,2.05
G,8,2,8/13/20,2.05
G,9,2,8/13/20,2.05
G,10,2,8/13/20,2.05
G,11,2,8/13/20,2.05
G,12,2,8/13/20,2.05
H,1,2,8/13/20,2.05
H,2,2,8/13/20,2.05
H,5,2,8/13/20,2.05
H,6,2,8/13/20,2.05
H,7,2,8/13/20,2.05
H,8,2,8/13/20,2.05
H,9,2,8/13/20,2.05
H,10,2,8/13/20,2.05
H,11,2,8/13/20,2.05
H,12,2,8/13/20,2.05
I,1,2,8/13/20,2.05
I,3,2,8/13/20,2.05
I,4,2,8/13/20,2.05
I,5,2,8/13/20,2.05
I,7,2,8/13/20,2.05
I,9,2,8/13/20,2.05
I,10,2,8/13/20,2.05
I,11,2,8/13/20,2.05
I,12,2,8/13/20,2.05
J,2,2,8/13/20,2.05
J,3,2,8/13/20,2.05
J,4,2,8/13/20,2.05
J,5,2,8/13/20,2.05
J,6,2,8/13/20,2.05
J,7,2,8/13/20,2.05
J,8,2,8/13/20,2.05
J,9,2,8/13/20,2.05
J,10,2,8/13/20,2.05
J,11,2,8/13/20,2.05
J,12,2,8/13/20,2.05
K,1,2,8/13/20,2.05
K,2,2,8/13/20,2.05
K,3,2,8/13/20,2.05
K,4,2,8/13/20,2.05
K,5,2,8/13/20,2.05
K,6,2,8/13/20,2.05
K,7,2,8/13/20,2.05
K,8,2,8/13/20,2.05
K,10,2,8/13/20,2.05
K,11,2,8/13/20,2.05
K,12,2,8/13/20,2.05
K,13,2,8/13/20,2.05
L,1,2,8/13/20,2.05
L,2,2,8/13/20,2.05
L,3,2,8/13/20,2.05
L,4,2,8/13/20,2.05
L,6,2,8/13/20,2.05
L,7,2,8/13/20,2.05
L,8,2,8/13/20,2.05
L,9,2,8/13/20,2.05
L,10,2,8/13/20,2.05
L,11,2,8/13/20,2.05
L,12,2,8/13/20,2.05
L,13,2,8/13/20,2.05
M,1,2,8/13/20,2.05
M,2,2,8/13/20,2.05
M,4,2,8/13/20,2.05
M,5,2,8/13/20,2.05
M,6,2,8/13/20,2.05
M,8,2,8/13/20,2.05
M,9,2,8/13/20,2.05
M,11,2,8/13/20,2.05
M,12,2,8/13/20,2.05
M,13,2,8/13/20,2.05
A,0,2,8/18/20,2.06
A,1,2,8/18/20,2.06
A,2,2,8/18/20,2.06
A,3,2,8/18/20,2.06
A,4,2,8/18/20,2.06
A,5,2,8/18/20,2.06
A,7,2,8/18/20,2.06
A,8,2,8/18/20,2.06
A,9,2,8/18/20,2.06
A,10,2,8/18/20,2.06
A,11,2,8/18/20,2.06
A,12,2,8/18/20,2.06
B,0,2,8/18/20,2.06
B,1,2,8/18/20,2.06
B,2,2,8/18/20,2.06
B,3,2,8/18/20,2.06
B,4,2,8/18/20,2.06
B,5,2,8/18/20,2.06
B,6,2,8/18/20,2.06
B,7,2,8/18/20,2.06
B,8,2,8/18/20,2.06
B,9,2,8/18/20,2.06
B,10,2,8/18/20,2.06
B,11,2,8/18/20,2.06
B,12,2,8/18/20,2.06
B,13,2,8/18/20,2.06
C,1,2,8/18/20,2.06
C,2,2,8/18/20,2.06
C,3,2,8/18/20,2.06
C,5,2,8/18/20,2.06
C,6,2,8/18/20,2.06
C,7,2,8/18/20,2.06
C,9,2,8/18/20,2.06
C,10,2,8/18/20,2.06
C,12,2,8/18/20,2.06
C,13,2,8/18/20,2.06
D,0,2,8/18/20,2.06
D,1,2,8/18/20,2.06
D,2,2,8/18/20,2.06
D,3,2,8/18/20,2.06
D,4,2,8/18/20,2.06
D,5,2,8/18/20,2.06
D,6,2,8/18/20,2.06
D,8,2,8/18/20,2.06
D,9,2,8/18/20,2.06
D,10,2,8/18/20,2.06
D,11,2,8/18/20,2.06
D,13,2,8/18/20,2.06
E,1,2,8/18/20,2.06
E,2,2,8/18/20,2.06
E,3,2,8/18/20,2.06
E,7,2,8/18/20,2.06
E,8,2,8/18/20,2.06
E,9,2,8/18/20,2.06
E,10,2,8/18/20,2.06
E,11,2,8/18/20,2.06
E,12,2,8/18/20,2.06
E,13,2,8/18/20,2.06
F,1,2,8/18/20,2.06
F,2,2,8/18/20,2.06
F,3,2,8/18/20,2.06
F,4,2,8/18/20,2.06
F,6,2,8/18/20,2.06
F,7,2,8/18/20,2.06
F,8,2,8/18/20,2.06
F,9,2,8/18/20,2.06
F,10,2,8/18/20,2.06
F,11,2,8/18/20,2.06
F,12,2,8/18/20,2.06
G,1,2,8/18/20,2.06
G,2,2,8/18/20,2.06
G,3,2,8/18/20,2.06
G,5,2,8/18/20,2.06
G,6,2,8/18/20,2.06
G,7,2,8/18/20,2.06
G,8,2,8/18/20,2.06
G,9,2,8/18/20,2.06
G,10,2,8/18/20,2.06
G,11,2,8/18/20,2.06
G,12,2,8/18/20,2.06
H,1,2,8/18/20,2.06
H,2,2,8/18/20,2.06
H,5,2,8/18/20,2.06
H,6,2,8/18/20,2.06
H,7,2,8/18/20,2.06
H,8,2,8/18/20,2.06
H,9,2,8/18/20,2.06
H,10,2,8/18/20,2.06
H,11,2,8/18/20,2.06
H,12,2,8/18/20,2.06
I,1,2,8/18/20,2.06
I,3,2,8/18/20,2.06
I,4,2,8/18/20,2.06
I,5,2,8/18/20,2.06
I,7,2,8/18/20,2.06
I,9,2,8/18/20,2.06
I,10,2,8/18/20,2.06
I,11,2,8/18/20,2.06
I,12,2,8/18/20,2.06
J,2,2,8/18/20,2.06
J,3,2,8/18/20,2.06
J,4,2,8/18/20,2.06
J,5,2,8/18/20,2.06
J,6,2,8/18/20,2.06
J,7,2,8/18/20,2.06
J,8,2,8/18/20,2.06
J,9,2,8/18/20,2.06
J,10,2,8/18/20,2.06
J,11,2,8/18/20,2.06
J,12,2,8/18/20,2.06
K,1,2,8/18/20,2.06
K,2,2,8/18/20,2.06
K,3,2,8/18/20,2.06
K,4,2,8/18/20,2.06
K,5,2,8/18/20,2.06
K,6,2,8/18/20,2.06
K,7,2,8/18/20,2.06
K,8,2,8/18/20,2.06
K,10,2,8/18/20,2.06
K,11,2,8/18/20,2.06
K,12,2,8/18/20,2.06
K,13,2,8/18/20,2.06
L,1,2,8/18/20,2.06
L,2,2,8/18/20,2.06
L,3,2,8/18/20,2.06
L,4,2,8/18/20,2.06
L,6,2,8/18/20,2.06
L,7,2,8/18/20,2.06
L,8,2,8/18/20,2.06
L,9,2,8/18/20,2.06
L,10,2,8/18/20,2.06
L,11,2,8/18/20,2.06
L,12,2,8/18/20,2.06
L,13,2,8/18/20,2.06
M,1,2,8/18/20,2.06
M,2,2,8/18/20,2.06
M,4,2,8/18/20,2.06
M,5,2,8/18/20,2.06
M,6,2,8/18/20,2.06
M,8,2,8/18/20,2.06
M,9,2,8/18/20,2.06
M,11,2,8/18/20,2.06
M,12,2,8/18/20,2.06
M,13,2,8/18/20,2.06
A,0,2,8/25/20,2.07
A,1,2,8/25/20,2.07
A,2,2,8/25/20,2.07
A,3,2,8/25/20,2.07
A,4,2,8/25/20,2.07
A,5,2,8/25/20,2.07
A,7,2,8/25/20,2.07
A,8,2,8/25/20,2.07
A,9,2,8/25/20,2.07
A,10,2,8/25/20,2.07
A,11,2,8/25/20,2.07
A,12,2,8/25/20,2.07
B,0,2,8/25/20,2.07
B,1,2,8/25/20,2.07
B,2,2,8/25/20,2.07
B,3,2,8/25/20,2.07
B,4,2,8/25/20,2.07
B,5,2,8/25/20,2.07
B,6,2,8/25/20,2.07
B,7,2,8/25/20,2.07
B,8,2,8/25/20,2.07
B,9,2,8/25/20,2.07
B,10,2,8/25/20,2.07
B,11,2,8/25/20,2.07
B,12,2,8/25/20,2.07
B,13,2,8/25/20,2.07
C,1,2,8/25/20,2.07
C,2,2,8/25/20,2.07
C,3,2,8/25/20,2.07
C,5,2,8/25/20,2.07
C,6,2,8/25/20,2.07
C,7,2,8/25/20,2.07
C,9,2,8/25/20,2.07
C,10,2,8/25/20,2.07
C,12,2,8/25/20,2.07
C,13,2,8/25/20,2.07
D,0,2,8/25/20,2.07
D,1,2,8/25/20,2.07
D,2,2,8/25/20,2.07
D,3,2,8/25/20,2.07
D,4,2,8/25/20,2.07
D,5,2,8/25/20,2.07
D,6,2,8/25/20,2.07
D,8,2,8/25/20,2.07
D,9,2,8/25/20,2.07
D,10,2,8/25/20,2.07
D,11,2,8/25/20,2.07
D,13,2,8/25/20,2.07
E,1,2,8/25/20,2.07
E,2,2,8/25/20,2.07
E,3,2,8/25/20,2.07
E,7,2,8/25/20,2.07
E,8,2,8/25/20,2.07
E,9,2,8/25/20,2.07
E,10,2,8/25/20,2.07
E,11,2,8/25/20,2.07
E,12,2,8/25/20,2.07
E,13,2,8/25/20,2.07
F,1,2,8/25/20,2.07
F,2,2,8/25/20,2.07
F,3,2,8/25/20,2.07
F,4,2,8/25/20,2.07
F,6,2,8/25/20,2.07
F,7,2,8/25/20,2.07
F,8,2,8/25/20,2.07
F,9,2,8/25/20,2.07
F,10,2,8/25/20,2.07
F,11,2,8/25/20,2.07
F,12,2,8/25/20,2.07
G,1,2,8/25/20,2.07
G,2,2,8/25/20,2.07
G,3,2,8/25/20,2.07
G,5,2,8/25/20,2.07
G,6,2,8/25/20,2.07
G,7,2,8/25/20,2.07
G,8,2,8/25/20,2.07
G,9,2,8/25/20,2.07
G,10,2,8/25/20,2.07
G,11,2,8/25/20,2.07
G,12,2,8/25/20,2.07
H,1,2,8/25/20,2.07
H,2,2,8/25/20,2.07
H,5,2,8/25/20,2.07
H,6,2,8/25/20,2.07
H,7,2,8/25/20,2.07
H,8,2,8/25/20,2.07
H,9,2,8/25/20,2.07
H,10,2,8/25/20,2.07
H,11,2,8/25/20,2.07
H,12,2,8/25/20,2.07
I,1,2,8/25/20,2.07
I,3,2,8/25/20,2.07
I,4,2,8/25/20,2.07
I,5,2,8/25/20,2.07
I,7,2,8/25/20,2.07
I,9,2,8/25/20,2.07
I,10,2,8/25/20,2.07
I,11,2,8/25/20,2.07
I,12,2,8/25/20,2.07
J,2,2,8/25/20,2.07
J,3,2,8/25/20,2.07
J,4,2,8/25/20,2.07
J,5,2,8/25/20,2.07
J,6,2,8/25/20,2.07
J,7,2,8/25/20,2.07
J,8,2,8/25/20,2.07
J,9,2,8/25/20,2.07
J,10,2,8/25/20,2.07
J,11,2,8/25/20,2.07
J,12,2,8/25/20,2.07
K,1,2,8/25/20,2.07
K,2,2,8/25/20,2.07
K,3,2,8/25/20,2.07
K,4,2,8/25/20,2.07
K,5,2,8/25/20,2.07
K,6,2,8/25/20,2.07
K,7,2,8/25/20,2.07
K,8,2,8/25/20,2.07
K,10,2,8/25/20,2.07
K,11,2,8/25/20,2.07
K,12,2,8/25/20,2.07
K,13,2,8/25/20,2.07
L,1,2,8/25/20,2.07
L,2,2,8/25/20,2.07
L,3,2,8/25/20,2.07
L,4,2,8/25/20,2.07
L,6,2,8/25/20,2.07
L,7,2,8/25/20,2.07
L,8,2,8/25/20,2.07
L,9,2,8/25/20,2.07
L,10,2,8/25/20,2.07
L,11,2,8/25/20,2.07
L,12,2,8/25/20,2.07
L,13,2,8/25/20,2.07
M,1,2,8/25/20,2.07
M,2,2,8/25/20,2.07
M,4,2,8/25/20,2.07
M,5,2,8/25/20,2.07
M,6,2,8/25/20,2.07
M,8,2,8/25/20,2.07
M,9,2,8/25/20,2.07
M,11,2,8/25/20,2.07
M,12,2,8/25/20,2.07
M,13,2,8/25/20,2.07
A,0,2,9/4/20,2.08
A,1,2,9/4/20,2.08
A,2,2,9/4/20,2.08
A,3,2,9/4/20,2.08
A,4,2,9/4/20,2.08
A,5,2,9/4/20,2.08
A,6,2,9/4/20,2.08
A,7,2,9/4/20,2.08
A,8,2,9/4/20,2.08
A,9,2,9/4/20,2.08
A,10,2,9/4/20,2.08
A,11,2,9/4/20,2.08
A,12,2,9/4/20,2.08
B,0,2,9/4/20,2.08
B,1,2,9/4/20,2.08
B,2,2,9/4/20,2.08
B,3,2,9/4/20,2.08
B,4,2,9/4/20,2.08
B,5,2,9/4/20,2.08
B,6,2,9/4/20,2.08
B,7,2,9/4/20,2.08
B,8,2,9/4/20,2.08
B,9,2,9/4/20,2.08
B,10,2,9/4/20,2.08
B,11,2,9/4/20,2.08
B,12,2,9/4/20,2.08
B,13,2,9/4/20,2.08
C,0,2,9/4/20,2.08
C,1,2,9/4/20,2.08
C,2,2,9/4/20,2.08
C,3,2,9/4/20,2.08
C,4,2,9/4/20,2.08
C,5,2,9/4/20,2.08
C,6,2,9/4/20,2.08
C,7,2,9/4/20,2.08
C,9,2,9/4/20,2.08
C,10,2,9/4/20,2.08
C,11,2,9/4/20,2.08
C,12,2,9/4/20,2.08
C,13,2,9/4/20,2.08
D,0,2,9/4/20,2.08
D,1,2,9/4/20,2.08
G,5,2,9/4/20,2.08
G,6,2,9/4/20,2.08
G,7,2,9/4/20,2.08
G,8,2,9/4/20,2.08
G,9,2,9/4/20,2.08
G,10,2,9/4/20,2.08
G,11,2,9/4/20,2.08
G,12,2,9/4/20,2.08
G,13,2,9/4/20,2.08
H,5,2,9/4/20,2.08
H,6,2,9/4/20,2.08
H,7,2,9/4/20,2.08
H,8,2,9/4/20,2.08
H,9,2,9/4/20,2.08
H,10,2,9/4/20,2.08
H,11,2,9/4/20,2.08
H,12,2,9/4/20,2.08
I,5,2,9/4/20,2.08
I,6,2,9/4/20,2.08
I,7,2,9/4/20,2.08
I,8,2,9/4/20,2.08
I,9,2,9/4/20,2.08
I,10,2,9/4/20,2.08
I,11,2,9/4/20,2.08
I,12,2,9/4/20,2.08
J,5,2,9/4/20,2.08
J,6,2,9/4/20,2.08
J,7,2,9/4/20,2.08
J,8,2,9/4/20,2.08
J,9,2,9/4/20,2.08
J,10,2,9/4/20,2.08
J,11,2,9/4/20,2.08
J,12,2,9/4/20,2.08
K,1,2,9/4/20,2.08
K,2,2,9/4/20,2.08
K,3,2,9/4/20,2.08
K,4,2,9/4/20,2.08
D,2,2,9/10/20,2.08
D,3,2,9/10/20,2.08
D,4,2,9/10/20,2.08
D,5,2,9/10/20,2.08
D,6,2,9/10/20,2.08
D,8,2,9/10/20,2.08
D,9,2,9/10/20,2.08
D,10,2,9/10/20,2.08
D,11,2,9/10/20,2.08
D,12,2,9/10/20,2.08
D,13,2,9/10/20,2.08
E,1,2,9/10/20,2.08
E,2,2,9/10/20,2.08
E,3,2,9/10/20,2.08
E,4,2,9/10/20,2.08
E,5,2,9/10/20,2.08
E,7,2,9/10/20,2.08
E,8,2,9/10/20,2.08
E,9,2,9/10/20,2.08
E,10,2,9/10/20,2.08
E,11,2,9/10/20,2.08
E,12,2,9/10/20,2.08
E,13,2,9/10/20,2.08
F,1,2,9/10/20,2.08
F,2,2,9/10/20,2.08
F,3,2,9/10/20,2.08
F,4,2,9/10/20,2.08
F,6,2,9/10/20,2.08
F,7,2,9/10/20,2.08
F,8,2,9/10/20,2.08
F,9,2,9/10/20,2.08
F,10,2,9/10/20,2.08
F,11,2,9/10/20,2.08
F,12,2,9/10/20,2.08
F,13,2,9/10/20,2.08
G,1,2,9/10/20,2.08
G,2,2,9/10/20,2.08
G,3,2,9/10/20,2.08
H,1,2,9/10/20,2.08
H,2,2,9/10/20,2.08
H,4,2,9/10/20,2.08
I,1,2,9/10/20,2.08
I,3,2,9/10/20,2.08
I,4,2,9/10/20,2.08
J,2,2,9/10/20,2.08
J,3,2,9/10/20,2.08
J,4,2,9/10/20,2.08
K,5,2,9/10/20,2.08
K,6,2,9/10/20,2.08
K,7,2,9/10/20,2.08
K,8,2,9/10/20,2.08
K,9,2,9/10/20,2.08
K,10,2,9/10/20,2.08
K,11,2,9/10/20,2.08
K,12,2,9/10/20,2.08
K,13,2,9/10/20,2.08
L,1,2,9/10/20,2.08
L,2,2,9/10/20,2.08
L,3,2,9/10/20,2.08
L,4,2,9/10/20,2.08
L,5,2,9/10/20,2.08
L,6,2,9/10/20,2.08
L,7,2,9/10/20,2.08
L,8,2,9/10/20,2.08
L,9,2,9/10/20,2.08
L,10,2,9/10/20,2.08
L,11,2,9/10/20,2.08
L,12,2,9/10/20,2.08
L,13,2,9/10/20,2.08
M,1,2,9/10/20,2.08
M,2,2,9/10/20,2.08
M,3,2,9/10/20,2.08
M,4,2,9/10/20,2.08
M,5,2,9/10/20,2.08
M,6,2,9/10/20,2.08
M,8,2,9/10/20,2.08
M,9,2,9/10/20,2.08
M,10,2,9/10/20,2.08
M,11,2,9/10/20,2.08
M,12,2,9/10/20,2.08
M,13,2,9/10/20,2.08
A,0,2,9/16/20,2.09
A,1,2,9/16/20,2.09
A,2,2,9/16/20,2.09
A,3,2,9/16/20,2.09
A,4,2,9/16/20,2.09
A,5,2,9/16/20,2.09
A,6,2,9/16/20,2.09
A,7,2,9/16/20,2.09
A,8,2,9/16/20,2.09
A,9,2,9/16/20,2.09
A,10,2,9/16/20,2.09
A,11,2,9/16/20,2.09
A,12,2,9/16/20,2.09
B,0,2,9/16/20,2.09
B,1,2,9/16/20,2.09
B,2,2,9/16/20,2.09
B,3,2,9/16/20,2.09
B,4,2,9/16/20,2.09
B,5,2,9/16/20,2.09
B,6,2,9/16/20,2.09
B,7,2,9/16/20,2.09
B,8,2,9/16/20,2.09
B,9,2,9/16/20,2.09
B,10,2,9/16/20,2.09
B,11,2,9/16/20,2.09
B,12,2,9/16/20,2.09
B,13,2,9/16/20,2.09
C,0,2,9/16/20,2.09
C,1,2,9/16/20,2.09
C,2,2,9/16/20,2.09
C,3,2,9/16/20,2.09
C,4,2,9/16/20,2.09
C,5,2,9/16/20,2.09
C,6,2,9/16/20,2.09
C,7,2,9/16/20,2.09
C,9,2,9/16/20,2.09
C,10,2,9/16/20,2.09
C,11,2,9/16/20,2.09
C,12,2,9/16/20,2.09
C,13,2,9/16/20,2.09
D,0,2,9/16/20,2.09
D,1,2,9/16/20,2.09
G,5,2,9/16/20,2.09
G,6,2,9/16/20,2.09
G,7,2,9/16/20,2.09
G,8,2,9/16/20,2.09
G,9,2,9/16/20,2.09
G,10,2,9/16/20,2.09
G,11,2,9/16/20,2.09
G,12,2,9/16/20,2.09
G,13,2,9/16/20,2.09
H,5,2,9/16/20,2.09
H,6,2,9/16/20,2.09
H,7,2,9/16/20,2.09
H,8,2,9/16/20,2.09
H,9,2,9/16/20,2.09
H,10,2,9/16/20,2.09
H,11,2,9/16/20,2.09
H,12,2,9/16/20,2.09
I,5,2,9/16/20,2.09
I,6,2,9/16/20,2.09
I,7,2,9/16/20,2.09
I,8,2,9/16/20,2.09
I,9,2,9/16/20,2.09
I,10,2,9/16/20,2.09
I,11,2,9/16/20,2.09
I,12,2,9/16/20,2.09
J,5,2,9/16/20,2.09
J,6,2,9/16/20,2.09
J,7,2,9/16/20,2.09
J,8,2,9/16/20,2.09
J,9,2,9/16/20,2.09
J,10,2,9/16/20,2.09
J,11,2,9/16/20,2.09
J,12,2,9/16/20,2.09
K,1,2,9/16/20,2.09
K,2,2,9/16/20,2.09
K,3,2,9/16/20,2.09
K,4,2,9/16/20,2.09
D,2,2,9/18/20,2.09
D,3,2,9/18/20,2.09
D,4,2,9/18/20,2.09
D,5,2,9/18/20,2.09
D,6,2,9/18/20,2.09
D,8,2,9/18/20,2.09
D,9,2,9/18/20,2.09
D,10,2,9/18/20,2.09
D,11,2,9/18/20,2.09
D,12,2,9/18/20,2.09
D,13,2,9/18/20,2.09
E,1,2,9/18/20,2.09
E,2,2,9/18/20,2.09
E,3,2,9/18/20,2.09
E,4,2,9/18/20,2.09
E,5,2,9/18/20,2.09
E,7,2,9/18/20,2.09
E,8,2,9/18/20,2.09
E,9,2,9/18/20,2.09
E,10,2,9/18/20,2.09
E,11,2,9/18/20,2.09
E,12,2,9/18/20,2.09
E,13,2,9/18/20,2.09
F,1,2,9/18/20,2.09
F,2,2,9/18/20,2.09
F,3,2,9/18/20,2.09
F,4,2,9/18/20,2.09
F,6,2,9/18/20,2.09
F,7,2,9/18/20,2.09
F,8,2,9/18/20,2.09
F,9,2,9/18/20,2.09
F,10,2,9/18/20,2.09
F,11,2,9/18/20,2.09
F,12,2,9/18/20,2.09
F,13,2,9/18/20,2.09
G,1,2,9/18/20,2.09
G,2,2,9/18/20,2.09
G,3,2,9/18/20,2.09
H,1,2,9/18/20,2.09
H,2,2,9/18/20,2.09
H,4,2,9/18/20,2.09
I,1,2,9/18/20,2.09
I,3,2,9/18/20,2.09
I,4,2,9/18/20,2.09
J,2,2,9/18/20,2.09
J,3,2,9/18/20,2.09
J,4,2,9/18/20,2.09
K,5,2,9/18/20,2.09
K,6,2,9/18/20,2.09
K,7,2,9/18/20,2.09
K,8,2,9/18/20,2.09
K,9,2,9/18/20,2.09
K,10,2,9/18/20,2.09
K,11,2,9/18/20,2.09
K,12,2,9/18/20,2.09
K,13,2,9/18/20,2.09
L,1,2,9/18/20,2.09
L,2,2,9/18/20,2.09
L,3,2,9/18/20,2.09
L,4,2,9/18/20,2.09
L,5,2,9/18/20,2.09
L,6,2,9/18/20,2.09
L,7,2,9/18/20,2.09
L,8,2,9/18/20,2.09
L,9,2,9/18/20,2.09
L,10,2,9/18/20,2.09
L,11,2,9/18/20,2.09
L,12,2,9/18/20,2.09
L,13,2,9/18/20,2.09
M,1,2,9/18/20,2.09
M,2,2,9/18/20,2.09
M,3,2,9/18/20,2.09
M,4,2,9/18/20,2.09
M,5,2,9/18/20,2.09
M,6,2,9/18/20,2.09
M,8,2,9/18/20,2.09
M,9,2,9/18/20,2.09
M,10,2,9/18/20,2.09
M,11,2,9/18/20,2.09
M,12,2,9/18/20,2.09
M,13,2,9/18/20,2.09
A,0,2,10/2/20,2.1
A,1,2,10/2/20,2.1
A,2,2,10/2/20,2.1
A,3,2,10/2/20,2.1
A,4,2,10/2/20,2.1
A,5,2,10/2/20,2.1
A,6,2,10/2/20,2.1
A,7,2,10/2/20,2.1
A,8,2,10/2/20,2.1
A,9,2,10/2/20,2.1
A,10,2,10/2/20,2.1
A,11,2,10/2/20,2.1
A,12,2,10/2/20,2.1
B,0,2,10/2/20,2.1
B,1,2,10/2/20,2.1
B,2,2,10/2/20,2.1
B,3,2,10/2/20,2.1
B,4,2,10/2/20,2.1
B,5,2,10/2/20,2.1
B,6,2,10/2/20,2.1
B,7,2,10/2/20,2.1
B,8,2,10/2/20,2.1
B,9,2,10/2/20,2.1
B,10,2,10/2/20,2.1
B,11,2,10/2/20,2.1
B,12,2,10/2/20,2.1
B,13,2,10/2/20,2.1
C,0,2,10/2/20,2.1
C,1,2,10/2/20,2.1
C,2,2,10/2/20,2.1
C,3,2,10/2/20,2.1
C,4,2,10/2/20,2.1
C,5,2,10/2/20,2.1
C,6,2,10/2/20,2.1
C,7,2,10/2/20,2.1
C,9,2,10/2/20,2.1
C,10,2,10/2/20,2.1
C,11,2,10/2/20,2.1
C,12,2,10/2/20,2.1
C,13,2,10/2/20,2.1
D,0,2,10/2/20,2.1
D,1,2,10/2/20,2.1
D,2,2,10/2/20,2.1
D,3,2,10/2/20,2.1
D,4,2,10/2/20,2.1
D,5,2,10/2/20,2.1
D,6,2,10/2/20,2.1
D,8,2,10/2/20,2.1
D,9,2,10/2/20,2.1
D,10,2,10/2/20,2.1
D,11,2,10/2/20,2.1
D,12,2,10/2/20,2.1
D,13,2,10/2/20,2.1
E,1,2,10/2/20,2.1
E,2,2,10/2/20,2.1
E,3,2,10/2/20,2.1
E,4,2,10/2/20,2.1
E,5,2,10/2/20,2.1
E,7,2,10/2/20,2.1
E,8,2,10/2/20,2.1
E,9,2,10/2/20,2.1
E,10,2,10/2/20,2.1
E,11,2,10/2/20,2.1
E,12,2,10/2/20,2.1
E,13,2,10/2/20,2.1
F,1,2,10/2/20,2.1
F,2,2,10/2/20,2.1
F,3,2,10/2/20,2.1
F,4,2,10/2/20,2.1
F,6,2,10/2/20,2.1
F,7,2,10/2/20,2.1
F,8,2,10/2/20,2.1
F,9,2,10/2/20,2.1
F,10,2,10/2/20,2.1
F,11,2,10/2/20,2.1
F,12,2,10/2/20,2.1
F,13,2,10/2/20,2.1
G,1,2,10/2/20,2.1
G,2,2,10/2/20,2.1
G,3,2,10/2/20,2.1
G,5,2,10/2/20,2.1
G,6,2,10/2/20,2.1
G,7,2,10/2/20,2.1
G,8,2,10/2/20,2.1
G,9,2,10/2/20,2.1
G,10,2,10/2/20,2.1
G,11,2,10/2/20,2.1
G,12,2,10/2/20,2.1
G,13,2,10/2/20,2.1
H,1,2,10/2/20,2.1
H,2,2,10/2/20,2.1
H,4,2,10/2/20,2.1
H,5,2,10/2/20,2.1
H,6,2,10/2/20,2.1
H,7,2,10/2/20,2.1
H,8,2,10/2/20,2.1
H,9,2,10/2/20,2.1
H,10,2,10/2/20,2.1
H,11,2,10/2/20,2.1
H,12,2,10/2/20,2.1
I,1,2,10/2/20,2.1
I,3,2,10/2/20,2.1
I,4,2,10/2/20,2.1
I,5,2,10/2/20,2.1
I,6,2,10/2/20,2.1
I,7,2,10/2/20,2.1
I,8,2,10/2/20,2.1
I,9,2,10/2/20,2.1
I,10,2,10/2/20,2.1
I,11,2,10/2/20,2.1
I,12,2,10/2/20,2.1
J,2,2,10/2/20,2.1
J,3,2,10/2/20,2.1
J,4,2,10/2/20,2.1
J,5,2,10/2/20,2.1
J,6,2,10/2/20,2.1
J,7,2,10/2/20,2.1
J,8,2,10/2/20,2.1
J,9,2,10/2/20,2.1
J,10,2,10/2/20,2.1
J,11,2,10/2/20,2.1
J,12,2,10/2/20,2.1
K,1,2,10/2/20,2.1
K,2,2,10/2/20,2.1
K,3,2,10/2/20,2.1
K,4,2,10/2/20,2.1
K,5,2,10/2/20,2.1
K,6,2,10/2/20,2.1
K,7,2,10/2/20,2.1
K,8,2,10/2/20,2.1
K,9,2,10/2/20,2.1
K,10,2,10/2/20,2.1
K,11,2,10/2/20,2.1
K,12,2,10/2/20,2.1
K,13,2,10/2/20,2.1
L,1,2,10/2/20,2.1
L,2,2,10/2/20,2.1
L,3,2,10/2/20,2.1
L,4,2,10/2/20,2.1
L,5,2,10/2/20,2.1
L,6,2,10/2/20,2.1
L,7,2,10/2/20,2.1
L,8,2,10/2/20,2.1
L,9,2,10/2/20,2.1
L,10,2,10/2/20,2.1
L,11,2,10/2/20,2.1
L,12,2,10/2/20,2.1
L,13,2,10/2/20,2.1
M,1,2,10/2/20,2.1
M,2,2,10/2/20,2.1
M,3,2,10/2/20,2.1
M,4,2,10/2/20,2.1
M,5,2,10/2/20,2.1
M,6,2,10/2/20,2.1
M,8,2,10/2/20,2.1
M,9,2,10/2/20,2.1
M,10,2,10/2/20,2.1
M,11,2,10/2/20,2.1
M,12,2,10/2/20,2.1
M,13,2,10/2/20,2.1
F,1,2,10/16/20,2.11
F,2,2,10/16/20,2.11
F,3,2,10/16/20,2.11
F,4,2,10/16/20,2.11
F,6,2,10/16/20,2.11
F,7,2,10/16/20,2.11
F,8,2,10/16/20,2.11
A,0,2,10/19/20,2.11
A,1,2,10/19/20,2.11
A,2,2,10/19/20,2.11
A,3,2,10/19/20,2.11
A,4,2,10/19/20,2.11
A,5,2,10/19/20,2.11
A,6,2,10/19/20,2.11
A,7,2,10/19/20,2.11
A,8,2,10/19/20,2.11
A,9,2,10/19/20,2.11
A,10,2,10/19/20,2.11
A,11,2,10/19/20,2.11
A,12,2,10/19/20,2.11
B,0,2,10/19/20,2.11
B,1,2,10/19/20,2.11
B,2,2,10/19/20,2.11
B,3,2,10/19/20,2.11
B,4,2,10/19/20,2.11
B,5,2,10/19/20,2.11
B,6,2,10/19/20,2.11
B,7,2,10/19/20,2.11
B,8,2,10/19/20,2.11
B,9,2,10/19/20,2.11
B,10,2,10/19/20,2.11
B,11,2,10/19/20,2.11
B,12,2,10/19/20,2.11
B,13,2,10/19/20,2.11
C,0,2,10/19/20,2.11
C,1,2,10/19/20,2.11
C,2,2,10/19/20,2.11
C,3,2,10/19/20,2.11
C,4,2,10/19/20,2.11
C,5,2,10/19/20,2.11
C,6,2,10/19/20,2.11
C,7,2,10/19/20,2.11
C,9,2,10/19/20,2.11
C,10,2,10/19/20,2.11
C,11,2,10/19/20,2.11
C,12,2,10/19/20,2.11
C,13,2,10/19/20,2.11
D,0,2,10/19/20,2.11
D,1,2,10/19/20,2.11
D,2,2,10/19/20,2.11
D,3,2,10/19/20,2.11
D,4,2,10/19/20,2.11
D,5,2,10/19/20,2.11
D,6,2,10/19/20,2.11
D,8,2,10/19/20,2.11
D,9,2,10/19/20,2.11
D,10,2,10/19/20,2.11
D,11,2,10/19/20,2.11
D,12,2,10/19/20,2.11
D,13,2,10/19/20,2.11
E,1,2,10/19/20,2.11
E,2,2,10/19/20,2.11
E,3,2,10/19/20,2.11
E,4,2,10/19/20,2.11
E,5,2,10/19/20,2.11
E,7,2,10/19/20,2.11
E,8,2,10/19/20,2.11
E,9,2,10/19/20,2.11
E,10,2,10/19/20,2.11
E,11,2,10/19/20,2.11
E,12,2,10/19/20,2.11
E,13,2,10/19/20,2.11
F,9,2,10/19/20,2.11
F,10,2,10/19/20,2.11
F,11,2,10/19/20,2.11
F,12,2,10/19/20,2.11
F,13,2,10/19/20,2.11
G,1,2,10/19/20,2.11
G,2,2,10/19/20,2.11
G,3,2,10/19/20,2.11
G,5,2,10/19/20,2.11
G,6,2,10/19/20,2.11
G,7,2,10/19/20,2.11
G,8,2,10/19/20,2.11
G,9,2,10/19/20,2.11
G,10,2,10/19/20,2.11
G,11,2,10/19/20,2.11
G,12,2,10/19/20,2.11
G,13,2,10/19/20,2.11
H,1,2,10/19/20,2.11
H,2,2,10/19/20,2.11
H,4,2,10/19/20,2.11
H,5,2,10/19/20,2.11
H,6,2,10/19/20,2.11
H,7,2,10/19/20,2.11
H,8,2,10/19/20,2.11
H,9,2,10/19/20,2.11
H,10,2,10/19/20,2.11
H,11,2,10/19/20,2.11
H,12,2,10/19/20,2.11
I,1,2,10/19/20,2.11
I,3,2,10/19/20,2.11
I,4,2,10/19/20,2.11
I,5,2,10/19/20,2.11
I,6,2,10/19/20,2.11
I,7,2,10/19/20,2.11
I,8,2,10/19/20,2.11
I,9,2,10/19/20,2.11
I,10,2,10/19/20,2.11
I,11,2,10/19/20,2.11
I,12,2,10/19/20,2.11
J,2,2,10/19/20,2.11
J,3,2,10/19/20,2.11
J,4,2,10/19/20,2.11
J,5,2,10/19/20,2.11
J,6,2,10/19/20,2.11
J,7,2,10/19/20,2.11
J,8,2,10/19/20,2.11
J,9,2,10/19/20,2.11
J,10,2,10/19/20,2.11
J,11,2,10/19/20,2.11
J,12,2,10/19/20,2.11
K,1,2,10/19/20,2.11
K,2,2,10/19/20,2.11
K,3,2,10/19/20,2.11
K,4,2,10/19/20,2.11
K,5,2,10/19/20,2.11
K,6,2,10/19/20,2.11
K,7,2,10/19/20,2.11
K,8,2,10/19/20,2.11
K,9,2,10/19/20,2.11
K,10,2,10/19/20,2.11
K,11,2,10/19/20,2.11
K,12,2,10/19/20,2.11
K,13,2,10/19/20,2.11
L,1,2,10/19/20,2.11
L,2,2,10/19/20,2.11
L,3,2,10/19/20,2.11
L,4,2,10/19/20,2.11
L,5,2,10/19/20,2.11
L,6,2,10/19/20,2.11
L,7,2,10/19/20,2.11
L,8,2,10/19/20,2.11
L,9,2,10/19/20,2.11
L,10,2,10/19/20,2.11
L,11,2,10/19/20,2.11
L,12,2,10/19/20,2.11
L,13,2,10/19/20,2.11
M,1,2,10/19/20,2.11
M,2,2,10/19/20,2.11
M,3,2,10/19/20,2.11
M,4,2,10/19/20,2.11
M,5,2,10/19/20,2.11
M,6,2,10/19/20,2.11
M,8,2,10/19/20,2.11
M,9,2,10/19/20,2.11
M,10,2,10/19/20,2.11
M,11,2,10/19/20,2.11
M,12,2,10/19/20,2.11
M,13,2,10/19/20,2.11
A,0,2,10/30/20,2.12
A,1,2,10/30/20,2.12
A,2,2,10/30/20,2.12
A,3,2,10/30/20,2.12
A,4,2,10/30/20,2.12
A,5,2,10/30/20,2.12
A,6,2,10/30/20,2.12
A,7,2,10/30/20,2.12
A,8,2,10/30/20,2.12
A,9,2,10/30/20,2.12
A,10,2,10/30/20,2.12
A,11,2,10/30/20,2.12
A,12,2,10/30/20,2.12
B,0,2,10/30/20,2.12
B,1,2,10/30/20,2.12
B,2,2,10/30/20,2.12
B,3,2,10/30/20,2.12
B,4,2,10/30/20,2.12
B,5,2,10/30/20,2.12
B,6,2,10/30/20,2.12
B,7,2,10/30/20,2.12
B,8,2,10/30/20,2.12
B,9,2,10/30/20,2.12
B,10,2,10/30/20,2.12
B,11,2,10/30/20,2.12
B,12,2,10/30/20,2.12
B,13,2,10/30/20,2.12
C,0,2,10/30/20,2.12
C,1,2,10/30/20,2.12
C,2,2,10/30/20,2.12
C,3,2,10/30/20,2.12
C,4,2,10/30/20,2.12
C,5,2,10/30/20,2.12
C,6,2,10/30/20,2.12
C,7,2,10/30/20,2.12
C,9,2,10/30/20,2.12
C,10,2,10/30/20,2.12
C,11,2,10/30/20,2.12
C,12,2,10/30/20,2.12
C,13,2,10/30/20,2.12
D,0,2,10/30/20,2.12
D,1,2,10/30/20,2.12
D,2,2,10/30/20,2.12
D,3,2,10/30/20,2.12
D,4,2,10/30/20,2.12
D,5,2,10/30/20,2.12
D,6,2,10/30/20,2.12
D,8,2,10/30/20,2.12
D,9,2,10/30/20,2.12
D,10,2,10/30/20,2.12
D,11,2,10/30/20,2.12
D,12,2,10/30/20,2.12
D,13,2,10/30/20,2.12
E,1,2,10/30/20,2.12
E,2,2,10/30/20,2.12
E,3,2,10/30/20,2.12
E,4,2,10/30/20,2.12
E,5,2,10/30/20,2.12
E,7,2,10/30/20,2.12
E,8,2,10/30/20,2.12
E,13,2,10/30/20,2.12
F,1,2,10/30/20,2.12
F,2,2,10/30/20,2.12
F,3,2,10/30/20,2.12
F,4,2,10/30/20,2.12
F,6,2,10/30/20,2.12
F,7,2,10/30/20,2.12
F,8,2,10/30/20,2.12
G,1,2,10/30/20,2.12
G,2,2,10/30/20,2.12
G,3,2,10/30/20,2.12
H,1,2,10/30/20,2.12
H,2,2,10/30/20,2.12
H,4,2,10/30/20,2.12
I,1,2,10/30/20,2.12
I,3,2,10/30/20,2.12
I,4,2,10/30/20,2.12
J,2,2,10/30/20,2.12
J,3,2,10/30/20,2.12
J,4,2,10/30/20,2.12
J,11,2,10/30/20,2.12
J,12,2,10/30/20,2.12
K,1,2,10/30/20,2.12
K,2,2,10/30/20,2.12
K,3,2,10/30/20,2.12
K,4,2,10/30/20,2.12
K,5,2,10/30/20,2.12
K,6,2,10/30/20,2.12
K,7,2,10/30/20,2.12
K,8,2,10/30/20,2.12
K,9,2,10/30/20,2.12
K,10,2,10/30/20,2.12
K,11,2,10/30/20,2.12
K,12,2,10/30/20,2.12
K,13,2,10/30/20,2.12
L,1,2,10/30/20,2.12
L,2,2,10/30/20,2.12
L,3,2,10/30/20,2.12
L,4,2,10/30/20,2.12
L,5,2,10/30/20,2.12
L,6,2,10/30/20,2.12
L,7,2,10/30/20,2.12
L,8,2,10/30/20,2.12
L,9,2,10/30/20,2.12
L,10,2,10/30/20,2.12
L,11,2,10/30/20,2.12
L,12,2,10/30/20,2.12
L,13,2,10/30/20,2.12
M,1,2,10/30/20,2.12
M,2,2,10/30/20,2.12
M,3,2,10/30/20,2.12
M,4,2,10/30/20,2.12
M,5,2,10/30/20,2.12
M,6,2,10/30/20,2.12
M,8,2,10/30/20,2.12
M,9,2,10/30/20,2.12
M,10,2,10/30/20,2.12
M,11,2,10/30/20,2.12
M,12,2,10/30/20,2.12
M,13,2,10/30/20,2.12
E,9,2,11/6/20,2.12
E,10,2,11/6/20,2.12
E,11,2,11/6/20,2.12
E,12,2,11/6/20,2.12
F,9,2,11/6/20,2.12
F,10,2,11/6/20,2.12
F,11,2,11/6/20,2.12
F,12,2,11/6/20,2.12
F,13,2,11/6/20,2.12
G,5,2,11/6/20,2.12
G,6,2,11/6/20,2.12
G,7,2,11/6/20,2.12
G,8,2,11/6/20,2.12
G,9,2,11/6/20,2.12
G,10,2,11/6/20,2.12
G,11,2,11/6/20,2.12
G,12,2,11/6/20,2.12
G,13,2,11/6/20,2.12
H,5,2,11/6/20,2.12
H,6,2,11/6/20,2.12
H,7,2,11/6/20,2.12
H,8,2,11/6/20,2.12
H,9,2,11/6/20,2.12
H,10,2,11/6/20,2.12
H,11,2,11/6/20,2.12
H,12,2,11/6/20,2.12
I,5,2,11/6/20,2.12
I,6,2,11/6/20,2.12
I,7,2,11/6/20,2.12
I,8,2,11/6/20,2.12
I,9,2,11/6/20,2.12
I,10,2,11/6/20,2.12
I,11,2,11/6/20,2.12
I,12,2,11/6/20,2.12
J,5,2,11/6/20,2.12
J,6,2,11/6/20,2.12
J,7,2,11/6/20,2.12
J,8,2,11/6/20,2.12
J,9,2,11/6/20,2.12
J,10,2,11/6/20,2.12
A,0,2,11/13/20,2.13
A,1,2,11/13/20,2.13
A,2,2,11/13/20,2.13
A,3,2,11/13/20,2.13
A,4,2,11/13/20,2.13
A,5,2,11/13/20,2.13
A,6,2,11/13/20,2.13
A,7,2,11/13/20,2.13
A,8,2,11/13/20,2.13
A,9,2,11/13/20,2.13
A,10,2,11/13/20,2.13
A,11,2,11/13/20,2.13
A,12,2,11/13/20,2.13
B,0,2,11/13/20,2.13
B,1,2,11/13/20,2.13
B,2,2,11/13/20,2.13
B,3,2,11/13/20,2.13
B,4,2,11/13/20,2.13
B,5,2,11/13/20,2.13
B,6,2,11/13/20,2.13
B,7,2,11/13/20,2.13
B,8,2,11/13/20,2.13
B,9,2,11/13/20,2.13
B,10,2,11/13/20,2.13
B,11,2,11/13/20,2.13
B,12,2,11/13/20,2.13
B,13,2,11/13/20,2.13
C,0,2,11/13/20,2.13
C,1,2,11/13/20,2.13
C,2,2,11/13/20,2.13
C,3,2,11/13/20,2.13
C,4,2,11/13/20,2.13
C,5,2,11/13/20,2.13
C,6,2,11/13/20,2.13
C,7,2,11/13/20,2.13
C,9,2,11/13/20,2.13
C,10,2,11/13/20,2.13
C,11,2,11/13/20,2.13
C,12,2,11/13/20,2.13
C,13,2,11/13/20,2.13
D,0,2,11/13/20,2.13
D,1,2,11/13/20,2.13
D,2,2,11/13/20,2.13
D,3,2,11/13/20,2.13
D,4,2,11/13/20,2.13
D,5,2,11/13/20,2.13
D,6,2,11/13/20,2.13
D,8,2,11/13/20,2.13
D,9,2,11/13/20,2.13
D,10,2,11/13/20,2.13
D,11,2,11/13/20,2.13
D,12,2,11/13/20,2.13
D,13,2,11/13/20,2.13
E,1,2,11/13/20,2.13
E,2,2,11/13/20,2.13
E,3,2,11/13/20,2.13
E,4,2,11/13/20,2.13
E,5,2,11/13/20,2.13
E,7,2,11/13/20,2.13
E,8,2,11/13/20,2.13
E,13,2,11/13/20,2.13
F,1,2,11/13/20,2.13
F,2,2,11/13/20,2.13
F,3,2,11/13/20,2.13
F,4,2,11/13/20,2.13
F,6,2,11/13/20,2.13
F,7,2,11/13/20,2.13
F,8,2,11/13/20,2.13
G,1,2,11/13/20,2.13
G,2,2,11/13/20,2.13
G,3,2,11/13/20,2.13
H,1,2,11/13/20,2.13
H,2,2,11/13/20,2.13
H,4,2,11/13/20,2.13
I,1,2,11/13/20,2.13
I,3,2,11/13/20,2.13
I,4,2,11/13/20,2.13
J,2,2,11/13/20,2.13
J,3,2,11/13/20,2.13
J,4,2,11/13/20,2.13
J,11,2,11/13/20,2.13
J,12,2,11/13/20,2.13
K,1,2,11/13/20,2.13
K,2,2,11/13/20,2.13
K,3,2,11/13/20,2.13
K,4,2,11/13/20,2.13
K,5,2,11/13/20,2.13
K,6,2,11/13/20,2.13
K,7,2,11/13/20,2.13
K,8,2,11/13/20,2.13
K,9,2,11/13/20,2.13
K,10,2,11/13/20,2.13
K,11,2,11/13/20,2.13
K,12,2,11/13/20,2.13
K,13,2,11/13/20,2.13
L,1,2,11/13/20,2.13
L,2,2,11/13/20,2.13
L,3,2,11/13/20,2.13
L,4,2,11/13/20,2.13
L,5,2,11/13/20,2.13
L,6,2,11/13/20,2.13
L,7,2,11/13/20,2.13
L,8,2,11/13/20,2.13
L,9,2,11/13/20,2.13
L,10,2,11/13/20,2.13
L,11,2,11/13/20,2.13
L,12,2,11/13/20,2.13
L,13,2,11/13/20,2.13
M,1,2,11/13/20,2.13
M,2,2,11/13/20,2.13
M,3,2,11/13/20,2.13
M,4,2,11/13/20,2.13
M,5,2,11/13/20,2.13
M,6,2,11/13/20,2.13
M,8,2,11/13/20,2.13
M,9,2,11/13/20,2.13
M,10,2,11/13/20,2.13
M,11,2,11/13/20,2.13
M,12,2,11/13/20,2.13
M,13,2,11/13/20,2.13
E,9,2,11/19/20,2.13
E,10,2,11/19/20,2.13
E,11,2,11/19/20,2.13
E,12,2,11/19/20,2.13
F,9,2,11/19/20,2.13
F,10,2,11/19/20,2.13
F,11,2,11/19/20,2.13
F,12,2,11/19/20,2.13
F,13,2,11/19/20,2.13
G,5,2,11/19/20,2.13
G,6,2,11/19/20,2.13
G,7,2,11/19/20,2.13
G,8,2,11/19/20,2.13
G,9,2,11/19/20,2.13
G,10,2,11/19/20,2.13
G,11,2,11/19/20,2.13
G,12,2,11/19/20,2.13
G,13,2,11/19/20,2.13
H,5,2,11/19/20,2.13
H,6,2,11/19/20,2.13
H,7,2,11/19/20,2.13
H,8,2,11/19/20,2.13
H,9,2,11/19/20,2.13
H,10,2,11/19/20,2.13
H,11,2,11/19/20,2.13
H,12,2,11/19/20,2.13
I,5,2,11/19/20,2.13
I,6,2,11/19/20,2.13
I,7,2,11/19/20,2.13
I,8,2,11/19/20,2.13
I,9,2,11/19/20,2.13
I,10,2,11/19/20,2.13
I,11,2,11/19/20,2.13
I,12,2,11/19/20,2.13
J,5,2,11/19/20,2.13
J,6,2,11/19/20,2.13
J,7,2,11/19/20,2.13
J,8,2,11/19/20,2.13
J,9,2,11/19/20,2.13
J,10,2,11/19/20,2.13
J,11,2,12/1/20,2.14
J,12,2,12/1/20,2.14
K,1,2,12/1/20,2.14
K,2,2,12/1/20,2.14
K,3,2,12/1/20,2.14
K,4,2,12/1/20,2.14
K,5,2,12/1/20,2.14
K,6,2,12/1/20,2.14
K,7,2,12/1/20,2.14
K,8,2,12/1/20,2.14
K,9,2,12/1/20,2.14
K,10,2,12/1/20,2.14
K,11,2,12/1/20,2.14
K,12,2,12/1/20,2.14
K,13,2,12/1/20,2.14
L,1,2,12/1/20,2.14
L,2,2,12/1/20,2.14
L,3,2,12/1/20,2.14
L,4,2,12/1/20,2.14
L,5,2,12/1/20,2.14
L,6,2,12/1/20,2.14
L,7,2,12/1/20,2.14
L,8,2,12/1/20,2.14
L,9,2,12/1/20,2.14
L,10,2,12/1/20,2.14
L,11,2,12/1/20,2.14
L,12,2,12/1/20,2.14
L,13,2,12/1/20,2.14
M,1,2,12/1/20,2.14
M,2,2,12/1/20,2.14
M,3,2,12/1/20,2.14
M,4,2,12/1/20,2.14
M,5,2,12/1/20,2.14
M,6,2,12/1/20,2.14
M,8,2,12/1/20,2.14
M,9,2,12/1/20,2.14
M,10,2,12/1/20,2.14
M,11,2,12/1/20,2.14
M,12,2,12/1/20,2.14
M,13,2,12/1/20,2.14
A,0,2,12/2/20,2.14
A,1,2,12/2/20,2.14
A,2,2,12/2/20,2.14
A,3,2,12/2/20,2.14
A,4,2,12/2/20,2.14
A,5,2,12/2/20,2.14
A,6,2,12/2/20,2.14
A,7,2,12/2/20,2.14
A,8,2,12/2/20,2.14
A,9,2,12/2/20,2.14
A,10,2,12/2/20,2.14
A,11,2,12/2/20,2.14
A,12,2,12/2/20,2.14
B,0,2,12/2/20,2.14
B,1,2,12/2/20,2.14
B,2,2,12/2/20,2.14
B,3,2,12/2/20,2.14
B,4,2,12/2/20,2.14
B,5,2,12/2/20,2.14
B,6,2,12/2/20,2.14
B,7,2,12/2/20,2.14
B,8,2,12/2/20,2.14
B,9,2,12/2/20,2.14
B,10,2,12/2/20,2.14
B,11,2,12/2/20,2.14
B,12,2,12/2/20,2.14
B,13,2,12/2/20,2.14
C,0,2,12/2/20,2.14
C,1,2,12/2/20,2.14
C,2,2,12/2/20,2.14
C,3,2,12/2/20,2.14
C,4,2,12/2/20,2.14
C,5,2,12/2/20,2.14
C,6,2,12/2/20,2.14
C,7,2,12/2/20,2.14
C,9,2,12/2/20,2.14
C,10,2,12/2/20,2.14
C,11,2,12/2/20,2.14
C,12,2,12/2/20,2.14
C,13,2,12/2/20,2.14
D,0,2,12/2/20,2.14
D,1,2,12/2/20,2.14
D,2,2,12/2/20,2.14
D,3,2,12/2/20,2.14
D,4,2,12/2/20,2.14
D,5,2,12/2/20,2.14
D,6,2,12/2/20,2.14
D,8,2,12/2/20,2.14
D,9,2,12/2/20,2.14
D,10,2,12/2/20,2.14
D,11,2,12/2/20,2.14
D,12,2,12/2/20,2.14
D,13,2,12/2/20,2.14
E,5,2,12/2/20,2.14
E,7,2,12/2/20,2.14
E,8,2,12/2/20,2.14
E,13,2,12/2/20,2.14
F,6,2,12/2/20,2.14
F,7,2,12/2/20,2.14
F,8,2,12/2/20,2.14
E,1,2,12/4/20,2.14
E,2,2,12/4/20,2.14
E,3,2,12/4/20,2.14
E,4,2,12/4/20,2.14
E,9,2,12/4/20,2.14
E,10,2,12/4/20,2.14
E,11,2,12/4/20,2.14
E,12,2,12/4/20,2.14
F,1,2,12/4/20,2.14
F,2,2,12/4/20,2.14
F,3,2,12/4/20,2.14
F,4,2,12/4/20,2.14
F,9,2,12/4/20,2.14
F,10,2,12/4/20,2.14
F,11,2,12/4/20,2.14
F,12,2,12/4/20,2.14
F,13,2,12/4/20,2.14
G,1,2,12/4/20,2.14
G,2,2,12/4/20,2.14
G,3,2,12/4/20,2.14
G,5,2,12/4/20,2.14
G,6,2,12/4/20,2.14
G,7,2,12/4/20,2.14
G,8,2,12/4/20,2.14
G,9,2,12/4/20,2.14
G,10,2,12/4/20,2.14
G,11,2,12/4/20,2.14
G,12,2,12/4/20,2.14
G,13,2,12/4/20,2.14
H,1,2,12/4/20,2.14
H,2,2,12/4/20,2.14
H,4,2,12/4/20,2.14
H,5,2,12/4/20,2.14
H,6,2,12/4/20,2.14
H,7,2,12/4/20,2.14
H,8,2,12/4/20,2.14
H,9,2,12/4/20,2.14
H,10,2,12/4/20,2.14
H,11,2,12/4/20,2.14
H,12,2,12/4/20,2.14
I,1,2,12/4/20,2.14
I,3,2,12/4/20,2.14
I,4,2,12/4/20,2.14
I,5,2,12/4/20,2.14
I,6,2,12/4/20,2.14
I,7,2,12/4/20,2.14
I,8,2,12/4/20,2.14
I,9,2,12/4/20,2.14
I,10,2,12/4/20,2.14
I,11,2,12/4/20,2.14
I,12,2,12/4/20,2.14
J,2,2,12/4/20,2.14
J,3,2,12/4/20,2.14
J,4,2,12/4/20,2.14
J,5,2,12/4/20,2.14
J,6,2,12/4/20,2.14
J,7,2,12/4/20,2.14
J,8,2,12/4/20,2.14
J,9,2,12/4/20,2.14
J,10,2,12/4/20,2.14
E,9,2,12/15/20,2.15
E,10,2,12/15/20,2.15
E,11,2,12/15/20,2.15
E,12,2,12/15/20,2.15
F,9,2,12/15/20,2.15
F,10,2,12/15/20,2.15
F,11,2,12/15/20,2.15
F,12,2,12/15/20,2.15
F,13,2,12/15/20,2.15
G,5,2,12/15/20,2.15
G,6,2,12/15/20,2.15
G,7,2,12/15/20,2.15
G,8,2,12/15/20,2.15
G,9,2,12/15/20,2.15
G,10,2,12/15/20,2.15
G,11,2,12/15/20,2.15
G,12,2,12/15/20,2.15
G,13,2,12/15/20,2.15
H,5,2,12/15/20,2.15
H,6,2,12/15/20,2.15
H,7,2,12/15/20,2.15
H,8,2,12/15/20,2.15
H,9,2,12/15/20,2.15
H,10,2,12/15/20,2.15
H,11,2,12/15/20,2.15
H,12,2,12/15/20,2.15
I,5,2,12/15/20,2.15
I,6,2,12/15/20,2.15
I,7,2,12/15/20,2.15
I,8,2,12/15/20,2.15
I,9,2,12/15/20,2.15
I,10,2,12/15/20,2.15
I,11,2,12/15/20,2.15
I,12,2,12/15/20,2.15
J,5,2,12/15/20,2.15
J,6,2,12/15/20,2.15
J,7,2,12/15/20,2.15
J,8,2,12/15/20,2.15
J,9,2,12/15/20,2.15
J,10,2,12/15/20,2.15
J,11,2,12/15/20,2.15
J,12,2,12/15/20,2.15
K,1,2,12/15/20,2.15
K,2,2,12/15/20,2.15
K,3,2,12/15/20,2.15
K,4,2,12/15/20,2.15
K,5,2,12/15/20,2.15
K,6,2,12/15/20,2.15
K,7,2,12/15/20,2.15
K,8,2,12/15/20,2.15
K,9,2,12/15/20,2.15
K,10,2,12/15/20,2.15
K,11,2,12/15/20,2.15
K,12,2,12/15/20,2.15
K,13,2,12/15/20,2.15
L,1,2,12/15/20,2.15
L,2,2,12/15/20,2.15
L,3,2,12/15/20,2.15
L,4,2,12/15/20,2.15
L,5,2,12/15/20,2.15
L,6,2,12/15/20,2.15
L,7,2,12/15/20,2.15
L,8,2,12/15/20,2.15
L,9,2,12/15/20,2.15
L,10,2,12/15/20,2.15
L,11,2,12/15/20,2.15
L,12,2,12/15/20,2.15
L,13,2,12/15/20,2.15
M,1,2,12/15/20,2.15
M,2,2,12/15/20,2.15
M,3,2,12/15/20,2.15
M,4,2,12/15/20,2.15
M,5,2,12/15/20,2.15
M,6,2,12/15/20,2.15
M,8,2,12/15/20,2.15
M,9,2,12/15/20,2.15
M,10,2,12/15/20,2.15
M,11,2,12/15/20,2.15
M,12,2,12/15/20,2.15
M,13,2,12/15/20,2.15
A,0,2,12/17/20,2.15
A,1,2,12/17/20,2.15
A,2,2,12/17/20,2.15
A,3,2,12/17/20,2.15
A,4,2,12/17/20,2.15
A,5,2,12/17/20,2.15
A,6,2,12/17/20,2.15
A,7,2,12/17/20,2.15
A,8,2,12/17/20,2.15
A,9,2,12/17/20,2.15
A,10,2,12/17/20,2.15
A,11,2,12/17/20,2.15
A,12,2,12/17/20,2.15
B,0,2,12/17/20,2.15
B,1,2,12/17/20,2.15
B,2,2,12/17/20,2.15
B,3,2,12/17/20,2.15
B,4,2,12/17/20,2.15
B,5,2,12/17/20,2.15
B,6,2,12/17/20,2.15
B,7,2,12/17/20,2.15
B,8,2,12/17/20,2.15
B,9,2,12/17/20,2.15
B,10,2,12/17/20,2.15
B,11,2,12/17/20,2.15
B,12,2,12/17/20,2.15
B,13,2,12/17/20,2.15
C,0,2,12/17/20,2.15
C,1,2,12/17/20,2.15
C,2,2,12/17/20,2.15
C,3,2,12/17/20,2.15
C,4,2,12/17/20,2.15
C,5,2,12/17/20,2.15
C,6,2,12/17/20,2.15
C,7,2,12/17/20,2.15
C,9,2,12/17/20,2.15
C,10,2,12/17/20,2.15
C,11,2,12/17/20,2.15
C,12,2,12/17/20,2.15
C,13,2,12/17/20,2.15
D,0,2,12/17/20,2.15
D,1,2,12/17/20,2.15
D,2,2,12/17/20,2.15
D,3,2,12/17/20,2.15
D,4,2,12/17/20,2.15
D,5,2,12/17/20,2.15
D,6,2,12/17/20,2.15
D,8,2,12/17/20,2.15
D,9,2,12/17/20,2.15
D,10,2,12/17/20,2.15
D,11,2,12/17/20,2.15
D,12,2,12/17/20,2.15
D,13,2,12/17/20,2.15
E,1,2,12/17/20,2.15
E,2,2,12/17/20,2.15
E,3,2,12/17/20,2.15
E,4,2,12/17/20,2.15
E,5,2,12/17/20,2.15
E,7,2,12/17/20,2.15
E,8,2,12/17/20,2.15
E,13,2,12/17/20,2.15
F,1,2,12/17/20,2.15
F,2,2,12/17/20,2.15
F,3,2,12/17/20,2.15
F,4,2,12/17/20,2.15
F,6,2,12/17/20,2.15
F,7,2,12/17/20,2.15
F,8,2,12/17/20,2.15
G,1,2,12/17/20,2.15
G,2,2,12/17/20,2.15
G,3,2,12/17/20,2.15
H,1,2,12/17/20,2.15
H,2,2,12/17/20,2.15
H,4,2,12/17/20,2.15
I,1,2,12/17/20,2.15
I,3,2,12/17/20,2.15
I,4,2,12/17/20,2.15
J,2,2,12/17/20,2.15
J,3,2,12/17/20,2.15
J,4,2,12/17/20,2.15
J,11,2,1/12/21,2.16
J,12,2,1/12/21,2.16
K,1,2,1/12/21,2.16
K,2,2,1/12/21,2.16
K,3,2,1/12/21,2.16
K,4,2,1/12/21,2.16
K,5,2,1/12/21,2.16
K,6,2,1/12/21,2.16
K,7,2,1/12/21,2.16
K,8,2,1/12/21,2.16
K,9,2,1/12/21,2.16
K,10,2,1/12/21,2.16
K,11,2,1/12/21,2.16
K,12,2,1/12/21,2.16
K,13,2,1/12/21,2.16
L,1,2,1/12/21,2.16
L,2,2,1/12/21,2.16
L,3,2,1/12/21,2.16
L,4,2,1/12/21,2.16
L,5,2,1/12/21,2.16
L,6,2,1/12/21,2.16
L,7,2,1/12/21,2.16
L,8,2,1/12/21,2.16
L,9,2,1/12/21,2.16
L,10,2,1/12/21,2.16
L,11,2,1/12/21,2.16
L,12,2,1/12/21,2.16
L,13,2,1/12/21,2.16
M,1,2,1/12/21,2.16
M,2,2,1/12/21,2.16
M,3,2,1/12/21,2.16
M,4,2,1/12/21,2.16
M,5,2,1/12/21,2.16
M,6,2,1/12/21,2.16
M,8,2,1/12/21,2.16
M,9,2,1/12/21,2.16
M,10,2,1/12/21,2.16
M,11,2,1/12/21,2.16
M,12,2,1/12/21,2.16
M,13,2,1/12/21,2.16
E,9,2,1/14/21,2.16
E,10,2,1/14/21,2.16
E,11,2,1/14/21,2.16
E,12,2,1/14/21,2.16
F,9,2,1/14/21,2.16
F,10,2,1/14/21,2.16
F,11,2,1/14/21,2.16
F,12,2,1/14/21,2.16
F,13,2,1/14/21,2.16
G,5,2,1/14/21,2.16
G,6,2,1/14/21,2.16
G,7,2,1/14/21,2.16
G,8,2,1/14/21,2.16
G,9,2,1/14/21,2.16
G,10,2,1/14/21,2.16
G,11,2,1/14/21,2.16
G,12,2,1/14/21,2.16
G,13,2,1/14/21,2.16
H,5,2,1/14/21,2.16
H,6,2,1/14/21,2.16
H,7,2,1/14/21,2.16
H,8,2,1/14/21,2.16
H,9,2,1/14/21,2.16
H,10,2,1/14/21,2.16
H,11,2,1/14/21,2.16
H,12,2,1/14/21,2.16
I,5,2,1/14/21,2.16
I,6,2,1/14/21,2.16
I,7,2,1/14/21,2.16
I,8,2,1/14/21,2.16
I,9,2,1/14/21,2.16
I,10,2,1/14/21,2.16
I,11,2,1/14/21,2.16
I,12,2,1/14/21,2.16
J,5,2,1/14/21,2.16
J,6,2,1/14/21,2.16
J,7,2,1/14/21,2.16
J,8,2,1/14/21,2.16
J,9,2,1/14/21,2.16
J,10,2,1/14/21,2.16
A,0,2,1/15/21,2.16
A,1,2,1/15/21,2.16
A,2,2,1/15/21,2.16
A,3,2,1/15/21,2.16
A,4,2,1/15/21,2.16
A,5,2,1/15/21,2.16
A,6,2,1/15/21,2.16
A,7,2,1/15/21,2.16
A,8,2,1/15/21,2.16
A,9,2,1/15/21,2.16
A,10,2,1/15/21,2.16
A,11,2,1/15/21,2.16
A,12,2,1/15/21,2.16
B,0,2,1/15/21,2.16
B,1,2,1/15/21,2.16
B,2,2,1/15/21,2.16
B,3,2,1/15/21,2.16
B,4,2,1/15/21,2.16
B,5,2,1/15/21,2.16
B,6,2,1/15/21,2.16
B,7,2,1/15/21,2.16
B,8,2,1/15/21,2.16
B,9,2,1/15/21,2.16
B,10,2,1/15/21,2.16
B,11,2,1/15/21,2.16
B,12,2,1/15/21,2.16
B,13,2,1/15/21,2.16
C,0,2,1/15/21,2.16
C,1,2,1/15/21,2.16
C,2,2,1/15/21,2.16
C,3,2,1/15/21,2.16
C,4,2,1/15/21,2.16
C,5,2,1/15/21,2.16
C,6,2,1/15/21,2.16
C,7,2,1/15/21,2.16
C,9,2,1/15/21,2.16
C,10,2,1/15/21,2.16
C,11,2,1/15/21,2.16
C,12,2,1/15/21,2.16
C,13,2,1/15/21,2.16
D,0,2,1/15/21,2.16
D,1,2,1/15/21,2.16
D,2,2,1/15/21,2.16
D,3,2,1/15/21,2.16
D,4,2,1/15/21,2.16
D,5,2,1/15/21,2.16
D,6,2,1/15/21,2.16
D,8,2,1/15/21,2.16
D,9,2,1/15/21,2.16
D,10,2,1/15/21,2.16
D,11,2,1/15/21,2.16
D,12,2,1/15/21,2.16
D,13,2,1/15/21,2.16
E,1,2,1/15/21,2.16
E,2,2,1/15/21,2.16
E,3,2,1/15/21,2.16
E,4,2,1/15/21,2.16
E,5,2,1/15/21,2.16
E,7,2,1/15/21,2.16
E,8,2,1/15/21,2.16
E,13,2,1/15/21,2.16
F,1,2,1/15/21,2.16
F,2,2,1/15/21,2.16
F,3,2,1/15/21,2.16
F,4,2,1/15/21,2.16
F,6,2,1/15/21,2.16
F,7,2,1/15/21,2.16
F,8,2,1/15/21,2.16
G,1,2,1/15/21,2.16
G,2,2,1/15/21,2.16
G,3,2,1/15/21,2.16
H,1,2,1/15/21,2.16
H,2,2,1/15/21,2.16
H,4,2,1/15/21,2.16
I,1,2,1/15/21,2.16
I,3,2,1/15/21,2.16
I,4,2,1/15/21,2.16
J,2,2,1/15/21,2.16
J,3,2,1/15/21,2.16
J,4,2,1/15/21,2.16
A,0,2,2/1/21,2.17
A,1,2,2/1/21,2.17
A,2,2,2/1/21,2.17
A,3,2,2/1/21,2.17
A,4,2,2/1/21,2.17
A,5,2,2/1/21,2.17
A,6,2,2/1/21,2.17
A,7,2,2/1/21,2.17
A,8,2,2/1/21,2.17
A,9,2,2/1/21,2.17
A,10,2,2/1/21,2.17
A,11,2,2/1/21,2.17
A,12,2,2/1/21,2.17
B,0,2,2/1/21,2.17
B,1,2,2/1/21,2.17
B,2,2,2/1/21,2.17
B,3,2,2/1/21,2.17
B,4,2,2/1/21,2.17
B,5,2,2/1/21,2.17
B,6,2,2/1/21,2.17
B,7,2,2/1/21,2.17
B,8,2,2/1/21,2.17
B,9,2,2/1/21,2.17
B,10,2,2/1/21,2.17
B,11,2,2/1/21,2.17
B,12,2,2/1/21,2.17
B,13,2,2/1/21,2.17
C,0,2,2/1/21,2.17
C,1,2,2/1/21,2.17
C,2,2,2/1/21,2.17
C,3,2,2/1/21,2.17
C,4,2,2/1/21,2.17
C,5,2,2/1/21,2.17
C,6,2,2/1/21,2.17
C,7,2,2/1/21,2.17
C,9,2,2/1/21,2.17
C,10,2,2/1/21,2.17
C,11,2,2/1/21,2.17
C,12,2,2/1/21,2.17
C,13,2,2/1/21,2.17
D,0,2,2/1/21,2.17
D,1,2,2/1/21,2.17
D,2,2,2/1/21,2.17
D,3,2,2/1/21,2.17
D,4,2,2/1/21,2.17
D,5,2,2/1/21,2.17
D,6,2,2/1/21,2.17
D,8,2,2/1/21,2.17
D,9,2,2/1/21,2.17
D,10,2,2/1/21,2.17
D,11,2,2/1/21,2.17
D,12,2,2/1/21,2.17
D,13,2,2/1/21,2.17
E,1,2,2/1/21,2.17
E,2,2,2/1/21,2.17
E,3,2,2/1/21,2.17
E,4,2,2/1/21,2.17
E,5,2,2/1/21,2.17
E,7,2,2/1/21,2.17
E,8,2,2/1/21,2.17
E,9,2,2/1/21,2.17
E,10,2,2/1/21,2.17
E,11,2,2/1/21,2.17
E,12,2,2/1/21,2.17
E,13,2,2/1/21,2.17
F,1,2,2/1/21,2.17
F,2,2,2/1/21,2.17
F,3,2,2/1/21,2.17
F,4,2,2/1/21,2.17
F,6,2,2/1/21,2.17
F,7,2,2/1/21,2.17
F,8,2,2/1/21,2.17
F,9,2,2/1/21,2.17
F,10,2,2/1/21,2.17
F,11,2,2/1/21,2.17
F,12,2,2/1/21,2.17
F,13,2,2/1/21,2.17
G,1,2,2/1/21,2.17
G,2,2,2/1/21,2.17
G,3,2,2/1/21,2.17
G,5,2,2/1/21,2.17
G,6,2,2/1/21,2.17
G,7,2,2/1/21,2.17
G,8,2,2/1/21,2.17
G,9,2,2/1/21,2.17
G,10,2,2/1/21,2.17
G,11,2,2/1/21,2.17
G,12,2,2/1/21,2.17
G,13,2,2/1/21,2.17
H,1,2,2/1/21,2.17
H,2,2,2/1/21,2.17
H,4,2,2/1/21,2.17
H,5,2,2/1/21,2.17
H,6,2,2/1/21,2.17
H,7,2,2/1/21,2.17
H,8,2,2/1/21,2.17
H,9,2,2/1/21,2.17
H,10,2,2/1/21,2.17
H,11,2,2/1/21,2.17
H,12,2,2/1/21,2.17
I,1,2,2/1/21,2.17
I,3,2,2/1/21,2.17
I,4,2,2/1/21,2.17
I,5,2,2/1/21,2.17
I,6,2,2/1/21,2.17
I,7,2,2/1/21,2.17
I,8,2,2/1/21,2.17
I,9,2,2/1/21,2.17
I,10,2,2/1/21,2.17
I,11,2,2/1/21,2.17
I,12,2,2/1/21,2.17
J,2,2,2/1/21,2.17
J,3,2,2/1/21,2.17
J,4,2,2/1/21,2.17
J,5,2,2/1/21,2.17
J,6,2,2/1/21,2.17
J,7,2,2/1/21,2.17
J,8,2,2/1/21,2.17
J,9,2,2/1/21,2.17
J,10,2,2/1/21,2.17
J,11,2,2/1/21,2.17
J,12,2,2/1/21,2.17
K,1,2,2/1/21,2.17
K,2,2,2/1/21,2.17
K,3,2,2/1/21,2.17
K,4,2,2/1/21,2.17
K,5,2,2/1/21,2.17
K,6,2,2/1/21,2.17
K,7,2,2/1/21,2.17
K,8,2,2/1/21,2.17
K,9,2,2/1/21,2.17
K,10,2,2/1/21,2.17
K,11,2,2/1/21,2.17
K,12,2,2/1/21,2.17
K,13,2,2/1/21,2.17
L,1,2,2/1/21,2.17
L,2,2,2/1/21,2.17
L,3,2,2/1/21,2.17
L,4,2,2/1/21,2.17
L,5,2,2/1/21,2.17
L,6,2,2/1/21,2.17
L,7,2,2/1/21,2.17
L,8,2,2/1/21,2.17
L,9,2,2/1/21,2.17
L,10,2,2/1/21,2.17
L,11,2,2/1/21,2.17
L,12,2,2/1/21,2.17
L,13,2,2/1/21,2.17
M,1,2,2/1/21,2.17
M,2,2,2/1/21,2.17
M,3,2,2/1/21,2.17
M,4,2,2/1/21,2.17
M,5,2,2/1/21,2.17
M,6,2,2/1/21,2.17
M,8,2,2/1/21,2.17
M,9,2,2/1/21,2.17
M,10,2,2/1/21,2.17
M,11,2,2/1/21,2.17
M,12,2,2/1/21,2.17
M,13,2,2/1/21,2.17
A,0,2,2/25/21,2.18
A,1,2,2/25/21,2.18
A,2,2,2/25/21,2.18
A,3,2,2/25/21,2.18
A,4,2,2/25/21,2.18
A,5,2,2/25/21,2.18
A,6,2,2/25/21,2.18
A,7,2,2/25/21,2.18
A,8,2,2/25/21,2.18
A,9,2,2/25/21,2.18
A,10,2,2/25/21,2.18
A,11,2,2/25/21,2.18
A,12,2,2/25/21,2.18
B,0,2,2/25/21,2.18
B,1,2,2/25/21,2.18
B,2,2,2/25/21,2.18
B,3,2,2/25/21,2.18
B,4,2,2/25/21,2.18
B,5,2,2/25/21,2.18
B,6,2,2/25/21,2.18
B,7,2,2/25/21,2.18
B,8,2,2/25/21,2.18
B,9,2,2/25/21,2.18
B,10,2,2/25/21,2.18
B,11,2,2/25/21,2.18
B,12,2,2/25/21,2.18
B,13,2,2/25/21,2.18
C,0,2,2/25/21,2.18
C,1,2,2/25/21,2.18
C,2,2,2/25/21,2.18
C,3,2,2/25/21,2.18
C,4,2,2/25/21,2.18
C,5,2,2/25/21,2.18
C,6,2,2/25/21,2.18
C,7,2,2/25/21,2.18
C,9,2,2/25/21,2.18
C,10,2,2/25/21,2.18
C,11,2,2/25/21,2.18
C,12,2,2/25/21,2.18
C,13,2,2/25/21,2.18
D,0,2,2/25/21,2.18
D,1,2,2/25/21,2.18
D,2,2,2/25/21,2.18
D,3,2,2/25/21,2.18
D,4,2,2/25/21,2.18
D,5,2,2/25/21,2.18
D,6,2,2/25/21,2.18
D,8,2,2/25/21,2.18
D,9,2,2/25/21,2.18
D,10,2,2/25/21,2.18
D,11,2,2/25/21,2.18
D,12,2,2/25/21,2.18
D,13,2,2/25/21,2.18
E,1,2,2/25/21,2.18
E,2,2,2/25/21,2.18
E,3,2,2/25/21,2.18
E,4,2,2/25/21,2.18
E,5,2,2/25/21,2.18
E,7,2,2/25/21,2.18
E,8,2,2/25/21,2.18
E,9,2,2/25/21,2.18
E,10,2,2/25/21,2.18
E,11,2,2/25/21,2.18
E,12,2,2/25/21,2.18
E,13,2,2/25/21,2.18
F,1,2,2/25/21,2.18
F,2,2,2/25/21,2.18
F,3,2,2/25/21,2.18
F,4,2,2/25/21,2.18
F,6,2,2/25/21,2.18
F,7,2,2/25/21,2.18
F,8,2,2/25/21,2.18
F,9,2,2/25/21,2.18
F,10,2,2/25/21,2.18
F,11,2,2/25/21,2.18
F,12,2,2/25/21,2.18
F,13,2,2/25/21,2.18
G,1,2,2/25/21,2.18
G,2,2,2/25/21,2.18
G,3,2,2/25/21,2.18
G,5,2,2/25/21,2.18
G,6,2,2/25/21,2.18
G,7,2,2/25/21,2.18
G,8,2,2/25/21,2.18
G,9,2,2/25/21,2.18
G,10,2,2/25/21,2.18
G,11,2,2/25/21,2.18
G,12,2,2/25/21,2.18
G,13,2,2/25/21,2.18
H,1,2,2/25/21,2.18
H,2,2,2/25/21,2.18
H,4,2,2/25/21,2.18
H,5,2,2/25/21,2.18
H,6,2,2/25/21,2.18
H,7,2,2/25/21,2.18
H,8,2,2/25/21,2.18
H,9,2,2/25/21,2.18
H,10,2,2/25/21,2.18
H,11,2,2/25/21,2.18
H,12,2,2/25/21,2.18
I,1,2,2/25/21,2.18
I,3,2,2/25/21,2.18
I,4,2,2/25/21,2.18
I,5,2,2/25/21,2.18
I,6,2,2/25/21,2.18
I,7,2,2/25/21,2.18
I,8,2,2/25/21,2.18
I,9,2,2/25/21,2.18
I,10,2,2/25/21,2.18
I,11,2,2/25/21,2.18
I,12,2,2/25/21,2.18
J,2,2,2/25/21,2.18
J,3,2,2/25/21,2.18
J,4,2,2/25/21,2.18
J,5,2,2/25/21,2.18
J,6,2,2/25/21,2.18
J,7,2,2/25/21,2.18
J,8,2,2/25/21,2.18
J,9,2,2/25/21,2.18
J,10,2,2/25/21,2.18
J,11,2,2/25/21,2.18
J,12,2,2/25/21,2.18
K,1,2,2/25/21,2.18
K,2,2,2/25/21,2.18
K,3,2,2/25/21,2.18
K,4,2,2/25/21,2.18
K,5,2,2/25/21,2.18
K,6,2,2/25/21,2.18
K,7,2,2/25/21,2.18
K,8,2,2/25/21,2.18
K,9,2,2/25/21,2.18
K,10,2,2/25/21,2.18
K,11,2,2/25/21,2.18
K,12,2,2/25/21,2.18
K,13,2,2/25/21,2.18
L,1,2,2/25/21,2.18
L,2,2,2/25/21,2.18
L,3,2,2/25/21,2.18
L,4,2,2/25/21,2.18
L,5,2,2/25/21,2.18
L,6,2,2/25/21,2.18
L,7,2,2/25/21,2.18
L,8,2,2/25/21,2.18
L,9,2,2/25/21,2.18
L,10,2,2/25/21,2.18
L,11,2,2/25/21,2.18
L,12,2,2/25/21,2.18
L,13,2,2/25/21,2.18
M,1,2,2/25/21,2.18
M,2,2,2/25/21,2.18
M,3,2,2/25/21,2.18
M,4,2,2/25/21,2.18
M,5,2,2/25/21,2.18
M,6,2,2/25/21,2.18
M,8,2,2/25/21,2.18
M,9,2,2/25/21,2.18
M,10,2,2/25/21,2.18
M,11,2,2/25/21,2.18
M,12,2,2/25/21,2.18
M,13,2,2/25/21,2.18
A,0,2,3/8/21,2.19
A,1,2,3/8/21,2.19
A,2,2,3/8/21,2.19
A,3,2,3/8/21,2.19
A,4,2,3/8/21,2.19
A,5,2,3/8/21,2.19
A,6,2,3/8/21,2.19
A,7,2,3/8/21,2.19
A,8,2,3/8/21,2.19
A,9,2,3/8/21,2.19
A,10,2,3/8/21,2.19
A,11,2,3/8/21,2.19
A,12,2,3/8/21,2.19
B,0,2,3/8/21,2.19
B,1,2,3/8/21,2.19
B,2,2,3/8/21,2.19
B,3,2,3/8/21,2.19
B,4,2,3/8/21,2.19
B,5,2,3/8/21,2.19
B,6,2,3/8/21,2.19
B,7,2,3/8/21,2.19
B,8,2,3/8/21,2.19
B,9,2,3/8/21,2.19
B,10,2,3/8/21,2.19
B,11,2,3/8/21,2.19
B,12,2,3/8/21,2.19
B,13,2,3/8/21,2.19
C,0,2,3/8/21,2.19
C,1,2,3/8/21,2.19
C,2,2,3/8/21,2.19
C,3,2,3/8/21,2.19
C,4,2,3/8/21,2.19
C,5,2,3/8/21,2.19
C,6,2,3/8/21,2.19
C,7,2,3/8/21,2.19
C,9,2,3/8/21,2.19
C,10,2,3/8/21,2.19
C,11,2,3/8/21,2.19
C,12,2,3/8/21,2.19
C,13,2,3/8/21,2.19
D,0,2,3/8/21,2.19
D,1,2,3/8/21,2.19
D,2,2,3/8/21,2.19
D,3,2,3/8/21,2.19
D,4,2,3/8/21,2.19
D,5,2,3/8/21,2.19
D,6,2,3/8/21,2.19
D,8,2,3/8/21,2.19
D,9,2,3/8/21,2.19
D,10,2,3/8/21,2.19
D,11,2,3/8/21,2.19
D,12,2,3/8/21,2.19
D,13,2,3/8/21,2.19
E,1,2,3/8/21,2.19
E,2,2,3/8/21,2.19
E,3,2,3/8/21,2.19
E,4,2,3/8/21,2.19
E,5,2,3/8/21,2.19
E,7,2,3/8/21,2.19
E,8,2,3/8/21,2.19
E,9,2,3/8/21,2.19
E,10,2,3/8/21,2.19
E,11,2,3/8/21,2.19
E,12,2,3/8/21,2.19
E,13,2,3/8/21,2.19
F,1,2,3/8/21,2.19
F,2,2,3/8/21,2.19
F,3,2,3/8/21,2.19
F,4,2,3/8/21,2.19
F,6,2,3/8/21,2.19
F,7,2,3/8/21,2.19
F,8,2,3/8/21,2.19
F,9,2,3/8/21,2.19
F,10,2,3/8/21,2.19
F,11,2,3/8/21,2.19
F,12,2,3/8/21,2.19
F,13,2,3/8/21,2.19
G,1,2,3/8/21,2.19
G,2,2,3/8/21,2.19
G,3,2,3/8/21,2.19
G,5,2,3/8/21,2.19
G,6,2,3/8/21,2.19
G,7,2,3/8/21,2.19
G,8,2,3/8/21,2.19
G,9,2,3/8/21,2.19
G,10,2,3/8/21,2.19
G,11,2,3/8/21,2.19
G,12,2,3/8/21,2.19
G,13,2,3/8/21,2.19
H,1,2,3/8/21,2.19
H,2,2,3/8/21,2.19
H,4,2,3/8/21,2.19
H,5,2,3/8/21,2.19
H,6,2,3/8/21,2.19
H,7,2,3/8/21,2.19
H,8,2,3/8/21,2.19
H,9,2,3/8/21,2.19
H,10,2,3/8/21,2.19
H,11,2,3/8/21,2.19
H,12,2,3/8/21,2.19
I,1,2,3/8/21,2.19
I,3,2,3/8/21,2.19
I,4,2,3/8/21,2.19
I,5,2,3/8/21,2.19
I,6,2,3/8/21,2.19
I,7,2,3/8/21,2.19
I,8,2,3/8/21,2.19
I,9,2,3/8/21,2.19
I,10,2,3/8/21,2.19
I,11,2,3/8/21,2.19
I,12,2,3/8/21,2.19
J,2,2,3/8/21,2.19
J,3,2,3/8/21,2.19
J,4,2,3/8/21,2.19
J,5,2,3/8/21,2.19
J,6,2,3/8/21,2.19
J,7,2,3/8/21,2.19
J,8,2,3/8/21,2.19
J,9,2,3/8/21,2.19
J,10,2,3/8/21,2.19
J,11,2,3/8/21,2.19
J,12,2,3/8/21,2.19
K,1,2,3/8/21,2.19
K,2,2,3/8/21,2.19
K,3,2,3/8/21,2.19
K,4,2,3/8/21,2.19
K,5,2,3/8/21,2.19
K,6,2,3/8/21,2.19
K,7,2,3/8/21,2.19
K,8,2,3/8/21,2.19
K,9,2,3/8/21,2.19
K,10,2,3/8/21,2.19
K,11,2,3/8/21,2.19
K,12,2,3/8/21,2.19
K,13,2,3/8/21,2.19
L,1,2,3/8/21,2.19
L,2,2,3/8/21,2.19
L,3,2,3/8/21,2.19
L,4,2,3/8/21,2.19
L,5,2,3/8/21,2.19
L,6,2,3/8/21,2.19
L,7,2,3/8/21,2.19
L,8,2,3/8/21,2.19
L,9,2,3/8/21,2.19
L,10,2,3/8/21,2.19
L,11,2,3/8/21,2.19
L,12,2,3/8/21,2.19
L,13,2,3/8/21,2.19
M,1,2,3/8/21,2.19
M,2,2,3/8/21,2.19
M,3,2,3/8/21,2.19
M,4,2,3/8/21,2.19
M,5,2,3/8/21,2.19
M,6,2,3/8/21,2.19
M,8,2,3/8/21,2.19
M,9,2,3/8/21,2.19
M,10,2,3/8/21,2.19
M,11,2,3/8/21,2.19
M,12,2,3/8/21,2.19
M,13,2,3/8/21,2.19
A,0,2,3/25/21,2.2
A,1,2,3/25/21,2.2
A,2,2,3/25/21,2.2
A,3,2,3/25/21,2.2
A,4,2,3/25/21,2.2
A,5,2,3/25/21,2.2
A,6,2,3/25/21,2.2
A,7,2,3/25/21,2.2
A,8,2,3/25/21,2.2
A,9,2,3/25/21,2.2
A,10,2,3/25/21,2.2
A,11,2,3/25/21,2.2
A,12,2,3/25/21,2.2
B,0,2,3/25/21,2.2
B,1,2,3/25/21,2.2
B,2,2,3/25/21,2.2
B,3,2,3/25/21,2.2
B,4,2,3/25/21,2.2
B,5,2,3/25/21,2.2
B,6,2,3/25/21,2.2
B,7,2,3/25/21,2.2
B,8,2,3/25/21,2.2
B,9,2,3/25/21,2.2
B,10,2,3/25/21,2.2
B,11,2,3/25/21,2.2
B,12,2,3/25/21,2.2
B,13,2,3/25/21,2.2
C,0,2,3/25/21,2.2
C,1,2,3/25/21,2.2
C,2,2,3/25/21,2.2
C,3,2,3/25/21,2.2
C,4,2,3/25/21,2.2
C,5,2,3/25/21,2.2
C,6,2,3/25/21,2.2
C,7,2,3/25/21,2.2
C,9,2,3/25/21,2.2
C,10,2,3/25/21,2.2
C,11,2,3/25/21,2.2
C,12,2,3/25/21,2.2
C,13,2,3/25/21,2.2
D,0,2,3/25/21,2.2
D,1,2,3/25/21,2.2
D,2,2,3/25/21,2.2
D,3,2,3/25/21,2.2
D,4,2,3/25/21,2.2
D,5,2,3/25/21,2.2
D,6,2,3/25/21,2.2
D,8,2,3/25/21,2.2
D,9,2,3/25/21,2.2
D,10,2,3/25/21,2.2
D,11,2,3/25/21,2.2
D,12,2,3/25/21,2.2
D,13,2,3/25/21,2.2
E,1,2,3/25/21,2.2
E,2,2,3/25/21,2.2
E,3,2,3/25/21,2.2
E,4,2,3/25/21,2.2
E,5,2,3/25/21,2.2
E,7,2,3/25/21,2.2
E,8,2,3/25/21,2.2
E,13,2,3/25/21,2.2
F,1,2,3/25/21,2.2
F,2,2,3/25/21,2.2
F,3,2,3/25/21,2.2
F,4,2,3/25/21,2.2
F,6,2,3/25/21,2.2
F,7,2,3/25/21,2.2
F,8,2,3/25/21,2.2
G,1,2,3/25/21,2.2
G,2,2,3/25/21,2.2
G,3,2,3/25/21,2.2
H,1,2,3/25/21,2.2
H,2,2,3/25/21,2.2
H,4,2,3/25/21,2.2
I,1,2,3/25/21,2.2
I,3,2,3/25/21,2.2
I,4,2,3/25/21,2.2
J,2,2,3/25/21,2.2
J,3,2,3/25/21,2.2
J,4,2,3/25/21,2.2
E,9,2,3/26/21,2.2
E,10,2,3/26/21,2.2
E,11,2,3/26/21,2.2
E,12,2,3/26/21,2.2
F,9,2,3/26/21,2.2
F,10,2,3/26/21,2.2
F,11,2,3/26/21,2.2
F,12,2,3/26/21,2.2
F,13,2,3/26/21,2.2
G,5,2,3/26/21,2.2
G,6,2,3/26/21,2.2
G,7,2,3/26/21,2.2
G,8,2,3/26/21,2.2
G,9,2,3/26/21,2.2
G,10,2,3/26/21,2.2
G,11,2,3/26/21,2.2
G,12,2,3/26/21,2.2
G,13,2,3/26/21,2.2
H,5,2,3/26/21,2.2
H,6,2,3/26/21,2.2
H,7,2,3/26/21,2.2
H,8,2,3/26/21,2.2
H,9,2,3/26/21,2.2
H,10,2,3/26/21,2.2
H,11,2,3/26/21,2.2
H,12,2,3/26/21,2.2
I,5,2,3/26/21,2.2
I,6,2,3/26/21,2.2
I,7,2,3/26/21,2.2
I,8,2,3/26/21,2.2
I,9,2,3/26/21,2.2
I,10,2,3/26/21,2.2
I,11,2,3/26/21,2.2
I,12,2,3/26/21,2.2
J,5,2,3/26/21,2.2
J,6,2,3/26/21,2.2
J,7,2,3/26/21,2.2
J,8,2,3/26/21,2.2
J,9,2,3/26/21,2.2
J,10,2,3/26/21,2.2
J,11,2,3/26/21,2.2
J,12,2,3/26/21,2.2
K,1,2,3/26/21,2.2
K,2,2,3/26/21,2.2
K,3,2,3/26/21,2.2
K,4,2,3/26/21,2.2
K,5,2,3/26/21,2.2
K,6,2,3/26/21,2.2
K,7,2,3/26/21,2.2
K,8,2,3/26/21,2.2
K,9,2,3/26/21,2.2
K,10,2,3/26/21,2.2
K,11,2,3/26/21,2.2
K,12,2,3/26/21,2.2
K,13,2,3/26/21,2.2
L,1,2,3/26/21,2.2
L,2,2,3/26/21,2.2
L,3,2,3/26/21,2.2
L,4,2,3/26/21,2.2
L,5,2,3/26/21,2.2
L,6,2,3/26/21,2.2
L,7,2,3/26/21,2.2
L,8,2,3/26/21,2.2
L,9,2,3/26/21,2.2
L,10,2,3/26/21,2.2
L,11,2,3/26/21,2.2
L,12,2,3/26/21,2.2
L,13,2,3/26/21,2.2
M,1,2,3/26/21,2.2
M,2,2,3/26/21,2.2
M,3,2,3/26/21,2.2
M,4,2,3/26/21,2.2
M,5,2,3/26/21,2.2
M,6,2,3/26/21,2.2
M,8,2,3/26/21,2.2
M,9,2,3/26/21,2.2
M,10,2,3/26/21,2.2
M,11,2,3/26/21,2.2
M,12,2,3/26/21,2.2
M,13,2,3/26/21,2.2
A,0,2,4/8/21,2.21
A,1,2,4/8/21,2.21
A,2,2,4/8/21,2.21
A,3,2,4/8/21,2.21
A,4,2,4/8/21,2.21
A,5,2,4/8/21,2.21
A,6,2,4/8/21,2.21
A,7,2,4/8/21,2.21
A,8,2,4/8/21,2.21
A,9,2,4/8/21,2.21
A,10,2,4/8/21,2.21
A,11,2,4/8/21,2.21
A,12,2,4/8/21,2.21
B,0,2,4/8/21,2.21
B,1,2,4/8/21,2.21
B,2,2,4/8/21,2.21
B,3,2,4/8/21,2.21
B,4,2,4/8/21,2.21
B,5,2,4/8/21,2.21
B,6,2,4/8/21,2.21
B,7,2,4/8/21,2.21
B,8,2,4/8/21,2.21
B,9,2,4/8/21,2.21
B,10,2,4/8/21,2.21
B,11,2,4/8/21,2.21
B,12,2,4/8/21,2.21
B,13,2,4/8/21,2.21
C,0,2,4/8/21,2.21
C,1,2,4/8/21,2.21
C,2,2,4/8/21,2.21
C,3,2,4/8/21,2.21
C,4,2,4/8/21,2.21
C,5,2,4/8/21,2.21
C,6,2,4/8/21,2.21
C,7,2,4/8/21,2.21
C,9,2,4/8/21,2.21
C,10,2,4/8/21,2.21
C,11,2,4/8/21,2.21
C,12,2,4/8/21,2.21
C,13,2,4/8/21,2.21
D,0,2,4/8/21,2.21
D,1,2,4/8/21,2.21
D,2,2,4/8/21,2.21
D,3,2,4/8/21,2.21
D,4,2,4/8/21,2.21
D,5,2,4/8/21,2.21
D,6,2,4/8/21,2.21
D,8,2,4/8/21,2.21
D,9,2,4/8/21,2.21
D,10,2,4/8/21,2.21
D,11,2,4/8/21,2.21
D,12,2,4/8/21,2.21
D,13,2,4/8/21,2.21
E,1,2,4/8/21,2.21
E,2,2,4/8/21,2.21
E,3,2,4/8/21,2.21
E,4,2,4/8/21,2.21
E,5,2,4/8/21,2.21
E,7,2,4/8/21,2.21
E,8,2,4/8/21,2.21
E,9,2,4/8/21,2.21
E,10,2,4/8/21,2.21
E,11,2,4/8/21,2.21
E,12,2,4/8/21,2.21
E,13,2,4/8/21,2.21
F,1,2,4/8/21,2.21
F,2,2,4/8/21,2.21
F,3,2,4/8/21,2.21
F,4,2,4/8/21,2.21
F,6,2,4/8/21,2.21
F,7,2,4/8/21,2.21
F,8,2,4/8/21,2.21
F,9,2,4/8/21,2.21
F,10,2,4/8/21,2.21
F,11,2,4/8/21,2.21
F,12,2,4/8/21,2.21
F,13,2,4/8/21,2.21
G,1,2,4/8/21,2.21
G,2,2,4/8/21,2.21
G,3,2,4/8/21,2.21
G,5,2,4/8/21,2.21
G,6,2,4/8/21,2.21
G,7,2,4/8/21,2.21
G,8,2,4/8/21,2.21
G,9,2,4/8/21,2.21
G,10,2,4/8/21,2.21
G,11,2,4/8/21,2.21
G,12,2,4/8/21,2.21
G,13,2,4/8/21,2.21
H,1,2,4/8/21,2.21
H,2,2,4/8/21,2.21
H,4,2,4/8/21,2.21
H,5,2,4/8/21,2.21
H,6,2,4/8/21,2.21
H,7,2,4/8/21,2.21
H,8,2,4/8/21,2.21
H,9,2,4/8/21,2.21
H,10,2,4/8/21,2.21
H,11,2,4/8/21,2.21
H,12,2,4/8/21,2.21
I,1,2,4/8/21,2.21
I,3,2,4/8/21,2.21
I,4,2,4/8/21,2.21
I,5,2,4/8/21,2.21
I,6,2,4/8/21,2.21
I,7,2,4/8/21,2.21
I,8,2,4/8/21,2.21
I,9,2,4/8/21,2.21
I,10,2,4/8/21,2.21
I,11,2,4/8/21,2.21
I,12,2,4/8/21,2.21
J,2,2,4/8/21,2.21
J,3,2,4/8/21,2.21
J,4,2,4/8/21,2.21
J,5,2,4/8/21,2.21
J,6,2,4/8/21,2.21
J,7,2,4/8/21,2.21
J,8,2,4/8/21,2.21
J,9,2,4/8/21,2.21
J,10,2,4/8/21,2.21
J,11,2,4/8/21,2.21
J,12,2,4/8/21,2.21
K,1,2,4/8/21,2.21
K,2,2,4/8/21,2.21
K,3,2,4/8/21,2.21
K,4,2,4/8/21,2.21
K,5,2,4/8/21,2.21
K,6,2,4/8/21,2.21
K,7,2,4/8/21,2.21
K,8,2,4/8/21,2.21
K,9,2,4/8/21,2.21
K,10,2,4/8/21,2.21
K,11,2,4/8/21,2.21
K,12,2,4/8/21,2.21
K,13,2,4/8/21,2.21
L,1,2,4/8/21,2.21
L,2,2,4/8/21,2.21
L,3,2,4/8/21,2.21
L,4,2,4/8/21,2.21
L,5,2,4/8/21,2.21
L,6,2,4/8/21,2.21
L,7,2,4/8/21,2.21
L,8,2,4/8/21,2.21
L,9,2,4/8/21,2.21
L,10,2,4/8/21,2.21
L,11,2,4/8/21,2.21
L,12,2,4/8/21,2.21
L,13,2,4/8/21,2.21
M,1,2,4/8/21,2.21
M,2,2,4/8/21,2.21
M,3,2,4/8/21,2.21
M,4,2,4/8/21,2.21
M,5,2,4/8/21,2.21
M,6,2,4/8/21,2.21
M,8,2,4/8/21,2.21
M,9,2,4/8/21,2.21
M,10,2,4/8/21,2.21
M,11,2,4/8/21,2.21
M,12,2,4/8/21,2.21
M,13,2,4/8/21,2.21
A,0,3,8/17/21,3.14
A,1,3,8/17/21,3.14
A,2,3,8/17/21,3.14
A,3,3,8/17/21,3.14
A,4,3,8/17/21,3.14
A,5,3,8/17/21,3.14
A,7,3,8/17/21,3.14
A,8,3,8/17/21,3.14
A,9,3,8/17/21,3.14
A,10,3,8/17/21,3.14
A,11,3,8/17/21,3.14
A,12,3,8/17/21,3.14
B,0,3,8/17/21,3.14
B,1,3,8/17/21,3.14
B,2,3,8/17/21,3.14
B,3,3,8/17/21,3.14
B,4,3,8/17/21,3.14
B,5,3,8/17/21,3.14
B,6,3,8/17/21,3.14
B,7,3,8/17/21,3.14
B,8,3,8/17/21,3.14
B,9,3,8/17/21,3.14
B,10,3,8/17/21,3.14
B,11,3,8/17/21,3.14
B,12,3,8/17/21,3.14
B,13,3,8/17/21,3.14
C,1,3,8/17/21,3.14
C,2,3,8/17/21,3.14
C,3,3,8/17/21,3.14
C,5,3,8/17/21,3.14
C,6,3,8/17/21,3.14
C,7,3,8/17/21,3.14
C,9,3,8/17/21,3.14
C,10,3,8/17/21,3.14
C,12,3,8/17/21,3.14
C,13,3,8/17/21,3.14
D,0,3,8/17/21,3.14
D,1,3,8/17/21,3.14
D,2,3,8/17/21,3.14
D,3,3,8/17/21,3.14
D,4,3,8/17/21,3.14
D,5,3,8/17/21,3.14
D,6,3,8/17/21,3.14
D,8,3,8/17/21,3.14
D,9,3,8/17/21,3.14
D,10,3,8/17/21,3.14
D,11,3,8/17/21,3.14
D,13,3,8/17/21,3.14
E,1,3,8/17/21,3.14
E,2,3,8/17/21,3.14
E,3,3,8/17/21,3.14
E,7,3,8/17/21,3.14
E,8,3,8/17/21,3.14
E,9,3,8/17/21,3.14
E,10,3,8/17/21,3.14
E,11,3,8/17/21,3.14
E,12,3,8/17/21,3.14
E,13,3,8/17/21,3.14
F,1,3,8/17/21,3.14
F,2,3,8/17/21,3.14
F,3,3,8/17/21,3.14
F,4,3,8/17/21,3.14
F,6,3,8/17/21,3.14
F,7,3,8/17/21,3.14
F,8,3,8/17/21,3.14
F,9,3,8/17/21,3.14
F,10,3,8/17/21,3.14
F,11,3,8/17/21,3.14
F,12,3,8/17/21,3.14
G,1,3,8/17/21,3.14
G,2,3,8/17/21,3.14
G,3,3,8/17/21,3.14
G,5,3,8/17/21,3.14
G,6,3,8/17/21,3.14
G,7,3,8/17/21,3.14
G,8,3,8/17/21,3.14
G,9,3,8/17/21,3.14
G,10,3,8/17/21,3.14
G,11,3,8/17/21,3.14
G,12,3,8/17/21,3.14
H,1,3,8/17/21,3.14
H,2,3,8/17/21,3.14
H,5,3,8/17/21,3.14
H,6,3,8/17/21,3.14
H,7,3,8/17/21,3.14
H,8,3,8/17/21,3.14
H,9,3,8/17/21,3.14
H,10,3,8/17/21,3.14
H,11,3,8/17/21,3.14
H,12,3,8/17/21,3.14
I,1,3,8/17/21,3.14
I,3,3,8/17/21,3.14
I,4,3,8/17/21,3.14
I,5,3,8/17/21,3.14
I,7,3,8/17/21,3.14
I,9,3,8/17/21,3.14
I,10,3,8/17/21,3.14
I,11,3,8/17/21,3.14
I,12,3,8/17/21,3.14
J,2,3,8/17/21,3.14
J,3,3,8/17/21,3.14
J,4,3,8/17/21,3.14
J,5,3,8/17/21,3.14
J,6,3,8/17/21,3.14
J,7,3,8/17/21,3.14
J,8,3,8/17/21,3.14
J,9,3,8/17/21,3.14
J,10,3,8/17/21,3.14
J,11,3,8/17/21,3.14
J,12,3,8/17/21,3.14
K,1,3,8/17/21,3.14
K,2,3,8/17/21,3.14
K,3,3,8/17/21,3.14
K,4,3,8/17/21,3.14
K,5,3,8/17/21,3.14
K,6,3,8/17/21,3.14
K,7,3,8/17/21,3.14
K,8,3,8/17/21,3.14
K,10,3,8/17/21,3.14
K,11,3,8/17/21,3.14
K,12,3,8/17/21,3.14
K,13,3,8/17/21,3.14
L,1,3,8/17/21,3.14
L,2,3,8/17/21,3.14
L,3,3,8/17/21,3.14
L,4,3,8/17/21,3.14
L,6,3,8/17/21,3.14
L,7,3,8/17/21,3.14
L,8,3,8/17/21,3.14
L,9,3,8/17/21,3.14
L,10,3,8/17/21,3.14
L,11,3,8/17/21,3.14
L,12,3,8/17/21,3.14
L,13,3,8/17/21,3.14
M,1,3,8/17/21,3.14
M,2,3,8/17/21,3.14
M,4,3,8/17/21,3.14
M,5,3,8/17/21,3.14
M,6,3,8/17/21,3.14
M,8,3,8/17/21,3.14
M,9,3,8/17/21,3.14
M,11,3,8/17/21,3.14
M,12,3,8/17/21,3.14
M,13,3,8/17/21,3.14
A,0,3,8/25/21,3.15
A,1,3,8/25/21,3.15
A,2,3,8/25/21,3.15
A,3,3,8/25/21,3.15
A,4,3,8/25/21,3.15
A,5,3,8/25/21,3.15
A,7,3,8/25/21,3.15
A,8,3,8/25/21,3.15
A,9,3,8/25/21,3.15
A,10,3,8/25/21,3.15
A,11,3,8/25/21,3.15
A,12,3,8/25/21,3.15
B,0,3,8/25/21,3.15
B,1,3,8/25/21,3.15
B,2,3,8/25/21,3.15
B,3,3,8/25/21,3.15
B,4,3,8/25/21,3.15
B,5,3,8/25/21,3.15
B,6,3,8/25/21,3.15
B,7,3,8/25/21,3.15
B,8,3,8/25/21,3.15
B,9,3,8/25/21,3.15
B,10,3,8/25/21,3.15
B,11,3,8/25/21,3.15
B,12,3,8/25/21,3.15
B,13,3,8/25/21,3.15
C,1,3,8/25/21,3.15
C,2,3,8/25/21,3.15
C,3,3,8/25/21,3.15
C,5,3,8/25/21,3.15
C,6,3,8/25/21,3.15
C,7,3,8/25/21,3.15
C,9,3,8/25/21,3.15
C,10,3,8/25/21,3.15
C,12,3,8/25/21,3.15
C,13,3,8/25/21,3.15
D,0,3,8/25/21,3.15
D,1,3,8/25/21,3.15
D,2,3,8/25/21,3.15
D,3,3,8/25/21,3.15
D,4,3,8/25/21,3.15
D,5,3,8/25/21,3.15
D,6,3,8/25/21,3.15
D,8,3,8/25/21,3.15
D,9,3,8/25/21,3.15
D,10,3,8/25/21,3.15
D,11,3,8/25/21,3.15
D,13,3,8/25/21,3.15
E,1,3,8/25/21,3.15
E,2,3,8/25/21,3.15
E,3,3,8/25/21,3.15
E,7,3,8/25/21,3.15
E,8,3,8/25/21,3.15
E,9,3,8/25/21,3.15
E,10,3,8/25/21,3.15
E,11,3,8/25/21,3.15
E,12,3,8/25/21,3.15
E,13,3,8/25/21,3.15
F,1,3,8/25/21,3.15
F,2,3,8/25/21,3.15
F,3,3,8/25/21,3.15
F,4,3,8/25/21,3.15
F,6,3,8/25/21,3.15
F,7,3,8/25/21,3.15
F,8,3,8/25/21,3.15
F,9,3,8/25/21,3.15
F,10,3,8/25/21,3.15
F,11,3,8/25/21,3.15
F,12,3,8/25/21,3.15
G,1,3,8/25/21,3.15
G,2,3,8/25/21,3.15
G,3,3,8/25/21,3.15
G,5,3,8/25/21,3.15
G,6,3,8/25/21,3.15
G,7,3,8/25/21,3.15
G,8,3,8/25/21,3.15
G,9,3,8/25/21,3.15
G,10,3,8/25/21,3.15
G,11,3,8/25/21,3.15
G,12,3,8/25/21,3.15
H,1,3,8/25/21,3.15
H,2,3,8/25/21,3.15
H,5,3,8/25/21,3.15
H,6,3,8/25/21,3.15
H,7,3,8/25/21,3.15
H,8,3,8/25/21,3.15
H,9,3,8/25/21,3.15
H,10,3,8/25/21,3.15
H,11,3,8/25/21,3.15
H,12,3,8/25/21,3.15
I,1,3,8/25/21,3.15
I,3,3,8/25/21,3.15
I,4,3,8/25/21,3.15
I,5,3,8/25/21,3.15
I,7,3,8/25/21,3.15
I,9,3,8/25/21,3.15
I,10,3,8/25/21,3.15
I,11,3,8/25/21,3.15
I,12,3,8/25/21,3.15
J,2,3,8/25/21,3.15
J,3,3,8/25/21,3.15
J,4,3,8/25/21,3.15
J,5,3,8/25/21,3.15
J,6,3,8/25/21,3.15
J,7,3,8/25/21,3.15
J,8,3,8/25/21,3.15
J,9,3,8/25/21,3.15
J,10,3,8/25/21,3.15
J,11,3,8/25/21,3.15
J,12,3,8/25/21,3.15
K,1,3,8/25/21,3.15
K,2,3,8/25/21,3.15
K,3,3,8/25/21,3.15
K,4,3,8/25/21,3.15
K,5,3,8/25/21,3.15
K,6,3,8/25/21,3.15
K,7,3,8/25/21,3.15
K,8,3,8/25/21,3.15
K,10,3,8/25/21,3.15
K,11,3,8/25/21,3.15
K,12,3,8/25/21,3.15
K,13,3,8/25/21,3.15
L,1,3,8/25/21,3.15
L,2,3,8/25/21,3.15
L,3,3,8/25/21,3.15
L,4,3,8/25/21,3.15
L,6,3,8/25/21,3.15
L,7,3,8/25/21,3.15
L,8,3,8/25/21,3.15
L,9,3,8/25/21,3.15
L,10,3,8/25/21,3.15
L,11,3,8/25/21,3.15
L,12,3,8/25/21,3.15
L,13,3,8/25/21,3.15
M,1,3,8/25/21,3.15
M,2,3,8/25/21,3.15
M,4,3,8/25/21,3.15
M,5,3,8/25/21,3.15
M,6,3,8/25/21,3.15
M,8,3,8/25/21,3.15
M,9,3,8/25/21,3.15
M,11,3,8/25/21,3.15
M,12,3,8/25/21,3.15
M,13,3,8/25/21,3.15
A,0,3,9/2/21,3.16
A,1,3,9/2/21,3.16
A,2,3,9/2/21,3.16
A,3,3,9/2/21,3.16
A,4,3,9/2/21,3.16
A,5,3,9/2/21,3.16
A,7,3,9/2/21,3.16
A,8,3,9/2/21,3.16
A,9,3,9/2/21,3.16
A,10,3,9/2/21,3.16
A,11,3,9/2/21,3.16
A,12,3,9/2/21,3.16
B,0,3,9/2/21,3.16
B,1,3,9/2/21,3.16
B,2,3,9/2/21,3.16
B,3,3,9/2/21,3.16
B,4,3,9/2/21,3.16
B,5,3,9/2/21,3.16
B,6,3,9/2/21,3.16
B,7,3,9/2/21,3.16
B,8,3,9/2/21,3.16
B,9,3,9/2/21,3.16
B,10,3,9/2/21,3.16
B,11,3,9/2/21,3.16
B,12,3,9/2/21,3.16
B,13,3,9/2/21,3.16
C,1,3,9/2/21,3.16
C,2,3,9/2/21,3.16
C,3,3,9/2/21,3.16
C,5,3,9/2/21,3.16
C,6,3,9/2/21,3.16
C,7,3,9/2/21,3.16
C,9,3,9/2/21,3.16
C,10,3,9/2/21,3.16
C,12,3,9/2/21,3.16
C,13,3,9/2/21,3.16
D,0,3,9/2/21,3.16
D,1,3,9/2/21,3.16
D,2,3,9/2/21,3.16
D,3,3,9/2/21,3.16
D,4,3,9/2/21,3.16
D,5,3,9/2/21,3.16
D,6,3,9/2/21,3.16
D,8,3,9/2/21,3.16
D,9,3,9/2/21,3.16
D,10,3,9/2/21,3.16
D,11,3,9/2/21,3.16
D,13,3,9/2/21,3.16
E,1,3,9/2/21,3.16
E,2,3,9/2/21,3.16
E,3,3,9/2/21,3.16
E,7,3,9/2/21,3.16
E,8,3,9/2/21,3.16
E,9,3,9/2/21,3.16
E,10,3,9/2/21,3.16
E,11,3,9/2/21,3.16
E,12,3,9/2/21,3.16
E,13,3,9/2/21,3.16
F,1,3,9/2/21,3.16
F,2,3,9/2/21,3.16
F,3,3,9/2/21,3.16
F,4,3,9/2/21,3.16
F,6,3,9/2/21,3.16
F,7,3,9/2/21,3.16
F,8,3,9/2/21,3.16
F,9,3,9/2/21,3.16
F,10,3,9/2/21,3.16
F,11,3,9/2/21,3.16
F,12,3,9/2/21,3.16
G,1,3,9/2/21,3.16
G,2,3,9/2/21,3.16
G,3,3,9/2/21,3.16
G,5,3,9/2/21,3.16
G,6,3,9/2/21,3.16
G,7,3,9/2/21,3.16
G,8,3,9/2/21,3.16
G,9,3,9/2/21,3.16
G,10,3,9/2/21,3.16
G,11,3,9/2/21,3.16
G,12,3,9/2/21,3.16
H,1,3,9/2/21,3.16
H,2,3,9/2/21,3.16
H,5,3,9/2/21,3.16
H,6,3,9/2/21,3.16
H,7,3,9/2/21,3.16
H,8,3,9/2/21,3.16
H,9,3,9/2/21,3.16
H,10,3,9/2/21,3.16
H,11,3,9/2/21,3.16
H,12,3,9/2/21,3.16
I,1,3,9/2/21,3.16
I,3,3,9/2/21,3.16
I,4,3,9/2/21,3.16
I,5,3,9/2/21,3.16
I,7,3,9/2/21,3.16
I,9,3,9/2/21,3.16
I,10,3,9/2/21,3.16
I,11,3,9/2/21,3.16
I,12,3,9/2/21,3.16
J,2,3,9/2/21,3.16
J,3,3,9/2/21,3.16
J,4,3,9/2/21,3.16
J,5,3,9/2/21,3.16
J,6,3,9/2/21,3.16
J,7,3,9/2/21,3.16
J,8,3,9/2/21,3.16
J,9,3,9/2/21,3.16
J,10,3,9/2/21,3.16
J,11,3,9/2/21,3.16
J,12,3,9/2/21,3.16
K,1,3,9/2/21,3.16
K,2,3,9/2/21,3.16
K,3,3,9/2/21,3.16
K,4,3,9/2/21,3.16
K,5,3,9/2/21,3.16
K,6,3,9/2/21,3.16
K,7,3,9/2/21,3.16
K,8,3,9/2/21,3.16
K,10,3,9/2/21,3.16
K,11,3,9/2/21,3.16
K,12,3,9/2/21,3.16
K,13,3,9/2/21,3.16
L,1,3,9/2/21,3.16
L,2,3,9/2/21,3.16
L,3,3,9/2/21,3.16
L,4,3,9/2/21,3.16
L,6,3,9/2/21,3.16
L,7,3,9/2/21,3.16
L,8,3,9/2/21,3.16
L,9,3,9/2/21,3.16
L,10,3,9/2/21,3.16
L,11,3,9/2/21,3.16
L,12,3,9/2/21,3.16
L,13,3,9/2/21,3.16
M,1,3,9/2/21,3.16
M,2,3,9/2/21,3.16
M,4,3,9/2/21,3.16
M,5,3,9/2/21,3.16
M,6,3,9/2/21,3.16
M,8,3,9/2/21,3.16
M,9,3,9/2/21,3.16
M,11,3,9/2/21,3.16
M,12,3,9/2/21,3.16
M,13,3,9/2/21,3.16
A,0,3,9/8/21,3.17
A,1,3,9/8/21,3.17
A,2,3,9/8/21,3.17
A,3,3,9/8/21,3.17
A,4,3,9/8/21,3.17
A,5,3,9/8/21,3.17
A,7,3,9/8/21,3.17
A,8,3,9/8/21,3.17
A,9,3,9/8/21,3.17
A,10,3,9/8/21,3.17
A,11,3,9/8/21,3.17
A,12,3,9/8/21,3.17
B,0,3,9/8/21,3.17
B,1,3,9/8/21,3.17
B,2,3,9/8/21,3.17
B,3,3,9/8/21,3.17
B,4,3,9/8/21,3.17
B,5,3,9/8/21,3.17
B,6,3,9/8/21,3.17
B,7,3,9/8/21,3.17
B,8,3,9/8/21,3.17
B,9,3,9/8/21,3.17
B,10,3,9/8/21,3.17
B,11,3,9/8/21,3.17
B,12,3,9/8/21,3.17
B,13,3,9/8/21,3.17
C,1,3,9/8/21,3.17
C,2,3,9/8/21,3.17
C,3,3,9/8/21,3.17
C,5,3,9/8/21,3.17
C,6,3,9/8/21,3.17
C,7,3,9/8/21,3.17
C,9,3,9/8/21,3.17
C,10,3,9/8/21,3.17
C,12,3,9/8/21,3.17
C,13,3,9/8/21,3.17
D,0,3,9/8/21,3.17
D,1,3,9/8/21,3.17
D,2,3,9/8/21,3.17
D,3,3,9/8/21,3.17
D,4,3,9/8/21,3.17
D,5,3,9/8/21,3.17
D,6,3,9/8/21,3.17
D,8,3,9/8/21,3.17
D,9,3,9/8/21,3.17
D,10,3,9/8/21,3.17
D,11,3,9/8/21,3.17
D,13,3,9/8/21,3.17
E,1,3,9/8/21,3.17
E,2,3,9/8/21,3.17
E,3,3,9/8/21,3.17
E,7,3,9/8/21,3.17
E,8,3,9/8/21,3.17
E,9,3,9/8/21,3.17
E,10,3,9/8/21,3.17
E,11,3,9/8/21,3.17
E,12,3,9/8/21,3.17
E,13,3,9/8/21,3.17
F,1,3,9/8/21,3.17
F,2,3,9/8/21,3.17
F,3,3,9/8/21,3.17
F,4,3,9/8/21,3.17
F,6,3,9/8/21,3.17
F,7,3,9/8/21,3.17
F,8,3,9/8/21,3.17
F,9,3,9/8/21,3.17
F,10,3,9/8/21,3.17
F,11,3,9/8/21,3.17
F,12,3,9/8/21,3.17
G,1,3,9/8/21,3.17
G,2,3,9/8/21,3.17
G,3,3,9/8/21,3.17
G,5,3,9/8/21,3.17
G,6,3,9/8/21,3.17
G,7,3,9/8/21,3.17
G,8,3,9/8/21,3.17
G,9,3,9/8/21,3.17
G,10,3,9/8/21,3.17
G,11,3,9/8/21,3.17
G,12,3,9/8/21,3.17
H,1,3,9/8/21,3.17
H,2,3,9/8/21,3.17
H,5,3,9/8/21,3.17
H,6,3,9/8/21,3.17
H,7,3,9/8/21,3.17
H,8,3,9/8/21,3.17
H,9,3,9/8/21,3.17
H,10,3,9/8/21,3.17
H,11,3,9/8/21,3.17
H,12,3,9/8/21,3.17
I,1,3,9/8/21,3.17
I,3,3,9/8/21,3.17
I,4,3,9/8/21,3.17
I,5,3,9/8/21,3.17
I,7,3,9/8/21,3.17
I,9,3,9/8/21,3.17
I,10,3,9/8/21,3.17
I,11,3,9/8/21,3.17
I,12,3,9/8/21,3.17
J,2,3,9/8/21,3.17
J,3,3,9/8/21,3.17
J,4,3,9/8/21,3.17
J,5,3,9/8/21,3.17
J,6,3,9/8/21,3.17
J,7,3,9/8/21,3.17
J,8,3,9/8/21,3.17
J,9,3,9/8/21,3.17
J,10,3,9/8/21,3.17
J,11,3,9/8/21,3.17
J,12,3,9/8/21,3.17
K,1,3,9/8/21,3.17
K,2,3,9/8/21,3.17
K,3,3,9/8/21,3.17
K,4,3,9/8/21,3.17
K,5,3,9/8/21,3.17
K,6,3,9/8/21,3.17
K,7,3,9/8/21,3.17
K,8,3,9/8/21,3.17
K,10,3,9/8/21,3.17
K,11,3,9/8/21,3.17
K,12,3,9/8/21,3.17
K,13,3,9/8/21,3.17
L,1,3,9/8/21,3.17
L,2,3,9/8/21,3.17
L,3,3,9/8/21,3.17
L,4,3,9/8/21,3.17
L,6,3,9/8/21,3.17
L,7,3,9/8/21,3.17
L,8,3,9/8/21,3.17
L,9,3,9/8/21,3.17
L,10,3,9/8/21,3.17
L,11,3,9/8/21,3.17
L,12,3,9/8/21,3.17
L,13,3,9/8/21,3.17
M,1,3,9/8/21,3.17
M,2,3,9/8/21,3.17
M,4,3,9/8/21,3.17
M,5,3,9/8/21,3.17
M,6,3,9/8/21,3.17
M,8,3,9/8/21,3.17
M,9,3,9/8/21,3.17
M,11,3,9/8/21,3.17
M,12,3,9/8/21,3.17
M,13,3,9/8/21,3.17
A,0,3,9/15/21,3.18
A,1,3,9/15/21,3.18
A,2,3,9/15/21,3.18
A,3,3,9/15/21,3.18
A,4,3,9/15/21,3.18
A,5,3,9/15/21,3.18
A,7,3,9/15/21,3.18
A,8,3,9/15/21,3.18
A,9,3,9/15/21,3.18
A,10,3,9/15/21,3.18
A,11,3,9/15/21,3.18
A,12,3,9/15/21,3.18
B,0,3,9/15/21,3.18
B,1,3,9/15/21,3.18
B,2,3,9/15/21,3.18
B,3,3,9/15/21,3.18
B,4,3,9/15/21,3.18
B,5,3,9/15/21,3.18
B,6,3,9/15/21,3.18
B,7,3,9/15/21,3.18
B,8,3,9/15/21,3.18
B,9,3,9/15/21,3.18
B,10,3,9/15/21,3.18
B,11,3,9/15/21,3.18
B,12,3,9/15/21,3.18
B,13,3,9/15/21,3.18
C,1,3,9/15/21,3.18
C,2,3,9/15/21,3.18
C,3,3,9/15/21,3.18
C,5,3,9/15/21,3.18
C,6,3,9/15/21,3.18
C,7,3,9/15/21,3.18
C,9,3,9/15/21,3.18
C,10,3,9/15/21,3.18
C,12,3,9/15/21,3.18
C,13,3,9/15/21,3.18
D,0,3,9/15/21,3.18
D,1,3,9/15/21,3.18
D,2,3,9/15/21,3.18
D,3,3,9/15/21,3.18
D,4,3,9/15/21,3.18
D,5,3,9/15/21,3.18
D,6,3,9/15/21,3.18
D,8,3,9/15/21,3.18
D,9,3,9/15/21,3.18
D,10,3,9/15/21,3.18
D,11,3,9/15/21,3.18
D,13,3,9/15/21,3.18
E,1,3,9/15/21,3.18
E,2,3,9/15/21,3.18
E,3,3,9/15/21,3.18
E,7,3,9/15/21,3.18
E,8,3,9/15/21,3.18
E,9,3,9/15/21,3.18
E,10,3,9/15/21,3.18
E,11,3,9/15/21,3.18
E,12,3,9/15/21,3.18
E,13,3,9/15/21,3.18
F,1,3,9/15/21,3.18
F,2,3,9/15/21,3.18
F,3,3,9/15/21,3.18
F,4,3,9/15/21,3.18
F,6,3,9/15/21,3.18
F,7,3,9/15/21,3.18
F,8,3,9/15/21,3.18
F,9,3,9/15/21,3.18
F,10,3,9/15/21,3.18
F,11,3,9/15/21,3.18
F,12,3,9/15/21,3.18
G,1,3,9/15/21,3.18
G,2,3,9/15/21,3.18
G,3,3,9/15/21,3.18
G,5,3,9/15/21,3.18
G,6,3,9/15/21,3.18
G,7,3,9/15/21,3.18
G,8,3,9/15/21,3.18
G,9,3,9/15/21,3.18
G,10,3,9/15/21,3.18
G,11,3,9/15/21,3.18
G,12,3,9/15/21,3.18
H,1,3,9/15/21,3.18
H,2,3,9/15/21,3.18
H,5,3,9/15/21,3.18
H,6,3,9/15/21,3.18
H,7,3,9/15/21,3.18
H,8,3,9/15/21,3.18
H,9,3,9/15/21,3.18
H,10,3,9/15/21,3.18
H,11,3,9/15/21,3.18
H,12,3,9/15/21,3.18
I,1,3,9/15/21,3.18
I,3,3,9/15/21,3.18
I,4,3,9/15/21,3.18
I,5,3,9/15/21,3.18
I,7,3,9/15/21,3.18
I,9,3,9/15/21,3.18
I,10,3,9/15/21,3.18
I,11,3,9/15/21,3.18
I,12,3,9/15/21,3.18
J,2,3,9/15/21,3.18
J,3,3,9/15/21,3.18
J,4,3,9/15/21,3.18
J,5,3,9/15/21,3.18
J,6,3,9/15/21,3.18
J,7,3,9/15/21,3.18
J,8,3,9/15/21,3.18
J,9,3,9/15/21,3.18
J,10,3,9/15/21,3.18
J,11,3,9/15/21,3.18
J,12,3,9/15/21,3.18
K,1,3,9/15/21,3.18
K,2,3,9/15/21,3.18
K,3,3,9/15/21,3.18
K,4,3,9/15/21,3.18
K,5,3,9/15/21,3.18
K,6,3,9/15/21,3.18
K,7,3,9/15/21,3.18
K,8,3,9/15/21,3.18
K,10,3,9/15/21,3.18
K,11,3,9/15/21,3.18
K,12,3,9/15/21,3.18
K,13,3,9/15/21,3.18
L,1,3,9/15/21,3.18
L,2,3,9/15/21,3.18
L,3,3,9/15/21,3.18
L,4,3,9/15/21,3.18
L,6,3,9/15/21,3.18
L,7,3,9/15/21,3.18
L,8,3,9/15/21,3.18
L,9,3,9/15/21,3.18
L,10,3,9/15/21,3.18
L,11,3,9/15/21,3.18
L,12,3,9/15/21,3.18
L,13,3,9/15/21,3.18
M,1,3,9/15/21,3.18
M,2,3,9/15/21,3.18
M,4,3,9/15/21,3.18
M,5,3,9/15/21,3.18
M,6,3,9/15/21,3.18
M,8,3,9/15/21,3.18
M,9,3,9/15/21,3.18
M,11,3,9/15/21,3.18
M,12,3,9/15/21,3.18
M,13,3,9/15/21,3.18
A,0,3,9/22/21,3.19
A,1,3,9/22/21,3.19
A,2,3,9/22/21,3.19
A,3,3,9/22/21,3.19
A,4,3,9/22/21,3.19
A,5,3,9/22/21,3.19
A,7,3,9/22/21,3.19
A,8,3,9/22/21,3.19
A,9,3,9/22/21,3.19
A,10,3,9/22/21,3.19
A,11,3,9/22/21,3.19
A,12,3,9/22/21,3.19
B,0,3,9/22/21,3.19
B,1,3,9/22/21,3.19
B,2,3,9/22/21,3.19
B,3,3,9/22/21,3.19
B,4,3,9/22/21,3.19
B,5,3,9/22/21,3.19
B,6,3,9/22/21,3.19
B,7,3,9/22/21,3.19
B,8,3,9/22/21,3.19
B,9,3,9/22/21,3.19
B,10,3,9/22/21,3.19
B,11,3,9/22/21,3.19
B,12,3,9/22/21,3.19
B,13,3,9/22/21,3.19
C,1,3,9/22/21,3.19
C,2,3,9/22/21,3.19
C,3,3,9/22/21,3.19
C,5,3,9/22/21,3.19
C,6,3,9/22/21,3.19
C,7,3,9/22/21,3.19
C,9,3,9/22/21,3.19
C,10,3,9/22/21,3.19
C,12,3,9/22/21,3.19
C,13,3,9/22/21,3.19
D,0,3,9/22/21,3.19
D,1,3,9/22/21,3.19
D,2,3,9/22/21,3.19
D,3,3,9/22/21,3.19
D,4,3,9/22/21,3.19
D,5,3,9/22/21,3.19
D,6,3,9/22/21,3.19
D,8,3,9/22/21,3.19
D,9,3,9/22/21,3.19
D,10,3,9/22/21,3.19
D,11,3,9/22/21,3.19
D,13,3,9/22/21,3.19
E,1,3,9/22/21,3.19
E,2,3,9/22/21,3.19
E,3,3,9/22/21,3.19
E,7,3,9/22/21,3.19
E,8,3,9/22/21,3.19
E,9,3,9/22/21,3.19
E,10,3,9/22/21,3.19
E,11,3,9/22/21,3.19
E,12,3,9/22/21,3.19
E,13,3,9/22/21,3.19
F,1,3,9/22/21,3.19
F,2,3,9/22/21,3.19
F,3,3,9/22/21,3.19
F,4,3,9/22/21,3.19
F,6,3,9/22/21,3.19
F,7,3,9/22/21,3.19
F,8,3,9/22/21,3.19
F,9,3,9/22/21,3.19
F,10,3,9/22/21,3.19
F,11,3,9/22/21,3.19
F,12,3,9/22/21,3.19
G,1,3,9/22/21,3.19
G,2,3,9/22/21,3.19
G,3,3,9/22/21,3.19
G,5,3,9/22/21,3.19
G,6,3,9/22/21,3.19
G,7,3,9/22/21,3.19
G,8,3,9/22/21,3.19
G,9,3,9/22/21,3.19
G,10,3,9/22/21,3.19
G,11,3,9/22/21,3.19
G,12,3,9/22/21,3.19
H,1,3,9/22/21,3.19
H,2,3,9/22/21,3.19
H,5,3,9/22/21,3.19
H,6,3,9/22/21,3.19
H,7,3,9/22/21,3.19
H,8,3,9/22/21,3.19
H,9,3,9/22/21,3.19
H,10,3,9/22/21,3.19
H,11,3,9/22/21,3.19
H,12,3,9/22/21,3.19
I,1,3,9/22/21,3.19
I,3,3,9/22/21,3.19
I,4,3,9/22/21,3.19
I,5,3,9/22/21,3.19
I,7,3,9/22/21,3.19
I,9,3,9/22/21,3.19
I,10,3,9/22/21,3.19
I,11,3,9/22/21,3.19
I,12,3,9/22/21,3.19
J,2,3,9/22/21,3.19
J,3,3,9/22/21,3.19
J,4,3,9/22/21,3.19
J,5,3,9/22/21,3.19
J,6,3,9/22/21,3.19
J,7,3,9/22/21,3.19
J,8,3,9/22/21,3.19
J,9,3,9/22/21,3.19
J,10,3,9/22/21,3.19
J,11,3,9/22/21,3.19
J,12,3,9/22/21,3.19
K,1,3,9/22/21,3.19
K,2,3,9/22/21,3.19
K,3,3,9/22/21,3.19
K,4,3,9/22/21,3.19
K,5,3,9/22/21,3.19
K,6,3,9/22/21,3.19
K,7,3,9/22/21,3.19
K,8,3,9/22/21,3.19
K,10,3,9/22/21,3.19
K,11,3,9/22/21,3.19
K,12,3,9/22/21,3.19
K,13,3,9/22/21,3.19
L,1,3,9/22/21,3.19
L,2,3,9/22/21,3.19
L,3,3,9/22/21,3.19
L,4,3,9/22/21,3.19
L,6,3,9/22/21,3.19
L,7,3,9/22/21,3.19
L,8,3,9/22/21,3.19
L,9,3,9/22/21,3.19
L,10,3,9/22/21,3.19
L,11,3,9/22/21,3.19
L,12,3,9/22/21,3.19
L,13,3,9/22/21,3.19
M,1,3,9/22/21,3.19
M,2,3,9/22/21,3.19
M,4,3,9/22/21,3.19
M,5,3,9/22/21,3.19
M,6,3,9/22/21,3.19
M,8,3,9/22/21,3.19
M,9,3,9/22/21,3.19
M,11,3,9/22/21,3.19
M,12,3,9/22/21,3.19
M,13,3,9/22/21,3.19
A,0,3,9/27/21,3.2
A,1,3,9/27/21,3.2
A,2,3,9/27/21,3.2
A,3,3,9/27/21,3.2
A,4,3,9/27/21,3.2
B,0,3,9/27/21,3.2
B,1,3,9/27/21,3.2
B,2,3,9/27/21,3.2
B,3,3,9/27/21,3.2
B,4,3,9/27/21,3.2
C,1,3,9/27/21,3.2
C,2,3,9/27/21,3.2
C,3,3,9/27/21,3.2
D,0,3,9/27/21,3.2
D,1,3,9/27/21,3.2
D,2,3,9/27/21,3.2
D,3,3,9/27/21,3.2
D,4,3,9/27/21,3.2
A,5,3,9/29/21,3.2
A,7,3,9/29/21,3.2
A,8,3,9/29/21,3.2
A,9,3,9/29/21,3.2
A,10,3,9/29/21,3.2
A,11,3,9/29/21,3.2
A,12,3,9/29/21,3.2
B,5,3,9/29/21,3.2
B,6,3,9/29/21,3.2
B,7,3,9/29/21,3.2
B,8,3,9/29/21,3.2
B,9,3,9/29/21,3.2
B,10,3,9/29/21,3.2
B,11,3,9/29/21,3.2
B,12,3,9/29/21,3.2
B,13,3,9/29/21,3.2
C,5,3,9/29/21,3.2
C,6,3,9/29/21,3.2
C,7,3,9/29/21,3.2
C,9,3,9/29/21,3.2
C,10,3,9/29/21,3.2
C,12,3,9/29/21,3.2
C,13,3,9/29/21,3.2
D,5,3,9/29/21,3.2
D,6,3,9/29/21,3.2
D,8,3,9/29/21,3.2
D,9,3,9/29/21,3.2
D,10,3,9/29/21,3.2
D,11,3,9/29/21,3.2
D,13,3,9/29/21,3.2
E,7,3,9/29/21,3.2
E,8,3,9/29/21,3.2
E,13,3,9/29/21,3.2
F,6,3,9/29/21,3.2
F,7,3,9/29/21,3.2
F,8,3,9/29/21,3.2
E,1,3,10/1/21,3.2
E,2,3,10/1/21,3.2
E,3,3,10/1/21,3.2
F,1,3,10/1/21,3.2
F,2,3,10/1/21,3.2
F,3,3,10/1/21,3.2
F,4,3,10/1/21,3.2
G,1,3,10/1/21,3.2
G,2,3,10/1/21,3.2
G,3,3,10/1/21,3.2
H,1,3,10/1/21,3.2
H,2,3,10/1/21,3.2
I,1,3,10/1/21,3.2
I,3,3,10/1/21,3.2
I,4,3,10/1/21,3.2
J,2,3,10/1/21,3.2
J,3,3,10/1/21,3.2
J,4,3,10/1/21,3.2
E,9,3,10/3/21,3.2
E,10,3,10/3/21,3.2
E,11,3,10/3/21,3.2
E,12,3,10/3/21,3.2
F,9,3,10/3/21,3.2
F,10,3,10/3/21,3.2
F,11,3,10/3/21,3.2
F,12,3,10/3/21,3.2
G,5,3,10/3/21,3.2
G,6,3,10/3/21,3.2
G,7,3,10/3/21,3.2
G,8,3,10/3/21,3.2
G,9,3,10/3/21,3.2
G,10,3,10/3/21,3.2
G,11,3,10/3/21,3.2
G,12,3,10/3/21,3.2
H,5,3,10/3/21,3.2
H,6,3,10/3/21,3.2
H,7,3,10/3/21,3.2
H,8,3,10/3/21,3.2
H,9,3,10/3/21,3.2
H,10,3,10/3/21,3.2
H,11,3,10/3/21,3.2
H,12,3,10/3/21,3.2
I,5,3,10/3/21,3.2
I,7,3,10/3/21,3.2
I,9,3,10/3/21,3.2
I,10,3,10/3/21,3.2
I,11,3,10/3/21,3.2
I,12,3,10/3/21,3.2
J,5,3,10/3/21,3.2
J,6,3,10/3/21,3.2
J,7,3,10/3/21,3.2
J,8,3,10/3/21,3.2
J,9,3,10/3/21,3.2
J,10,3,10/3/21,3.2
J,11,3,10/4/21,3.2
J,12,3,10/4/21,3.2
K,8,3,10/4/21,3.2
K,10,3,10/4/21,3.2
K,11,3,10/4/21,3.2
K,12,3,10/4/21,3.2
K,13,3,10/4/21,3.2
L,8,3,10/4/21,3.2
L,9,3,10/4/21,3.2
L,10,3,10/4/21,3.2
L,11,3,10/4/21,3.2
L,12,3,10/4/21,3.2
L,13,3,10/4/21,3.2
M,8,3,10/4/21,3.2
M,9,3,10/4/21,3.2
M,11,3,10/4/21,3.2
M,12,3,10/4/21,3.2
M,13,3,10/4/21,3.2
K,1,3,10/5/21,3.2
K,2,3,10/5/21,3.2
K,3,3,10/5/21,3.2
K,4,3,10/5/21,3.2
K,5,3,10/5/21,3.2
K,6,3,10/5/21,3.2
K,7,3,10/5/21,3.2
L,1,3,10/5/21,3.2
L,2,3,10/5/21,3.2
L,3,3,10/5/21,3.2
L,4,3,10/5/21,3.2
L,6,3,10/5/21,3.2
L,7,3,10/5/21,3.2
M,1,3,10/5/21,3.2
M,2,3,10/5/21,3.2
M,4,3,10/5/21,3.2
M,5,3,10/5/21,3.2
M,6,3,10/5/21,3.2
A,0,3,10/11/21,3.21
A,1,3,10/11/21,3.21
A,2,3,10/11/21,3.21
A,3,3,10/11/21,3.21
A,4,3,10/11/21,3.21
B,0,3,10/11/21,3.21
B,1,3,10/11/21,3.21
B,2,3,10/11/21,3.21
B,3,3,10/11/21,3.21
B,4,3,10/11/21,3.21
C,1,3,10/11/21,3.21
C,2,3,10/11/21,3.21
C,3,3,10/11/21,3.21
D,0,3,10/11/21,3.21
D,1,3,10/11/21,3.21
D,2,3,10/11/21,3.21
D,3,3,10/11/21,3.21
D,4,3,10/11/21,3.21
A,5,3,10/12/21,3.21
A,7,3,10/12/21,3.21
A,8,3,10/12/21,3.21
B,5,3,10/12/21,3.21
B,6,3,10/12/21,3.21
B,7,3,10/12/21,3.21
B,8,3,10/12/21,3.21
C,5,3,10/12/21,3.21
C,6,3,10/12/21,3.21
C,7,3,10/12/21,3.21
D,5,3,10/12/21,3.21
D,6,3,10/12/21,3.21
D,8,3,10/12/21,3.21
E,7,3,10/12/21,3.21
E,8,3,10/12/21,3.21
F,6,3,10/12/21,3.21
F,7,3,10/12/21,3.21
F,8,3,10/12/21,3.21
A,9,3,10/13/21,3.21
A,10,3,10/13/21,3.21
A,11,3,10/13/21,3.21
A,12,3,10/13/21,3.21
B,9,3,10/13/21,3.21
B,10,3,10/13/21,3.21
B,11,3,10/13/21,3.21
B,12,3,10/13/21,3.21
B,13,3,10/13/21,3.21
C,9,3,10/13/21,3.21
C,10,3,10/13/21,3.21
C,12,3,10/13/21,3.21
C,13,3,10/13/21,3.21
D,9,3,10/13/21,3.21
D,10,3,10/13/21,3.21
D,11,3,10/13/21,3.21
D,13,3,10/13/21,3.21
E,1,3,10/13/21,3.21
E,2,3,10/13/21,3.21
E,3,3,10/13/21,3.21
E,13,3,10/13/21,3.21
F,1,3,10/13/21,3.21
F,2,3,10/13/21,3.21
F,3,3,10/13/21,3.21
F,4,3,10/13/21,3.21
G,1,3,10/13/21,3.21
G,2,3,10/13/21,3.21
G,3,3,10/13/21,3.21
H,1,3,10/13/21,3.21
H,2,3,10/13/21,3.21
I,1,3,10/13/21,3.21
I,3,3,10/13/21,3.21
I,4,3,10/13/21,3.21
J,2,3,10/13/21,3.21
J,3,3,10/13/21,3.21
J,4,3,10/13/21,3.21
E,9,3,10/15/21,3.21
E,10,3,10/15/21,3.21
E,11,3,10/15/21,3.21
E,12,3,10/15/21,3.21
F,9,3,10/15/21,3.21
F,10,3,10/15/21,3.21
F,11,3,10/15/21,3.21
F,12,3,10/15/21,3.21
G,5,3,10/15/21,3.21
G,6,3,10/15/21,3.21
G,7,3,10/15/21,3.21
G,8,3,10/15/21,3.21
G,9,3,10/15/21,3.21
G,10,3,10/15/21,3.21
G,11,3,10/15/21,3.21
G,12,3,10/15/21,3.21
H,5,3,10/15/21,3.21
H,6,3,10/15/21,3.21
H,7,3,10/15/21,3.21
H,8,3,10/15/21,3.21
H,9,3,10/15/21,3.21
H,10,3,10/15/21,3.21
H,11,3,10/15/21,3.21
H,12,3,10/15/21,3.21
I,5,3,10/15/21,3.21
I,7,3,10/15/21,3.21
I,9,3,10/15/21,3.21
I,10,3,10/15/21,3.21
I,11,3,10/15/21,3.21
I,12,3,10/15/21,3.21
J,5,3,10/15/21,3.21
J,6,3,10/15/21,3.21
J,7,3,10/15/21,3.21
J,8,3,10/15/21,3.21
J,9,3,10/15/21,3.21
J,10,3,10/15/21,3.21
J,11,3,10/16/21,3.21
J,12,3,10/16/21,3.21
K,8,3,10/16/21,3.21
K,10,3,10/16/21,3.21
K,11,3,10/16/21,3.21
K,12,3,10/16/21,3.21
K,13,3,10/16/21,3.21
L,8,3,10/16/21,3.21
L,9,3,10/16/21,3.21
L,10,3,10/16/21,3.21
L,11,3,10/16/21,3.21
L,12,3,10/16/21,3.21
L,13,3,10/16/21,3.21
M,8,3,10/16/21,3.21
M,9,3,10/16/21,3.21
M,11,3,10/16/21,3.21
M,12,3,10/16/21,3.21
M,13,3,10/16/21,3.21
K,1,3,10/20/21,3.21
K,2,3,10/20/21,3.21
K,3,3,10/20/21,3.21
K,4,3,10/20/21,3.21
K,5,3,10/20/21,3.21
K,6,3,10/20/21,3.21
K,7,3,10/20/21,3.21
L,1,3,10/20/21,3.21
L,2,3,10/20/21,3.21
L,3,3,10/20/21,3.21
L,4,3,10/20/21,3.21
L,6,3,10/20/21,3.21
L,7,3,10/20/21,3.21
M,1,3,10/20/21,3.21
M,2,3,10/20/21,3.21
M,4,3,10/20/21,3.21
M,5,3,10/20/21,3.21
M,6,3,10/20/21,3.21
A,0,3,11/8/21,3.22
A,1,3,11/8/21,3.22
A,2,3,11/8/21,3.22
A,3,3,11/8/21,3.22
A,4,3,11/8/21,3.22
B,0,3,11/8/21,3.22
B,1,3,11/8/21,3.22
B,2,3,11/8/21,3.22
B,3,3,11/8/21,3.22
B,4,3,11/8/21,3.22
C,1,3,11/8/21,3.22
C,2,3,11/8/21,3.22
C,3,3,11/8/21,3.22
D,0,3,11/8/21,3.22
D,1,3,11/8/21,3.22
D,2,3,11/8/21,3.22
D,3,3,11/8/21,3.22
D,4,3,11/8/21,3.22
A,5,3,11/10/21,3.22
A,7,3,11/10/21,3.22
A,8,3,11/10/21,3.22
A,9,3,11/10/21,3.22
A,10,3,11/10/21,3.22
A,11,3,11/10/21,3.22
A,12,3,11/10/21,3.22
B,5,3,11/10/21,3.22
B,6,3,11/10/21,3.22
B,7,3,11/10/21,3.22
B,8,3,11/10/21,3.22
B,9,3,11/10/21,3.22
B,10,3,11/10/21,3.22
B,11,3,11/10/21,3.22
B,12,3,11/10/21,3.22
B,13,3,11/10/21,3.22
C,5,3,11/10/21,3.22
C,6,3,11/10/21,3.22
C,7,3,11/10/21,3.22
C,9,3,11/10/21,3.22
C,10,3,11/10/21,3.22
C,12,3,11/10/21,3.22
C,13,3,11/10/21,3.22
D,5,3,11/10/21,3.22
D,6,3,11/10/21,3.22
D,8,3,11/10/21,3.22
D,9,3,11/10/21,3.22
D,10,3,11/10/21,3.22
D,11,3,11/10/21,3.22
D,13,3,11/10/21,3.22
E,7,3,11/10/21,3.22
E,8,3,11/10/21,3.22
E,13,3,11/10/21,3.22
F,6,3,11/10/21,3.22
F,7,3,11/10/21,3.22
F,8,3,11/10/21,3.22
E,1,3,11/12/21,3.22
E,2,3,11/12/21,3.22
E,3,3,11/12/21,3.22
F,1,3,11/12/21,3.22
F,2,3,11/12/21,3.22
F,3,3,11/12/21,3.22
F,4,3,11/12/21,3.22
G,1,3,11/12/21,3.22
G,2,3,11/12/21,3.22
G,3,3,11/12/21,3.22
H,1,3,11/12/21,3.22
H,2,3,11/12/21,3.22
I,1,3,11/12/21,3.22
I,3,3,11/12/21,3.22
I,4,3,11/12/21,3.22
J,2,3,11/12/21,3.22
J,3,3,11/12/21,3.22
J,4,3,11/12/21,3.22
E,9,3,11/15/21,3.22
E,10,3,11/15/21,3.22
E,11,3,11/15/21,3.22
E,12,3,11/15/21,3.22
F,9,3,11/15/21,3.22
F,10,3,11/15/21,3.22
F,11,3,11/15/21,3.22
F,12,3,11/15/21,3.22
G,5,3,11/15/21,3.22
G,6,3,11/15/21,3.22
G,7,3,11/15/21,3.22
G,8,3,11/15/21,3.22
G,9,3,11/15/21,3.22
G,10,3,11/15/21,3.22
G,11,3,11/15/21,3.22
G,12,3,11/15/21,3.22
H,5,3,11/15/21,3.22
H,6,3,11/15/21,3.22
H,7,3,11/15/21,3.22
H,8,3,11/15/21,3.22
H,9,3,11/15/21,3.22
H,10,3,11/15/21,3.22
H,11,3,11/15/21,3.22
H,12,3,11/15/21,3.22
I,5,3,11/15/21,3.22
I,7,3,11/15/21,3.22
I,9,3,11/15/21,3.22
I,10,3,11/15/21,3.22
I,11,3,11/15/21,3.22
I,12,3,11/15/21,3.22
J,5,3,11/15/21,3.22
J,6,3,11/15/21,3.22
J,7,3,11/15/21,3.22
J,8,3,11/15/21,3.22
J,9,3,11/15/21,3.22
J,10,3,11/15/21,3.22
J,11,3,11/17/21,3.22
J,12,3,11/17/21,3.22
K,1,3,11/17/21,3.22
K,2,3,11/17/21,3.22
K,3,3,11/17/21,3.22
K,4,3,11/17/21,3.22
K,5,3,11/17/21,3.22
K,6,3,11/17/21,3.22
K,7,3,11/17/21,3.22
K,8,3,11/17/21,3.22
K,10,3,11/17/21,3.22
K,11,3,11/17/21,3.22
K,12,3,11/17/21,3.22
K,13,3,11/17/21,3.22
L,1,3,11/17/21,3.22
L,2,3,11/17/21,3.22
L,3,3,11/17/21,3.22
L,4,3,11/17/21,3.22
L,6,3,11/17/21,3.22
L,7,3,11/17/21,3.22
L,8,3,11/17/21,3.22
L,9,3,11/17/21,3.22
L,10,3,11/17/21,3.22
L,11,3,11/17/21,3.22
L,12,3,11/17/21,3.22
L,13,3,11/17/21,3.22
M,1,3,11/17/21,3.22
M,2,3,11/17/21,3.22
M,4,3,11/17/21,3.22
M,5,3,11/17/21,3.22
M,6,3,11/17/21,3.22
M,8,3,11/17/21,3.22
M,9,3,11/17/21,3.22
M,11,3,11/17/21,3.22
M,12,3,11/17/21,3.22
M,13,3,11/17/21,3.22
J,11,3,12/9/21,3.23
J,12,3,12/9/21,3.23
K,8,3,12/9/21,3.23
K,10,3,12/9/21,3.23
K,11,3,12/9/21,3.23
K,12,3,12/9/21,3.23
K,13,3,12/9/21,3.23
L,8,3,12/9/21,3.23
L,9,3,12/9/21,3.23
L,10,3,12/9/21,3.23
L,11,3,12/9/21,3.23
L,12,3,12/9/21,3.23
L,13,3,12/9/21,3.23
M,8,3,12/9/21,3.23
M,9,3,12/9/21,3.23
M,11,3,12/9/21,3.23
M,12,3,12/9/21,3.23
M,13,3,12/9/21,3.23
K,1,3,12/15/21,3.23
K,2,3,12/15/21,3.23
K,3,3,12/15/21,3.23
K,4,3,12/15/21,3.23
K,5,3,12/15/21,3.23
K,6,3,12/15/21,3.23
K,7,3,12/15/21,3.23
L,1,3,12/15/21,3.23
L,2,3,12/15/21,3.23
L,3,3,12/15/21,3.23
L,4,3,12/15/21,3.23
L,6,3,12/15/21,3.23
L,7,3,12/15/21,3.23
M,1,3,12/15/21,3.23
M,2,3,12/15/21,3.23
M,4,3,12/15/21,3.23
M,5,3,12/15/21,3.23
M,6,3,12/15/21,3.23
A,0,3,12/17/21,3.23
A,1,3,12/17/21,3.23
A,2,3,12/17/21,3.23
A,3,3,12/17/21,3.23
A,4,3,12/17/21,3.23
A,5,3,12/17/21,3.23
A,7,3,12/17/21,3.23
A,8,3,12/17/21,3.23
A,9,3,12/17/21,3.23
A,10,3,12/17/21,3.23
A,11,3,12/17/21,3.23
A,12,3,12/17/21,3.23
B,0,3,12/17/21,3.23
B,1,3,12/17/21,3.23
B,2,3,12/17/21,3.23
B,3,3,12/17/21,3.23
B,4,3,12/17/21,3.23
B,5,3,12/17/21,3.23
B,6,3,12/17/21,3.23
B,7,3,12/17/21,3.23
B,8,3,12/17/21,3.23
B,9,3,12/17/21,3.23
B,10,3,12/17/21,3.23
B,11,3,12/17/21,3.23
B,12,3,12/17/21,3.23
B,13,3,12/17/21,3.23
C,1,3,12/17/21,3.23
C,2,3,12/17/21,3.23
C,3,3,12/17/21,3.23
C,5,3,12/17/21,3.23
C,6,3,12/17/21,3.23
C,7,3,12/17/21,3.23
C,9,3,12/17/21,3.23
C,10,3,12/17/21,3.23
C,12,3,12/17/21,3.23
C,13,3,12/17/21,3.23
D,0,3,12/17/21,3.23
D,1,3,12/17/21,3.23
D,2,3,12/17/21,3.23
D,3,3,12/17/21,3.23
D,4,3,12/17/21,3.23
D,5,3,12/17/21,3.23
D,6,3,12/17/21,3.23
D,8,3,12/17/21,3.23
D,9,3,12/17/21,3.23
D,10,3,12/17/21,3.23
D,11,3,12/17/21,3.23
D,13,3,12/17/21,3.23
E,1,3,12/17/21,3.23
E,2,3,12/17/21,3.23
E,3,3,12/17/21,3.23
E,7,3,12/17/21,3.23
E,8,3,12/17/21,3.23
E,9,3,12/17/21,3.23
E,10,3,12/17/21,3.23
E,11,3,12/17/21,3.23
E,12,3,12/17/21,3.23
E,13,3,12/17/21,3.23
F,1,3,12/17/21,3.23
F,2,3,12/17/21,3.23
F,3,3,12/17/21,3.23
F,4,3,12/17/21,3.23
F,6,3,12/17/21,3.23
F,7,3,12/17/21,3.23
F,8,3,12/17/21,3.23
F,9,3,12/17/21,3.23
F,10,3,12/17/21,3.23
F,11,3,12/17/21,3.23
F,12,3,12/17/21,3.23
G,1,3,12/17/21,3.23
G,2,3,12/17/21,3.23
G,3,3,12/17/21,3.23
G,5,3,12/17/21,3.23
G,6,3,12/17/21,3.23
G,7,3,12/17/21,3.23
G,8,3,12/17/21,3.23
G,9,3,12/17/21,3.23
G,10,3,12/17/21,3.23
G,11,3,12/17/21,3.23
G,12,3,12/17/21,3.23
H,1,3,12/17/21,3.23
H,2,3,12/17/21,3.23
H,5,3,12/17/21,3.23
H,6,3,12/17/21,3.23
H,7,3,12/17/21,3.23
H,8,3,12/17/21,3.23
H,9,3,12/17/21,3.23
H,10,3,12/17/21,3.23
H,11,3,12/17/21,3.23
H,12,3,12/17/21,3.23
I,1,3,12/17/21,3.23
I,3,3,12/17/21,3.23
I,4,3,12/17/21,3.23
I,5,3,12/17/21,3.23
I,7,3,12/17/21,3.23
I,9,3,12/17/21,3.23
I,10,3,12/17/21,3.23
I,11,3,12/17/21,3.23
I,12,3,12/17/21,3.23
J,2,3,12/17/21,3.23
J,3,3,12/17/21,3.23
J,4,3,12/17/21,3.23
J,5,3,12/17/21,3.23
J,6,3,12/17/21,3.23
J,7,3,12/17/21,3.23
J,8,3,12/17/21,3.23
J,9,3,12/17/21,3.23
J,10,3,12/17/21,3.23