Batch#,Dormancy,ABRC Stock #,Donor id,1_371484,1_658928,1_950790,1_1247666,1_1545309,1_1831853,1_2112359,1_2402241,1_2689578,1_2978310,1_3270056,1_4139064,1_4434414,1_4716592,1_5008647,1_5305697,1_5588245,1_5876257,1_6486531,1_6750734,1_7043318,1_7332032,1_7621705,1_7906548,1_8199225,1_8511642,1_8846085,1_9081675,1_9389545,1_9645860,1_9948571,1_10232305,1_10517662,1_10817536,1_11101365,1_11402119,1_11697338,1_11966262,1_12344267,1_12843656,1_13156629,1_13451072,1_13753592,1_14332278,1_15889605,1_16136207,1_16445556,1_16923537,1_17203021,1_17775164,1_18059668,1_18352147,1_18659070,1_18926903,1_19240146,1_19529287,1_19800653,1_20108938,1_20380110,1_20668556,1_20964571,1_21251788,1_21551115,1_22152521,1_22412767,1_22723886,1_22988965,1_23292064,1_23580047,1_23857523,1_24155803,1_24435268,1_24765127,1_25032697,1_25324254,1_25609182,1_25889912,1_26181454,1_26760155,1_27057077,1_27352821,1_27626189,1_27917735,1_28220678,1_28509198,1_28806377,1_29077284,1_29384089,1_29659444,1_30245282,2_365473,2_661681,2_954162,2_1258538,2_1532339,2_1871886,2_2135186,2_2433194,2_4621443,2_5049931,2_5295348,2_5587569,2_5956920,2_6764214,2_7047117,2_7340228,2_7626054,2_7920385,2_8197294,2_8502011,2_8779839,2_9065286,2_9367070,2_9647248,2_9940989,2_10225771,2_10536215,2_10837886,2_11106932,2_11389340,2_11679435,2_11966391,2_12267422,2_12547427,2_12838094,2_13135793,2_13420085,2_13716369,2_13995766,2_14319012,2_14575482,2_14868193,2_15168170,2_15447154,2_15747054,2_16066940,2_16319037,2_16607410,2_16898396,2_17185170,2_17476046,2_17779000,2_18063832,2_18358707,2_18639532,2_18932927,2_19233555,2_19529865,3_370926,3_656579,3_961179,3_1270326,3_1525377,3_1825965,3_2112696,3_2398036,3_2692472,3_2975352,3_3269092,3_3565378,3_4141096,3_4427835,3_4718296,3_5295658,3_5619526,3_5875889,3_6175656,3_6457498,3_6749190,3_7051377,3_7329844,3_7628106,3_7914025,3_8200995,3_8497891,3_8776721,3_9139270,3_9654017,3_9940341,3_10234401,3_10587664,3_11114247,3_11399488,3_11747164,3_12041893,3_14322230,3_15210147,3_15514979,3_15759118,3_16058567,3_16362290,3_16648133,3_16899341,3_17225206,3_17486181,3_17781386,3_18077874,3_18350962,3_18651512,3_18955604,3_19220884,3_19514107,3_19799867,3_20092191,3_20401811,3_20665136,3_20960795,3_21258480,3_21558962,3_21840004,3_22144650,3_22441322,3_22704870,3_22986945,3_23275556,4_384888,4_680041,4_982791,4_1238231,4_1535171,4_2717267,4_2396469,4_2133635,4_1828832,4_3900172,4_5080132,4_5587712,4_5924099,4_6171429,4_6498644,4_6754691,4_7042854,4_7346579,4_7616384,4_7918274,4_8211444,4_8498174,4_8815569,4_9140013,4_9650672,4_9942702,4_10236673,4_10522219,4_10831675,4_11157390,4_11714851,4_12292822,4_12547100,4_12843072,4_13151997,4_13421012,4_13720933,4_14008832,4_14292115,4_14584632,4_14869919,4_15162178,4_15450267,4_15735751,4_16026122,4_16337059,4_16606958,4_16902140,4_17202249,4_17486207,4_17796648,4_18063371,4_18347312,5_367158,5_655985,5_949897,5_1245151,5_1528949,5_1839919,5_2111365,5_2408921,5_2685965,5_2985496,5_3270887,5_3570430,5_3852246,5_4136470,5_4426649,5_4726262,5_5013068,5_5336868,5_5656316,5_5889105,5_6473301,5_6752582,5_7071294,5_7334179,5_7618492,5_7914975,5_8232952,5_8569949,5_9080100,5_9376062,5_9669100,5_9969215,5_10233797,5_10639041,5_10929784,5_12552624,5_13106228,5_13707451,5_14015641,5_14545953,5_14876427,5_15185072,5_15464485,5_15768401,5_16043932,5_16326685,5_17196046,5_17503065,5_17787766,5_18072654,5_18382907,5_18640297,5_18926019,5_19227434,5_19550188,5_19797944,5_20095240,5_20390151,5_20671010,5_20961565,5_21249178,5_21548963,5_21864028,5_22116026,5_22406706,5_22711593,5_23006666,5_23277096,5_23580206,5_23870630,5_24172305,5_24444383,5_24725353,5_25017566,5_25350635,5_25599724,5_25889576,5_26180944,5_26468215,5_26757861
,,,,1,1,1,1,1,1,1,1,1,1,1,1,1,1,1,1,1,1,1,1,1,1,1,1,1,1,1,1,1,1,1,1,1,1,1,1,1,1,1,1,1,1,1,1,1,1,1,1,1,1,1,1,1,1,1,1,1,1,1,1,1,1,1,1,1,1,1,1,1,1,1,1,1,1,1,1,1,1,1,1,1,1,1,1,1,1,1,1,1,1,2,2,2,2,2,2,2,2,2,2,2,2,2,2,2,2,2,2,2,2,2,2,2,2,2,2,2,2,2,2,2,2,2,2,2,2,2,2,2,2,2,2,2,2,2,2,2,2,2,2,2,2,2,2,2,2,2,2,3,3,3,3,3,3,3,3,3,3,3,3,3,3,3,3,3,3,3,3,3,3,3,3,3,3,3,3,3,3,3,3,3,3,3,3,3,3,3,3,3,3,3,3,3,3,3,3,3,3,3,3,3,3,3,3,3,3,3,3,3,3,3,3,3,3,3,4,4,4,4,4,4,4,4,4,4,4,4,4,4,4,4,4,4,4,4,4,4,4,4,4,4,4,4,4,4,4,4,4,4,4,4,4,4,4,4,4,4,4,4,4,4,4,4,4,4,4,4,4,5,5,5,5,5,5,5,5,5,5,5,5,5,5,5,5,5,5,5,5,5,5,5,5,5,5,5,5,5,5,5,5,5,5,5,5,5,5,5,5,5,5,5,5,5,5,5,5,5,5,5,5,5,5,5,5,5,5,5,5,5,5,5,5,5,5,5,5,5,5,5,5,5,5,5,5,5,5,5,5
,,,,0,1.422,2.075,3.013,3.384,3.943,4.408,5.25,5.343,6.112,6.206,8.36,8.842,9.507,9.916,10.312,11.03,11.501,11.97,12.636,13.483,14.053,14.525,16.069,18.117,18.877,19.638,20.792,21.941,22.704,23.652,24.623,25.681,26.545,28.103,29.502,30.882,32.413,33.796,35.512,37.885,38.268,38.363,38.459,38.554,39.911,40.59,42.502,43.493,46.721,47.977,48.931,49.788,50.352,51.496,52.543,53.291,54.325,54.603,55.197,55.601,55.904,56.275,57.347,58.632,58.823,60.236,60.984,61.076,61.824,62.477,63.146,64.88,66.846,67.637,68.419,70.447,71.997,74.435,75.399,76.971,77.163,77.86,78.551,79.56,80.38,80.886,82.142,83.088,83.845,0,4.606,6.33,8.55,10.17,11.4,12.822,14.736,15.107,15.2,15.48,15.761,17.687,22.613,24.312,25.601,26.841,27.893,29.449,30.714,31.706,31.992,32.589,34.308,35.592,37.365,38.247,39.837,40.254,41.761,42.345,43.114,44.28,46.948,48.042,48.734,49.409,49.516,49.704,50.366,50.646,51.02,52.453,53.036,53.415,54.399,54.885,55.269,56.022,56.402,56.779,56.874,58.025,58.313,58.594,59.444,60.487,60.86,0,0.094,1.032,1.688,2.155,2.533,2.82,3.487,3.96,4.523,5.092,6.349,7.208,7.313,8.176,9.637,10.681,11.184,11.853,12.641,13.533,14.728,15.618,16.51,18.033,19.705,22.343,23.319,25.381,28.021,29.512,31.527,32.697,37.858,39.55,40.641,41.121,41.309,41.402,42.553,43.813,44.974,45.949,49.119,50.183,51.952,53.323,54.095,54.672,55.367,57.064,58.618,59.188,60.383,61.53,63.124,63.604,64.18,64.928,65.487,65.858,66.606,66.791,67.54,68.386,69.618,70.466,0,2.329,6.129,7.648,8.975,9.255,12.891,14.399,15.265,15.674,15.767,18.335,19.776,20.73,24.028,25.332,26.733,27.984,29.948,31.047,32.149,33.418,34.491,35.766,37.38,39.077,41.05,42.292,43.507,44.312,46.649,48.883,50.004,50.195,50.574,51.142,51.331,51.993,52.369,52.847,53.543,53.935,54.131,54.523,55.222,55.523,55.916,56.299,56.593,57.696,59.526,60.435,60.721,0,1.428,2.63,3.939,4.594,4.913,5.695,6.678,7.459,7.652,8.525,9.384,10.048,10.434,10.717,10.811,11.39,11.972,13.126,13.602,14.471,14.668,14.963,15.919,16.811,18.508,20.419,21.967,27.139,28.533,29.833,32.507,34.144,36.082,36.645,36.738,37.016,38.26,40.107,41.4,43.043,44.949,46.891,48.063,49.947,50.244,50.45,50.962,51.576,52.441,53.407,54.267,54.836,56.611,57.476,57.664,58.578,59.597,60.101,60.596,61.278,62.603,64.099,64.62,66.055,66.456,67.732,68.693,69.359,70.123,70.596,70.983,71.373,72.063,72.931,73.61,74.474,75.802,77.422,78.174
1,Dormant,CS98361,30,a,a,a,a,a,a,a,a,a,a,a,a,a,a,a,a,a,a,a,a,a,a,a,a,a,a,a,a,a,a,a,a,a,a,a,a,b,b,b,b,b,b,b,b,b,b,b,b,b,b,NA,b,b,b,b,b,b,b,b,b,b,b,b,b,b,b,b,b,b,b,b,b,b,b,b,b,b,b,b,b,b,b,b,b,b,b,b,b,b,b,a,a,a,a,a,a,a,a,a,a,a,a,a,a,a,a,a,a,a,a,a,a,a,a,a,a,a,a,a,a,a,a,a,a,a,a,a,a,a,a,a,a,a,a,a,a,a,a,a,a,a,a,a,a,a,a,a,a,b,b,b,b,b,b,b,b,b,b,b,b,b,b,b,b,b,b,b,b,b,b,b,b,b,b,b,b,b,b,b,b,b,b,b,b,b,b,b,b,b,b,b,b,b,b,b,b,b,b,b,b,b,b,b,b,b,b,b,b,b,b,b,b,b,b,b,a,a,a,a,a,a,a,a,a,a,a,a,a,a,a,a,a,a,a,a,NA,a,a,a,a,a,a,a,a,a,a,a,a,a,a,a,a,a,a,a,a,a,a,a,a,a,a,a,a,a,a,a,a,a,a,a,a,a,a,a,a,a,a,a,a,a,a,a,a,a,a,a,a,a,a,a,a,a,a,a,a,a,a,a,b,b,b,b,b,b,b,a,a,a,a,a,a,a,a,a,a,a,a,a,a,a,a,a,a,a,a,a,a,a,a,a,a,a,a,a,a,a,a,a,a,a,a,a,a,a,a,a,a
1,Dormant,CS98394,85,a,a,a,a,a,a,a,a,a,a,a,a,a,a,a,a,a,a,a,a,a,a,a,a,a,a,a,a,a,a,a,a,a,a,a,a,a,a,a,a,a,a,a,a,a,a,a,a,a,a,a,a,a,a,a,a,a,a,a,a,a,a,a,a,a,a,a,a,a,a,a,a,NA,NA,NA,NA,NA,NA,b,b,b,b,b,b,b,b,b,b,b,b,a,a,a,a,a,a,a,a,a,a,a,a,a,a,a,a,a,a,a,a,a,a,a,a,a,a,a,a,a,a,a,a,a,a,a,a,a,a,a,a,a,a,a,a,a,a,a,a,a,a,a,a,a,a,a,a,a,a,b,b,b,b,b,b,b,b,b,b,b,b,b,b,b,b,b,b,b,b,b,b,b,b,b,b,b,b,b,b,b,b,b,b,b,NA,b,b,b,b,b,b,b,b,b,b,b,b,b,b,b,b,b,b,b,b,b,b,b,b,b,b,b,b,b,b,b,a,a,a,a,a,a,a,a,a,a,a,a,a,a,a,a,a,a,a,a,a,a,a,a,a,a,a,a,b,a,a,a,a,a,a,a,a,a,a,a,a,a,a,a,a,a,a,a,a,a,a,a,a,a,a,a,a,a,a,a,a,a,a,a,a,a,a,a,a,a,a,a,a,a,a,a,a,a,a,a,a,a,a,a,a,a,a,a,a,a,a,a,a,a,b,b,b,a,a,a,a,a,a,a,a,b,b,b,b,b,b,b,b,b,b,b,b,b,b,b,b,b,b,b,b,b,b,b,b,b,b,b,b
1,Dormant,CS98396,88,b,b,b,b,b,b,b,b,b,b,b,b,b,b,b,b,b,b,b,b,b,b,b,b,b,b,b,b,b,b,b,b,b,b,b,b,b,b,b,b,b,b,b,b,b,b,b,b,b,b,b,b,b,b,b,b,b,b,b,b,b,a,a,a,a,a,a,a,a,a,a,a,a,a,a,a,a,a,a,a,a,a,a,a,a,a,a,a,a,a,b,b,b,b,b,b,b,b,b,b,b,b,b,a,a,a,a,a,a,a,a,a,a,a,a,a,a,a,a,a,a,a,a,a,a,a,a,a,a,a,a,a,a,a,a,a,a,a,a,a,a,a,a,a,a,a,a,a,a,a,a,a,a,a,a,a,a,a,a,a,a,a,a,a,a,a,a,a,a,a,a,a,a,a,a,a,a,a,a,a,a,a,a,a,a,a,a,a,a,a,a,a,a,a,a,a,a,a,a,a,a,a,a,a,a,a,a,a,a,a,a,a,a,a,a,b,b,b,a,a,a,a,a,a,a,a,a,a,a,a,a,a,a,a,a,a,a,a,a,a,a,a,a,a,a,a,b,b,b,b,b,b,b,b,a,a,a,a,a,a,a,a,a,a,a,a,a,a,a,a,a,a,a,a,a,a,a,a,a,a,a,a,a,a,a,a,a,a,a,a,a,a,a,a,a,a,b,b,b,b,a,a,a,a,a,a,a,a,a,a,a,a,a,a,a,a,a,a,a,a,a,a,a,a,a,a,a,a,a,a,a,a,a,a,a,a,a,a,a,a,a,a,a,a,a,a,a,a
1,Dormant,CS98421,130,a,a,a,a,a,a,a,a,a,a,a,a,a,a,a,a,a,a,a,a,a,a,a,a,a,a,a,a,a,a,a,a,a,a,a,a,a,a,a,a,a,a,a,a,a,a,a,a,a,a,a,a,a,a,a,a,a,a,a,a,a,a,a,a,a,a,a,a,a,a,a,a,a,a,a,a,a,b,b,b,b,b,b,b,b,b,b,b,b,b,b,b,b,b,b,b,b,b,b,b,b,b,b,b,b,b,b,b,b,b,b,b,b,b,b,b,b,b,b,b,b,b,a,a,a,a,a,a,a,a,a,a,a,a,a,a,a,a,a,a,a,a,a,a,a,a,a,a,b,b,b,b,b,b,b,b,b,b,b,b,b,b,b,b,b,b,b,b,b,b,b,b,b,b,b,b,b,b,b,b,b,b,b,b,b,b,b,b,b,b,b,b,b,b,b,b,b,b,b,b,b,b,b,b,b,b,b,b,b,b,b,b,b,b,b,b,b,b,b,b,b,a,a,a,a,a,a,a,a,a,a,a,a,a,a,a,a,a,a,a,a,a,a,a,a,a,a,a,a,a,a,a,a,a,a,a,a,a,a,a,a,a,a,a,a,a,a,a,a,a,a,a,a,a,a,a,a,a,a,a,a,a,a,a,a,a,a,a,a,a,a,a,a,a,a,a,a,a,a,a,a,a,a,a,a,a,a,a,a,a,a,a,a,a,a,a,a,a,a,a,b,b,b,b,b,b,b,b,b,b,b,b,b,b,b,b,b,b,b,b,b,b,b,b,b,b,b,b
1,Dormant,CS98436,149,b,b,b,b,b,b,b,b,b,b,b,b,b,b,b,b,b,b,b,b,b,b,b,b,b,b,b,b,b,b,b,b,b,b,b,b,b,b,b,b,b,b,b,b,b,b,b,b,a,a,a,a,a,a,a,a,a,a,a,a,a,a,a,a,a,a,a,a,a,a,a,a,a,a,a,a,a,a,a,a,a,a,a,a,a,a,a,a,a,a,a,a,a,a,a,a,a,a,a,a,a,a,a,a,a,a,a,a,a,a,a,a,a,a,a,a,a,a,a,a,a,a,a,a,a,a,a,a,a,a,a,a,a,a,a,a,a,a,a,a,a,a,a,a,a,a,a,a,NA,NA,NA,NA,NA,NA,NA,NA,NA,NA,NA,NA,NA,NA,NA,b,b,b,b,b,b,b,b,b,b,b,b,b,b,b,b,b,b,b,b,b,b,b,b,b,b,b,b,a,a,a,a,a,a,a,a,a,a,a,a,a,a,a,a,a,a,a,a,a,a,a,a,a,a,a,a,a,a,a,a,a,a,a,a,a,a,a,a,a,a,a,a,a,a,a,a,b,b,b,b,b,b,b,b,b,b,b,b,b,b,b,b,b,b,b,b,b,b,b,b,b,b,b,b,b,b,b,b,b,b,b,b,b,b,b,b,b,b,b,b,b,a,a,a,a,a,a,a,a,a,a,a,a,a,a,a,a,a,a,a,a,a,a,a,a,a,a,a,a,a,a,a,a,a,a,a,a,a,a,a,a,a,a,a,a,a,a,a,a,a,a,a,a,a,a,a,a,a,a,a,a,a,a,a,a
1,Dormant,CS98441,157,a,a,a,a,a,a,a,a,a,a,a,a,a,a,a,a,a,a,a,a,a,a,a,a,a,a,a,a,a,a,a,a,a,a,a,a,a,a,a,a,a,a,a,a,a,a,a,a,a,a,a,a,a,a,a,a,a,a,a,a,a,a,a,a,a,a,a,a,a,a,a,a,a,a,a,a,a,a,a,a,a,a,a,a,a,a,a,a,a,a,b,b,b,a,a,a,a,a,a,a,a,a,a,a,a,a,a,a,a,a,a,a,a,a,a,a,a,a,a,a,a,a,a,a,a,a,a,a,a,a,a,a,a,a,a,a,a,a,a,a,a,a,a,a,a,a,b,b,b,b,b,b,b,b,b,b,b,b,b,b,b,b,b,b,b,b,b,b,b,b,b,b,b,b,b,b,b,b,b,b,b,b,b,b,b,b,b,b,b,b,b,b,b,b,b,b,b,b,b,b,b,b,b,b,b,b,b,b,b,b,b,b,b,b,b,b,b,b,b,b,b,b,b,b,b,b,b,b,b,b,b,b,b,b,a,a,a,a,a,a,a,a,a,a,a,a,a,a,a,a,a,a,a,a,a,a,a,a,a,a,a,a,a,a,a,a,a,a,b,b,b,b,b,a,a,a,a,a,a,a,a,a,a,a,a,a,a,a,a,a,a,a,a,a,a,a,a,a,a,a,a,a,a,a,a,a,a,a,a,a,a,a,a,a,a,a,a,a,a,a,a,a,a,a,a,a,a,a,a,a,a,a,a,b,b,b,b,b,b,b,b,b,b,b,b,b,b,b
1,Dormant,CS98452,174,b,b,b,b,b,b,b,b,b,b,b,a,a,a,a,a,a,a,a,a,a,a,a,a,a,a,a,b,b,b,b,b,b,b,b,b,b,b,b,b,b,b,b,b,b,b,b,b,b,a,a,a,a,a,a,a,a,a,a,a,a,a,a,a,a,a,a,a,a,a,a,a,b,b,b,b,b,b,b,b,b,b,b,b,b,b,b,b,NA,b,a,a,a,a,a,a,a,a,a,a,a,a,a,a,a,a,a,a,a,a,a,a,a,a,a,a,a,a,a,a,a,a,a,a,a,a,a,a,a,a,a,b,b,b,b,b,b,b,b,b,b,b,b,b,b,b,b,b,a,a,a,a,a,a,a,a,a,a,a,a,a,a,a,a,a,a,a,a,a,a,a,a,a,a,a,a,a,a,a,a,a,a,a,a,a,a,a,a,a,a,a,a,a,a,a,a,a,a,a,a,a,a,a,a,a,a,a,b,b,b,b,b,b,b,b,a,a,a,a,a,a,a,a,a,a,a,a,a,a,a,a,a,a,a,a,a,a,a,a,a,a,a,a,a,a,a,a,a,a,a,a,a,a,a,a,a,a,a,a,a,a,a,a,a,a,a,a,a,a,a,a,a,a,a,a,a,a,a,a,a,a,a,a,a,a,a,a,a,a,a,a,a,a,a,a,a,b,a,a,a,a,a,a,a,a,a,a,a,a,a,a,a,a,a,a,a,a,a,a,a,a,a,a,a,a,a,a,a,a,a,a,a,a,a,a,a,a,a,a,a,a,a,a,a,a,a,a,a
1,Dormant,CS98467,195,a,a,a,a,a,a,a,a,a,a,a,a,a,a,a,a,a,a,a,a,a,a,a,a,a,a,a,a,a,a,a,a,a,a,a,a,a,a,a,a,a,a,a,a,a,a,a,a,a,a,a,a,a,a,a,a,a,a,a,a,a,a,a,a,a,a,a,a,a,a,b,b,b,b,b,b,b,b,b,b,b,b,b,b,b,b,b,b,b,b,a,a,a,a,a,a,a,a,a,a,a,a,a,a,a,a,a,a,a,a,a,a,a,a,a,a,a,a,a,a,a,a,a,a,a,a,a,a,a,a,a,a,a,a,a,a,a,a,a,a,a,a,a,a,a,a,a,a,a,a,a,a,a,a,a,a,a,a,a,a,a,a,a,a,a,a,a,a,a,a,a,a,a,a,a,a,a,a,a,a,a,a,a,a,a,a,a,a,a,a,a,a,a,a,a,a,a,a,a,a,a,a,a,a,a,a,a,a,a,a,a,a,a,a,a,a,a,a,a,a,a,a,a,a,a,a,b,b,b,a,a,a,a,b,b,b,b,b,b,b,b,b,b,b,b,b,b,b,b,b,b,b,a,a,a,a,a,a,a,a,a,a,a,a,a,a,a,a,b,b,b,b,b,b,b,b,b,b,b,b,b,b,b,b,b,b,b,b,b,b,b,b,b,b,b,b,b,b,b,b,b,b,b,b,b,b,a,a,b,b,NA,NA,a,a,a,a,a,a,a,a,a,a,a,a,a,a,a,a,a,a,a,a,a,a,a,a,a,a,a,a,a,a,a,a,a,a,a,a
1,Dormant,CS98488,222,b,b,b,b,b,b,b,b,b,b,b,b,b,b,b,b,b,b,b,b,b,b,b,b,b,b,b,b,b,b,b,b,b,b,b,b,b,b,b,NA,NA,NA,NA,NA,NA,NA,NA,NA,NA,NA,NA,NA,NA,NA,a,a,a,a,a,a,a,a,a,a,a,a,a,a,b,b,b,b,b,b,b,b,b,b,b,b,b,b,b,b,b,b,b,b,b,b,b,b,b,b,b,b,b,b,b,b,b,b,b,a,a,a,a,a,a,a,a,a,a,a,a,a,a,a,a,a,a,a,a,a,a,a,a,a,a,a,a,a,a,a,a,a,a,a,a,a,a,a,a,a,a,a,a,a,a,a,a,a,a,a,a,a,a,a,a,a,a,a,a,a,a,b,b,a,a,a,a,a,a,a,a,a,a,a,a,a,a,a,a,a,a,a,a,a,a,a,a,a,a,a,a,a,a,a,a,a,a,a,a,a,a,a,a,a,a,a,a,a,a,a,a,b,b,a,a,a,a,a,a,a,a,a,a,a,a,a,a,a,a,a,a,a,a,a,a,a,b,b,b,b,b,b,b,b,b,b,b,b,b,b,b,b,b,b,b,b,b,b,b,b,b,b,b,b,b,b,b,b,b,b,b,b,b,b,b,b,b,b,b,b,b,b,b,b,b,b,b,b,b,b,b,b,b,b,b,b,b,b,b,b,b,b,b,b,a,a,a,a,a,a,a,a,a,a,a,a,a,a,a,a,a,a,a,a,a,a,a,a,a,a,a,a,a,a,a,a,a,a,a,a,a,a,a,a
1,Dormant,CS98522,270,a,a,a,a,a,a,a,a,a,a,a,a,a,a,a,a,a,a,b,b,b,b,a,a,b,b,b,b,b,b,b,b,b,b,b,b,b,b,b,a,a,a,a,a,a,a,a,a,a,a,a,a,a,a,a,a,a,a,a,a,a,a,a,a,a,a,a,a,a,a,a,a,a,a,a,a,b,b,b,b,b,b,b,b,b,b,b,b,b,b,b,b,b,b,b,b,b,b,b,b,b,b,b,b,b,b,b,b,b,b,b,b,b,b,b,b,b,b,b,b,b,b,b,a,a,a,a,a,a,a,a,a,a,a,a,a,a,a,a,a,a,a,a,a,a,a,b,b,a,a,a,a,a,a,a,a,a,a,a,a,a,a,a,a,a,a,a,a,a,a,a,a,a,a,a,a,a,a,a,a,a,a,a,a,a,a,a,a,a,a,a,a,a,a,a,a,a,a,a,a,a,a,a,a,a,a,a,a,a,a,a,a,a,a,a,a,a,a,a,a,a,a,a,a,a,a,a,a,b,b,b,b,b,b,b,b,b,b,b,b,b,b,b,b,b,b,b,b,b,b,b,b,b,b,b,b,b,b,b,b,b,b,b,b,b,b,b,b,b,b,b,b,b,b,b,b,b,b,b,b,b,b,b,b,b,b,b,b,b,b,b,b,b,b,b,b,b,b,b,b,b,b,b,b,b,b,b,b,b,a,a,a,a,a,a,a,a,a,a,a,b,a,a,a,a,a,a,a,a,a,a,a,a,a,a,b,b,b,b,b,b,b,b,b,b,b,b,b
1,Dormant,CS98575,360,b,b,b,b,b,b,b,b,b,b,b,b,b,b,b,b,b,b,b,b,b,b,b,b,b,b,b,b,b,b,b,b,b,b,b,b,b,b,b,b,b,b,b,b,b,b,b,b,b,b,b,b,b,b,b,b,b,b,b,b,b,b,b,a,a,a,a,a,a,a,a,a,a,a,a,a,a,a,a,a,a,a,a,a,a,a,a,a,a,a,b,b,b,b,b,b,b,b,b,b,b,b,b,a,a,a,a,a,a,a,a,a,a,a,a,a,a,a,a,a,a,a,a,a,a,a,a,a,a,a,a,a,a,a,a,a,a,b,b,b,b,b,b,b,b,b,b,b,a,a,a,a,a,a,a,a,a,a,a,a,a,a,a,a,a,a,a,a,a,a,a,b,b,b,a,a,a,a,a,a,a,a,a,a,a,a,a,a,a,a,a,a,a,a,a,a,a,a,a,a,a,a,a,a,a,a,a,a,a,a,a,a,a,a,a,a,a,a,a,a,a,a,a,a,a,a,a,a,a,a,a,a,b,b,b,b,b,b,b,b,b,b,b,b,b,b,b,b,b,b,b,b,b,b,b,b,b,b,b,b,b,b,b,b,b,b,b,b,b,b,b,b,b,b,b,b,b,b,b,b,b,b,a,a,a,a,a,a,a,a,a,a,a,a,a,a,a,a,a,a,a,a,a,a,a,a,a,a,a,a,a,a,a,a,a,a,a,a,a,a,a,a,a,a,a,a,a,a,a,a,a,a,a,a,a,a,a,a,a,a,b,b,b,b,b,b,b,b
1,Dormant,CS98593,395,b,b,b,b,b,b,b,b,b,b,b,b,b,b,b,a,a,a,a,a,a,a,a,a,a,a,a,a,a,a,a,a,a,a,a,a,a,a,a,a,b,b,b,b,b,b,b,b,b,b,b,b,b,b,b,b,b,b,b,a,a,a,a,NA,NA,NA,NA,a,a,a,NA,a,a,a,a,a,a,a,a,NA,NA,a,a,a,NA,a,a,a,a,a,a,a,a,a,a,a,a,a,a,a,a,a,a,a,a,a,a,a,a,a,a,a,a,a,a,a,a,a,a,a,a,a,a,a,a,a,a,a,a,a,a,a,a,a,a,a,a,a,a,a,a,a,a,a,a,a,NA,a,b,b,b,b,b,b,b,b,b,b,b,b,b,b,b,b,b,b,b,b,b,b,b,b,b,b,b,a,a,a,a,a,a,a,a,a,a,a,a,a,a,a,a,a,NA,a,a,a,a,a,a,a,a,a,a,a,a,a,a,a,a,a,a,a,a,a,a,b,b,b,b,b,b,b,b,b,b,b,b,b,b,b,b,b,b,b,b,b,b,NA,b,b,b,b,b,b,b,b,b,b,b,b,b,b,b,b,b,b,b,b,b,b,b,b,b,b,b,b,b,b,b,b,b,b,b,b,b,b,b,b,b,a,a,a,a,NA,a,a,a,a,NA,a,NA,a,a,a,a,a,a,a,a,a,a,a,a,a,a,a,a,a,a,a,a,a,a,a,a,a,a,a,a,a,a,a,a,a,a,a,a,a,a,a,a,a,a,a,a,a,a,a,a,a,a,a,a,a,a,a,a,a
1,Dormant,CS98605,420,b,b,b,b,b,b,b,b,b,b,b,b,b,b,b,b,b,b,b,b,b,b,b,b,b,b,b,b,a,a,a,a,a,a,a,a,a,a,a,a,a,a,a,a,a,a,a,a,a,a,a,a,a,a,a,a,a,a,a,a,a,a,a,a,a,a,a,a,a,a,a,a,a,a,a,a,a,a,a,a,a,a,a,a,a,a,a,a,a,a,b,b,b,b,b,b,b,b,b,b,b,b,b,b,b,b,b,b,b,b,b,b,b,b,b,a,a,a,a,a,a,a,a,a,a,a,a,a,a,a,a,a,a,a,a,a,a,a,a,a,a,a,a,a,a,a,a,a,a,a,a,a,a,a,a,b,b,b,b,b,b,b,b,b,b,b,b,b,b,b,b,b,b,b,b,b,b,b,b,b,b,b,b,b,b,b,b,b,b,b,b,b,b,b,b,b,b,b,b,b,b,b,b,b,b,b,b,b,b,b,b,b,b,b,b,b,b,b,b,b,b,b,b,b,b,b,b,b,b,b,b,b,b,a,a,a,a,a,a,a,a,a,a,a,a,a,a,a,a,a,a,a,a,a,a,a,a,a,a,a,a,a,a,a,a,a,a,a,a,a,a,a,a,a,a,a,a,a,a,a,a,a,a,a,a,a,a,a,a,a,a,a,a,a,a,a,a,a,a,a,a,a,a,a,a,a,a,a,a,a,a,a,a,a,a,a,a,a,a,a,a,a,a,a,a,a,a,a,a,a,b,b,b,b,b,b,b,b,b,b,b,b,b,b,b,b,b,b
1,Dormant,CS98606,423,b,b,b,b,b,b,b,b,b,b,b,b,b,a,a,a,a,a,a,a,a,a,a,a,a,a,a,a,a,a,a,a,a,a,a,a,a,a,a,a,a,a,a,a,a,a,a,a,a,a,a,a,a,b,b,b,b,b,b,b,b,b,b,b,b,b,b,b,b,b,b,b,b,b,b,b,b,b,b,b,b,b,b,b,b,b,b,b,b,b,a,a,a,a,a,a,a,a,a,a,a,a,a,a,a,a,a,a,a,a,a,a,a,a,a,a,a,a,a,a,a,a,a,a,a,a,a,a,a,a,a,a,a,a,a,a,a,a,a,a,a,a,a,a,a,a,a,a,a,a,a,a,a,a,a,a,a,a,a,a,a,a,a,a,a,a,a,a,a,a,a,a,a,a,a,a,a,a,a,a,a,a,a,a,a,a,a,a,a,a,a,a,a,a,a,a,a,a,a,a,a,a,a,a,a,a,a,a,a,a,a,a,a,a,a,a,a,a,a,a,a,NA,NA,NA,NA,NA,NA,NA,NA,b,b,b,b,b,b,b,b,b,b,b,b,b,b,b,b,b,b,b,b,NA,b,b,b,b,b,b,b,b,b,b,b,b,b,b,b,b,b,b,b,b,b,b,b,b,b,b,b,b,b,b,b,b,b,b,b,b,b,b,b,b,b,b,b,b,b,b,b,b,b,a,a,a,a,a,a,a,a,a,a,a,a,a,a,a,a,a,a,a,a,a,a,a,a,a,a,a,a,a,a,a,a,a,a,a,a,a,a,a,a,a,a,a,a,a,a,a,a,a
1,Dormant,CS98611,431,a,a,a,a,a,a,a,a,a,a,a,a,a,a,a,a,a,a,a,a,a,a,a,a,a,a,a,a,a,a,a,a,a,a,a,a,b,b,b,b,b,b,b,b,b,b,b,b,b,b,b,b,b,b,b,b,b,b,b,b,b,b,b,b,b,b,b,b,b,b,b,b,b,b,b,b,b,b,b,b,b,b,b,b,b,b,b,b,b,b,a,a,a,a,a,a,a,a,a,a,a,a,a,a,a,a,a,a,a,a,a,a,a,a,a,a,a,a,a,a,a,a,a,a,a,a,a,a,a,a,a,a,a,a,a,a,a,a,a,a,a,a,b,b,b,b,b,b,a,a,a,a,a,a,a,a,a,a,a,a,a,a,a,a,a,a,a,a,a,a,a,a,a,a,a,a,a,a,a,a,a,a,a,a,a,a,a,a,a,a,a,a,a,a,a,a,a,a,a,a,a,a,a,a,a,a,a,a,a,a,a,a,a,a,a,a,a,a,a,a,a,b,b,b,b,b,b,b,b,b,b,b,a,a,a,a,a,a,a,a,a,a,a,a,a,a,a,a,a,a,a,a,a,a,a,a,a,a,a,a,a,a,a,a,a,a,a,a,b,b,b,b,b,b,b,b,b,b,b,b,b,b,b,b,b,b,b,b,b,b,b,b,b,b,b,b,a,a,a,a,a,a,a,a,a,a,a,a,a,a,a,a,a,a,a,a,a,a,a,a,a,a,a,a,a,a,a,a,a,a,a,a,a,a,a,NA,NA,NA,NA,NA,NA,b,b,b,b,b,b,b
1,Dormant,CS98612,432,a,a,a,a,a,a,a,a,a,a,a,a,a,a,a,a,a,a,a,b,b,b,b,b,b,b,b,b,b,b,b,b,b,b,a,a,a,a,a,a,a,a,a,a,a,a,a,a,a,a,a,a,b,b,b,b,b,b,b,b,b,b,b,b,b,b,b,b,b,b,b,b,b,b,b,b,b,b,b,b,b,b,b,b,b,b,b,b,b,b,a,a,a,a,a,a,a,a,a,a,a,a,a,a,a,a,a,a,a,a,a,a,a,a,a,a,a,a,a,a,a,a,a,a,a,a,a,a,a,a,a,a,a,a,a,a,a,a,a,a,a,a,a,a,a,a,a,a,a,a,a,a,a,a,a,a,a,a,a,a,a,a,a,a,a,a,a,a,a,a,a,a,a,a,a,a,a,a,a,a,a,a,a,a,a,a,a,a,a,a,a,a,a,a,a,a,a,a,b,b,b,b,a,a,a,a,a,a,a,a,a,a,a,a,a,b,b,b,b,b,b,b,b,b,b,b,b,b,b,b,b,b,b,b,b,b,b,b,b,b,b,b,b,b,b,b,b,b,b,b,b,b,b,b,b,b,b,b,b,b,b,b,b,b,b,b,b,b,b,b,b,b,b,b,a,a,a,a,a,a,a,a,a,a,a,a,a,a,a,a,a,a,a,a,a,a,a,a,a,a,a,a,a,a,a,a,a,a,a,a,a,a,a,a,a,a,a,a,a,a,a,a,a,a,a,a,a,a,a,a,a,a,a,a,a,a,a,a,a,a,a,a,a,a,a,a,a,a
1,Dormant,CS98657,504,b,b,b,b,b,b,b,b,b,b,b,b,b,b,b,b,b,b,b,b,b,b,b,b,b,b,b,b,b,b,b,b,b,b,b,b,b,b,b,b,b,b,b,b,b,a,a,a,a,a,a,a,a,a,a,a,a,a,a,a,a,a,a,a,a,NA,b,b,b,b,b,b,b,b,b,b,b,b,b,b,b,b,b,b,b,b,b,b,b,b,a,a,a,a,a,a,a,a,a,a,a,a,a,a,b,a,a,a,a,a,a,a,a,a,a,a,a,a,a,a,a,a,a,a,a,a,a,a,a,a,a,a,a,a,a,a,a,a,a,a,a,a,a,a,a,a,a,a,b,b,b,b,b,b,b,b,b,b,b,b,b,b,b,b,b,b,b,b,b,b,b,b,b,b,b,b,b,b,b,b,b,b,b,b,b,b,b,b,b,b,b,b,b,b,b,b,b,b,b,b,b,b,b,b,b,b,b,b,b,b,b,b,b,b,b,b,b,a,a,a,a,a,a,a,a,a,a,a,a,a,a,a,a,a,a,a,a,a,a,a,a,b,b,b,b,b,b,b,b,b,b,b,b,b,b,b,b,b,b,b,b,b,b,b,b,b,b,b,NA,a,a,a,a,a,a,a,a,a,a,a,a,a,a,a,a,b,b,b,a,a,a,a,a,a,a,a,a,a,a,a,a,a,a,a,a,a,a,a,NA,NA,a,a,a,a,a,a,a,a,a,a,a,a,a,a,a,a,a,a,a,a,a,a,a,a,a,a,a,a,a,a,a,a,a,a,a,a,a,a
1,Dormant,CS98658,506,b,b,b,b,b,b,b,b,b,b,b,b,b,b,b,b,b,b,b,b,b,b,b,b,b,b,b,b,b,b,b,b,b,b,b,b,b,b,b,b,b,b,b,b,b,b,b,b,b,a,a,a,a,a,b,b,b,b,b,b,b,b,b,b,b,b,b,b,b,a,a,a,a,a,a,a,a,a,a,a,a,a,a,a,a,a,a,a,a,a,a,a,a,a,a,a,a,a,a,a,a,a,a,a,a,a,a,a,a,a,a,a,a,a,a,a,a,a,a,a,a,a,a,a,a,a,a,a,a,a,a,a,a,a,a,a,a,a,a,a,a,a,a,a,a,a,a,a,b,b,b,b,b,b,b,b,b,b,a,a,a,a,a,a,a,a,a,a,a,a,a,a,a,a,a,a,a,a,a,a,a,a,a,a,a,a,a,a,a,a,a,b,b,b,NA,b,b,a,a,a,a,a,a,a,a,a,a,a,a,a,a,a,a,a,a,a,a,a,a,a,a,a,a,a,a,a,a,a,a,a,a,a,NA,a,a,NA,a,a,a,a,a,a,a,a,a,a,a,a,a,a,a,a,a,a,a,NA,NA,NA,NA,NA,NA,b,b,b,a,a,a,a,b,b,b,a,a,a,a,a,a,b,b,b,b,b,b,b,b,b,b,b,b,b,b,b,b,b,b,b,a,a,a,a,a,a,a,a,a,a,a,a,a,a,a,a,a,a,a,a,a,a,a,a,a,a,a,a,a,a,a,a,a,a,NA,a,a,a,a,a,a,a,a,a,a,a,a,a,a,a,a,a
1,Dormant,CS98668,521,b,b,b,b,b,b,b,b,b,b,b,b,b,b,b,b,b,b,b,b,b,b,b,b,b,b,b,b,b,b,b,b,b,b,b,b,b,a,a,a,a,a,a,a,a,a,a,a,a,a,a,a,a,a,a,a,a,a,a,a,a,a,a,a,a,a,a,a,a,a,a,a,a,a,a,a,b,b,b,b,b,b,b,b,b,b,b,b,b,b,a,a,a,a,a,a,a,a,a,a,a,a,a,a,a,a,a,a,a,a,a,a,a,a,a,a,a,a,a,a,a,a,a,a,a,a,a,a,a,a,a,a,a,a,a,a,a,a,a,a,a,a,a,a,a,a,a,a,a,a,a,a,a,a,a,a,a,a,a,a,a,a,a,a,a,a,a,a,a,a,a,a,a,a,a,a,a,a,a,a,a,a,a,a,a,a,a,a,a,a,a,a,a,a,a,a,a,a,a,a,a,a,a,a,a,a,a,a,a,a,a,a,a,a,a,a,a,a,a,a,a,a,a,a,a,a,a,a,a,a,a,a,a,a,a,a,a,a,a,a,a,a,a,a,a,a,a,a,a,a,a,a,a,a,a,a,a,a,a,a,a,a,a,a,a,a,a,a,b,a,a,a,a,a,a,a,a,a,a,a,a,a,a,a,a,a,a,a,a,a,a,a,a,b,b,b,b,b,b,b,b,b,b,b,b,b,b,b,b,b,b,b,a,a,a,a,a,a,a,a,a,a,a,a,a,a,a,a,a,a,a,a,a,a,a,a,a,a,a,a,a,a,a,a,a,a,a,a
1,Dormant,CS98686,559,a,a,a,a,a,a,a,a,a,a,a,a,a,a,a,a,a,b,b,b,b,b,b,b,b,b,b,b,b,b,b,b,b,b,b,b,b,b,b,b,b,b,b,b,b,b,b,b,b,b,b,b,b,b,b,b,b,b,b,b,b,b,b,b,b,b,b,b,b,b,b,b,b,b,b,b,b,b,b,b,b,b,b,b,b,b,b,b,b,b,b,b,b,b,b,b,b,b,b,b,b,b,a,a,a,a,a,a,a,b,b,b,b,b,NA,NA,NA,NA,NA,NA,NA,NA,NA,NA,NA,a,a,a,a,a,a,a,a,a,a,a,a,a,a,a,a,a,a,a,a,a,a,a,b,b,b,b,b,b,b,b,b,b,b,b,b,b,b,b,b,b,b,b,b,b,a,a,a,a,a,a,a,a,a,a,a,a,a,a,a,a,a,a,a,a,a,a,a,a,a,a,a,a,a,a,a,a,b,b,a,a,a,a,a,a,a,b,b,b,b,b,b,b,b,b,b,a,a,a,a,a,a,a,a,a,b,b,b,b,b,b,b,b,b,b,b,b,b,b,b,b,a,a,a,a,a,a,a,a,a,a,a,a,a,a,a,a,a,a,a,a,a,a,a,a,a,a,a,a,a,a,a,a,a,a,a,a,a,a,a,a,a,a,a,a,a,a,a,a,a,a,a,a,a,a,a,NA,NA,NA,NA,NA,NA,NA,b,b,b,b,b,b,b,b,b,b,a,a,a,a,a,a,a,a,a,a,a,a,a,a,a,a,a,a,a,a,a,a,a,a,a,a,a,a,a,a
1,Dormant,CS98692,565,a,a,a,a,a,a,a,a,a,a,a,a,a,a,a,a,a,a,a,a,a,a,a,a,a,a,a,a,a,a,a,a,a,a,a,a,a,a,a,a,a,a,a,a,a,a,a,a,a,a,a,a,a,a,a,a,a,a,a,a,a,a,a,a,a,a,a,a,a,a,a,a,a,a,a,a,a,a,a,a,a,a,a,a,a,a,a,a,a,a,a,a,a,a,a,a,a,a,a,a,a,a,a,a,a,a,a,a,a,a,a,a,a,a,a,a,a,a,a,a,a,a,a,a,a,a,a,a,a,a,a,a,a,a,a,a,a,a,a,a,a,a,a,a,a,a,a,a,b,b,b,b,b,b,b,b,b,b,b,b,a,a,a,a,a,a,a,a,a,a,a,a,a,a,a,a,a,a,a,a,a,a,a,a,a,a,a,a,a,a,b,b,b,b,b,b,b,b,b,b,b,b,b,b,b,b,b,b,b,b,b,b,b,b,b,b,b,b,b,b,b,b,b,b,b,b,b,b,b,b,b,b,b,b,b,b,b,b,b,b,b,b,b,b,b,b,b,b,b,b,b,b,b,b,b,b,b,b,b,b,b,b,b,b,b,b,b,b,b,b,b,b,b,b,b,b,b,b,b,b,b,b,b,b,b,b,b,b,b,b,b,b,b,b,b,b,a,a,a,a,a,a,a,a,a,a,a,a,a,a,a,a,a,a,a,a,a,a,a,a,a,a,a,a,a,a,a,a,a,a,a,a,a,a,a,a,a,a,a,a,a,a,a,a,a,a,a,a
1,Dormant,CS98719,614,b,b,b,b,b,b,b,b,b,b,b,b,b,b,b,b,b,b,b,b,b,b,b,b,b,b,b,b,b,b,b,b,b,b,b,b,b,b,b,b,b,b,b,b,b,b,b,b,b,b,b,b,b,b,b,b,b,b,b,b,b,b,b,b,b,b,b,b,b,b,b,b,b,b,b,b,b,b,b,b,b,b,b,b,b,b,b,b,b,b,a,a,a,a,a,a,a,a,a,a,a,a,a,a,b,b,b,b,b,b,b,b,b,b,b,b,b,b,b,b,b,b,b,a,a,a,a,a,a,a,a,a,a,a,a,a,a,a,a,a,a,a,a,a,a,a,a,a,b,b,b,b,b,b,b,b,b,b,b,b,b,b,b,b,b,b,b,b,b,b,b,b,b,b,b,b,b,b,b,b,b,b,b,b,b,b,b,b,b,b,b,b,b,b,b,b,b,b,b,a,a,a,a,b,b,b,b,b,b,b,b,b,b,b,b,a,a,a,a,a,a,a,a,a,a,a,a,a,a,a,a,a,a,a,a,a,a,a,a,a,a,a,a,a,a,a,a,a,a,a,a,a,a,a,a,a,b,b,b,b,b,b,b,b,b,b,a,a,b,b,b,b,b,b,b,b,b,b,b,b,b,b,b,b,b,b,b,b,b,b,b,b,b,b,b,b,b,b,b,b,b,b,b,b,b,b,b,b,b,a,a,a,a,a,a,a,a,a,a,a,a,b,b,b,b,b,b,b,b,b,b,b,b,b,b,b,b,b,b,b,b,b,b,b,b,b,b,b
1,Dormant,CS98734,656,b,b,b,b,b,b,b,b,b,b,b,b,b,b,b,b,b,b,b,b,b,b,b,b,b,b,b,b,b,b,b,b,b,b,b,b,b,b,b,b,b,b,b,b,b,b,b,b,b,a,a,a,a,a,a,a,a,a,a,a,a,a,a,a,a,a,a,a,a,a,a,a,b,b,b,b,b,b,b,b,b,b,b,b,b,b,b,b,b,b,a,a,a,a,a,a,a,a,a,a,a,a,a,a,a,a,a,a,a,a,a,a,a,a,a,a,a,a,a,a,a,a,a,a,a,a,a,a,a,a,a,a,a,a,a,a,a,a,a,a,a,a,a,a,a,a,a,a,a,a,a,a,a,a,a,a,a,a,a,a,a,a,a,a,a,a,a,a,a,a,a,a,a,a,a,a,a,a,a,a,a,a,a,a,a,a,a,a,a,a,a,a,a,a,a,a,a,b,b,b,b,b,b,b,b,b,b,b,b,b,b,a,a,a,a,a,b,b,b,b,b,b,b,b,b,b,a,a,a,a,a,a,a,a,a,a,a,a,a,a,a,a,a,a,a,a,a,a,a,a,a,a,a,a,a,a,a,a,a,a,a,a,a,a,a,a,a,a,b,b,b,b,b,b,b,b,b,b,b,b,b,b,b,b,b,b,b,b,b,b,b,b,b,b,b,b,b,b,b,b,b,b,b,b,b,b,b,b,b,b,b,b,b,b,b,b,b,b,b,a,a,a,a,a,a,a,a,a,a,a,b,b,b,b,b,b,b,b,b,b,b,b,b,b,b,b,b,b
1,Dormant,CS98740,666,b,b,b,b,b,b,b,b,b,b,b,b,b,b,b,b,b,b,b,b,b,b,b,b,b,b,b,b,b,b,b,b,b,b,b,b,b,b,b,b,b,b,b,b,b,b,b,b,b,b,b,b,b,b,b,b,b,b,b,b,b,NA,NA,b,b,b,b,b,b,b,b,b,b,b,b,b,b,b,b,b,b,b,b,b,b,b,b,b,b,b,a,a,a,b,b,b,b,b,b,b,b,b,b,b,b,b,b,b,a,a,a,a,a,a,a,a,a,a,a,a,a,a,a,a,a,a,a,a,a,a,a,a,a,a,a,a,a,a,a,a,a,a,a,a,a,a,a,a,b,b,b,b,b,b,b,b,b,b,b,b,b,b,b,b,b,b,b,b,b,b,b,b,b,b,a,a,a,a,a,a,a,a,a,a,a,a,a,a,a,a,a,a,a,b,b,a,a,a,a,NA,NA,a,a,a,a,a,a,a,a,a,a,a,a,a,a,b,b,b,a,a,a,a,a,a,a,a,a,a,a,a,a,a,a,a,a,a,a,a,a,a,a,a,a,a,a,a,a,a,a,a,a,a,a,a,a,a,a,a,a,a,a,a,a,a,a,a,a,a,a,a,a,a,a,a,a,a,a,a,a,a,a,a,a,a,a,a,a,a,a,a,a,a,a,a,a,a,a,a,a,a,a,a,a,a,a,a,a,b,b,b,a,a,a,a,a,a,a,a,a,a,a,a,a,a,a,b,b,b,b,b,b,b,a,a,a,a,a,a,a,a,a,a,a,a,a,a,a,a
2,Dormant,CS98354,18,a,a,a,a,a,a,a,a,a,a,a,b,b,b,b,b,b,b,b,b,b,b,b,b,b,b,b,b,b,b,b,b,b,b,b,b,b,b,b,b,b,b,b,b,b,b,b,b,b,b,b,b,b,b,b,b,b,b,b,b,b,b,b,b,b,b,b,b,b,b,b,b,b,b,b,b,a,a,a,b,b,b,b,b,b,b,b,b,b,b,b,b,b,b,b,b,b,b,b,b,b,b,b,b,b,b,b,b,b,b,b,b,b,b,b,b,b,a,a,a,a,a,a,a,a,a,a,a,a,a,a,a,a,a,a,a,a,b,b,b,b,b,b,b,b,b,a,a,b,b,b,b,b,b,b,b,b,b,b,a,a,a,a,a,a,a,a,a,a,a,a,a,a,b,b,b,b,b,b,b,b,b,b,b,b,b,b,b,b,b,b,b,b,b,b,b,b,b,b,b,b,b,b,b,b,b,b,b,b,b,b,b,b,b,b,a,a,a,a,a,a,a,a,a,a,a,a,a,a,a,a,a,a,a,a,a,a,a,a,a,a,a,a,a,a,a,a,a,a,a,a,a,a,a,a,a,a,a,a,a,a,a,a,a,a,a,a,a,a,a,a,a,a,a,a,a,a,a,a,a,a,a,a,a,a,a,a,a,a,a,a,a,a,a,a,a,a,a,a,a,a,a,a,a,a,a,a,a,a,a,a,a,a,a,a,a,a,a,a,a,a,a,a,a,a,a,a,a,a,a,b,b,b,b,b,b,b,b,b,b,b,b,b,b,b,b,b,b
2,Dormant,CS98374,48,b,b,b,b,b,b,b,b,b,b,b,b,b,b,b,b,b,b,b,b,b,b,b,b,b,b,b,b,b,b,b,b,b,b,b,b,b,b,b,b,b,b,b,b,b,b,b,b,b,b,b,b,b,b,b,b,b,b,b,b,b,b,b,b,b,b,b,b,b,b,b,b,b,b,b,b,b,b,b,b,b,b,b,b,b,b,b,b,b,b,a,a,a,a,a,a,a,a,a,a,a,a,a,a,a,a,a,a,a,a,a,a,a,a,a,a,a,a,a,a,a,a,a,a,a,a,a,a,a,a,a,a,a,a,a,a,a,a,a,a,a,a,a,a,a,a,a,a,a,a,a,a,a,a,a,a,a,a,a,a,a,a,a,a,a,a,a,a,a,a,a,a,a,a,a,a,a,a,a,a,a,b,a,a,a,a,a,a,a,a,a,a,a,a,a,a,a,a,a,a,a,a,a,a,a,a,a,a,a,a,a,a,a,a,a,b,a,a,a,a,a,a,a,a,a,a,a,a,a,b,b,b,b,a,a,a,a,a,a,a,a,a,a,a,a,a,a,a,a,a,a,a,a,a,a,a,a,a,a,a,a,a,a,a,a,a,a,a,a,a,a,a,a,a,a,a,a,a,a,a,a,a,a,a,a,a,a,a,a,a,a,a,a,a,a,b,b,b,b,b,b,b,b,b,b,b,b,b,a,a,a,a,a,a,a,a,a,a,a,a,a,a,a,a,a,a,a,a,a,a,a,a,a,a,a,a,a,a,a,a,a,a,a,a,a,a,a,a
2,Dormant,CS98378,53,a,a,a,a,a,a,a,a,a,a,a,a,a,a,a,a,a,a,a,a,a,a,a,a,a,a,a,a,a,a,a,a,a,a,a,a,a,a,a,a,a,a,a,a,a,a,a,a,a,b,b,a,a,a,a,a,a,a,a,a,a,a,a,a,NA,NA,a,a,a,a,a,a,a,a,a,a,a,a,a,a,a,a,a,a,a,a,a,a,a,a,a,a,a,a,a,a,a,a,a,a,a,a,b,b,b,b,b,a,a,a,a,a,a,a,a,a,a,a,a,a,a,a,a,a,a,a,a,a,a,a,a,a,a,a,a,a,a,a,a,a,a,a,a,a,a,a,a,a,a,a,a,a,a,a,a,a,a,a,a,a,a,a,a,a,a,a,a,a,a,a,a,a,a,a,a,a,a,a,a,a,a,a,a,a,a,a,a,a,a,b,b,b,b,b,b,b,b,b,b,b,b,b,b,b,b,b,b,b,b,b,b,b,b,b,b,b,b,b,b,b,b,b,b,b,b,b,b,b,b,b,b,b,b,b,b,b,b,b,b,b,b,b,b,b,b,b,b,b,b,b,b,b,b,b,b,b,b,b,b,b,b,b,b,b,b,b,b,b,b,b,b,b,b,b,b,b,b,b,b,b,b,b,b,b,b,b,b,b,b,b,b,b,b,b,b,b,b,b,b,a,a,a,a,a,a,a,a,a,a,a,a,a,a,a,a,a,a,a,a,a,a,a,a,a,a,a,a,a,a,a,a,a,a,a,a,a,a,a,a,a,a,a,a,a,a,a,a,a
2,Dormant,CS98384,65,a,a,a,a,a,a,a,a,a,a,a,a,a,a,a,a,a,a,a,a,a,a,a,b,b,b,b,b,b,b,b,b,b,b,b,b,b,b,b,b,b,b,b,b,b,b,b,b,b,b,b,b,b,b,b,b,b,b,b,b,b,b,b,b,b,b,b,b,b,b,b,b,b,b,b,b,b,b,b,b,b,b,b,b,b,b,b,b,b,b,NA,NA,NA,NA,NA,a,a,a,a,a,a,a,a,a,a,a,a,a,a,a,a,a,a,a,a,a,a,a,a,a,a,a,a,a,a,a,a,a,a,a,a,a,a,a,a,a,a,a,a,a,a,a,a,a,a,a,a,a,b,b,b,b,b,b,b,b,b,b,b,b,b,b,b,b,b,b,b,b,b,b,b,b,b,b,b,b,b,b,b,b,b,b,b,b,b,b,b,b,b,b,b,b,b,b,b,b,b,b,b,b,b,b,b,b,b,b,b,b,b,b,b,b,a,a,a,a,b,b,b,b,b,b,b,b,b,b,b,b,b,b,b,b,b,a,a,a,a,a,a,a,a,a,a,a,a,a,a,a,a,a,a,a,a,a,a,a,a,a,a,a,a,a,a,a,a,a,a,a,a,a,b,a,a,a,a,a,a,a,a,a,a,a,a,a,a,a,a,a,a,a,a,a,a,a,a,a,a,a,a,a,a,a,a,a,a,a,a,a,a,a,a,a,a,a,a,a,a,a,a,a,a,a,a,a,a,a,a,a,a,a,a,a,a,a,a,a,a,a,a,a,a,a,a,a,a,a,a,a
2,Dormant,CS98398,90,b,b,b,b,b,b,b,b,b,b,b,b,b,b,b,b,b,b,b,b,b,b,b,b,b,b,b,b,b,b,b,b,b,b,b,b,b,b,b,b,b,b,b,b,b,b,b,b,b,b,b,b,b,b,b,b,b,b,b,b,b,b,b,b,b,b,b,b,b,b,b,b,b,b,b,b,b,b,b,b,b,b,b,b,b,b,b,b,b,b,a,b,b,b,b,b,b,b,b,b,b,b,b,b,a,a,a,a,a,a,a,a,NA,a,a,a,a,a,a,a,a,a,a,a,a,a,a,a,a,a,a,a,a,a,a,a,a,a,a,a,a,a,a,a,a,a,a,a,b,b,b,b,b,b,b,b,b,b,b,b,b,b,b,b,b,b,b,b,b,b,b,b,b,b,b,b,b,b,b,b,b,b,b,b,b,b,b,b,b,b,b,b,b,b,b,b,b,b,b,b,b,b,b,b,b,b,b,b,b,b,b,b,b,b,b,a,a,a,a,a,a,a,a,a,a,a,a,a,a,a,a,a,a,a,a,a,a,a,a,a,a,b,b,b,b,b,b,b,b,b,b,b,b,b,b,b,b,b,b,b,b,b,b,b,b,b,b,b,b,b,b,b,b,b,b,b,b,b,b,b,b,b,b,b,b,b,b,b,b,b,b,b,b,a,a,a,a,a,a,a,a,a,a,a,a,a,a,a,a,a,a,a,a,a,a,a,a,a,a,a,a,a,a,a,a,a,a,a,a,a,a,a,a,a,a,a,a,a,a,a,a,a,a,a,a,a,a,a
2,Dormant,CS98401,99,a,a,a,a,a,a,a,a,a,a,a,a,a,a,a,a,a,a,a,a,a,a,a,a,a,a,a,a,a,a,a,a,a,a,a,a,a,a,a,a,a,a,a,a,a,b,b,b,b,b,b,b,b,b,b,b,b,b,b,b,b,b,b,b,b,b,b,b,b,b,b,b,b,b,b,b,b,b,b,b,b,b,b,b,b,b,b,b,b,b,a,a,a,a,a,a,a,a,a,a,a,a,a,a,a,a,a,a,a,a,b,b,b,b,b,b,b,b,b,b,b,b,b,b,a,a,a,a,a,a,a,a,a,a,b,b,b,b,b,b,b,b,b,b,b,b,b,b,a,a,a,a,a,a,a,a,a,a,a,a,a,a,a,a,a,b,b,b,b,b,b,b,b,b,b,b,b,b,b,b,b,b,b,b,b,b,b,b,b,b,b,b,b,b,b,b,b,b,b,b,b,b,b,b,b,b,b,b,a,a,a,a,a,a,a,a,a,a,a,a,a,a,a,a,a,a,a,a,a,a,a,a,a,a,a,a,a,a,a,a,a,a,a,a,a,a,a,a,a,a,a,a,a,a,a,a,a,a,a,a,a,a,a,a,b,b,b,b,a,a,a,a,a,a,a,a,a,a,a,a,a,a,a,a,a,a,b,b,b,b,b,b,b,a,a,a,a,a,a,a,a,a,a,a,a,a,a,a,a,a,a,a,a,a,a,a,a,a,a,a,a,a,a,a,a,a,a,a,a,a,a,a,a,a,a,a,a,a,a,a,a,a,a,a,a,a,a,a
2,Dormant,CS98415,123,b,b,b,b,b,b,b,b,b,b,b,b,b,b,b,b,b,b,NA,NA,NA,NA,NA,NA,NA,b,b,b,b,b,a,a,a,a,b,b,b,b,b,b,b,b,b,b,b,b,b,b,b,b,b,b,b,b,b,b,b,b,b,b,b,b,b,b,b,b,b,b,b,b,b,b,b,a,a,a,a,a,a,a,a,a,a,a,a,a,a,a,a,a,a,a,a,a,a,a,a,a,a,a,a,a,a,a,a,a,a,a,a,a,a,a,a,a,a,a,a,a,a,a,a,a,a,a,a,a,a,a,a,a,a,a,a,a,a,a,a,a,a,a,a,a,a,a,a,a,a,a,a,a,a,a,a,a,a,a,a,a,a,a,a,a,a,a,a,a,a,a,a,a,a,a,a,a,a,b,b,b,b,b,b,b,b,b,b,b,b,b,b,b,a,b,b,b,b,b,b,b,b,b,b,b,b,b,b,b,b,b,b,b,b,b,b,b,b,a,a,b,b,b,b,b,b,b,b,b,b,b,b,b,b,b,b,b,b,b,b,b,b,b,b,b,b,b,b,b,b,b,b,b,b,b,b,b,b,b,b,b,b,b,b,b,b,b,b,b,b,b,b,b,b,b,b,b,b,b,b,b,b,b,b,b,b,b,a,a,a,a,a,a,a,a,a,a,a,a,a,a,a,a,a,a,a,a,a,a,a,a,a,a,a,a,a,a,a,a,a,a,a,a,a,a,a,a,a,a,a,a,a,a,a,a,a,a,b,NA,NA,NA,NA,NA,NA,NA,NA,NA,NA,NA,NA,NA
2,Dormant,CS98427,139,a,a,a,a,a,a,a,a,a,a,a,a,a,a,a,a,a,a,a,a,a,a,a,a,a,a,a,a,a,a,a,a,b,b,b,b,b,b,b,b,b,b,b,b,b,b,b,b,b,b,b,b,b,b,b,b,b,b,b,b,b,b,b,b,b,b,b,b,b,b,b,b,b,b,b,b,b,b,b,b,b,b,b,b,b,b,b,b,b,b,a,a,a,a,a,a,a,a,a,a,a,a,a,a,a,a,a,a,a,a,b,b,b,b,b,b,b,a,a,a,a,a,a,a,a,a,a,a,a,a,a,a,a,a,a,a,a,a,a,a,a,a,a,a,a,a,a,a,a,a,a,a,a,a,a,a,a,a,a,a,a,a,a,a,a,a,a,a,a,a,a,a,a,a,a,a,a,a,a,a,a,a,a,a,a,a,a,a,a,b,b,b,b,b,b,b,b,b,b,b,b,b,b,b,b,b,b,b,b,b,b,b,b,b,b,b,b,b,b,b,b,b,b,b,b,b,b,b,b,b,b,b,b,b,b,b,b,a,a,NA,NA,a,a,a,a,a,a,a,a,a,a,a,a,a,a,a,a,a,a,a,a,a,a,a,a,a,a,a,b,b,b,b,b,b,a,a,a,a,a,a,b,b,b,b,b,b,b,b,b,b,b,b,b,b,b,b,a,a,a,a,a,a,a,a,a,a,a,a,a,a,a,a,a,a,a,a,a,a,a,a,a,a,a,a,a,a,a,a,a,a,a,a,a,a,a,a,a,a,a,a,a,a,a,a,a,a,a,a
2,Dormant,CS98492,226,a,a,a,a,a,a,a,a,a,a,a,a,a,a,a,a,a,a,a,a,a,a,a,a,a,b,b,b,b,b,b,b,b,b,b,b,b,b,b,b,a,a,a,a,a,a,a,a,a,a,a,NA,NA,NA,NA,NA,NA,a,a,a,a,a,a,a,a,a,a,a,a,a,a,a,a,a,a,a,a,a,a,a,a,a,a,a,a,a,a,a,a,a,a,a,b,b,b,b,b,b,b,b,b,b,b,b,b,b,b,b,b,b,b,b,b,b,b,b,b,b,b,b,b,b,b,b,b,a,a,a,a,a,a,a,a,b,b,b,b,b,b,b,b,b,b,b,b,b,b,b,b,b,b,b,b,b,b,b,b,b,b,b,b,b,b,b,b,b,b,b,b,b,b,b,a,a,a,a,a,a,a,a,a,a,a,a,a,a,a,a,a,a,b,b,b,b,b,b,b,b,b,b,b,b,b,b,b,b,b,b,b,b,b,b,b,a,a,a,a,a,a,a,a,a,a,a,b,b,b,b,b,b,b,b,b,b,b,b,b,b,b,b,b,b,b,b,b,b,b,b,b,b,b,b,b,b,b,b,b,b,b,b,b,b,b,b,b,b,b,b,b,b,b,b,b,b,b,b,b,b,b,b,b,b,b,b,b,b,b,b,b,b,b,b,b,b,b,b,b,b,b,b,a,a,a,a,a,a,a,a,a,a,a,a,a,a,a,a,a,a,a,a,a,a,a,a,a,a,a,a,a,a,a,a,a,a,a,b,b,b,b,b,b,b,b,b,b,b,b,b
2,Dormant,CS98512,254,a,a,a,a,a,a,a,a,a,a,a,a,a,a,a,a,a,a,a,a,a,a,a,a,a,a,a,a,a,a,a,a,a,a,a,a,a,a,a,a,a,a,a,a,a,a,a,a,a,a,a,a,a,a,a,a,a,a,a,a,a,a,a,a,a,a,a,a,a,a,a,a,a,a,a,a,a,a,a,a,a,a,b,b,b,b,b,b,b,b,b,b,b,b,b,b,b,b,b,b,b,b,b,b,b,b,b,b,b,b,b,b,b,b,b,b,b,b,b,b,b,b,a,a,a,a,a,a,a,a,a,a,a,a,a,a,a,a,a,a,a,a,a,a,a,a,a,a,a,a,a,a,a,a,a,a,a,a,a,a,a,a,a,a,a,a,a,a,a,a,a,a,a,a,a,a,a,a,a,a,a,a,a,a,a,a,a,a,a,a,a,a,a,a,a,a,a,a,a,a,a,b,b,b,b,b,b,b,b,b,b,b,b,b,b,a,a,a,a,a,a,a,a,a,a,a,a,a,a,a,a,a,a,a,a,a,a,a,a,a,a,a,a,a,a,a,a,a,a,b,b,b,b,b,b,b,b,b,b,b,b,b,b,b,b,b,b,b,b,b,b,b,b,b,b,b,b,b,b,b,b,b,b,b,b,a,a,a,a,a,a,a,a,a,a,a,b,b,b,NA,NA,b,b,b,b,b,b,b,b,b,b,b,b,b,b,b,b,b,a,a,b,b,b,b,b,b,b,b,b,b,b,b,b,b,b,b,b,b,b,b,b,b,b,b,b,b,b,b
2,Dormant,CS98514,259,b,b,b,b,b,b,b,b,b,b,b,b,b,b,b,b,b,b,b,b,b,b,b,b,b,b,b,b,b,b,b,b,b,b,b,b,b,b,b,b,b,b,b,b,b,NA,NA,NA,NA,NA,NA,NA,NA,NA,NA,NA,NA,NA,NA,NA,NA,NA,NA,NA,NA,NA,b,b,b,b,b,b,b,b,b,b,b,b,b,b,b,b,b,b,b,b,b,b,b,b,a,a,a,a,a,a,a,a,a,a,a,a,a,a,a,a,a,a,a,a,a,a,a,a,a,a,a,a,a,a,a,a,a,a,a,a,a,a,a,a,a,a,a,a,a,a,a,a,a,a,a,a,a,a,a,a,a,a,b,b,b,b,b,b,b,b,b,b,b,b,b,b,b,b,b,b,b,b,b,b,b,b,b,b,b,b,b,b,b,b,b,b,b,b,b,b,b,b,b,b,b,b,b,b,b,b,b,b,b,b,b,b,b,b,b,b,b,b,b,b,b,b,b,b,b,b,b,a,a,a,a,a,a,a,a,a,a,a,a,a,a,a,a,a,a,a,a,a,a,a,a,b,b,b,b,b,b,b,b,b,b,b,b,b,b,b,b,b,b,b,b,b,b,b,b,b,b,b,a,a,NA,NA,NA,NA,NA,NA,NA,NA,NA,NA,NA,NA,NA,NA,NA,b,b,b,a,a,a,a,a,a,a,a,a,a,a,a,a,b,b,b,b,NA,NA,NA,NA,NA,a,a,a,a,a,a,a,a,a,a,a,a,a,a,a,a,a,a,a,a,a,a,a,a,a,a,a,a,a,a,a,a,a,a,a,a,a,a
2,Dormant,CS98623,448,a,a,a,a,a,a,a,a,a,a,a,a,a,a,a,a,a,a,a,a,a,a,a,a,a,a,a,a,a,a,a,a,a,a,a,a,a,a,a,a,a,a,a,a,a,a,a,a,a,a,a,a,a,a,a,a,a,a,a,a,a,a,a,a,a,a,a,a,a,a,a,a,a,a,a,a,a,a,a,a,a,a,a,a,a,a,a,b,b,b,b,b,b,b,b,b,b,a,a,a,a,a,a,a,a,a,a,a,a,a,a,a,a,a,a,a,a,a,a,a,a,a,a,a,a,a,a,a,a,a,a,a,a,a,a,a,a,a,a,a,a,b,b,b,b,b,b,b,a,a,a,a,b,b,b,b,b,b,b,b,b,b,b,b,b,b,b,b,b,b,b,b,b,b,b,b,b,b,b,b,b,b,b,b,b,b,b,b,b,b,b,b,b,b,b,b,b,b,b,b,b,b,b,b,b,b,b,b,b,b,b,b,b,b,b,a,a,a,a,a,a,a,a,a,a,a,a,a,a,a,a,a,a,a,a,a,a,a,a,a,a,a,a,a,a,a,a,a,a,a,a,a,a,a,a,a,a,a,a,a,a,a,a,a,a,a,a,a,a,a,a,a,a,a,a,a,a,a,a,a,a,a,a,a,a,a,a,b,b,b,b,b,b,a,a,a,a,a,a,a,a,a,a,a,a,a,a,a,a,a,a,a,a,a,a,a,a,a,a,a,a,a,a,a,a,a,a,a,a,a,a,a,a,a,a,a,a,a,a,a,a,a,a,a,a,a,a,a
2,Dormant,CS98625,450,b,b,b,b,b,b,b,b,b,b,b,b,b,b,b,b,b,b,b,b,b,b,b,b,b,b,b,b,b,b,b,b,b,b,b,b,b,a,a,a,a,a,a,a,a,a,a,a,a,b,b,b,b,b,b,b,b,b,b,b,b,b,b,b,b,b,b,b,b,b,b,b,b,b,b,b,b,b,b,b,b,b,b,b,b,b,b,b,b,b,b,b,b,a,a,a,a,a,a,a,a,a,a,a,a,a,a,a,a,a,a,a,a,a,a,a,a,a,a,a,a,a,a,a,a,a,a,a,a,a,a,a,a,a,a,a,a,a,a,a,a,a,a,a,a,a,a,a,a,a,a,a,a,a,a,a,a,a,a,a,a,a,a,a,a,a,a,a,a,a,a,a,a,a,a,a,a,a,a,a,a,a,a,a,a,a,a,a,a,a,a,a,a,a,a,a,a,a,a,a,a,a,a,a,a,a,a,a,a,a,a,a,a,a,a,b,b,b,b,b,b,b,a,a,a,a,a,a,a,a,a,a,a,a,a,a,a,a,a,a,a,a,a,a,b,b,b,b,b,b,b,b,b,b,b,b,b,b,b,b,b,b,b,b,b,b,b,b,b,b,b,b,b,b,b,b,b,b,b,b,b,b,b,b,b,b,b,b,b,b,b,b,b,b,b,b,b,b,b,b,b,b,b,b,b,b,b,b,a,a,b,b,a,a,a,a,a,a,a,a,a,a,a,a,a,a,a,a,a,a,a,a,a,a,a,a,a,a,a,a,a,a,a,a,a,a,a,a
2,Dormant,CS98627,454,b,b,b,b,b,b,b,b,b,b,b,b,b,b,b,b,b,b,b,b,b,b,b,b,b,b,b,b,b,b,b,a,a,a,a,a,a,a,a,a,b,b,b,b,b,b,b,b,b,b,b,b,b,b,b,b,b,b,b,b,b,b,b,b,b,b,b,b,b,b,b,b,b,b,b,b,b,b,b,b,b,b,b,b,b,b,b,b,b,b,b,b,b,b,b,b,b,b,a,a,a,a,a,a,a,a,a,a,a,a,a,a,a,a,a,a,a,a,a,a,a,a,a,a,a,a,a,a,a,a,a,a,a,a,a,a,a,a,a,a,a,a,a,a,a,a,a,a,b,b,b,b,b,b,NA,NA,NA,NA,NA,NA,b,b,b,b,b,b,b,b,b,b,b,a,a,a,a,a,a,a,a,a,a,a,a,a,a,a,a,b,b,b,b,b,b,b,b,b,b,b,b,b,b,b,b,b,b,b,b,b,b,b,b,b,b,b,b,b,b,b,b,b,b,b,b,b,b,b,a,a,a,a,a,a,a,a,a,a,a,a,a,a,a,a,NA,NA,NA,a,a,a,a,a,a,a,a,a,a,a,a,a,a,b,b,b,b,b,b,b,b,b,a,a,a,a,a,a,a,a,a,a,a,a,a,a,a,a,a,a,a,a,a,a,a,a,a,a,a,a,a,a,a,a,a,a,a,a,a,a,a,a,a,a,a,a,a,a,a,a,a,a,a,a,a,a,a,a,a,a,a,a,a,a,a,a,a,a,a,a,a,a,a,a,a,a,a,a,a,a,a,a
2,Dormant,CS98640,472,b,b,b,b,b,b,b,b,b,b,b,b,b,b,b,b,b,b,b,b,b,b,b,b,b,b,b,b,b,b,b,b,b,b,b,b,b,b,b,b,b,b,b,b,b,b,b,b,b,b,NA,b,b,b,b,b,b,b,b,b,b,b,b,b,b,b,b,b,b,b,b,b,b,b,b,b,b,b,b,b,b,b,b,b,b,b,b,b,b,b,b,b,b,b,b,b,b,b,b,b,b,b,b,a,a,a,a,a,a,a,a,a,a,a,a,a,a,a,a,a,a,a,a,a,a,a,a,a,a,a,a,a,b,b,b,b,b,b,b,b,b,b,b,b,b,b,b,b,a,a,a,a,a,a,a,a,a,a,a,a,a,a,a,a,a,a,a,a,a,a,a,a,a,a,a,a,a,a,a,a,a,a,a,a,a,a,a,a,a,a,a,a,a,a,a,a,a,a,a,a,a,b,b,b,b,b,b,b,b,b,b,b,b,b,b,a,a,a,a,a,a,a,a,a,a,a,a,a,a,a,a,a,a,a,a,a,a,a,a,a,a,a,a,a,a,a,a,a,a,a,a,a,a,a,a,a,a,a,a,a,a,a,a,a,a,a,a,a,a,a,a,a,a,a,a,a,a,a,a,a,a,a,a,a,a,a,a,a,a,a,a,a,a,a,a,a,a,a,a,a,a,a,a,a,a,a,a,a,a,a,a,a,a,a,a,a,a,a,a,a,a,a,a,a,a,a,a,a,a,a,a,a,a,b,b,b,b,b,b,b,b,b,b,b,b,b,b,b
2,Dormant,CS98655,499,a,a,a,a,a,a,a,a,a,a,a,a,a,a,a,a,a,a,a,a,b,b,b,b,b,b,b,b,b,b,b,b,b,b,b,b,b,b,b,b,b,b,b,b,b,b,b,b,b,b,a,b,b,b,b,b,b,b,b,b,b,b,b,b,b,b,b,b,b,b,b,b,b,b,b,b,b,b,b,b,b,b,b,b,b,b,b,b,b,b,b,a,a,a,a,a,a,a,a,a,a,a,a,a,a,a,a,a,a,a,a,a,a,a,a,a,a,a,a,a,a,a,a,a,a,a,a,a,a,a,a,a,a,a,a,a,a,a,a,a,a,a,a,a,a,a,a,a,b,b,b,b,b,b,b,b,b,b,b,a,a,a,a,a,a,a,a,a,a,a,a,a,a,a,a,a,a,a,a,a,a,a,a,a,a,a,a,a,a,a,a,a,a,a,a,a,a,a,a,a,a,a,a,a,a,a,a,a,a,a,a,a,a,a,a,a,a,a,a,b,b,b,b,b,b,b,NA,NA,NA,NA,NA,NA,NA,NA,NA,NA,a,a,a,a,a,a,a,a,a,a,a,a,a,a,a,a,a,a,a,a,a,a,a,a,a,a,a,a,a,a,a,a,a,a,a,a,a,a,a,a,a,a,a,a,a,a,a,a,a,a,a,a,a,a,a,a,a,a,a,a,a,a,a,a,a,a,a,a,a,a,a,a,a,a,a,a,a,a,a,a,a,a,a,a,a,a,a,a,a,a,a,a,a,a,a,a,a,a,a,a,a,a,a,a,a,a,a,a,a,a,a,b
2,Dormant,CS98661,509,b,b,b,b,b,b,b,b,b,b,b,b,b,b,b,b,b,b,b,b,b,b,b,b,b,b,b,b,b,b,b,b,b,b,b,b,b,b,b,b,b,b,b,b,b,b,b,b,b,b,b,b,b,b,b,b,b,b,b,b,b,b,b,b,a,a,a,a,a,a,a,a,a,a,a,a,a,a,a,a,a,a,a,a,a,a,a,a,a,a,a,a,a,a,a,b,b,b,b,b,b,b,b,b,b,b,b,b,b,b,b,b,b,b,b,b,b,a,a,a,a,a,a,a,a,a,a,a,a,a,a,a,a,a,a,a,a,a,a,a,a,a,a,a,a,a,a,a,b,b,b,b,b,b,b,b,b,b,b,b,b,b,b,b,b,b,b,b,b,b,b,b,b,b,b,b,b,b,b,b,b,b,b,b,b,b,b,b,b,b,b,b,b,b,b,b,b,b,b,b,b,b,b,b,b,b,b,b,b,b,b,b,b,b,b,a,a,a,a,a,a,a,a,a,a,a,a,a,a,a,a,b,b,b,b,b,b,b,b,b,b,b,b,b,b,b,b,b,b,b,b,b,b,b,b,b,b,b,b,b,b,b,b,b,b,b,b,b,a,a,a,a,a,a,a,a,a,a,a,a,a,a,a,a,a,a,a,a,a,a,a,a,a,a,a,a,a,a,a,a,a,a,a,a,a,a,a,a,a,a,a,a,a,a,a,a,a,a,a,a,a,a,a,a,a,a,a,a,a,a,a,a,a,a,a,a,a,a,a,a,a,a,a,a,a,a,a,a
2,Dormant,CS98666,519,a,a,a,a,a,a,a,a,a,a,a,a,a,a,a,a,a,a,a,a,a,a,a,a,a,a,a,a,a,a,a,a,a,a,a,a,a,a,NA,NA,NA,a,a,a,a,a,a,a,a,a,a,a,a,a,a,a,a,a,a,a,a,a,a,a,a,a,a,a,a,a,a,a,a,a,a,a,a,a,a,b,b,b,b,b,b,b,b,b,b,b,b,b,b,b,b,b,b,b,b,b,b,b,b,b,b,b,b,b,b,b,b,b,b,b,b,b,b,b,b,b,b,b,b,a,a,a,a,a,a,a,a,a,a,a,a,a,a,a,a,a,a,a,a,a,a,a,a,a,a,a,a,a,a,b,b,b,b,b,b,b,b,b,b,b,b,b,b,b,b,b,b,b,b,b,b,b,b,b,b,b,b,b,b,b,b,b,b,b,b,b,b,b,b,b,b,b,b,b,b,a,a,a,a,a,a,a,a,a,a,a,a,a,a,a,a,a,a,b,b,b,b,b,b,b,b,b,b,b,b,b,b,b,b,b,b,b,b,b,b,b,b,b,b,b,b,b,b,b,b,b,b,b,b,b,b,b,b,b,b,b,b,b,b,b,b,b,b,b,b,b,b,b,b,b,b,b,b,b,b,b,b,b,b,b,b,b,b,b,b,b,b,b,b,b,b,b,a,a,a,a,a,a,a,a,a,a,a,a,a,a,a,a,a,a,a,a,a,a,a,a,a,a,a,a,a,a,a,a,a,a,a,a,b,b,b,b,b,b,b,b,b,b,b,b,b,b,b,b
2,Dormant,CS98671,527,a,a,a,a,a,a,a,a,a,a,a,a,a,a,a,a,a,a,a,a,a,a,a,a,a,a,a,a,a,a,a,a,a,a,a,a,a,a,a,a,a,a,a,a,a,a,a,a,a,a,a,a,a,a,a,a,a,a,a,a,a,a,a,a,a,a,a,a,a,a,a,a,a,b,b,b,b,b,b,b,b,b,b,b,b,b,b,b,b,b,a,b,a,a,a,a,a,a,a,a,a,a,a,a,a,a,a,a,a,a,a,a,a,a,a,a,a,a,a,a,a,a,a,a,a,a,a,a,a,a,a,a,a,a,a,a,a,a,a,a,a,a,a,a,a,a,a,a,b,b,b,b,a,a,a,a,a,b,b,b,b,b,b,b,b,b,b,b,b,b,b,b,b,b,b,b,b,b,b,b,b,b,b,b,b,b,b,b,b,b,b,b,b,b,b,b,b,b,a,a,a,a,a,a,a,a,a,a,b,b,b,b,b,b,b,a,a,a,a,a,a,a,a,a,a,a,a,a,a,a,a,a,a,a,b,b,b,b,b,b,b,b,b,b,b,b,b,b,b,b,b,b,b,b,b,b,b,b,b,b,b,b,b,b,b,b,b,b,b,b,b,b,b,b,b,b,b,b,b,b,b,b,b,b,b,b,b,b,b,b,b,b,b,b,b,b,a,a,a,a,a,a,a,a,a,a,a,a,a,a,a,a,a,a,a,a,a,a,a,a,a,a,a,a,a,a,a,a,a,a,a,a,a,a,a,a,a,a,a,a,a,a,a,a,a,a,a,a
2,Dormant,CS98698,576,a,a,a,a,a,a,a,a,a,a,a,a,a,a,a,a,a,a,a,a,a,a,a,a,a,a,a,a,a,a,a,a,a,a,a,a,a,a,a,a,a,a,a,a,a,a,a,a,a,a,a,a,a,a,a,a,a,a,a,a,a,a,a,a,a,a,a,a,a,a,a,a,a,a,a,a,a,a,a,a,a,a,a,a,a,a,a,a,a,a,b,b,b,b,b,a,a,a,a,a,a,a,a,a,a,a,a,a,a,a,a,a,a,a,a,a,a,a,a,a,a,a,a,a,a,a,a,a,a,a,a,a,a,a,a,a,a,a,a,a,a,a,a,a,a,a,a,a,b,b,b,b,b,b,b,b,b,b,b,b,b,b,b,b,b,b,b,b,b,b,b,b,b,b,b,b,b,b,b,b,b,b,b,b,b,b,b,b,b,b,b,b,b,b,b,b,b,b,b,b,b,b,b,b,b,b,b,b,b,b,b,b,b,b,b,b,b,a,a,a,a,a,a,a,a,a,a,a,a,a,a,a,a,a,a,a,a,a,a,b,b,b,b,b,b,b,b,b,b,b,a,a,a,a,a,a,a,a,a,a,a,a,a,a,a,a,a,a,a,a,a,a,a,a,a,a,a,a,a,a,a,a,a,a,a,a,a,a,a,a,a,a,a,a,a,a,a,a,a,a,a,a,a,a,a,a,a,a,a,a,a,a,a,a,a,a,a,a,a,a,a,a,a,a,a,a,a,a,a,a,a,a,a,a,a,a,a,a,a,a,a,a,a,a,a,a,a,a
2,Dormant,CS98706,590,b,b,b,b,b,b,a,a,a,a,a,a,a,a,a,a,a,a,a,a,a,a,a,a,a,a,a,a,a,a,a,a,a,a,a,b,b,b,b,b,b,b,b,b,b,b,b,b,b,b,b,b,b,b,b,b,b,b,b,b,b,b,b,b,b,b,b,b,b,b,b,b,b,b,b,b,b,b,b,b,b,b,b,b,b,b,b,b,b,b,b,a,a,a,a,a,a,a,a,a,a,a,a,a,a,a,a,a,a,a,a,a,a,a,a,a,a,a,a,a,a,a,a,a,a,a,a,a,a,a,a,a,a,a,a,a,a,a,a,a,a,a,a,a,a,a,a,a,a,a,a,a,a,a,a,a,a,a,b,b,b,b,b,b,b,b,b,b,b,b,b,b,b,b,b,b,b,b,b,b,b,b,b,b,b,b,b,b,b,b,b,b,b,b,b,b,b,b,b,b,b,b,b,b,b,b,b,b,b,b,b,b,b,a,a,b,b,b,b,b,b,b,b,b,b,b,b,b,b,b,a,a,a,a,a,a,a,a,b,b,b,a,a,a,NA,NA,NA,NA,NA,NA,NA,NA,NA,NA,NA,NA,NA,a,NA,NA,NA,NA,NA,NA,NA,NA,NA,NA,a,a,a,a,a,a,a,a,a,a,a,a,a,a,a,a,a,a,a,a,a,a,a,a,a,a,b,b,b,a,a,a,a,a,a,a,a,a,a,a,a,a,a,a,a,a,a,a,a,a,a,a,a,a,a,a,a,a,a,a,a,a,a,a,a,a,a,a,a,a,a,a,a,a,a,a,a,a,a,a
2,Dormant,CS98716,609,a,a,a,a,a,a,b,a,a,a,a,a,a,a,b,b,b,b,b,b,b,b,b,b,b,b,b,b,b,b,b,b,b,b,b,b,b,b,b,b,b,b,b,b,b,b,b,b,b,b,b,b,b,b,b,b,b,b,b,b,b,b,b,b,b,b,b,b,b,b,b,b,b,b,b,b,b,b,b,a,a,a,a,a,a,a,a,a,a,a,b,b,b,b,b,b,b,b,b,b,b,b,b,b,b,b,b,b,b,b,a,a,a,a,a,a,a,a,a,a,a,a,a,a,a,a,a,a,a,a,a,a,a,a,a,a,a,a,a,a,a,a,a,a,a,a,a,a,a,a,a,a,a,a,a,a,a,a,a,a,a,a,a,a,a,a,a,a,a,a,a,a,a,a,a,a,a,a,a,a,a,a,a,a,a,a,a,a,a,a,a,a,a,a,a,a,a,a,a,a,a,a,a,a,a,a,a,a,a,a,a,a,a,a,a,a,a,a,a,a,a,a,a,a,a,a,a,a,a,a,a,a,a,a,a,a,a,a,a,a,a,a,a,a,a,a,a,a,a,a,a,a,a,a,a,a,a,a,a,a,a,a,a,a,a,a,a,a,b,b,b,b,b,b,b,b,b,b,b,b,b,b,b,b,b,b,b,b,b,b,b,b,b,b,b,b,b,b,b,b,b,a,a,a,a,a,a,a,a,a,a,a,a,a,a,a,a,a,a,a,a,a,a,a,a,a,a,a,a,a,a,a,a,a,a,a,a,a,a,a,a,a,a,a,a,a,a,a
2,Dormant, CS98739,663,a,a,a,a,a,a,a,a,a,a,a,a,a,a,a,a,a,a,a,a,a,a,a,a,a,a,a,a,a,a,a,a,a,a,a,a,a,a,a,a,a,a,a,a,a,a,a,a,a,a,a,a,a,b,b,b,b,b,b,b,b,b,b,b,b,b,b,b,b,b,b,b,b,b,b,b,b,b,b,b,b,b,b,b,b,b,b,b,b,b,b,b,b,b,b,b,b,b,b,b,b,b,b,a,a,a,a,a,a,a,a,a,a,a,a,a,a,a,a,a,a,a,a,a,a,a,a,a,a,a,a,a,a,a,a,a,a,a,a,a,a,a,a,a,a,a,a,a,b,b,b,b,b,b,b,b,b,a,a,a,a,a,a,a,a,a,a,a,a,a,a,a,a,a,a,a,a,a,a,a,a,a,b,b,b,b,b,b,b,b,b,b,b,b,b,b,b,b,b,b,b,b,a,a,a,a,a,a,a,NA,NA,NA,NA,NA,NA,a,a,a,a,a,a,a,a,a,a,a,a,a,a,a,a,a,a,a,a,a,b,b,b,b,b,b,b,b,b,b,b,b,b,b,b,b,b,b,b,b,b,b,b,b,b,b,b,b,b,b,b,b,a,a,a,a,a,a,a,a,a,a,a,a,a,a,a,a,a,b,b,b,b,b,b,b,b,b,b,b,b,b,b,b,b,b,b,b,b,b,b,b,b,b,a,a,a,a,a,a,a,a,a,a,a,a,a,a,a,a,a,a,a,a,a,a,a,a,a,a,b,b,b,b,b,b,b,b,b,b,b,b
2,Dormant,CS98743,680,a,b,b,b,NA,b,b,b,b,b,b,b,b,b,b,b,b,b,b,b,b,b,b,b,b,b,b,b,b,b,b,b,b,a,a,a,a,a,a,a,a,a,a,a,a,a,a,a,a,a,a,a,a,a,a,a,a,a,a,a,a,a,a,a,a,a,a,a,a,a,b,b,b,b,b,b,b,b,b,b,a,a,a,a,a,a,a,a,a,a,a,a,a,a,a,a,a,a,a,a,a,a,a,a,a,a,a,a,a,a,a,a,a,a,a,a,a,a,a,a,a,a,a,a,a,a,a,a,a,NA,a,a,a,a,a,a,a,a,a,a,a,a,a,a,a,a,a,a,a,a,a,a,a,a,a,a,a,a,a,a,a,a,a,a,a,a,a,a,a,a,a,a,a,a,a,a,a,a,b,b,b,b,b,b,b,b,b,b,b,b,b,NA,b,b,NA,b,b,b,b,b,b,b,b,b,b,b,b,b,b,b,b,b,b,b,b,a,a,a,a,a,a,a,a,a,a,a,a,a,a,a,a,a,a,a,a,a,a,a,a,a,NA,NA,NA,NA,NA,NA,NA,NA,NA,NA,a,a,a,a,a,a,a,a,a,a,a,a,a,a,b,b,b,b,a,a,a,a,a,a,a,a,a,a,a,a,a,a,a,a,a,a,a,a,a,a,a,a,a,a,a,a,a,NA,a,a,a,a,a,a,a,a,a,a,a,a,a,a,a,a,a,a,a,a,a,a,a,a,a,a,a,a,a,a,a,a,a,a,a,a,a,a,a,a,a,a,a,a,a,a,a,a,a,a
2,Non-Dormant,CS98357,25,b,b,b,b,b,b,b,b,b,b,b,b,b,b,b,b,b,b,b,b,b,a,a,a,a,a,a,a,a,a,a,a,a,a,a,a,a,a,a,a,a,a,a,a,a,a,a,a,a,a,a,a,a,a,a,a,a,a,a,a,a,a,a,a,a,a,a,a,a,a,a,a,a,a,a,a,a,a,b,b,b,b,b,b,b,b,b,b,b,b,b,b,b,b,b,b,b,b,b,b,b,b,b,b,b,b,b,b,b,b,b,b,b,b,b,b,b,b,b,b,b,b,b,b,b,b,b,b,b,b,b,b,NA,b,b,b,b,b,b,b,b,b,b,b,b,b,b,b,b,b,b,b,b,b,b,b,b,b,b,b,b,b,b,b,b,b,b,b,b,b,b,b,b,b,b,b,b,b,b,b,b,a,a,a,a,a,a,a,a,a,a,a,a,a,a,a,a,a,a,a,a,a,a,a,a,a,a,a,a,a,a,a,a,a,a,b,b,b,b,b,b,b,b,b,b,b,b,b,b,a,a,a,a,a,a,a,a,a,a,a,a,a,a,a,a,a,a,a,a,a,a,a,a,a,a,a,a,a,a,a,a,a,a,a,a,a,a,a,a,a,a,a,a,a,a,a,a,a,a,a,a,a,a,a,a,a,a,a,a,a,a,a,a,a,a,a,a,a,a,a,a,a,a,a,a,b,b,b,b,b,b,b,b,b,b,b,b,b,b,b,b,b,a,a,a,a,a,a,a,b,b,b,b,b,b,b,b,b,b,b,b,b,b,b,b,b,b,b
2,Non-Dormant,CS98360,29,b,b,a,a,a,a,a,a,a,a,a,a,a,a,a,a,a,a,a,a,a,a,a,a,a,a,b,b,b,b,b,b,b,b,b,b,b,b,b,b,b,b,b,b,b,b,b,b,b,b,b,b,b,b,b,b,b,b,b,b,b,b,b,b,b,b,b,b,b,b,b,b,b,b,b,b,b,b,b,b,b,b,b,b,b,b,b,b,b,b,a,a,a,a,a,a,a,a,a,a,a,a,a,a,a,a,a,a,b,b,b,b,b,b,b,b,b,b,b,b,b,b,b,b,b,b,b,b,b,b,b,b,b,b,b,b,b,b,b,b,b,b,b,b,b,b,b,b,b,b,b,b,b,b,b,b,b,b,b,b,b,b,b,b,b,b,b,b,b,b,b,b,b,b,b,b,b,b,b,b,b,b,b,b,b,b,b,b,a,a,a,b,b,b,a,a,a,a,a,a,a,a,a,a,a,a,a,a,a,a,a,a,a,a,a,b,b,b,b,b,b,b,b,b,b,b,b,b,b,b,b,b,b,a,a,NA,a,a,a,a,a,a,a,a,a,a,a,a,a,a,a,a,a,a,a,a,a,a,a,a,a,a,a,a,a,a,a,a,a,a,a,a,a,a,a,a,a,a,a,a,a,a,a,a,a,a,a,a,a,a,a,a,a,a,a,a,a,a,a,a,a,a,a,a,a,a,b,b,b,b,b,b,b,b,b,b,b,b,b,b,b,b,b,b,b,b,b,b,b,b,b,b,b,b,b,b,b,b,b,b,b,b,b,b,b,b,a,a
1,Non-Dormant,CS98369,41,a,a,a,a,a,a,a,a,a,a,a,a,a,a,a,a,a,a,a,a,a,a,a,a,a,a,a,a,a,a,a,a,a,a,a,a,a,a,a,a,a,a,a,a,a,a,a,a,a,a,b,b,b,b,b,b,b,b,b,b,b,b,b,b,b,b,b,a,a,a,a,a,a,a,a,a,b,b,b,b,b,b,b,b,b,b,b,b,b,b,b,b,b,b,b,b,b,b,b,b,b,b,b,b,b,b,b,b,b,b,b,b,b,b,b,b,b,b,b,b,b,b,b,b,b,b,b,b,b,b,b,b,b,b,b,b,b,b,b,b,b,b,b,b,b,b,b,b,b,b,b,b,b,b,b,b,b,b,b,b,b,b,b,b,b,b,b,b,b,b,b,b,b,b,b,b,b,b,b,b,b,b,b,b,b,b,b,b,b,b,b,b,a,a,a,a,a,a,a,a,a,a,a,a,a,a,a,a,a,a,a,a,a,a,a,b,b,b,b,b,b,a,a,a,a,a,a,a,a,a,a,a,a,a,a,a,a,a,a,a,a,a,a,a,a,a,a,a,a,a,a,a,a,a,a,a,a,a,a,a,a,a,a,a,a,a,a,a,a,a,a,a,a,a,a,a,a,a,a,a,a,a,a,a,a,a,a,a,a,a,a,a,a,a,a,a,a,a,a,a,a,a,a,a,a,a,b,b,b,b,b,b,b,b,b,b,b,b,b,b,b,b,b,b,b,b,b,b,b,b,b,b,b,b,b,b,b,b,b,b,b,b,b,b,b,b,b,b
1,Non-Dormant,CS98376,51,b,b,b,b,b,b,b,b,b,b,b,b,b,b,b,b,b,b,b,b,b,b,b,b,b,b,b,b,b,b,b,b,NA,b,a,a,a,b,b,a,a,a,a,a,a,a,a,a,a,a,a,a,a,a,a,a,a,a,a,a,a,a,a,a,a,a,a,a,a,a,a,a,a,a,a,a,a,a,a,a,a,a,a,a,a,a,a,a,a,a,a,a,a,a,a,a,a,a,a,a,a,a,a,a,a,a,a,a,a,a,a,a,a,a,a,a,a,a,a,a,a,b,b,b,b,b,b,b,b,b,b,b,b,b,b,b,b,b,b,b,b,b,b,b,b,b,b,b,b,b,b,b,b,b,b,b,b,b,b,b,b,b,b,b,b,b,b,b,b,b,b,b,b,b,b,b,b,b,b,b,b,b,b,b,b,b,b,b,b,b,b,b,b,b,b,b,b,b,b,a,a,a,a,a,a,a,a,a,a,a,a,a,a,a,a,b,b,b,b,b,b,b,b,b,b,b,b,a,a,a,a,a,a,a,a,a,a,a,a,a,a,a,a,a,a,a,a,a,a,a,a,a,a,a,a,a,a,a,a,a,a,a,a,a,a,a,a,a,b,b,b,b,b,b,b,b,b,b,b,b,b,b,b,b,b,b,b,b,b,b,b,b,b,b,b,b,b,b,b,b,b,b,b,b,b,b,b,b,b,b,b,b,b,b,b,b,b,b,b,b,b,b,b,b,b,b,b,b,b,a,a,a,a,a,a,a,a,a,a,a,a,a,a,a,a,a,a,a
2,Non-Dormant,CS98385,67,b,b,b,b,b,b,b,b,b,b,b,b,b,b,b,b,b,b,b,b,b,b,b,b,b,b,b,b,b,b,b,b,b,b,b,b,a,a,a,a,a,a,a,a,a,a,a,a,a,a,a,a,a,a,a,a,a,a,a,a,a,a,a,a,a,a,a,a,a,a,a,a,a,a,a,a,a,a,a,a,a,a,a,a,a,a,a,a,a,a,b,b,b,b,b,b,b,b,b,b,b,b,b,b,b,b,b,b,b,a,a,a,a,a,a,b,b,b,b,b,b,b,b,b,b,b,b,b,b,b,b,b,b,b,b,b,b,b,b,b,b,b,b,b,b,b,b,b,b,b,b,b,b,b,b,b,b,b,b,b,b,b,b,b,b,b,b,b,b,b,b,b,b,b,b,b,b,b,b,b,b,a,a,a,a,a,a,a,a,a,a,a,a,a,a,a,a,a,a,a,a,a,a,a,a,a,a,a,a,a,a,a,a,a,a,b,b,b,a,a,a,a,a,a,a,a,a,a,a,a,a,a,a,b,b,b,b,b,b,b,a,a,a,a,a,a,a,a,a,a,a,a,a,a,a,a,a,a,a,a,a,a,a,a,a,a,a,a,a,a,a,a,a,a,a,a,a,a,a,a,a,a,a,a,a,a,a,a,a,a,a,a,a,a,a,a,a,a,a,a,a,b,b,b,b,b,b,b,b,b,b,b,b,b,b,b,b,b,b,b,b,b,b,b,b,b,b,b,b,b,b,b,b,b,b,b,b,b,b,b,b,b,b,b,b,b,b,b
1,Non-Dormant,CS98391,75,b,b,b,b,b,b,b,b,b,b,b,b,b,a,a,a,a,a,a,a,a,a,a,a,a,a,a,a,a,a,a,a,a,a,a,a,a,a,a,a,a,a,a,a,a,a,a,a,a,a,a,a,a,a,a,a,a,a,a,a,a,a,a,a,a,a,a,a,a,a,a,a,a,a,a,a,a,a,a,a,a,a,a,a,a,a,a,a,a,a,a,a,a,a,a,a,a,a,a,a,a,a,a,b,b,a,a,a,a,a,a,a,a,a,a,a,a,a,b,b,b,b,b,b,b,b,b,b,b,b,b,b,b,b,b,b,b,b,b,b,b,b,b,b,b,b,b,b,b,b,b,b,b,b,b,b,b,b,b,b,b,b,b,b,b,b,b,b,b,b,b,b,b,b,b,b,b,b,b,b,b,b,b,b,b,b,b,b,b,b,b,b,b,b,a,a,a,a,b,b,b,a,a,a,a,a,a,a,a,a,a,a,a,a,a,a,a,a,a,a,a,a,a,a,a,a,a,a,a,a,a,a,a,a,a,a,a,a,a,a,a,a,a,a,a,a,a,a,NA,NA,NA,NA,NA,NA,a,a,a,a,a,a,a,a,a,a,a,b,b,b,a,a,a,a,a,a,a,a,a,a,a,a,a,a,a,a,a,a,a,a,a,a,a,a,a,a,a,b,b,b,b,a,a,a,a,a,a,a,a,a,a,NA,b,b,b,b,b,b,b,b,b,b,b,b,b,b,b,b,b,b,b,b,b,b,b,b,b,b,b,a,a,a,a,a,a,a,a,a,a,a
2,Non-Dormant,CS98392,78,a,a,a,a,a,a,a,a,a,a,a,a,a,a,a,a,a,a,a,a,a,a,a,b,b,b,b,b,b,b,b,a,a,a,a,a,a,a,a,a,a,a,a,a,a,a,a,a,a,a,a,a,a,a,a,a,a,a,a,a,a,a,a,a,a,a,a,a,a,NA,a,a,a,a,a,a,a,a,a,a,a,a,a,a,b,b,b,b,b,b,a,a,a,a,b,b,b,b,b,b,b,b,b,b,b,b,b,b,b,b,b,b,b,b,b,b,b,b,b,b,b,b,b,b,b,b,b,b,b,b,b,b,b,b,b,b,b,b,b,b,b,b,b,b,b,b,b,b,a,a,a,a,a,a,a,a,b,b,b,b,a,a,a,a,a,a,a,a,a,a,b,b,b,b,b,b,b,b,b,b,b,b,b,b,b,b,a,a,a,a,a,a,a,a,a,a,a,a,a,a,a,a,a,a,a,a,a,a,a,a,a,a,a,a,a,a,a,a,a,a,a,a,a,a,a,a,a,a,a,a,a,a,a,a,a,a,a,b,b,a,a,a,a,a,a,a,a,a,a,a,a,a,a,a,a,a,a,a,a,a,a,a,NA,a,a,a,a,a,a,a,a,a,a,a,a,a,a,a,a,a,a,a,a,a,a,a,a,a,a,a,a,a,a,a,a,a,a,a,a,a,a,a,a,a,a,a,b,b,b,b,b,b,b,b,b,b,b,b,b,b,b,b,b,b,b,b,b,b,b,b,a,a,a,a,a,a,a,a,a,a,a,a,a,a,a,a,a,a
2,Non-Dormant,CS98406,106,a,a,a,a,a,a,a,a,a,a,a,a,a,a,a,a,a,a,a,a,a,a,a,a,a,a,a,a,a,a,a,a,a,a,a,a,a,a,a,b,b,b,b,b,b,b,b,b,b,b,b,b,b,b,b,b,b,b,b,b,b,b,b,b,b,b,b,b,b,b,b,b,b,b,b,b,b,b,b,b,b,b,b,b,b,b,b,b,b,b,b,b,b,b,b,b,b,b,b,b,b,b,b,b,a,b,b,b,b,b,b,b,b,b,b,b,b,b,b,b,b,b,b,b,b,b,b,b,b,b,b,b,b,b,b,b,b,b,b,b,b,b,b,b,b,b,b,b,b,b,b,a,a,a,a,a,a,a,a,a,a,a,a,a,a,a,a,a,a,a,a,a,a,a,a,a,a,a,a,a,a,a,a,a,a,a,a,a,a,a,a,a,a,a,a,a,a,a,a,a,a,a,a,a,a,a,a,a,a,a,a,a,a,a,a,b,b,b,b,b,b,b,b,b,b,b,a,a,a,a,a,a,a,a,a,a,b,b,b,b,b,b,b,b,b,b,a,a,a,a,a,a,a,a,a,a,a,a,a,a,a,a,a,a,a,a,a,a,a,a,a,a,a,a,a,a,a,a,a,a,a,a,a,a,a,a,a,a,a,a,a,a,a,a,a,a,a,a,a,b,b,b,b,b,b,b,b,b,b,b,b,b,b,b,b,b,b,b,b,b,b,b,b,b,b,b,b,b,b,b,b,b,b,b,b,b,b,b,b,NA,NA,NA,NA,NA,a,a,a,a
2,Non-Dormant,CS98407,108,a,b,b,b,b,b,b,b,b,b,b,b,b,b,b,b,b,b,b,b,b,b,b,b,b,b,b,b,b,b,b,b,b,b,b,b,b,b,b,a,a,a,a,a,a,a,a,a,a,a,a,a,a,a,a,a,a,a,a,a,a,a,a,a,a,a,a,a,a,a,a,a,a,a,a,a,a,a,b,b,b,b,b,b,b,b,b,b,b,b,b,b,b,b,b,b,b,b,b,b,b,b,b,b,b,b,b,b,b,b,b,b,b,b,b,b,b,b,b,b,b,b,b,b,b,b,b,b,b,b,b,b,b,b,b,b,b,b,b,b,b,b,b,b,b,b,b,b,b,b,b,b,b,b,b,b,b,b,b,b,b,b,b,a,a,a,a,a,a,a,a,a,a,a,a,a,a,a,a,a,a,a,a,b,b,b,b,b,b,b,b,b,b,b,b,b,a,a,a,a,a,a,a,a,a,a,a,a,a,a,a,a,a,a,a,b,b,b,b,b,b,b,b,b,b,b,b,b,b,b,b,b,b,b,b,b,b,b,b,a,a,a,a,a,a,a,a,a,a,a,a,a,a,a,a,a,a,a,a,a,a,a,a,a,a,a,a,a,a,a,a,a,a,a,a,a,a,a,a,a,a,a,a,a,a,a,a,a,a,a,a,a,a,a,a,b,b,b,b,b,b,b,b,b,b,b,b,b,b,b,b,b,b,b,b,b,b,b,b,b,b,b,b,b,b,b,b,b,b,b,b,b,b,b,b,b,b,b,a,a,a,a,a,a,a,a,a,a
1,Non-Dormant,CS98416,124,b,b,b,b,b,b,b,b,b,b,b,b,b,b,b,b,b,b,b,b,b,b,b,b,b,a,a,a,a,a,a,a,a,a,a,a,a,a,a,a,a,a,a,a,a,a,a,a,a,a,a,a,a,a,b,b,b,b,b,b,b,b,b,b,a,a,a,b,b,b,b,b,b,b,b,b,b,b,b,b,b,b,b,b,b,b,b,b,b,b,a,a,a,a,a,a,a,a,a,a,a,a,a,a,a,a,a,a,a,a,a,a,a,a,a,a,a,a,a,b,b,b,b,b,b,b,b,b,b,b,b,b,b,b,b,b,b,b,b,b,b,b,b,b,b,b,b,b,b,b,b,b,b,b,b,b,b,b,b,b,b,b,b,b,b,b,b,b,b,b,b,b,b,b,b,b,b,b,b,b,b,b,b,b,b,b,b,b,b,b,b,b,b,b,b,b,b,b,b,b,b,b,b,b,b,b,b,b,b,b,b,b,b,b,b,b,b,b,b,b,b,b,b,b,b,b,b,b,b,b,b,b,b,b,b,b,b,b,b,b,b,b,a,a,a,a,a,a,a,a,a,a,a,a,a,a,a,a,a,a,a,a,a,a,a,b,b,b,b,b,b,b,b,b,b,b,b,b,b,b,b,b,b,b,b,b,b,b,b,b,b,b,b,b,b,b,a,a,a,a,a,a,a,a,a,a,a,a,a,a,a,b,b,b,b,b,b,b,b,b,b,b,b,b,b,b,b,b,b,a,a,a,a,a,a,a,a,a,a,a,a,a,a,a,a,a,a,a
2,Non-Dormant,CS98428,140,b,b,b,b,b,b,b,b,b,b,b,a,a,a,a,a,a,a,a,a,a,a,a,a,a,a,a,a,a,a,a,a,a,a,a,a,a,a,a,a,a,a,a,a,a,a,a,a,a,a,a,a,a,a,a,a,a,a,a,a,a,a,a,a,a,a,a,a,a,a,a,a,a,a,a,a,a,a,a,a,a,a,a,a,a,a,a,b,b,b,a,b,b,b,b,b,b,b,b,b,b,b,b,b,b,b,b,b,b,b,b,b,b,b,b,b,b,b,b,b,b,b,b,b,b,b,b,b,b,b,b,b,b,b,b,b,b,b,b,b,b,b,b,b,b,b,b,a,a,a,a,a,a,a,a,a,a,a,a,a,a,a,a,a,a,a,a,a,a,a,a,a,a,a,a,a,a,a,a,a,a,a,a,a,a,a,a,a,a,a,a,a,a,a,a,a,a,a,a,a,a,a,a,a,a,a,a,a,a,a,a,a,a,a,a,a,a,a,a,a,a,a,a,a,a,a,a,a,a,a,a,a,a,a,a,a,a,a,a,a,a,a,a,a,a,a,a,a,a,a,a,a,a,a,a,a,a,a,a,a,a,a,a,a,a,a,a,a,a,a,a,a,a,a,a,a,a,a,a,a,a,a,a,a,a,a,a,a,a,a,a,a,a,a,a,a,a,a,a,a,a,a,a,a,a,a,a,a,b,b,b,b,b,b,b,b,b,b,b,b,b,b,b,b,b,b,b,b,b,b,b,b,b,b,b,b,b,b,b,b,b,b,b,b,b,b,b,b
1,Non-Dormant,CS98450,171,a,a,a,a,a,a,a,a,a,a,a,a,a,a,a,a,a,a,a,a,a,a,a,a,a,a,a,a,a,a,a,a,a,a,a,a,a,a,b,b,b,b,b,b,b,b,b,b,b,b,b,b,b,b,b,b,b,b,b,b,b,b,b,b,b,b,b,b,b,b,b,b,b,a,a,a,a,a,a,a,a,a,a,a,a,a,a,a,a,a,b,b,b,b,b,b,b,b,b,b,b,b,b,b,b,b,b,b,b,b,b,b,b,b,b,b,b,b,b,b,b,b,b,b,b,b,b,b,b,b,b,b,b,b,b,b,b,b,b,b,b,b,b,b,b,b,a,a,b,b,b,b,b,b,b,b,b,b,b,b,b,b,b,b,b,b,b,b,b,a,a,a,a,a,a,a,a,a,a,a,a,a,a,a,a,a,a,a,a,a,a,a,a,a,a,a,a,a,a,a,a,a,a,a,a,a,a,a,a,a,a,a,a,a,a,a,a,b,b,b,b,a,a,a,a,a,a,a,a,a,a,a,a,a,a,a,a,a,a,a,a,a,a,a,a,a,a,a,a,a,a,a,a,a,a,a,a,a,a,a,a,a,a,a,a,a,a,a,b,b,a,a,a,a,a,a,a,a,a,a,a,a,a,a,a,a,a,a,a,a,a,a,a,a,a,b,b,b,b,b,b,b,b,b,b,b,b,b,b,b,b,b,b,b,b,b,b,b,b,b,b,b,b,b,b,b,b,b,b,b,b,b,b,b,b,b,b,b,b,b,b,b,b,b,b,b,b,b
1,Non-Dormant,CS98462,189,a,a,a,a,a,a,a,a,a,a,a,a,b,b,a,a,a,a,a,a,a,a,a,a,a,a,a,a,a,a,a,a,a,a,a,a,a,a,a,a,a,a,a,a,a,a,a,a,a,a,a,a,a,a,a,a,a,a,a,a,a,a,a,a,a,a,a,a,a,a,a,a,a,a,a,a,a,a,a,a,b,b,b,b,b,b,b,b,b,b,a,a,a,a,a,a,a,a,a,a,a,a,a,a,a,a,a,a,a,a,a,a,a,a,b,b,a,a,a,b,b,b,b,b,b,b,b,b,b,b,b,b,b,b,b,b,b,b,b,b,b,b,b,b,b,b,b,b,b,b,b,b,b,b,b,b,b,b,b,b,b,b,b,b,b,b,b,b,b,b,b,b,b,b,b,b,b,b,b,b,b,b,b,b,b,b,b,b,b,b,b,b,b,b,b,b,b,b,b,b,b,b,b,b,b,b,b,b,b,b,b,b,b,b,b,a,a,a,a,a,a,a,a,a,a,a,a,a,a,a,a,a,a,a,a,a,a,a,a,a,a,a,a,a,a,a,a,a,a,a,a,a,a,a,a,a,a,a,a,a,a,a,a,a,a,a,a,a,b,b,b,b,b,b,b,b,b,b,b,b,b,b,b,b,a,a,a,a,a,a,a,a,a,a,a,a,a,b,b,b,b,b,b,b,b,b,b,b,b,b,b,b,b,b,b,b,b,b,b,b,b,b,b,b,b,b,b,a,a,a,a,a,a,a,a,a,a,a,a,a,a,a,a,a,a,a,a,a
1,Non-Dormant,CS98470,198,b,b,a,a,a,a,a,a,a,a,a,a,a,a,a,a,a,a,a,a,a,a,a,a,a,a,a,a,a,a,a,a,a,a,a,a,a,a,a,a,a,a,a,a,a,a,a,a,a,b,b,b,b,b,b,b,b,b,b,b,b,b,b,b,b,b,b,b,b,b,b,b,b,b,b,b,b,b,b,b,b,b,b,b,b,b,b,b,b,b,b,b,b,b,b,a,a,a,a,a,a,a,a,a,b,b,b,b,b,b,b,b,b,b,b,b,b,b,b,b,b,b,b,b,b,b,b,b,b,b,b,b,b,b,b,b,b,b,b,b,b,b,b,b,b,b,b,b,b,b,b,b,b,b,b,b,b,b,b,b,b,b,b,b,b,b,b,b,b,b,b,b,b,b,b,b,b,b,b,b,b,b,b,b,b,b,b,b,b,b,b,b,b,b,b,b,b,b,b,b,b,b,b,b,b,b,b,b,b,b,b,b,b,b,b,a,a,a,a,a,a,a,a,a,a,a,a,a,a,a,a,a,a,a,a,a,a,a,a,a,a,a,a,a,a,a,a,a,a,a,a,a,a,a,a,a,a,a,a,a,a,a,a,a,a,a,a,a,b,b,b,b,b,b,b,b,b,b,b,b,b,b,b,b,b,b,b,b,b,b,b,b,b,b,b,b,b,b,b,b,b,b,b,b,b,b,b,b,b,b,b,b,b,b,b,b,b,b,b,b,b,b,b,b,b,b,b,b,b,b,b,b,b,b,b,b,b,b,b,b,b,b,b,b,b,b,b,b
2,Non-Dormant,CS98476,206,b,b,b,b,b,b,b,b,b,b,b,b,b,b,b,b,b,b,b,b,b,b,b,b,b,b,b,b,b,b,b,b,b,b,b,b,b,b,b,b,b,b,b,b,b,b,b,b,b,b,b,b,b,b,b,b,b,b,b,b,b,b,b,b,b,b,b,b,b,b,b,b,b,b,b,b,b,b,b,b,b,b,b,b,b,b,b,b,b,b,a,a,a,a,a,a,a,b,b,b,b,b,b,b,b,b,b,b,b,b,b,b,b,b,b,b,b,b,b,b,b,b,b,b,b,b,b,b,b,b,b,b,b,b,b,b,b,b,b,b,b,b,b,b,b,b,b,b,b,b,b,b,b,b,b,b,b,b,b,b,b,b,b,b,b,b,b,b,b,b,b,b,b,b,b,b,b,b,b,b,b,b,a,a,a,a,a,a,a,a,a,a,a,a,a,a,a,a,a,a,a,a,a,a,a,a,a,a,a,a,a,a,a,a,a,a,a,a,a,a,a,a,a,a,a,a,a,a,a,b,b,a,b,b,b,b,b,b,b,b,a,a,a,a,a,a,a,a,a,a,a,a,a,b,b,b,b,b,b,b,b,b,b,b,b,b,b,b,b,b,b,b,b,b,b,b,b,b,a,a,a,a,a,a,b,b,b,b,b,a,a,a,a,a,a,a,a,a,a,a,a,a,a,a,a,a,a,a,a,b,b,b,b,b,b,b,b,b,b,b,b,b,b,b,b,b,b,b,b,b,b,b,b,b,b,b,b,b,b,b,b,b,b,b,b,b,b,b
1,Non-Dormant,CS98481,212,b,b,b,b,b,b,b,b,b,b,b,b,b,b,b,b,b,b,b,b,b,b,b,b,b,b,b,b,b,b,b,b,b,b,b,b,b,b,b,b,b,b,b,b,b,b,b,b,b,b,b,b,b,b,b,b,b,b,b,b,b,b,b,b,a,a,a,a,a,a,a,a,a,a,a,a,a,a,a,a,a,a,a,a,a,a,a,a,a,a,b,b,b,b,b,b,b,b,b,b,b,b,b,b,b,b,b,b,b,b,b,b,b,b,b,b,b,b,b,b,b,b,b,b,b,b,b,b,b,b,b,b,b,b,b,b,b,b,b,b,b,b,b,b,b,b,b,b,b,b,b,b,b,b,b,b,b,b,b,b,b,b,b,b,b,b,b,b,b,b,b,b,b,b,b,b,b,b,b,b,b,b,b,b,b,b,b,b,b,b,b,b,b,b,b,b,b,b,b,b,b,b,b,b,b,b,b,b,b,b,b,b,b,b,b,b,b,b,a,a,a,a,a,a,a,a,a,a,a,a,a,a,a,a,a,a,a,a,a,a,a,a,a,a,a,a,a,a,a,a,a,a,a,a,a,a,a,a,a,a,a,a,a,a,a,a,a,a,b,b,b,b,b,b,b,b,b,b,b,b,b,b,b,b,b,b,b,b,a,a,a,a,a,a,a,a,a,a,a,a,a,a,a,a,a,a,a,a,b,b,b,b,b,b,b,b,b,b,b,b,b,b,b,b,b,b,b,b,b,b,b,a,a,a,a,a,a,a,a,a,a,a,a,a,a,a,a,a
1,Non-Dormant,CS98486,219,b,b,b,b,b,b,b,b,b,b,b,b,b,b,b,b,b,b,b,b,b,b,b,b,b,b,b,b,b,b,b,b,b,b,b,b,b,a,a,a,a,a,a,a,a,a,a,a,a,a,a,a,a,a,a,a,a,a,a,a,a,a,a,a,a,a,a,a,a,a,a,a,a,a,a,a,a,a,a,a,a,a,a,a,a,a,a,a,a,a,b,b,b,b,b,b,b,b,b,b,b,b,b,b,b,b,b,b,b,b,b,b,b,b,b,b,b,b,b,b,b,b,b,b,b,b,b,b,b,b,b,b,b,b,b,b,b,b,b,b,b,b,b,b,b,b,b,b,a,a,a,a,a,a,a,a,a,a,a,a,a,a,a,a,a,a,a,a,a,a,a,a,a,b,b,b,b,b,b,b,b,b,b,b,b,b,b,b,b,b,b,b,b,b,b,b,b,b,b,b,b,b,a,a,a,a,a,a,a,a,a,a,a,a,a,a,a,b,b,b,b,b,b,b,b,b,b,b,b,b,b,b,b,b,b,b,b,b,b,b,b,b,b,b,b,b,b,b,b,b,b,b,b,b,b,b,b,b,b,b,b,b,b,b,b,b,b,b,b,b,b,b,b,b,b,b,b,b,b,b,b,b,b,b,b,b,b,b,b,b,b,b,b,b,b,b,a,a,a,a,a,b,b,b,b,b,b,b,b,b,b,b,b,b,b,b,b,b,b,b,b,b,b,b,b,b,b,b,b,b,b,b,b,b,b,b,b,b,b,b,b,b,b,b,b,b,b,b
1,Non-Dormant,CS98493,227,b,b,b,b,b,b,b,b,b,b,b,b,b,b,b,b,b,b,b,b,b,b,b,b,b,b,b,b,b,b,b,b,b,b,b,b,b,b,a,a,a,a,a,a,a,a,a,a,a,a,a,a,a,a,a,a,a,a,a,a,a,a,a,a,a,a,a,a,a,a,a,a,a,a,a,a,a,a,b,b,b,b,b,b,b,b,b,b,b,b,a,a,a,b,b,b,b,b,b,b,b,b,b,b,b,b,b,b,b,b,b,b,b,b,b,b,b,b,b,b,b,b,b,b,b,b,b,b,b,b,b,b,b,b,b,b,b,b,b,b,b,b,b,b,b,b,b,b,b,b,b,b,b,b,b,b,b,b,b,b,b,b,b,b,b,a,a,a,a,a,a,a,a,a,a,a,a,a,a,a,a,a,a,a,a,a,a,a,a,a,a,a,a,a,a,a,a,a,a,a,a,a,a,a,a,a,a,a,a,a,a,a,a,a,a,a,a,a,a,a,a,a,a,a,a,a,a,a,a,a,a,a,a,a,a,a,a,a,a,a,b,b,b,b,b,b,b,b,b,b,b,b,b,b,b,b,b,b,b,b,b,b,b,b,b,b,b,b,b,b,b,b,b,b,b,b,b,b,b,b,b,b,b,b,b,b,b,b,b,b,b,b,b,b,b,b,b,b,b,b,b,b,b,b,b,b,b,b,b,b,b,b,b,b,b,b,b,b,b,b,b,b,b,b,b,b,b,b,b,b,b,b,b,b,b,b,b,b,b,b,b,b,b,b,b,b,b,b
2,Non-Dormant,CS98495,230,b,b,b,b,b,b,b,b,b,b,b,b,b,b,b,b,b,b,b,b,b,b,b,b,b,b,b,b,b,b,b,b,b,b,b,b,b,b,b,b,b,b,b,b,b,b,b,b,b,b,b,b,b,b,b,b,b,b,b,b,b,b,b,b,b,b,b,b,b,b,b,b,b,b,b,b,b,b,b,b,b,b,b,b,b,b,b,b,b,b,b,a,a,a,a,a,a,a,a,a,a,a,a,a,b,b,b,b,b,a,a,a,a,a,a,a,a,a,a,a,a,a,a,a,a,a,b,b,b,b,b,b,b,b,b,b,b,b,b,b,b,b,b,b,b,b,NA,b,b,b,b,b,b,b,b,b,b,b,b,b,b,b,b,a,a,a,a,a,b,b,b,b,b,b,b,b,b,b,b,b,b,b,b,b,b,b,b,b,b,b,b,b,b,b,b,a,a,a,a,a,a,a,a,a,a,a,a,a,a,a,a,a,a,a,a,a,a,a,a,a,a,a,a,a,a,a,a,a,a,a,a,a,a,a,a,a,a,a,a,a,a,a,a,a,a,b,b,b,b,b,b,b,b,b,b,b,b,b,b,b,b,b,b,b,b,b,b,b,a,a,a,a,a,a,a,a,a,a,a,b,b,b,b,b,b,b,b,b,b,b,b,b,b,b,b,b,b,b,b,b,b,b,b,b,b,b,b,b,b,b,b,b,b,b,b,b,b,b,b,b,b,b,b,b,b,b,b,b,b,b,a,a,a,a,a,b,b,b,b,b,b,b,b,b,b,b,b,b
2,Non-Dormant,CS98496,231,b,b,b,b,b,b,b,b,b,b,b,b,b,b,b,b,b,b,b,b,b,b,b,b,b,b,b,b,b,a,a,a,a,a,a,a,a,a,a,a,a,a,a,a,a,a,a,a,a,a,a,a,a,a,a,a,a,a,a,a,a,a,a,a,a,a,a,a,a,a,a,b,b,b,b,b,b,a,a,a,a,a,a,a,a,a,a,a,a,a,a,a,a,a,a,a,a,a,a,a,a,a,a,a,a,a,a,a,a,a,a,a,a,a,a,a,a,a,a,a,a,a,a,b,b,b,b,b,b,b,b,b,b,b,b,b,b,b,b,b,b,b,b,b,b,b,b,b,b,b,b,b,b,b,b,b,b,b,b,b,b,b,b,b,b,b,b,b,b,b,b,b,b,b,b,b,b,b,b,b,b,b,b,b,b,b,b,b,b,b,b,b,b,b,b,b,b,b,b,b,b,b,b,b,b,b,b,b,b,b,b,b,b,b,b,a,a,a,a,a,a,a,a,a,a,a,a,a,a,a,a,a,a,a,a,a,a,a,a,a,a,a,a,a,a,a,a,a,a,a,a,a,a,a,a,a,a,a,a,a,a,a,a,a,a,a,a,a,b,b,b,b,b,b,b,b,b,b,b,b,b,b,b,b,b,b,b,b,b,b,b,b,b,b,b,b,b,b,b,b,b,b,b,b,b,b,b,b,b,b,b,b,b,b,b,b,b,b,b,b,b,b,b,b,b,b,b,b,b,b,b,b,b,b,b,b,b,b,b,b,b,b,b,b,b,b,b,b
2,Non-Dormant,CS98497,232,a,a,a,a,a,a,a,a,a,a,a,a,a,a,a,a,a,a,a,a,a,a,a,a,a,a,a,a,a,a,a,a,a,a,a,a,a,a,a,a,a,a,a,a,a,a,a,a,a,a,a,a,a,a,a,a,b,b,b,b,b,b,b,b,b,b,b,b,b,b,b,b,b,b,b,b,b,b,b,b,b,b,b,b,b,b,b,b,b,b,b,b,b,b,b,b,b,b,b,b,b,b,b,b,b,b,b,b,b,b,b,b,b,b,b,b,b,b,b,b,b,b,b,b,b,b,b,b,b,b,b,b,b,b,b,b,b,b,b,b,b,b,b,b,b,b,b,b,b,b,b,b,b,b,b,b,b,b,b,b,b,b,b,b,b,b,b,b,b,b,b,b,b,b,b,b,b,b,b,b,b,b,b,b,b,b,b,b,b,b,b,b,b,b,b,b,b,b,b,b,b,b,a,a,a,a,a,a,a,a,a,a,a,a,a,a,a,a,a,a,a,a,a,a,a,a,a,a,a,a,a,a,a,a,a,a,a,a,a,a,a,a,a,a,a,a,a,a,a,a,a,a,a,a,a,a,a,a,a,a,a,a,a,a,a,a,a,a,b,b,b,b,b,b,b,b,b,b,b,b,b,b,b,b,b,b,b,b,b,b,b,b,b,b,b,b,b,b,b,b,b,b,b,b,b,b,b,a,a,a,b,b,b,b,b,b,b,b,b,b,b,b,b,b,b,b,b,b,b,b,b,b,b,b,b,b,b,b,b,b,b,b,b,b,b,b,b,b
2,Non-Dormant,CS98503,241,a,a,a,a,a,a,a,a,a,a,a,a,a,a,a,a,a,a,a,a,a,a,a,a,a,a,a,a,a,a,a,a,a,a,a,a,a,a,a,a,a,a,a,a,a,a,a,a,a,a,a,a,a,a,a,a,a,a,a,a,a,a,a,a,a,a,a,a,a,a,a,a,a,a,a,a,a,a,a,a,a,a,a,a,a,a,a,a,a,a,a,a,a,a,a,a,a,b,b,b,b,b,b,b,b,b,b,b,b,b,b,b,b,b,b,b,b,b,b,b,b,b,b,b,b,b,b,b,b,b,b,b,b,b,b,b,b,b,b,b,b,b,b,b,b,b,b,b,b,b,b,b,b,b,b,b,b,b,b,b,b,b,b,a,b,b,b,b,b,b,b,b,b,b,b,b,b,b,b,b,b,b,b,b,b,b,b,b,b,b,b,b,b,b,b,b,b,b,b,b,b,b,b,b,b,b,b,b,b,b,b,b,b,b,b,b,b,b,b,b,b,a,a,a,a,a,a,a,a,a,a,a,a,a,a,a,a,a,a,a,a,a,a,a,NA,a,a,a,a,a,a,a,a,a,a,a,a,a,a,a,a,a,a,a,a,a,a,a,a,a,a,a,a,a,a,a,a,a,a,a,a,a,a,a,a,a,a,a,a,a,a,a,a,a,a,b,b,b,b,b,b,b,b,b,b,b,b,b,b,b,b,b,b,b,b,b,b,b,b,b,b,b,b,b,b,b,b,b,b,b,b,b,b,b,b,b,b,b,b,b,b,b,b,b,b,b,b,b
1,Non-Dormant,CS98504,242,a,a,a,a,a,a,a,a,a,a,a,a,a,a,a,a,a,a,a,a,a,a,a,a,a,a,a,a,a,a,a,a,a,a,a,b,b,b,b,b,b,b,b,b,b,b,b,b,b,b,b,b,b,b,b,b,b,b,b,b,b,b,b,b,b,b,b,b,b,b,b,b,b,b,b,b,b,b,b,b,b,b,b,b,b,b,b,b,b,b,b,a,a,a,a,a,b,b,b,b,b,b,b,b,b,b,b,b,b,b,b,b,b,b,b,b,b,b,b,b,b,b,b,b,b,b,b,b,b,b,b,b,b,b,b,b,b,b,b,b,b,b,b,b,b,b,b,b,a,a,a,a,a,a,a,a,a,a,a,a,a,a,a,a,a,a,a,a,a,a,a,a,a,a,a,a,a,a,a,a,a,a,a,a,a,a,a,a,a,a,a,a,a,a,a,a,a,a,a,a,a,a,a,a,a,a,a,a,a,a,a,a,a,a,a,b,b,b,b,b,b,b,b,b,b,b,b,b,b,b,b,b,b,b,b,b,b,a,a,a,a,a,a,a,a,a,a,a,a,a,a,a,a,a,a,a,a,a,a,a,a,a,a,a,a,a,a,a,b,b,b,b,b,b,b,b,b,b,b,b,b,b,b,b,b,b,b,b,b,b,b,b,b,b,b,b,b,b,b,b,b,b,b,b,b,b,b,b,b,b,b,b,b,b,b,b,b,b,b,b,b,b,b,b,b,b,b,b,b,b,b,b,b,b,b,b,b,b,b,b,NA,b,b,b,b,b,b,b
1,Non-Dormant,CS98518,264,b,b,b,b,b,b,b,b,b,b,b,b,b,a,a,a,a,a,a,a,a,NA,a,a,a,a,a,a,a,a,a,a,a,a,a,a,a,a,a,a,a,a,a,a,a,a,a,a,a,a,a,a,a,a,a,b,b,b,b,b,b,b,b,b,b,b,b,b,b,b,b,b,b,b,b,b,b,b,b,b,b,b,b,b,b,b,b,b,b,b,a,a,a,a,a,a,a,a,a,a,a,a,a,a,b,b,b,b,b,b,b,b,b,b,b,b,b,b,b,b,b,b,b,b,b,b,b,b,b,b,b,b,b,b,b,b,b,b,b,b,b,b,b,b,b,b,b,b,b,b,b,b,b,b,b,b,b,b,b,b,b,b,b,b,b,b,b,b,b,b,b,b,b,b,b,b,NA,NA,NA,NA,NA,NA,NA,NA,NA,NA,NA,NA,NA,NA,NA,a,NA,NA,NA,NA,b,b,b,b,b,b,a,a,a,a,a,a,a,a,a,a,a,a,a,b,b,b,b,b,b,b,b,b,b,b,b,b,b,b,b,b,b,b,b,b,b,b,a,a,a,a,a,a,a,a,a,a,a,a,a,a,a,a,a,a,a,a,a,a,a,a,a,a,a,a,a,a,a,a,a,a,a,a,a,a,a,a,a,a,a,a,a,a,a,a,a,a,a,a,a,a,a,a,a,a,b,b,b,b,b,b,b,b,b,b,b,b,b,b,b,b,b,b,b,b,b,b,b,b,b,b,b,b,b,b,b,b,b,b,b,b,b,b,b,b,b,b,b,b,b,b,b,b,b,b,b,b
2,Non-Dormant,CS98533,295,a,a,a,a,a,a,a,a,a,a,a,a,a,a,a,a,a,a,a,a,a,a,a,a,a,a,a,a,a,a,a,a,a,a,a,a,a,a,a,a,a,a,a,a,a,a,a,a,a,a,a,a,a,a,a,a,a,a,a,a,a,a,a,a,a,a,a,a,a,a,a,a,a,a,a,a,a,a,a,a,a,a,a,a,a,a,a,a,a,a,a,a,a,a,a,a,a,a,a,a,a,a,a,a,a,a,a,a,a,a,a,a,a,a,NA,NA,NA,a,a,a,a,a,b,b,b,b,b,b,b,b,b,b,b,b,b,b,b,b,b,b,b,b,b,b,b,a,a,a,b,b,b,b,b,b,b,b,b,b,b,b,b,b,b,b,b,b,b,b,b,b,b,b,b,b,b,b,b,b,b,b,b,b,b,b,b,b,b,b,b,b,b,b,b,b,b,b,b,b,b,b,b,b,b,a,a,a,a,a,a,a,a,a,a,a,a,a,a,a,a,a,a,b,b,b,b,b,b,b,b,b,b,b,b,b,b,b,b,b,b,b,b,b,a,a,a,a,a,a,a,a,a,a,a,a,a,a,a,a,a,a,a,a,a,a,a,a,a,a,b,b,b,b,b,b,b,b,b,b,b,b,b,b,b,b,b,b,b,b,b,b,b,b,b,b,b,b,b,b,a,a,a,a,a,a,a,a,a,a,a,a,a,a,a,b,b,b,b,b,b,b,b,b,b,b,b,b,b,b,b,b,b,b,b,b,b,b,b,b,b,b,b,b,b,b,b,b,b,b
2,Non-Dormant,CS98539,305,b,b,b,b,b,b,b,b,b,b,b,b,b,b,b,b,b,b,b,b,b,b,b,b,b,b,b,b,b,b,b,b,b,b,b,b,b,b,b,b,b,b,b,b,b,b,b,b,b,b,b,b,b,b,b,b,b,b,b,b,b,b,b,b,b,b,b,b,b,b,b,b,b,b,b,a,a,a,a,a,a,a,a,a,a,a,a,a,a,a,a,a,a,b,a,a,a,a,a,a,a,a,a,a,a,a,b,b,b,b,b,b,b,b,b,b,b,b,b,b,b,b,b,b,b,b,b,b,b,b,b,b,b,b,b,b,b,b,b,b,b,b,b,b,b,b,b,b,b,b,b,b,b,b,b,b,b,b,b,b,b,b,b,b,b,b,b,b,b,b,b,b,b,b,b,b,b,a,a,a,a,a,a,a,a,a,a,a,a,a,a,a,a,a,a,a,a,a,a,a,a,a,a,a,a,a,a,a,a,a,a,a,a,a,a,a,a,a,a,a,a,a,a,a,a,a,a,a,a,a,a,a,a,a,a,a,a,a,a,a,a,a,a,a,a,a,b,a,a,a,a,a,a,a,a,a,a,a,a,a,a,a,a,a,a,a,a,a,b,b,b,b,b,b,b,b,b,b,b,b,b,b,b,b,b,b,b,b,b,b,b,b,b,b,b,b,b,b,b,b,b,b,b,b,b,b,b,b,b,b,b,b,b,b,b,b,b,b,b,b,b,b,b,b,b,b,b,b,b,b,b,b,b,b,b,b,b,b,b,b,b,b,b,b,b,b,b,b
2,Non-Dormant,CS98555,331,b,b,b,b,b,b,b,b,b,b,b,b,b,b,b,b,b,b,b,b,b,b,b,b,b,b,b,b,b,b,b,b,b,b,a,a,a,b,NA,a,a,a,a,a,a,a,a,a,a,a,a,a,a,a,a,a,a,a,a,a,a,a,a,a,a,a,a,a,a,a,a,a,a,a,a,a,a,a,a,a,a,a,a,a,a,a,a,a,a,a,a,a,a,a,a,a,a,a,a,a,a,a,a,a,a,a,a,a,a,a,a,a,a,a,a,a,a,a,a,a,a,b,b,b,b,b,b,b,b,b,b,b,b,b,b,b,b,b,b,b,b,b,b,b,b,b,b,b,b,b,b,b,b,b,b,b,b,b,b,b,b,b,b,b,b,b,b,b,b,b,b,b,b,b,b,b,b,b,b,b,b,b,b,b,b,b,b,b,b,b,b,b,b,b,b,b,b,b,b,a,a,a,a,a,a,a,a,a,a,a,a,a,a,a,a,b,b,b,b,b,b,b,b,b,b,b,b,a,a,a,a,a,a,a,a,a,a,a,a,a,a,a,a,a,a,a,a,a,a,a,a,a,a,a,a,a,a,a,a,a,a,a,a,a,a,a,a,a,b,b,b,b,b,b,b,b,b,b,b,b,b,b,b,b,b,b,b,b,b,b,b,b,b,b,b,b,b,b,b,b,b,b,b,b,b,b,b,b,b,b,b,b,b,b,b,b,b,b,b,b,b,b,b,b,b,b,b,b,b,a,a,a,a,a,a,a,a,a,a,a,a,a,a,a,a,a,a,a
1,Non-Dormant,CS98571,353,b,b,b,b,b,b,b,b,b,b,b,b,b,b,b,b,b,b,b,b,b,b,b,b,b,b,b,b,b,b,b,b,b,b,b,b,a,a,a,a,a,a,a,a,a,a,a,a,a,a,a,a,b,b,b,b,b,b,b,b,b,b,b,b,b,b,b,b,b,b,b,b,b,b,b,b,b,b,b,b,b,b,b,b,b,b,b,b,b,b,b,b,b,b,b,b,b,b,b,b,b,b,b,b,b,b,b,b,b,b,b,b,b,b,b,b,b,b,b,b,b,b,b,b,b,b,b,b,b,b,b,b,b,b,b,b,b,b,b,b,b,b,b,b,b,b,b,b,a,a,a,a,a,a,a,a,a,a,a,a,a,a,a,a,a,a,a,a,a,a,a,a,a,a,a,a,a,a,a,a,a,a,a,a,a,a,a,a,a,a,a,a,a,a,a,a,a,a,a,a,a,a,a,b,b,b,b,b,b,b,b,b,b,b,b,b,b,b,b,b,b,b,b,b,b,b,b,b,b,b,b,b,b,b,b,b,b,b,a,a,a,a,a,a,a,a,a,a,a,a,a,a,a,a,a,a,a,a,a,a,a,a,a,a,a,a,a,a,b,b,b,b,b,b,b,b,b,b,b,b,b,b,b,b,b,b,b,b,b,b,b,b,b,b,b,b,b,b,b,b,b,b,b,b,b,b,b,b,b,b,b,b,b,b,b,b,b,b,b,b,b,b,b,b,b,b,b,b,b,b,b,b,b,b,b,b,b,b,b,b,b,b,b,b,b,b,b,b
2,Non-Dormant,CS98572,356,b,b,b,b,b,b,b,a,a,a,a,a,a,a,a,a,a,a,a,a,a,a,a,a,a,a,a,a,a,a,a,a,a,a,a,a,a,a,a,a,a,a,a,a,a,a,a,a,a,a,a,a,a,a,a,a,a,a,a,a,a,a,a,a,a,a,a,a,a,a,a,a,b,b,b,b,b,b,b,b,b,b,b,b,b,b,b,b,b,b,b,b,b,b,b,b,b,b,b,b,b,b,a,b,b,b,b,b,b,b,b,b,b,b,b,b,b,b,b,b,b,b,b,b,b,b,b,b,b,b,b,b,b,b,b,b,b,b,b,b,b,b,b,b,b,b,b,b,b,b,b,b,b,b,b,a,a,a,a,a,a,a,a,a,a,a,a,a,a,a,a,a,a,a,a,a,a,a,a,a,a,a,a,a,a,a,a,a,a,a,a,a,a,b,b,b,b,b,b,b,b,b,b,b,b,b,b,b,b,b,b,b,b,b,b,b,b,b,b,b,b,b,b,b,b,b,b,b,b,b,b,b,b,b,b,b,b,b,b,b,b,b,b,b,b,b,b,b,b,b,b,b,b,b,b,b,b,b,b,b,b,b,b,b,b,b,b,b,a,b,b,b,b,b,b,b,b,b,b,b,b,b,b,b,b,b,b,b,b,b,b,b,b,b,b,b,b,b,a,a,a,a,a,a,a,a,a,a,a,a,b,b,b,b,b,b,b,b,b,b,b,b,b,b,b,b,b,b,b,b,b,b,a,a,a,a,a,a,a,a,a,a,a,a,a,a,a,a
2,Non-Dormant,CS98584,383,a,a,a,a,a,a,a,a,a,a,a,a,a,a,a,a,a,a,a,a,a,a,a,a,a,a,a,a,b,b,b,b,b,b,b,b,b,b,b,b,b,b,b,b,b,b,b,b,b,b,b,b,b,b,b,b,b,b,b,b,b,b,b,b,b,b,b,b,b,b,b,b,b,b,b,b,b,b,b,b,b,b,b,b,b,b,b,b,b,b,a,a,a,a,a,a,a,a,a,a,a,a,a,a,a,a,a,a,a,a,a,a,a,b,b,b,b,b,b,b,b,b,b,b,b,b,b,b,b,b,b,b,b,b,b,b,b,b,b,b,b,b,b,b,b,b,b,b,b,b,NA,b,b,b,b,b,b,b,b,b,b,b,b,b,b,b,b,b,NA,b,b,b,b,b,b,b,b,b,b,b,b,b,a,a,a,a,a,a,a,a,a,a,a,a,a,a,a,a,a,a,a,a,a,a,a,a,a,a,a,a,a,a,a,a,a,a,a,a,a,a,a,a,a,a,a,a,a,b,b,b,b,b,b,b,b,b,b,b,b,b,b,b,b,b,b,NA,b,b,b,b,b,b,b,b,b,b,b,NA,b,b,b,b,b,b,b,b,b,b,b,b,b,b,b,b,b,b,b,b,b,b,b,b,b,b,b,b,b,b,b,b,b,b,b,b,b,b,a,NA,a,a,a,a,a,a,a,a,b,b,b,b,b,b,b,b,b,b,b,b,b,b,b,b,a,a,a,a,a,a,a,a,a,a,a,a,a,a,a,a,a,a,a,a,a,a,b,b,b,b
1,Non-Dormant,CS98586,385,a,a,a,a,a,a,a,a,a,a,a,a,a,a,a,a,a,a,a,a,a,a,a,a,a,a,a,a,a,a,a,a,a,a,a,a,a,a,a,a,a,a,a,a,a,a,a,a,a,a,a,a,a,a,a,a,a,a,a,a,a,a,a,a,a,a,a,a,a,a,a,a,a,a,a,a,a,a,a,a,a,a,a,a,a,a,a,a,a,a,b,b,b,b,b,b,b,b,b,b,b,b,b,b,b,b,b,b,b,b,b,b,b,b,b,b,b,b,b,b,b,b,b,b,b,b,b,b,b,b,b,b,b,b,b,b,b,b,a,a,a,a,b,b,b,a,a,a,b,b,b,b,b,b,b,b,b,b,b,b,b,b,b,b,b,b,b,b,b,b,b,b,b,b,a,a,a,a,NA,NA,a,a,a,a,a,a,a,a,a,a,a,a,a,a,a,a,a,a,a,a,a,a,a,a,a,a,a,a,a,a,a,a,a,a,a,a,a,a,a,a,a,a,a,a,a,a,a,a,a,a,a,a,a,a,a,a,a,a,a,a,a,a,a,a,a,a,a,a,a,a,a,a,a,a,a,a,a,a,a,a,a,a,a,a,b,b,b,b,a,a,a,a,a,a,a,a,a,a,a,a,a,a,a,a,a,a,a,a,a,a,a,b,b,b,b,b,b,b,b,b,b,b,b,b,b,b,b,b,b,b,b,b,b,b,b,b,b,b,b,b,b,b,b,b,b,b,b,b,b,b,b,b,b,b,a,a,a,a,a,a,a,a,a,a,a,a,a,a
2,Non-Dormant,CS98591,393,a,a,a,a,a,a,a,a,a,a,a,a,a,a,a,a,a,a,a,a,a,a,a,a,a,a,a,a,a,a,a,a,a,a,a,a,a,a,a,a,a,a,a,a,a,a,a,a,a,a,a,a,a,a,a,a,a,a,a,a,a,a,a,a,a,a,a,a,a,a,a,a,a,a,a,a,a,a,a,a,a,a,a,a,a,a,a,b,b,b,a,a,a,a,a,a,a,a,a,a,a,a,a,a,a,a,a,a,a,a,a,a,a,a,a,a,b,b,b,b,b,b,b,b,b,b,b,b,b,b,b,b,b,b,b,b,b,b,b,b,b,b,b,b,b,b,b,b,b,b,b,b,b,b,b,b,b,b,b,b,b,b,b,b,b,b,b,b,b,b,b,b,b,b,b,b,b,b,b,b,b,b,b,b,b,b,b,b,b,b,b,b,b,b,b,b,b,b,b,b,b,b,b,b,b,b,b,b,b,b,b,b,b,b,b,b,b,b,b,b,b,b,b,b,b,b,b,b,b,b,b,b,b,b,b,b,b,b,b,a,a,a,a,a,a,a,a,a,a,a,a,a,a,a,a,a,a,a,a,a,a,a,a,a,a,a,a,a,a,a,a,a,a,a,a,a,a,a,a,a,a,a,a,a,a,a,a,a,a,a,a,a,a,a,a,a,a,a,a,a,a,a,b,b,b,b,b,b,b,b,b,b,b,b,b,b,b,b,b,b,b,b,b,b,b,b,b,b,b,b,b,b,b,b,b,b,b,b,b,b,b,b,b,b,b,b,b,b
2,Non-Dormant,CS98595,397,a,a,a,a,a,a,a,a,a,a,a,a,a,a,a,a,a,a,a,a,a,a,a,a,a,a,a,a,a,a,a,a,a,a,a,a,a,a,a,a,a,a,a,a,a,a,a,a,a,a,b,b,b,b,b,b,b,b,b,b,b,b,b,b,b,b,b,b,b,b,b,b,b,b,b,b,b,b,b,b,b,b,b,b,b,b,b,b,b,b,b,b,b,b,b,b,b,b,b,b,b,b,b,b,b,b,b,b,b,b,b,b,b,b,b,b,b,b,b,b,b,b,b,b,b,b,b,b,b,b,b,b,b,b,b,b,b,b,b,b,b,b,b,b,b,b,b,b,b,b,b,b,b,b,b,b,b,b,b,b,b,b,b,b,b,b,b,b,b,b,b,b,b,b,b,b,b,b,b,b,b,b,b,b,b,b,b,b,b,b,b,b,a,a,a,a,a,a,a,a,a,a,a,a,a,a,a,a,a,a,a,a,a,a,a,b,b,b,b,b,b,a,a,a,a,a,a,a,a,a,a,a,a,a,a,a,a,a,a,a,a,a,a,a,a,a,a,a,a,a,a,a,a,a,a,a,a,a,a,a,a,a,a,a,a,a,a,a,a,a,a,a,a,a,a,a,a,a,a,a,a,a,a,a,a,a,a,a,a,a,a,a,a,a,a,a,a,a,a,a,a,b,b,b,b,b,b,b,b,b,b,b,b,b,b,b,b,b,b,b,b,b,b,b,b,b,b,b,b,b,b,b,b,b,b,b,b,b,b,b,b,b,b,b,b,b,b,b
1,Non-Dormant,CS98600,414,b,a,a,a,a,a,a,a,a,a,a,a,a,a,a,a,a,a,b,b,b,b,b,b,b,b,b,b,b,b,b,b,b,b,b,a,a,a,a,a,a,a,a,a,a,a,a,a,a,a,a,a,a,a,a,a,a,a,a,a,a,a,a,a,a,a,a,a,a,a,a,a,a,b,b,b,b,b,b,b,b,b,b,b,b,b,b,a,b,b,b,b,b,b,b,b,b,b,b,b,b,b,b,b,b,b,b,b,b,b,b,b,b,b,b,b,b,b,b,b,b,b,b,b,b,b,b,b,b,a,a,a,a,a,a,a,a,a,a,a,a,a,a,a,a,a,a,a,b,b,b,b,b,b,b,b,b,b,b,b,b,b,b,b,b,b,b,b,b,b,b,b,a,a,a,a,a,a,a,a,a,a,a,a,a,a,a,a,a,a,a,a,a,a,a,a,a,a,a,a,a,a,a,a,a,a,a,a,a,a,a,a,a,a,a,b,b,b,b,b,b,b,b,b,b,b,b,b,b,b,b,b,b,b,b,b,b,b,b,b,b,b,b,b,b,b,b,b,b,b,b,b,b,b,b,b,b,b,b,b,b,b,b,b,b,b,b,b,a,a,a,b,b,b,b,b,b,b,b,b,b,b,b,b,b,b,b,b,b,b,b,b,b,b,b,b,b,b,b,b,b,b,b,b,b,b,b,b,b,b,b,b,b,b,b,b,b,b,b,b,b,b,b,b,b,b,b,b,b,b,b,b,b,b,b,b,b,b,b,b,b,b,b,b,b,b,b,b
2,Non-Dormant,CS98618,440,a,a,a,a,a,a,a,a,a,a,a,a,a,a,a,a,a,a,a,a,a,a,a,a,a,a,a,a,a,a,a,a,a,a,a,a,a,NA,b,b,b,b,b,b,b,b,b,b,b,b,b,b,b,b,b,b,b,b,b,b,b,b,b,b,a,a,a,a,a,a,a,a,a,a,a,a,a,a,b,b,b,b,b,b,b,b,b,b,b,b,b,b,b,b,b,b,b,b,b,b,b,b,b,b,b,b,b,b,b,b,b,b,b,b,b,b,b,b,b,b,b,b,b,b,b,b,b,b,b,b,b,b,b,b,b,b,b,b,b,b,b,b,b,b,b,b,b,b,a,a,a,a,a,a,a,a,a,a,a,a,a,a,a,a,a,a,a,a,a,a,a,a,b,b,b,b,b,a,a,a,a,a,a,a,a,a,a,a,a,a,a,b,b,b,b,b,b,b,b,b,b,b,b,b,b,b,b,b,b,b,b,b,b,b,b,b,b,b,b,b,b,b,b,b,b,b,b,b,b,b,b,b,b,b,b,a,a,a,a,a,a,a,a,a,a,a,a,a,a,a,a,NA,a,a,a,a,a,a,a,a,a,a,a,a,a,a,a,a,a,a,a,a,a,a,a,a,a,a,a,a,a,a,a,a,a,a,a,a,a,a,a,a,a,a,a,a,b,b,b,b,b,b,b,b,b,b,b,b,b,b,b,b,b,b,b,b,b,b,b,b,b,b,b,b,b,b,b,b,b,b,b,b,b,b,a,a,a,b,b,b,b,b,b,b,b,b,b,a
2,Non-Dormant,CS98647,485,b,b,b,b,b,b,b,b,b,b,b,b,b,b,b,b,b,b,b,b,b,b,b,b,b,b,b,b,b,b,b,b,b,b,b,b,b,b,b,b,b,b,b,b,b,b,b,b,b,a,a,a,a,a,a,a,a,b,b,b,b,b,b,b,b,b,b,b,b,b,b,b,b,b,b,b,b,b,a,a,a,a,a,a,a,a,a,a,a,a,a,a,a,a,a,a,a,a,a,a,a,a,a,a,a,a,a,a,a,a,a,a,a,a,a,a,a,NA,b,b,b,b,b,b,b,b,b,b,b,b,b,b,b,b,b,b,b,b,b,b,b,b,b,b,b,b,b,b,b,b,b,b,b,b,b,b,b,b,b,b,b,b,b,b,b,b,b,b,b,b,b,b,b,b,b,b,b,b,b,b,b,NA,NA,NA,NA,NA,NA,NA,NA,b,b,b,b,b,b,b,b,b,b,b,b,b,b,b,b,a,a,a,a,a,a,a,a,a,a,b,b,b,b,b,b,b,b,b,b,b,b,b,b,a,a,a,a,a,a,a,a,a,a,a,a,a,a,a,a,a,a,a,a,a,a,a,a,a,a,a,a,a,a,a,a,a,a,a,a,a,a,a,b,b,b,b,b,b,b,b,b,b,b,b,b,b,b,b,b,b,b,b,b,b,b,b,b,b,b,b,b,b,b,b,b,b,b,b,b,b,b,b,b,b,b,b,b,b,b,b,b,b,b,b,b,b,b,b,b,b,b,b,b,b,b,b,b,b,b,b,b,b,b,b,b,b,b,b,b,b,b,b
1,Non-Dormant,CS98648,486,a,a,a,a,a,a,a,a,a,a,a,a,a,a,a,a,a,a,a,a,a,NA,a,a,a,a,a,a,a,a,a,a,a,a,a,b,b,b,b,b,b,b,b,b,b,b,b,b,b,b,b,b,b,b,b,b,b,b,b,b,b,b,b,b,b,b,b,b,b,b,b,b,b,b,b,b,b,b,b,b,b,b,b,b,b,b,b,b,b,b,a,a,a,a,a,a,b,b,b,b,b,b,b,b,b,b,b,b,b,b,b,b,b,b,b,b,b,b,b,b,b,b,b,b,b,b,b,b,b,b,b,b,b,b,b,b,b,b,b,b,b,b,b,b,b,b,b,b,a,a,a,a,a,a,a,a,a,a,a,a,a,a,a,a,a,a,a,a,a,a,a,a,a,a,a,a,a,a,a,a,a,a,a,a,a,a,a,a,a,a,a,a,a,a,a,a,a,a,a,a,a,a,a,a,a,a,a,a,a,a,a,a,a,a,a,b,b,b,b,b,b,b,b,b,b,b,b,b,b,b,b,b,b,b,b,b,b,a,a,a,a,a,a,a,a,a,a,a,a,a,a,a,a,a,a,a,a,a,a,a,a,a,a,a,a,a,a,a,b,b,b,b,b,b,b,b,b,b,b,b,b,NA,b,b,b,b,b,b,b,b,b,b,b,b,b,b,b,b,b,b,b,b,b,b,b,b,b,b,b,b,b,b,b,b,b,b,b,b,b,b,b,b,b,b,b,b,b,b,b,b,b,b,b,b,b,b,b,b,b,b,b,b,b,b,b,b,b,b
1,Non-Dormant,CS98652,494,a,a,a,a,a,a,a,a,a,a,a,a,a,a,a,a,a,a,a,a,a,a,a,a,a,a,a,a,a,a,a,b,b,b,b,b,b,b,b,b,b,b,b,b,b,b,b,b,b,b,b,b,b,b,b,b,b,b,b,b,b,b,b,b,b,b,b,b,b,b,b,b,b,b,b,b,b,b,b,b,b,b,a,a,a,a,a,a,a,a,b,b,b,b,b,b,b,b,b,b,b,b,b,b,b,b,b,b,b,b,b,b,b,b,b,b,b,b,b,b,b,b,b,b,b,b,b,b,b,b,b,b,b,b,b,b,b,b,b,b,b,b,b,b,b,b,b,b,a,a,a,a,a,a,a,a,a,a,a,a,a,a,a,a,a,a,a,a,a,a,a,a,a,a,a,a,b,b,b,a,a,a,a,a,a,a,a,a,a,a,a,a,a,a,a,a,a,a,a,a,a,a,a,a,a,b,b,b,b,b,b,b,b,b,b,a,a,a,b,b,b,b,b,b,b,b,b,b,b,b,b,b,b,b,b,b,b,b,b,b,b,b,b,b,b,b,b,b,b,b,b,b,b,b,b,b,b,b,b,b,b,b,b,b,b,b,b,b,a,a,a,a,a,b,b,b,b,b,b,b,b,b,b,b,b,b,b,b,b,b,b,b,b,b,b,b,b,b,b,b,b,b,b,b,b,b,b,b,b,b,b,b,b,b,b,b,b,b,b,b,b,b,b,b,b,b,b,b,b,b,b,b,b,b,b,b,b,b,b,b,b,b,b,b,b,b,a,a
2,Non-Dormant,CS98660,508,b,b,b,b,b,b,b,b,b,b,b,b,b,b,b,b,b,b,b,b,b,b,b,b,b,b,b,b,b,b,b,b,b,NA,b,b,b,b,b,b,b,b,b,b,b,b,b,b,b,b,b,b,b,b,b,b,b,b,b,b,b,b,b,b,b,b,b,b,b,b,b,b,b,b,b,b,NA,NA,NA,NA,b,b,b,b,b,b,b,b,b,b,b,b,b,b,b,b,a,a,a,a,a,a,a,a,a,a,a,a,a,a,a,a,a,a,a,a,a,NA,NA,NA,b,b,b,b,b,b,b,b,b,b,b,b,a,a,a,a,a,a,a,a,a,a,a,a,a,a,a,a,a,a,a,a,a,a,a,a,a,a,a,a,a,a,a,a,a,a,a,a,a,a,a,a,NA,NA,NA,b,b,a,a,a,a,a,a,a,a,a,a,a,a,a,a,a,a,a,a,a,a,a,a,a,a,a,a,a,a,a,a,a,a,a,a,a,a,a,a,a,a,a,a,a,a,a,a,a,a,a,a,a,a,a,a,a,a,a,a,a,a,a,a,a,a,a,a,a,a,a,a,a,a,a,a,a,a,a,a,a,a,a,a,a,a,a,a,a,a,a,a,a,a,a,a,b,b,b,b,b,b,b,b,b,b,b,b,b,b,b,b,b,b,b,b,b,b,b,b,b,b,b,b,b,b,b,b,b,b,b,b,b,b,b,b,b,b,b,b,b,b,b,b,b,b,b,b,b,b,b,b,b,b,b,a,a,a,a,a,a,a,a,a,a,a,a,a,a,a,a,a,a
1,Non-Dormant,CS98682,550,a,a,a,a,a,a,a,a,a,a,a,a,a,a,a,a,a,a,a,a,a,a,a,a,a,a,a,a,a,a,a,a,a,a,a,a,a,a,a,a,a,a,a,a,a,a,a,a,a,a,a,a,a,a,a,a,a,a,a,a,a,a,a,a,a,a,a,a,a,a,a,a,a,a,a,a,a,a,a,a,a,a,a,a,a,a,a,a,a,a,b,b,b,b,b,b,b,b,b,b,b,b,b,b,b,b,b,b,b,b,b,b,b,b,b,b,b,b,b,b,b,b,b,b,b,b,b,b,b,NA,b,b,b,b,b,b,b,NA,b,b,b,b,b,b,b,b,b,b,b,b,b,b,b,b,b,b,b,b,b,b,a,a,a,a,a,a,a,a,a,a,a,a,a,b,b,b,b,b,b,b,b,b,b,b,b,b,b,b,b,b,b,b,b,b,b,b,b,b,b,b,b,b,b,b,b,b,b,b,b,b,b,b,b,b,b,b,b,b,b,b,b,a,a,a,a,a,a,a,a,a,a,a,a,a,a,a,a,a,a,a,a,a,a,a,a,a,a,a,a,a,a,a,a,a,a,a,a,a,a,a,a,a,a,a,a,a,a,a,b,b,b,b,b,b,b,b,b,b,b,b,b,b,b,b,b,b,b,b,b,b,b,b,b,NA,b,b,b,b,b,b,b,b,b,b,b,b,b,b,b,b,b,b,b,b,b,b,b,b,b,b,b,b,b,b,b,b,b,b,b,b,b,b,b,b,b,b,b,b,b,b,b,b,b,b,b,b,b,b
2,Non-Dormant,CS98696,574,a,a,a,a,a,a,a,a,a,a,a,a,a,a,a,a,a,a,a,a,a,a,a,a,a,a,a,a,a,a,a,a,a,a,a,a,a,a,a,a,a,a,a,a,a,a,a,a,a,a,a,a,a,a,a,a,a,b,b,b,b,b,b,b,b,b,b,b,b,b,b,b,b,b,b,b,b,b,b,b,b,b,b,b,b,b,b,b,b,b,NA,NA,b,b,b,b,b,b,b,b,b,b,b,b,b,b,b,b,b,b,b,b,b,b,b,b,b,b,b,b,b,b,b,b,b,b,b,b,b,b,b,b,b,b,b,b,b,b,b,b,b,b,b,b,b,b,b,b,b,b,b,b,b,b,b,b,b,b,b,b,b,b,b,b,b,b,b,b,b,b,b,b,b,b,b,b,b,b,b,b,b,b,b,b,b,b,b,b,b,b,b,b,b,b,b,b,b,b,a,a,a,a,a,a,a,a,a,a,a,a,a,a,a,a,a,a,a,a,a,a,a,a,a,a,a,a,a,a,a,a,a,a,a,a,a,a,a,a,a,a,a,a,a,a,a,a,a,a,a,a,a,a,a,a,a,a,a,a,a,a,a,a,a,a,a,a,a,a,b,b,b,b,b,b,b,b,b,b,b,b,b,b,b,b,b,b,b,b,b,b,b,b,b,b,b,b,b,b,b,b,b,b,b,b,b,b,b,b,b,b,b,b,b,b,b,b,b,b,b,b,b,b,b,b,b,b,b,b,a,a,b,b,b,b,b,b,b,b,b,b,b,b,b,b,b,b,b,b
1,Non-Dormant,CS98708,594,b,b,b,b,b,b,b,b,b,b,b,b,b,b,b,b,b,b,b,b,b,b,b,b,b,b,b,b,b,b,b,b,b,b,b,b,b,b,b,b,b,b,b,b,b,b,b,b,b,b,b,b,b,NA,b,a,a,a,a,a,a,a,a,a,a,a,a,a,a,a,a,a,a,a,a,a,a,a,a,a,a,a,a,a,a,a,a,a,a,a,b,b,b,b,b,b,b,b,b,b,b,b,b,b,b,b,b,b,b,b,b,b,b,b,b,b,b,b,b,b,b,b,b,b,b,b,b,b,b,b,b,b,b,b,b,b,b,b,b,b,b,b,b,b,b,b,b,b,b,b,b,b,b,b,b,b,b,b,b,b,b,b,b,b,b,b,b,b,b,a,a,a,a,a,a,a,b,b,b,a,a,a,a,a,a,a,a,a,a,a,a,a,a,a,a,a,a,a,a,a,a,a,a,a,a,a,a,a,a,a,a,a,a,a,a,a,a,a,a,a,a,a,b,b,b,b,b,b,b,b,a,a,a,a,a,a,a,a,a,a,a,a,a,a,a,a,a,a,a,a,a,a,a,a,a,a,a,a,a,a,a,a,a,a,a,a,a,a,a,a,a,a,a,a,a,a,a,a,a,a,a,a,a,a,a,a,a,a,a,a,a,a,a,a,a,a,a,a,a,a,b,b,b,b,b,b,b,b,b,b,b,b,b,b,b,b,b,b,b,b,b,b,b,b,b,b,b,b,b,b,b,b,b,b,b,b,b,b,b,b,b,b,b,b,b,b,b,b
1,Non-Dormant,CS98728,640,b,b,b,b,b,b,b,b,b,b,b,b,b,b,b,b,b,b,b,b,b,b,b,b,b,b,b,b,b,b,b,b,b,b,b,b,b,b,b,b,b,b,b,b,b,b,b,b,b,b,b,b,b,b,b,b,b,b,b,b,b,b,b,b,b,b,b,b,b,b,b,b,b,b,b,b,b,b,b,b,b,b,b,b,b,b,b,b,b,b,b,b,b,b,b,b,b,b,b,b,b,b,b,b,b,b,b,b,b,a,a,a,a,a,a,a,a,a,a,a,a,b,b,b,b,b,b,b,b,b,b,b,b,b,b,b,b,b,b,b,b,b,b,b,b,b,b,b,b,b,b,b,b,b,b,b,b,b,b,b,b,b,a,a,a,a,a,a,a,a,a,a,a,a,a,a,a,a,a,a,a,a,a,a,a,a,a,a,a,a,a,a,a,a,a,a,a,a,a,a,a,a,a,a,a,a,a,a,a,a,a,a,a,b,b,a,a,a,a,a,a,a,a,a,a,a,a,a,a,a,a,a,a,a,a,a,a,a,a,a,a,a,a,a,a,a,b,b,b,b,b,b,b,b,b,b,b,b,b,b,b,b,b,b,b,b,b,b,b,b,b,b,b,b,b,b,b,b,b,b,b,b,b,b,b,b,b,b,b,b,b,b,b,b,b,b,b,b,b,b,b,b,b,b,b,b,b,b,b,b,b,b,b,b,b,b,b,b,b,b,b,b,b,b,b,b,b,b,b,b,b,b,b,b,b,b,b,b,b,b,b,b,b,b,b,b,b,b
2,Non-Dormant,CS98731,647,b,b,b,b,b,b,b,b,b,b,b,b,b,b,b,b,b,b,b,b,b,b,b,b,b,b,b,b,b,b,b,b,b,b,b,b,b,b,b,b,b,b,b,b,b,b,b,b,b,b,b,b,b,b,b,b,b,b,b,b,b,b,b,b,b,b,b,a,a,a,a,a,a,a,a,a,a,a,a,a,a,a,a,a,a,a,a,a,a,a,b,b,b,b,b,b,b,b,b,b,b,b,b,b,b,b,b,b,b,b,b,b,b,b,b,b,b,b,b,b,b,b,b,b,b,b,b,b,b,b,b,b,b,b,b,b,b,b,b,b,b,b,b,b,b,b,b,b,b,b,b,b,b,b,b,b,b,b,b,b,b,b,b,b,b,b,b,b,b,b,b,b,b,b,b,b,b,b,b,b,a,a,a,a,a,a,a,a,a,a,a,a,a,a,a,a,a,a,a,a,a,a,a,a,a,a,a,a,a,a,a,a,a,a,a,a,a,a,a,a,a,a,a,a,a,a,a,a,a,a,a,a,a,a,a,a,a,a,a,a,a,a,a,a,a,NA,NA,NA,NA,NA,NA,NA,NA,NA,NA,NA,NA,NA,NA,NA,NA,NA,NA,NA,NA,NA,NA,NA,a,a,a,a,a,a,a,a,a,a,a,a,a,a,a,a,a,a,a,a,a,a,b,b,b,b,b,b,b,b,b,b,b,b,b,b,b,b,b,b,b,b,b,b,b,b,b,b,b,b,b,b,b,b,b,b,b,b,b,b,b,b,b,b,b,b,b,b,b,b,b,b,b,b,b,b,b,b,b,b
1,Non-Dormant,CS98732,649,a,a,a,a,a,a,a,a,a,a,a,a,a,a,a,a,a,a,a,a,a,a,a,a,a,a,a,a,a,a,a,a,a,b,b,b,b,b,b,b,b,b,b,b,b,b,b,b,b,b,b,b,b,b,b,b,b,b,b,b,b,b,b,b,b,b,b,b,b,b,b,b,b,a,a,a,a,a,a,a,a,a,a,a,a,a,a,a,a,a,b,b,b,b,b,b,b,b,b,b,b,b,b,b,b,b,b,b,b,b,b,b,b,b,b,b,b,b,b,b,b,b,b,b,b,b,b,b,b,b,b,b,b,b,b,b,b,b,b,b,b,b,b,b,b,b,b,b,b,b,b,b,b,b,b,b,b,b,b,b,b,b,b,b,b,b,b,b,b,b,b,b,b,b,b,b,b,b,b,b,b,b,b,b,b,b,b,b,b,b,b,a,a,a,a,a,a,a,a,a,a,a,a,a,a,a,a,a,a,a,a,a,a,a,a,a,a,a,a,a,a,a,a,a,a,a,a,a,a,a,a,a,a,a,a,a,a,a,a,a,a,a,a,a,a,a,a,a,a,a,a,a,a,a,a,a,a,a,a,a,a,a,a,a,a,a,a,a,a,a,a,a,a,a,a,a,a,a,a,a,a,a,a,a,a,a,a,a,a,a,a,a,a,a,a,b,b,b,b,b,b,b,b,b,b,b,b,b,b,b,b,b,b,b,b,b,b,b,b,b,b,b,b,b,b,b,b,b,b,b,b,b,b,b,b,b,b,b,b,b,b,b,b,b,b,b,b,b
1,Non-Dormant,CS98741,672,b,b,b,b,b,b,b,b,b,b,b,b,b,b,b,b,b,b,b,b,a,a,a,a,a,a,a,a,a,a,b,b,b,b,b,b,b,b,b,b,b,b,b,b,b,b,a,a,a,a,a,a,a,a,a,a,a,a,a,a,a,a,a,a,a,a,a,a,a,a,a,a,a,a,a,a,a,a,a,a,a,a,a,a,a,a,a,a,a,a,b,b,b,b,b,b,b,b,b,b,b,b,b,b,b,b,b,b,b,b,b,b,b,b,b,b,b,b,b,b,b,b,b,b,b,b,b,b,b,b,b,b,b,b,b,b,b,b,b,b,b,b,b,b,b,b,b,b,a,a,a,a,a,a,a,a,a,a,a,a,a,a,a,a,a,a,a,a,a,a,a,a,a,a,a,a,a,a,a,a,a,b,b,b,b,b,b,b,b,b,b,b,b,b,b,b,b,b,b,b,b,b,b,b,b,b,b,b,b,b,b,b,b,b,b,b,b,b,b,b,b,b,b,b,b,b,b,b,b,b,b,a,a,a,a,a,a,a,a,a,a,a,a,a,a,a,a,a,a,a,a,a,a,a,a,a,a,a,a,a,a,a,a,a,a,a,a,a,b,b,b,b,b,b,b,b,b,b,b,b,b,b,b,b,b,b,b,b,b,b,b,b,b,b,b,b,b,b,b,a,a,a,a,a,a,a,a,a,a,a,a,a,a,a,b,b,b,b,b,b,b,b,b,b,b,b,b,b,b,b,b,b,b,b,b,b,b,b,b,b,b,b,b,b,b,b,b,b
1,Non-Dormant,CS98744,681,a,a,a,a,a,a,a,a,a,a,a,a,a,a,a,a,a,a,a,a,a,a,a,a,a,a,a,a,a,a,a,a,a,a,a,a,a,a,a,a,a,a,a,a,a,a,a,a,a,a,a,a,a,a,a,a,a,a,a,a,a,a,a,b,b,b,b,b,b,b,b,b,b,a,a,a,a,a,a,a,a,a,a,a,a,a,a,a,a,a,b,b,b,b,b,b,b,b,b,b,b,b,b,b,b,b,b,b,b,b,b,b,b,b,b,b,b,b,b,b,b,b,b,b,b,b,b,b,b,b,b,b,b,b,b,b,b,b,b,b,b,b,b,b,b,b,b,b,a,a,b,b,b,b,b,b,b,b,b,b,b,b,b,b,b,b,b,b,b,b,b,b,b,b,b,b,b,b,b,b,b,b,b,b,b,b,b,b,b,b,b,b,b,b,b,b,b,b,b,b,b,b,b,b,b,b,b,b,b,b,b,b,a,a,a,b,b,b,b,b,b,b,b,b,b,b,b,b,b,b,b,b,b,b,b,b,b,b,b,b,b,a,a,a,a,a,a,a,a,a,a,a,a,a,a,a,a,a,a,a,a,a,a,a,a,a,a,a,b,b,b,b,b,b,b,b,b,b,b,b,b,b,b,b,b,b,b,b,b,b,b,b,b,b,b,b,b,b,b,b,b,b,b,b,b,b,b,b,b,b,b,b,b,b,b,b,b,b,b,b,b,b,b,b,b,b,b,b,b,b,b,b,b,b,b,b,b,b,b,b,b,b,b,b,b,b,b,b
1,Non-Dormant,CS98745,683,a,a,a,a,a,a,a,a,a,a,a,a,a,a,a,a,a,a,a,a,a,a,a,a,a,a,a,a,a,a,a,a,a,a,a,a,a,a,a,a,a,a,a,a,a,a,a,a,a,a,a,a,a,a,a,a,a,a,a,a,a,a,a,a,a,a,a,a,a,a,a,a,a,a,a,a,a,a,a,a,a,a,a,a,a,a,a,a,a,a,b,b,b,b,b,b,b,b,b,b,b,b,b,b,b,b,b,b,b,b,b,b,b,b,b,b,b,b,b,b,b,b,b,b,b,b,b,b,b,b,b,b,b,a,a,a,a,a,a,a,a,NA,NA,NA,a,a,b,b,a,a,a,a,a,a,a,a,a,a,a,a,a,a,a,a,a,a,a,b,b,b,b,b,b,b,b,b,b,b,b,b,b,b,b,b,b,b,b,b,b,b,b,b,b,b,b,b,b,b,b,b,b,b,b,b,b,b,b,b,b,b,b,b,b,b,b,b,b,b,b,b,b,b,b,b,b,b,b,b,b,b,b,b,a,a,a,a,a,a,a,a,a,a,a,a,a,a,a,a,a,a,a,a,a,a,a,a,a,a,a,a,a,a,a,a,a,a,a,a,b,b,b,b,b,b,b,b,b,b,b,b,b,b,b,b,b,b,b,b,b,b,b,b,b,b,b,b,b,b,b,b,b,b,b,b,b,b,b,b,b,b,b,b,b,b,b,b,b,b,b,b,b,b,b,b,b,b,b,b,b,b,b,b,b,b,b,b,b,b,b,b,b,b,b,b,b,a,a,a
,Dormant,,IS-286 (Cross) - DONOR = 130 = CS98421,,,,,,,,,,,,,,,,,,,,,,,,,,,,,,,,,,,,,,,,,,,,,,,,,,,,,,,,,,,,,,,,,,,,,,,,,,,,,,,,,,,,,,,,,,,,,,,,,,,,,,,,,,,,,,,,,,,,,,,,,,,,,,,,,,,,,,,,,,,,,,,,,,,,,,,,,,,,,,,,,,,,,,,,,,,,,,,,,,,,,,,,,,,,,,,,,,,,,,,,,,,,,,,,,,,,,,,,,,,,,,,,,,,,,,,,,,,,,,,,,,,,,,,,,,,,,,,,,,,,,,,,,,,,,,,,,,,,,,,,,,,,,,,,,,,,,,,,,,,,,,,,,,,,,,,,,,,,,,,,,,,,,,,,,,,,,,,,,,,,,,,,,,,,
,Dormant,,IS-340 (Cross) - DONOR = 195 = CS98467,,,,,,,,,,,,,,,,,,,,,,,,,,,,,,,,,,,,,,,,,,,,,,,,,,,,,,,,,,,,,,,,,,,,,,,,,,,,,,,,,,,,,,,,,,,,,,,,,,,,,,,,,,,,,,,,,,,,,,,,,,,,,,,,,,,,,,,,,,,,,,,,,,,,,,,,,,,,,,,,,,,,,,,,,,,,,,,,,,,,,,,,,,,,,,,,,,,,,,,,,,,,,,,,,,,,,,,,,,,,,,,,,,,,,,,,,,,,,,,,,,,,,,,,,,,,,,,,,,,,,,,,,,,,,,,,,,,,,,,,,,,,,,,,,,,,,,,,,,,,,,,,,,,,,,,,,,,,,,,,,,,,,,,,,,,,,,,,,,,,,,,,,,,,
,Non-Dormant,,IS-358 (Cross) - DONOR = 206 = CS98476,,,,,,,,,,,,,,,,,,,,,,,,,,,,,,,,,,,,,,,,,,,,,,,,,,,,,,,,,,,,,,,,,,,,,,,,,,,,,,,,,,,,,,,,,,,,,,,,,,,,,,,,,,,,,,,,,,,,,,,,,,,,,,,,,,,,,,,,,,,,,,,,,,,,,,,,,,,,,,,,,,,,,,,,,,,,,,,,,,,,,,,,,,,,,,,,,,,,,,,,,,,,,,,,,,,,,,,,,,,,,,,,,,,,,,,,,,,,,,,,,,,,,,,,,,,,,,,,,,,,,,,,,,,,,,,,,,,,,,,,,,,,,,,,,,,,,,,,,,,,,,,,,,,,,,,,,,,,,,,,,,,,,,,,,,,,,,,,,,,,,,,,,,,,
,Non-Dormant,,IS-136 (Cross) - DONOR = 67 = CS98385,,,,,,,,,,,,,,,,,,,,,,,,,,,,,,,,,,,,,,,,,,,,,,,,,,,,,,,,,,,,,,,,,,,,,,,,,,,,,,,,,,,,,,,,,,,,,,,,,,,,,,,,,,,,,,,,,,,,,,,,,,,,,,,,,,,,,,,,,,,,,,,,,,,,,,,,,,,,,,,,,,,,,,,,,,,,,,,,,,,,,,,,,,,,,,,,,,,,,,,,,,,,,,,,,,,,,,,,,,,,,,,,,,,,,,,,,,,,,,,,,,,,,,,,,,,,,,,,,,,,,,,,,,,,,,,,,,,,,,,,,,,,,,,,,,,,,,,,,,,,,,,,,,,,,,,,,,,,,,,,,,,,,,,,,,,,,,,,,,,,,,,,,,,,
,,,Count of Ital Genotype,25,24,24,24,24,24,24,25,25,25,25,25,25,26,25,26,26,25,24,23,22,22,23,22,21,20,20,19,20,20,21,22,21,22,22,21,19,21,20,21,20,21,21,21,21,21,21,21,22,23,24,23,22,20,20,20,20,21,21,22,22,23,23,23,23,22,23,24,23,24,21,22,19,19,19,19,18,17,17,15,16,17,16,16,15,16,16,15,15,15,27,27,27,28,28,29,29,30,31,31,31,31,31,36,35,36,36,37,38,37,36,36,35,36,36,37,37,40,40,40,40,40,42,45,46,48,48,48,48,47,48,47,46,45,44,44,44,42,42,42,42,41,40,40,40,40,38,39,25,25,25,25,25,24,24,23,23,23,23,25,26,26,26,26,26,24,24,25,25,25,26,26,27,26,28,28,28,28,27,27,27,26,26,26,26,26,26,25,25,23,22,21,20,20,20,21,21,21,21,22,22,21,22,21,22,22,22,21,21,20,20,20,21,23,23,29,28,30,32,31,31,31,32,32,31,31,32,32,31,31,31,30,29,32,32,30,32,33,32,29,27,26,25,24,23,24,24,24,24,23,25,25,26,26,27,26,25,26,25,24,24,24,24,24,23,23,24,24,22,24,22,24,24,25,27,27,27,26,26,27,26,26,27,26,29,28,27,26,27,28,27,28,28,30,29,28,31,32,33,34,36,35,35,35,35,35,37,36,37,38,41,41,45,45,45,45,45,45,47,48,44,44,44,44,44,43,43,43,43,43,39,40,40,38,37,34,33,33,33,33,32,32,32,32,32,32,32,31
,,,Count of Crosses,2,2,2,2,2,2,2,2,2,2,2,2,2,2,2,2,2,2,2,2,2,2,2,2,2,2,2,2,2,2,2,2,2,2,2,2,2,2,2,2,2,2,2,2,2,2,2,2,2,2,2,2,2,2,2,2,2,2,2,2,2,2,2,2,2,2,2,2,2,2,2,2,2,2,2,2,2,2,2,2,2,2,2,2,2,2,2,2,2,2,2,2,2,2,2,2,2,2,2,2,2,2,2,2,2,2,2,2,2,2,2,2,2,2,2,2,2,2,2,2,2,2,2,2,2,2,2,2,2,2,2,2,2,2,2,2,2,2,2,2,2,2,2,2,2,2,2,2,2,2,2,2,2,2,2,2,2,2,2,2,2,2,2,2,2,2,2,2,2,2,2,2,2,2,2,2,2,2,2,2,2,2,2,2,2,2,2,2,2,2,2,2,2,2,2,2,2,2,2,2,2,2,2,2,2,2,2,2,2,2,2,2,2,2,2,2,2,2,2,2,2,2,2,2,2,2,2,2,2,2,2,2,2,2,2,2,2,2,2,2,2,2,2,2,2,2,2,2,2,2,2,2,2,2,2,2,2,2,2,2,2,2,2,2,2,2,2,2,2,2,2,2,2,2,2,2,2,2,2,2,2,2,2,2,2,2,2,2,2,2,2,2,2,2,2,2,2,2,2,2,2,2,2,2,2,2,2,2,2,2,2,2,2,2,2,2,2,2,2,2,2,2,2,2,2,2,2,2,2,2,2,2,2,2,2,2,2,2,2,2,2,2,2,2,2,2,2,2
,,,Count of NA,0,0,0,0,1,0,0,0,0,0,0,0,0,0,0,0,0,0,1,1,1,1,1,1,1,0,0,0,0,0,0,0,0,0,0,0,0,0,1,2,2,1,1,1,1,2,2,2,2,2,4,3,3,3,2,2,2,1,1,1,1,2,2,2,3,4,1,0,0,0,1,0,1,1,1,1,1,1,0,1,1,0,0,0,1,0,0,0,1,0,1,1,1,1,1,0,0,0,0,0,0,0,0,0,0,0,0,0,0,0,0,0,1,0,1,1,1,1,1,1,1,1,1,1,1,0,0,0,0,1,0,0,0,0,0,0,0,0,0,0,0,0,0,0,0,0,1,0,1,1,1,1,1,1,2,2,2,2,2,2,1,1,1,0,0,0,0,0,0,0,0,0,0,0,0,0,0,0,0,0,0,0,0,1,0,0,0,0,0,0,0,1,1,0,2,0,0,0,0,1,1,0,0,0,0,0,0,0,0,1,1,1,1,1,1,0,0,0,0,0,0,1,1,1,1,1,2,2,2,1,1,1,2,1,1,3,0,1,0,1,2,1,2,2,3,2,2,2,2,3,1,1,1,1,1,2,2,1,2,2,2,1,1,1,1,1,1,1,1,0,1,1,1,1,1,1,1,1,1,1,1,1,1,2,1,0,0,0,1,0,1,0,0,0,0,0,0,1,0,1,1,1,1,1,1,2,2,2,2,2,1,1,0,0,0,0,0,0,0,0,0,0,0,0,0,0,0,0,0,0,1,0,0,0,0,2,2,2,2,2,2,1,1,1,1,1,1,1
,,,Total # alleles,792,792,792,792,778,792,792,792,792,792,792,792,792,792,792,792,792,792,778,778,778,778,778,778,778,792,792,792,792,792,792,792,792,792,792,792,792,792,778,764,764,778,778,778,778,764,764,764,764,764,736,750,750,750,764,764,764,778,778,778,778,764,764,764,750,736,778,792,792,792,778,792,778,778,778,778,778,778,792,778,778,792,792,792,778,792,792,792,778,792,778,778,778,778,778,792,792,792,792,792,792,792,792,792,792,792,792,792,792,792,792,792,778,792,778,778,778,778,778,778,778,778,778,778,778,792,792,792,792,778,792,792,792,792,792,792,792,792,792,792,792,792,792,792,792,792,778,792,778,778,778,778,778,778,764,764,764,764,764,764,778,778,778,792,792,792,792,792,792,792,792,792,792,792,792,792,792,792,792,792,792,792,792,778,792,792,792,792,792,792,792,778,778,792,764,792,792,792,792,778,778,792,792,792,792,792,792,792,792,778,778,778,778,778,778,792,792,792,792,792,792,778,778,778,778,778,764,764,764,778,778,778,764,778,778,750,792,778,792,778,764,778,764,764,750,764,764,764,764,750,778,778,778,778,778,764,764,778,764,764,764,778,778,778,778,778,778,778,778,792,778,778,778,778,778,778,778,778,778,778,778,778,778,764,778,792,792,792,778,792,778,792,792,792,792,792,792,778,792,778,778,778,778,778,778,764,764,764,764,764,778,778,792,792,792,792,792,792,792,792,792,792,792,792,792,792,792,792,792,792,778,792,792,792,792,764,764,764,764,764,764,778,778,778,778,778,778,778
,,,Dormant Pop Allele Frequency,0.517676768,0.5,0.5,0.5,0.508997429,0.5,0.5,0.517676768,0.517676768,0.517676768,0.517676768,0.517676768,0.517676768,0.535353535,0.517676768,0.535353535,0.535353535,0.517676768,0.508997429,0.491002571,0.473007712,0.473007712,0.491002571,0.473007712,0.455012853,0.429292929,0.429292929,0.411616162,0.429292929,0.429292929,0.446969697,0.464646465,0.446969697,0.464646465,0.464646465,0.446969697,0.411616162,0.446969697,0.437017995,0.463350785,0.445026178,0.455012853,0.455012853,0.455012853,0.455012853,0.463350785,0.463350785,0.463350785,0.481675393,0.5,0.538043478,0.509333333,0.490666667,0.453333333,0.445026178,0.445026178,0.445026178,0.455012853,0.455012853,0.473007712,0.473007712,0.5,0.5,0.5,0.509333333,0.5,0.491002571,0.5,0.482323232,0.5,0.455012853,0.464646465,0.419023136,0.419023136,0.419023136,0.419023136,0.401028278,0.383033419,0.376262626,0.347043702,0.36503856,0.376262626,0.358585859,0.358585859,0.347043702,0.358585859,0.358585859,0.340909091,0.347043702,0.340909091,0.562982005,0.562982005,0.562982005,0.580976864,0.580976864,0.588383838,0.588383838,0.606060606,0.623737374,0.623737374,0.623737374,0.623737374,0.623737374,0.712121212,0.694444444,0.712121212,0.712121212,0.72979798,0.747474747,0.72979798,0.712121212,0.712121212,0.706940874,0.712121212,0.724935733,0.742930591,0.742930591,0.796915167,0.796915167,0.796915167,0.796915167,0.796915167,0.832904884,0.88688946,0.904884319,0.924242424,0.924242424,0.924242424,1,0.922879177,0.924242424,0.906565657,0.888888889,0.871212121,0.853535354,0.853535354,0.853535354,0.818181818,0.818181818,0.818181818,0.818181818,0.800505051,0.782828283,0.782828283,0.782828283,0.782828283,0.76092545,0.765151515,0.526992288,0.526992288,0.526992288,0.526992288,0.526992288,0.508997429,0.518324607,0.5,0.5,0.5,0.5,0.536649215,0.544987147,0.544987147,0.544987147,0.535353535,0.535353535,0.5,0.5,0.517676768,0.517676768,0.517676768,0.535353535,0.535353535,0.553030303,0.535353535,0.570707071,0.570707071,0.570707071,0.570707071,0.553030303,0.553030303,0.553030303,0.535353535,0.535353535,0.544987147,0.535353535,0.535353535,0.535353535,0.517676768,0.517676768,0.482323232,0.464646465,0.455012853,0.437017995,0.429292929,0.445026178,0.446969697,0.446969697,0.446969697,0.446969697,0.473007712,0.473007712,0.446969697,0.464646465,0.446969697,0.464646465,0.464646465,0.464646465,0.446969697,0.446969697,0.437017995,0.437017995,0.437017995,0.455012853,0.491002571,0.491002571,0.588383838,0.570707071,0.606060606,0.641414141,0.623737374,0.623737374,0.63496144,0.652956298,0.652956298,0.63496144,0.63496144,0.664921466,0.664921466,0.646596859,0.63496144,0.63496144,0.616966581,0.609947644,0.652956298,0.652956298,0.64,0.641414141,0.670951157,0.641414141,0.598971722,0.573298429,0.544987147,0.536649215,0.518324607,0.509333333,0.518324607,0.518324607,0.518324607,0.518324607,0.509333333,0.526992288,0.526992288,0.544987147,0.544987147,0.562982005,0.554973822,0.536649215,0.544987147,0.536649215,0.518324607,0.518324607,0.508997429,0.508997429,0.508997429,0.491002571,0.491002571,0.508997429,0.508997429,0.473007712,0.5,0.473007712,0.508997429,0.508997429,0.526992288,0.562982005,0.562982005,0.562982005,0.544987147,0.544987147,0.562982005,0.544987147,0.544987147,0.562982005,0.554973822,0.598971722,0.570707071,0.553030303,0.535353535,0.562982005,0.570707071,0.562982005,0.570707071,0.570707071,0.606060606,0.588383838,0.570707071,0.623737374,0.652956298,0.659090909,0.688946015,0.724935733,0.706940874,0.706940874,0.706940874,0.706940874,0.719895288,0.756544503,0.738219895,0.756544503,0.77486911,0.814910026,0.814910026,0.871212121,0.871212121,0.871212121,0.871212121,0.871212121,0.871212121,0.906565657,1,0.853535354,0.853535354,0.853535354,0.853535354,0.853535354,0.835858586,0.835858586,0.835858586,0.835858586,0.835858586,0.778920308,0.782828283,0.782828283,0.747474747,0.72979798,0.701570681,0.683246073,0.683246073,0.683246073,0.683246073,0.664921466,0.652956298,0.652956298,0.652956298,0.652956298,0.652956298,0.652956298,0.63496144
,,,Count of Ital Genotype,22,22,24,24,24,24,24,25,25,25,25,26,25,27,28,28,28,28,27,27,28,27,29,28,28,29,28,28,27,28,27,27,27,26,28,27,29,27,27,29,29,29,29,29,29,29,30,30,30,30,28,28,27,27,26,26,25,23,23,23,23,23,23,22,25,25,25,26,26,25,26,25,24,26,26,27,26,27,24,24,23,23,24,24,23,23,23,22,21,21,19,20,20,18,18,19,18,16,16,16,16,16,17,15,13,13,12,12,11,14,14,14,14,13,11,10,10,9,8,6,6,3,2,1,1,1,0,0,0,1,1,1,2,3,3,3,3,3,4,4,4,3,2,2,3,5,5,6,12,12,11,12,12,12,12,13,12,12,12,12,14,14,15,18,17,18,18,17,16,18,17,17,16,14,15,15,13,16,15,17,19,20,22,21,21,21,22,22,23,23,23,23,24,23,25,26,27,27,27,29,29,30,33,33,33,33,33,33,33,33,33,33,34,33,33,23,23,21,22,22,22,26,25,25,25,25,26,27,27,28,29,31,31,31,31,31,31,32,34,37,38,39,41,41,40,39,38,39,38,38,38,37,38,37,38,38,38,38,38,38,38,38,37,38,37,35,35,35,23,22,23,21,21,20,20,20,20,20,21,20,20,20,20,20,20,20,20,20,21,22,21,20,20,20,20,15,16,14,17,18,17,14,13,13,13,12,8,9,7,5,3,2,2,1,0,0,0,0,0,0,0,0,2,2,2,2,2,3,4,6,8,9,10,10,12,11,11,11,12,12,12,12,12,12,12,13,15,16
,,,Count of Crosses,2,2,2,2,2,2,2,2,2,2,2,2,2,2,2,2,2,2,2,2,2,2,2,2,2,2,2,2,2,2,2,2,2,2,2,2,2,2,2,2,2,2,2,2,2,2,2,2,2,2,2,2,2,2,2,2,2,2,2,2,2,2,2,2,2,2,2,2,2,2,2,2,2,2,2,2,2,2,2,2,2,2,2,2,2,2,2,2,2,2,2,2,2,2,2,2,2,2,2,2,2,2,2,2,2,2,2,2,2,2,2,2,2,2,2,2,2,2,2,2,2,2,2,2,2,2,2,2,0,2,2,2,2,2,2,2,2,2,2,2,2,2,2,2,2,2,2,2,2,2,2,2,2,2,2,2,2,2,2,2,2,2,2,2,2,2,2,2,2,2,2,2,2,2,2,2,2,2,2,2,2,2,2,2,2,2,2,2,2,2,2,2,2,2,2,2,2,2,2,2,2,2,2,2,2,2,2,2,2,2,2,2,2,2,2,2,2,2,2,2,2,2,2,2,2,2,2,2,2,2,2,2,2,2,2,2,2,2,2,2,2,2,2,2,2,2,2,2,2,2,2,2,2,2,2,2,2,2,2,2,2,2,2,2,2,2,2,2,2,2,2,2,2,2,2,2,2,2,2,2,2,2,2,2,2,2,2,2,2,2,2,2,2,2,2,2,2,2,2,2,2,2,2,2,2,2,2,2,2,2,2,2,2,2,2,2,2,2,2,0,2,2,2,2,2,2,2,2,2,2,2,2,2,2,2,2,2,2,2,2,2,2,2,2,2,2,2,2
,,,Count of NA,0,0,0,0,0,0,0,0,0,0,0,0,0,0,0,0,0,0,0,0,0,2,0,0,0,0,0,0,0,0,0,0,1,1,0,0,0,1,1,0,0,0,0,0,0,0,0,0,0,0,0,0,0,1,0,0,0,0,0,0,0,0,0,0,0,0,0,0,0,1,0,0,0,0,0,0,1,1,1,1,0,0,0,0,0,0,0,0,0,0,1,1,0,0,0,0,0,0,0,0,0,0,0,0,0,0,0,0,0,0,0,0,0,0,1,1,1,2,1,1,0,0,0,0,0,0,0,0,0,1,0,0,1,0,0,0,0,1,0,0,0,1,1,1,0,0,1,0,0,0,1,0,0,0,0,0,0,0,0,0,0,0,0,0,0,0,0,0,1,0,0,0,1,1,1,0,1,1,2,2,1,2,2,2,2,2,2,2,2,1,1,0,1,1,1,1,0,0,0,0,0,0,0,0,0,0,0,0,0,0,0,0,0,0,0,0,0,0,0,0,0,0,0,0,0,0,0,0,0,0,0,0,0,0,0,1,0,0,0,0,0,0,0,0,1,2,1,1,2,2,2,3,2,2,1,1,1,2,1,1,1,1,2,1,1,1,1,1,0,0,0,0,0,0,0,0,0,0,0,0,0,1,0,0,0,0,0,0,0,0,0,0,0,1,0,0,0,1,0,0,0,0,0,0,0,0,0,0,0,1,0,0,0,0,0,0,0,0,0,0,0,0,0,0,0,0,0,0,0,0,0,0,0,0,0,0,0,0,0,1,2,1,1,1,0,0,0,0
,,,Total # alleles,792,792,792,792,792,792,792,792,792,792,792,792,792,792,792,792,792,792,792,792,792,764,792,792,792,792,792,792,792,792,792,792,778,778,792,792,792,778,778,792,792,792,792,792,792,792,792,792,792,792,792,792,792,778,792,792,792,792,792,792,792,792,792,792,792,792,792,792,792,778,792,792,792,792,792,792,778,778,778,778,792,792,792,792,792,792,792,792,792,792,778,778,792,792,792,792,792,792,792,792,792,792,792,792,792,792,792,792,792,792,792,792,792,792,778,778,778,764,778,778,792,792,792,792,792,792,792,792,672,778,792,792,778,792,792,792,792,778,792,792,792,778,778,778,792,792,778,792,792,792,778,792,792,792,792,792,792,792,792,792,792,792,792,792,792,792,792,792,778,792,792,792,778,778,778,792,778,778,764,764,778,764,764,764,764,764,764,764,764,778,778,792,778,778,778,778,792,792,792,792,792,792,792,792,792,792,792,792,792,792,792,792,792,792,792,792,792,792,792,792,792,792,792,792,792,792,792,792,792,792,792,792,792,792,792,778,792,792,792,792,792,792,792,792,778,764,778,778,764,764,764,750,764,764,778,778,778,764,778,778,778,778,764,778,778,778,778,778,792,792,792,792,792,792,792,792,792,792,792,792,792,778,792,792,792,792,792,792,792,792,792,792,792,778,792,792,792,778,792,792,792,792,792,792,792,792,792,792,792,778,792,792,792,792,792,792,792,792,792,672,792,792,792,792,792,792,792,792,792,792,792,792,792,792,792,792,792,792,792,778,764,778,778,778,792,792,792,792
,,,Non-Dormant Pop Allele Frequency,0.464646465,0.464646465,0.5,0.5,0.5,0.5,0.5,0.517676768,0.517676768,0.517676768,0.517676768,0.535353535,0.517676768,0.553030303,0.570707071,0.570707071,0.570707071,0.570707071,0.553030303,0.553030303,0.570707071,0.573298429,0.588383838,0.570707071,0.570707071,0.588383838,0.570707071,0.570707071,0.553030303,0.570707071,0.553030303,0.553030303,0.562982005,0.544987147,0.570707071,0.553030303,0.588383838,0.562982005,0.562982005,0.588383838,0.588383838,0.588383838,0.588383838,0.588383838,0.588383838,0.588383838,0.606060606,0.606060606,0.606060606,0.606060606,0.570707071,0.570707071,0.553030303,0.562982005,0.535353535,0.535353535,0.517676768,0.482323232,0.482323232,0.482323232,0.482323232,0.482323232,0.482323232,0.464646465,0.517676768,0.517676768,0.517676768,0.535353535,0.535353535,0.526992288,0.535353535,0.517676768,0.5,0.535353535,0.535353535,0.553030303,0.544987147,0.562982005,0.508997429,0.508997429,0.482323232,0.482323232,0.5,0.5,0.482323232,0.482323232,0.482323232,0.464646465,0.446969697,0.446969697,0.419023136,0.437017995,0.429292929,0.393939394,0.393939394,0.411616162,0.393939394,0.358585859,0.358585859,0.358585859,0.358585859,0.358585859,0.376262626,0.340909091,0.305555556,0.305555556,0.287878788,0.287878788,0.27020202,0.323232323,0.323232323,0.323232323,0.323232323,0.305555556,0.275064267,0.257069409,0.257069409,0.243455497,0.221079692,0.185089974,0.181818182,0.128787879,0.111111111,0.093434343,0.093434343,0.093434343,0.075757576,0.075757576,0,0.095115681,0.093434343,0.093434343,0.11311054,0.128787879,0.128787879,0.128787879,0.128787879,0.131105398,0.146464646,0.146464646,0.146464646,0.131105398,0.11311054,0.11311054,0.128787879,0.164141414,0.167095116,0.181818182,0.287878788,0.287878788,0.275064267,0.287878788,0.287878788,0.287878788,0.287878788,0.305555556,0.287878788,0.287878788,0.287878788,0.287878788,0.323232323,0.323232323,0.340909091,0.393939394,0.376262626,0.393939394,0.393939394,0.376262626,0.36503856,0.393939394,0.376262626,0.376262626,0.36503856,0.329048843,0.347043702,0.340909091,0.311053985,0.36503856,0.353403141,0.390052356,0.419023136,0.445026178,0.481675393,0.463350785,0.463350785,0.463350785,0.481675393,0.481675393,0.5,0.491002571,0.491002571,0.482323232,0.508997429,0.491002571,0.526992288,0.544987147,0.553030303,0.553030303,0.553030303,0.588383838,0.588383838,0.606060606,0.659090909,0.659090909,0.659090909,0.659090909,0.659090909,0.659090909,0.659090909,0.659090909,0.659090909,0.659090909,0.676767677,0.659090909,0.659090909,0.482323232,0.482323232,0.446969697,0.464646465,0.464646465,0.464646465,0.535353535,0.517676768,0.517676768,0.517676768,0.517676768,0.535353535,0.553030303,0.553030303,0.570707071,0.588383838,0.623737374,0.623737374,0.623737374,0.623737374,0.63496144,0.623737374,0.641414141,0.676767677,0.72979798,0.747474747,0.765151515,0.800505051,0.800505051,0.796915167,0.793193717,0.76092545,0.778920308,0.77486911,0.77486911,0.77486911,0.770666667,0.77486911,0.756544503,0.76092545,0.76092545,0.76092545,0.77486911,0.76092545,0.76092545,0.76092545,0.76092545,0.756544503,0.76092545,0.742930591,0.706940874,0.706940874,0.706940874,0.482323232,0.464646465,0.482323232,0.446969697,0.446969697,0.429292929,0.429292929,0.429292929,0.429292929,0.429292929,0.446969697,0.429292929,0.429292929,0.437017995,0.429292929,0.429292929,0.429292929,0.429292929,0.429292929,0.429292929,0.446969697,0.464646465,0.446969697,0.429292929,0.429292929,0.437017995,0.429292929,0.340909091,0.358585859,0.329048843,0.376262626,0.393939394,0.376262626,0.323232323,0.305555556,0.305555556,0.305555556,0.287878788,0.217171717,0.234848485,0.199494949,0.167095116,0.128787879,0.111111111,0.111111111,0.093434343,0.075757576,0.075757576,0.075757576,0.075757576,0.075757576,0,0.075757576,0.075757576,0.111111111,0.111111111,0.111111111,0.111111111,0.111111111,0.128787879,0.146464646,0.181818182,0.217171717,0.234848485,0.252525253,0.252525253,0.287878788,0.27020202,0.27020202,0.27020202,0.287878788,0.293059126,0.298429319,0.293059126,0.293059126,0.293059126,0.287878788,0.305555556,0.340909091,0.358585859
,,,Count of Ital Genotype - Batch 1,19,18,20,20,20,20,20,20,20,20,20,22,21,24,25,26,26,25,24,23,23,23,25,24,23,24,23,22,23,24,24,25,25,25,27,26,25,26,26,28,27,27,27,27,27,28,28,28,29,31,30,30,29,28,27,26,25,25,25,26,26,27,27,27,29,28,28,29,28,28,27,27,24,25,25,25,22,22,19,18,17,18,18,18,16,17,17,16,16,16,28,29,29,28,27,28,27,25,25,25,25,25,26,28,24,25,25,25,25,26,26,26,26,26,25,25,26,26,25,23,23,22,23,24,24,25,24,24,24,24,24,23,23,23,23,23,23,22,22,22,22,22,21,21,21,21,19,21,16,16,16,17,17,17,17,16,15,15,16,16,18,18,18,21,20,20,20,21,20,21,21,20,20,19,21,22,22,22,22,22,22,24,25,24,24,24,25,25,26,26,25,25,24,24,26,28,29,29,27,28,28,30,33,32,33,33,33,32,32,32,32,32,32,32,32,25,24,24,28,28,28,31,31,31,31,31,32,33,32,33,32,33,31,32,33,30,32,32,33,34,34,33,34,33,33,33,34,34,33,33,33,33,34,33,35,34,33,33,33,33,33,33,32,33,34,32,33,33,20,22,23,24,24,25,26,26,26,25,26,26,26,26,27,26,28,27,27,27,28,30,29,30,30,29,29,25,27,27,27,27,28,25,25,25,25,24,23,23,20,19,20,19,22,22,22,22,22,22,23,24,21,21,22,22,22,21,21,22,22,23,22,24,25,24,24,21,21,22,23,23,22,22,22,22,23,23,24,24
,,,Count of Ital Genotype - Batch 2,28,28,28,28,28,28,28,30,30,30,30,29,29,29,28,28,28,28,27,27,27,26,27,26,26,25,25,25,24,24,24,24,23,23,23,22,23,22,21,22,22,23,23,23,23,22,23,23,23,22,22,21,20,19,19,20,20,19,19,19,19,19,19,18,19,19,20,21,21,21,20,20,19,20,20,21,22,22,22,21,22,22,22,22,22,22,22,21,20,20,18,18,18,18,19,20,20,21,22,22,22,22,22,23,24,24,23,24,24,25,24,24,23,23,22,22,21,23,23,23,23,21,21,22,23,24,24,24,24,24,25,25,25,25,24,24,24,23,24,24,24,22,21,21,22,24,24,24,21,21,20,20,20,19,19,20,20,20,19,21,22,22,23,23,23,22,22,21,21,22,22,23,23,21,22,21,19,22,20,22,24,22,23,23,23,23,23,22,22,20,20,19,20,19,19,19,19,19,21,23,23,21,22,22,22,22,22,22,22,21,21,21,23,24,24,27,27,27,26,25,25,26,26,26,25,25,26,26,26,26,28,28,29,31,30,31,31,33,33,32,31,32,32,32,30,30,28,29,29,28,30,29,30,30,30,30,30,31,30,29,29,29,29,29,26,26,26,26,25,24,22,21,21,20,21,21,21,21,21,21,20,20,20,20,21,21,20,19,20,20,19,18,18,21,20,18,20,19,23,25,25,24,23,23,23,23,22,22,24,24,24,24,25,24,23,23,23,23,24,24,23,23,24,24,24,24,24,24,25,26,25,25,25,24,25,24,23,22,22,22,22,22,22,22,21,22,23,23
,,,Count of Crosses,4,4,4,4,4,4,4,4,4,4,4,4,4,4,4,4,4,4,4,4,4,4,4,4,4,4,4,4,4,4,4,4,4,4,4,4,4,4,4,4,4,4,4,4,4,4,4,4,4,4,4,4,4,4,4,4,4,4,4,4,4,4,4,4,4,4,4,4,4,4,4,4,4,4,4,4,4,4,4,4,4,4,4,4,4,4,4,4,4,4,4,4,4,4,4,4,4,4,4,4,4,4,4,4,4,4,4,4,4,4,4,4,4,4,4,4,4,4,4,4,4,4,4,4,4,4,4,4,4,4,4,4,4,4,4,4,4,4,4,4,4,4,4,4,4,4,4,4,4,4,4,4,4,4,4,4,4,4,4,4,4,4,4,4,4,4,4,4,4,4,4,4,4,4,4,4,4,4,4,4,4,4,4,4,4,4,4,4,4,4,4,4,4,4,4,4,4,4,4,4,4,4,4,4,4,4,4,4,4,4,4,4,4,4,4,4,4,4,4,4,4,4,4,4,4,4,4,4,4,4,4,4,4,4,4,4,4,4,4,4,4,4,4,4,4,4,4,4,4,4,4,4,4,4,4,4,4,4,4,4,4,4,4,4,4,4,4,4,4,4,4,4,4,4,4,4,4,4,4,4,4,4,4,4,4,4,4,4,4,4,4,4,4,4,4,4,4,4,4,4,4,4,4,4,4,4,4,4,4,4,4,4,4,4,4,4,4,4,4,4,4,4,4,4,4,4,4,4,4,4,4,4,4,4,4,4,4,4,4,4,4,4,4,4,4,4,4,4
,,,Count of NA,0,0,0,0,1,0,0,0,0,0,0,0,0,0,0,0,0,0,1,1,1,3,1,1,1,0,0,0,0,0,0,0,1,1,0,0,0,1,2,2,2,1,1,1,1,2,2,2,2,2,4,3,3,4,2,2,2,1,1,1,1,2,2,2,3,4,1,0,0,1,1,0,1,1,1,1,2,2,1,2,1,0,0,0,1,0,0,0,1,0,2,2,1,1,1,0,0,0,0,0,0,0,0,0,0,0,0,0,0,0,0,0,1,0,2,2,2,3,2,2,1,1,1,1,1,0,0,0,0,2,0,0,1,0,0,0,0,1,0,0,0,1,1,1,0,0,2,0,1,1,2,1,1,1,2,2,2,2,2,2,1,1,1,0,0,0,0,0,1,0,0,0,1,1,1,0,1,1,2,2,1,2,2,3,2,2,2,2,2,1,1,1,2,1,3,1,0,0,0,1,1,0,0,0,0,0,0,0,0,1,1,1,1,1,1,0,0,0,0,0,0,1,1,1,1,1,2,2,2,1,1,1,2,1,1,4,0,1,0,1,2,1,2,2,4,4,3,3,4,5,3,4,3,3,2,3,3,3,3,3,3,2,3,2,2,2,2,2,1,0,1,1,1,1,1,1,1,1,1,1,1,2,1,2,1,0,0,0,1,0,1,0,0,1,0,0,0,2,0,1,1,1,1,1,1,2,2,2,2,3,1,1,0,0,0,0,0,0,0,0,0,0,0,0,0,0,0,0,0,0,1,0,0,0,0,2,2,2,2,3,4,2,2,2,1,1,1,1
,,,Total # alleles,792,792,792,792,785,792,792,792,792,792,792,792,792,792,792,792,792,792,785,785,785,771,785,785,785,792,792,792,792,792,792,792,785,785,792,792,792,785,778,778,778,785,785,785,785,778,778,778,778,778,764,771,771,764,778,778,778,785,785,785,785,778,778,778,771,764,785,792,792,785,785,792,785,785,785,785,778,778,785,778,785,792,792,792,785,792,792,792,785,792,778,778,785,785,785,792,792,792,792,792,792,792,792,792,792,792,792,792,792,792,792,792,785,792,778,778,778,771,778,778,785,785,785,785,785,792,792,792,792,778,792,792,785,792,792,792,792,785,792,792,792,785,785,785,792,792,778,792,785,785,778,785,785,785,778,778,778,778,778,778,785,785,785,792,792,792,792,792,785,792,792,792,785,785,785,792,785,785,778,778,785,778,778,771,778,778,778,778,778,785,785,785,778,785,771,785,792,792,792,785,785,792,792,792,792,792,792,792,792,785,785,785,785,785,785,792,792,792,792,792,792,785,785,785,785,785,778,778,778,785,785,785,778,785,785,764,792,785,792,785,778,785,778,778,764,764,771,771,764,757,771,764,771,771,778,771,771,771,771,771,771,778,771,778,778,778,778,778,785,792,785,785,785,785,785,785,785,785,785,785,785,778,785,778,785,792,792,792,785,792,785,792,792,785,792,792,792,778,792,785,785,785,785,785,785,778,778,778,778,771,785,785,792,792,792,792,792,792,792,792,792,792,792,792,792,792,792,792,792,792,785,792,792,792,792,778,778,778,778,771,764,778,778,778,785,785,785,785
,,,Mixed Pop Allele Freq - 1st Rows,0.47979798,0.46969697,0.48989899,0.48989899,0.494267516,0.48989899,0.48989899,0.505050505,0.505050505,0.505050505,0.505050505,0.517676768,0.507575758,0.537878788,0.54040404,0.550505051,0.550505051,0.54040404,0.527388535,0.517197452,0.517197452,0.518806744,0.537579618,0.519745223,0.50955414,0.507575758,0.497474747,0.487373737,0.48989899,0.5,0.5,0.51010101,0.507006369,0.507006369,0.522727273,0.505050505,0.502525253,0.50955414,0.506426735,0.53470437,0.524421594,0.527388535,0.527388535,0.527388535,0.527388535,0.53470437,0.542416452,0.542416452,0.552699229,0.565552699,0.565445026,0.552529183,0.534370947,0.520942408,0.501285347,0.498714653,0.488431877,0.476433121,0.476433121,0.486624204,0.486624204,0.501285347,0.501285347,0.493573265,0.526588846,0.520942408,0.514649682,0.527777778,0.517676768,0.522292994,0.504458599,0.5,0.466242038,0.484076433,0.484076433,0.491719745,0.473007712,0.473007712,0.438216561,0.424164524,0.417834395,0.424242424,0.424242424,0.424242424,0.407643312,0.414141414,0.414141414,0.396464646,0.392356688,0.388888889,0.503856041,0.514138817,0.50955414,0.499363057,0.496815287,0.51010101,0.5,0.487373737,0.494949495,0.494949495,0.494949495,0.494949495,0.505050505,0.532828283,0.5,0.51010101,0.502525253,0.51010101,0.51010101,0.527777778,0.52020202,0.52020202,0.517197452,0.512626263,0.503856041,0.503856041,0.506426735,0.526588846,0.511568123,0.491002571,0.486624204,0.461146497,0.47133758,0.489171975,0.496815287,0.51010101,0.5,0.5,0.5,0.508997429,0.507575758,0.497474747,0.501910828,0.497474747,0.48989899,0.48989899,0.48989899,0.476433121,0.47979798,0.47979798,0.47979798,0.468789809,0.450955414,0.450955414,0.454545455,0.46969697,0.457583548,0.46969697,0.4,0.4,0.395886889,0.402547771,0.402547771,0.394904459,0.398457584,0.395886889,0.385604113,0.385604113,0.388174807,0.403598972,0.428025478,0.428025478,0.43566879,0.462121212,0.452020202,0.444444444,0.444444444,0.446969697,0.440764331,0.454545455,0.454545455,0.452020202,0.456050955,0.430573248,0.458598726,0.457070707,0.445859873,0.468789809,0.457583548,0.473007712,0.484076433,0.493573265,0.511568123,0.505836576,0.501285347,0.501285347,0.511568123,0.503856041,0.514138817,0.494267516,0.484076433,0.476433121,0.4781491,0.466242038,0.495460441,0.507006369,0.512626263,0.512626263,0.507575758,0.537579618,0.537579618,0.537878788,0.575757576,0.565656566,0.575757576,0.575757576,0.575757576,0.565656566,0.565656566,0.563057325,0.563057325,0.563057325,0.578343949,0.585987261,0.585987261,0.532828283,0.522727273,0.522727273,0.555555556,0.547979798,0.547979798,0.591082803,0.591082803,0.591082803,0.58343949,0.58343949,0.606683805,0.616966581,0.606683805,0.611464968,0.61656051,0.626751592,0.619537275,0.639490446,0.642038217,0.636125654,0.633838384,0.65477707,0.659090909,0.667515924,0.665809769,0.657324841,0.673521851,0.663239075,0.659685864,0.659685864,0.648508431,0.656290532,0.651832461,0.64993395,0.653696498,0.651832461,0.664072633,0.653696498,0.668380463,0.664072633,0.653696498,0.661478599,0.653696498,0.645914397,0.645914397,0.640102828,0.635538262,0.640102828,0.627249357,0.606683805,0.616966581,0.616966581,0.47133758,0.47979798,0.478980892,0.481528662,0.481528662,0.484076433,0.501910828,0.501910828,0.501910828,0.491719745,0.501910828,0.501910828,0.494267516,0.498714653,0.504458599,0.498714653,0.522292994,0.507575758,0.5,0.492424242,0.514649682,0.53030303,0.517197452,0.515151515,0.515151515,0.532484076,0.52020202,0.464646465,0.5,0.501285347,0.522727273,0.542675159,0.552866242,0.514649682,0.507006369,0.507006369,0.507006369,0.501285347,0.483290488,0.483290488,0.467866324,0.461738003,0.463694268,0.453503185,0.487373737,0.47979798,0.472222222,0.472222222,0.472222222,0.472222222,0.48989899,0.5,0.462121212,0.462121212,0.47979798,0.47979798,0.47979798,0.46969697,0.46969697,0.47979798,0.487373737,0.505050505,0.491719745,0.507575758,0.517676768,0.5,0.507575758,0.4781491,0.470437018,0.473007712,0.483290488,0.48767834,0.481675393,0.473007712,0.473007712,0.473007712,0.47133758,0.478980892,0.496815287,0.496815287
,,,Mixed Pop Allele Freq - 2nd Rows,0.502525253,0.494949495,0.51010101,0.51010101,0.514649682,0.51010101,0.51010101,0.53030303,0.53030303,0.53030303,0.53030303,0.535353535,0.527777778,0.550505051,0.547979798,0.555555556,0.555555556,0.547979798,0.535031847,0.527388535,0.527388535,0.526588846,0.542675159,0.524840764,0.517197452,0.51010101,0.502525253,0.494949495,0.492424242,0.5,0.5,0.507575758,0.501910828,0.501910828,0.512626263,0.494949495,0.497474747,0.499363057,0.493573265,0.519280206,0.511568123,0.517197452,0.517197452,0.517197452,0.517197452,0.519280206,0.529562982,0.529562982,0.537275064,0.542416452,0.544502618,0.529182879,0.511024643,0.497382199,0.480719794,0.483290488,0.475578406,0.461146497,0.461146497,0.468789809,0.468789809,0.480719794,0.480719794,0.470437018,0.500648508,0.497382199,0.494267516,0.507575758,0.5,0.504458599,0.486624204,0.482323232,0.453503185,0.47133758,0.47133758,0.481528662,0.473007712,0.473007712,0.445859873,0.431876607,0.430573248,0.434343434,0.434343434,0.434343434,0.422929936,0.426767677,0.426767677,0.409090909,0.402547771,0.398989899,0.4781491,0.485861183,0.481528662,0.47388535,0.476433121,0.48989899,0.482323232,0.477272727,0.487373737,0.487373737,0.487373737,0.487373737,0.494949495,0.52020202,0.5,0.507575758,0.497474747,0.507575758,0.507575758,0.525252525,0.515151515,0.515151515,0.50955414,0.505050505,0.496143959,0.496143959,0.493573265,0.518806744,0.506426735,0.491002571,0.486624204,0.458598726,0.466242038,0.484076433,0.494267516,0.507575758,0.5,0.5,0.5,0.508997429,0.51010101,0.502525253,0.507006369,0.502525253,0.492424242,0.492424242,0.492424242,0.478980892,0.484848485,0.484848485,0.484848485,0.468789809,0.450955414,0.450955414,0.457070707,0.477272727,0.470437018,0.477272727,0.412738854,0.412738854,0.406169666,0.410191083,0.410191083,0.4,0.403598972,0.406169666,0.398457584,0.398457584,0.395886889,0.416452442,0.438216561,0.438216561,0.448407643,0.467171717,0.45959596,0.449494949,0.449494949,0.446969697,0.443312102,0.457070707,0.457070707,0.45959596,0.463694268,0.43566879,0.461146497,0.454545455,0.438216561,0.468789809,0.452442159,0.473007712,0.489171975,0.488431877,0.506426735,0.503242542,0.498714653,0.498714653,0.506426735,0.496143959,0.503856041,0.478980892,0.47133758,0.461146497,0.467866324,0.453503185,0.477302205,0.484076433,0.487373737,0.487373737,0.492424242,0.524840764,0.524840764,0.515151515,0.547979798,0.54040404,0.547979798,0.547979798,0.547979798,0.54040404,0.54040404,0.535031847,0.535031847,0.535031847,0.555414013,0.565605096,0.565605096,0.537878788,0.53030303,0.53030303,0.550505051,0.54040404,0.54040404,0.578343949,0.578343949,0.578343949,0.568152866,0.568152866,0.59125964,0.598971722,0.59125964,0.593630573,0.606369427,0.614012739,0.614395887,0.636942675,0.634394904,0.638743455,0.631313131,0.657324841,0.659090909,0.662420382,0.658097686,0.65477707,0.668380463,0.66066838,0.651832461,0.651832461,0.632944228,0.643320363,0.641361257,0.63672391,0.645914397,0.641361257,0.653696498,0.645914397,0.655526992,0.653696498,0.645914397,0.656290532,0.645914397,0.635538262,0.635538262,0.629820051,0.627756161,0.629820051,0.606683805,0.59125964,0.598971722,0.598971722,0.484076433,0.484848485,0.476433121,0.47388535,0.47388535,0.47133758,0.489171975,0.489171975,0.489171975,0.481528662,0.489171975,0.489171975,0.478980892,0.483290488,0.486624204,0.483290488,0.504458599,0.492424242,0.482323232,0.472222222,0.494267516,0.505050505,0.491719745,0.484848485,0.484848485,0.512101911,0.497474747,0.446969697,0.482323232,0.480719794,0.512626263,0.537579618,0.54522293,0.512101911,0.501910828,0.501910828,0.501910828,0.498714653,0.480719794,0.480719794,0.4781491,0.474708171,0.47388535,0.466242038,0.494949495,0.484848485,0.474747475,0.474747475,0.474747475,0.474747475,0.492424242,0.5,0.467171717,0.467171717,0.484848485,0.484848485,0.484848485,0.477272727,0.477272727,0.484848485,0.494949495,0.512626263,0.499363057,0.51010101,0.517676768,0.5,0.51010101,0.485861183,0.475578406,0.473007712,0.480719794,0.485084306,0.481675393,0.473007712,0.473007712,0.473007712,0.466242038,0.476433121,0.494267516,0.494267516
,,,Average Mixed Pop Allele Frequency,0.491161616,0.482323232,0.5,0.5,0.504458599,0.5,0.5,0.517676768,0.517676768,0.517676768,0.517676768,0.526515152,0.517676768,0.544191919,0.544191919,0.553030303,0.553030303,0.544191919,0.531210191,0.522292994,0.522292994,0.522697795,0.540127389,0.522292994,0.513375796,0.508838384,0.5,0.491161616,0.491161616,0.5,0.5,0.508838384,0.504458599,0.504458599,0.517676768,0.5,0.5,0.504458599,0.5,0.526992288,0.517994859,0.522292994,0.522292994,0.522292994,0.522292994,0.526992288,0.535989717,0.535989717,0.544987147,0.553984576,0.554973822,0.540856031,0.522697795,0.509162304,0.491002571,0.491002571,0.482005141,0.468789809,0.468789809,0.477707006,0.477707006,0.491002571,0.491002571,0.482005141,0.513618677,0.509162304,0.504458599,0.517676768,0.508838384,0.513375796,0.495541401,0.491161616,0.459872611,0.477707006,0.477707006,0.486624204,0.473007712,0.473007712,0.442038217,0.428020566,0.424203822,0.429292929,0.429292929,0.429292929,0.415286624,0.420454545,0.420454545,0.402777778,0.397452229,0.393939394,0.491002571,0.5,0.495541401,0.486624204,0.486624204,0.5,0.491161616,0.482323232,0.491161616,0.491161616,0.491161616,0.491161616,0.5,0.526515152,0.5,0.508838384,0.5,0.508838384,0.508838384,0.526515152,0.517676768,0.517676768,0.513375796,0.508838384,0.5,0.5,0.5,0.522697795,0.508997429,0.491002571,0.486624204,0.459872611,0.468789809,0.486624204,0.495541401,0.508838384,0.5,0.5,0.5,0.508997429,0.508838384,0.5,0.504458599,0.5,0.491161616,0.491161616,0.491161616,0.477707006,0.482323232,0.482323232,0.482323232,0.468789809,0.450955414,0.450955414,0.455808081,0.473484848,0.464010283,0.473484848,0.406369427,0.406369427,0.401028278,0.406369427,0.406369427,0.397452229,0.401028278,0.401028278,0.392030848,0.392030848,0.392030848,0.410025707,0.433121019,0.433121019,0.442038217,0.464646465,0.455808081,0.446969697,0.446969697,0.446969697,0.442038217,0.455808081,0.455808081,0.455808081,0.459872611,0.433121019,0.459872611,0.455808081,0.442038217,0.468789809,0.455012853,0.473007712,0.486624204,0.491002571,0.508997429,0.504539559,0.5,0.5,0.508997429,0.5,0.508997429,0.486624204,0.477707006,0.468789809,0.473007712,0.459872611,0.486381323,0.495541401,0.5,0.5,0.5,0.531210191,0.531210191,0.526515152,0.561868687,0.553030303,0.561868687,0.561868687,0.561868687,0.553030303,0.553030303,0.549044586,0.549044586,0.549044586,0.566878981,0.575796178,0.575796178,0.535353535,0.526515152,0.526515152,0.553030303,0.544191919,0.544191919,0.584713376,0.584713376,0.584713376,0.575796178,0.575796178,0.598971722,0.607969152,0.598971722,0.602547771,0.611464968,0.620382166,0.616966581,0.638216561,0.638216561,0.637434555,0.632575758,0.656050955,0.659090909,0.664968153,0.661953728,0.656050955,0.670951157,0.661953728,0.655759162,0.655759162,0.640726329,0.649805447,0.646596859,0.64332893,0.649805447,0.646596859,0.658884565,0.649805447,0.661953728,0.658884565,0.649805447,0.658884565,0.649805447,0.640726329,0.640726329,0.63496144,0.631647211,0.63496144,0.616966581,0.598971722,0.607969152,0.607969152,0.477707006,0.482323232,0.477707006,0.477707006,0.477707006,0.477707006,0.495541401,0.495541401,0.495541401,0.486624204,0.495541401,0.495541401,0.486624204,0.491002571,0.495541401,0.491002571,0.513375796,0.5,0.491161616,0.482323232,0.504458599,0.517676768,0.504458599,0.5,0.5,0.522292994,0.508838384,0.455808081,0.491161616,0.491002571,0.517676768,0.540127389,0.549044586,0.513375796,0.504458599,0.504458599,0.504458599,0.5,0.482005141,0.482005141,0.473007712,0.468223087,0.468789809,0.459872611,0.491161616,0.482323232,0.473484848,0.473484848,0.473484848,0.473484848,0.491161616,0.5,0.464646465,0.464646465,0.482323232,0.482323232,0.482323232,0.473484848,0.473484848,0.482323232,0.491161616,0.508838384,0.495541401,0.508838384,0.517676768,0.5,0.508838384,0.482005141,0.473007712,0.473007712,0.482005141,0.486381323,0.481675393,0.473007712,0.473007712,0.473007712,0.468789809,0.477707006,0.495541401,0.495541401